Copyright 1986-2022 Xilinx, Inc. All Rights Reserved.
-----------------------------------------------------------------------------------------------------------------------------------------------------------------------------------------------------------------------------------------------------
| Tool Version      : Vivado v.2022.2 (win64) Build 3671981 Fri Oct 14 05:00:03 MDT 2022
| Date              : Wed Jun 17 14:05:14 2026
| Host              : LAPTOP-CHCSI1R5 running 64-bit major release  (build 9200)
| Command           : report_timing_summary -max_paths 10 -report_unconstrained -file mixer_ddc_wrapper_timing_summary_routed.rpt -pb mixer_ddc_wrapper_timing_summary_routed.pb -rpx mixer_ddc_wrapper_timing_summary_routed.rpx -warn_on_violation
| Design            : mixer_ddc_wrapper
| Device            : xck26-sfvc784
| Speed File        : -2LV  PRODUCTION 1.30 05-15-2022
| Temperature Grade : C
-----------------------------------------------------------------------------------------------------------------------------------------------------------------------------------------------------------------------------------------------------

Timing Summary Report

------------------------------------------------------------------------------------------------
| Timer Settings
| --------------
------------------------------------------------------------------------------------------------

  Enable Multi Corner Analysis               :  Yes
  Enable Pessimism Removal                   :  Yes
  Pessimism Removal Resolution               :  Nearest Common Node
  Enable Input Delay Default Clock           :  No
  Enable Preset / Clear Arcs                 :  No
  Disable Flight Delays                      :  No
  Ignore I/O Paths                           :  No
  Timing Early Launch at Borrowing Latches   :  No
  Borrow Time for Max Delay Exceptions       :  Yes
  Merge Timing Exceptions                    :  Yes

  Corner  Analyze    Analyze    
  Name    Max Paths  Min Paths  
  ------  ---------  ---------  
  Slow    Yes        Yes        
  Fast    Yes        Yes        


------------------------------------------------------------------------------------------------
| Report Methodology
| ------------------
------------------------------------------------------------------------------------------------

Rule     Severity  Description                   Violations  
-------  --------  ----------------------------  ----------  
LUTAR-1  Warning   LUT drives async reset alert  1           

Note: This report is based on the most recent report_methodology run and may not be up-to-date. Run report_methodology on the current design for the latest report.



check_timing report

Table of Contents
-----------------
1. checking no_clock (0)
2. checking constant_clock (0)
3. checking pulse_width_clock (0)
4. checking unconstrained_internal_endpoints (0)
5. checking no_input_delay (0)
6. checking no_output_delay (0)
7. checking multiple_clock (0)
8. checking generated_clocks (0)
9. checking loops (0)
10. checking partial_input_delay (0)
11. checking partial_output_delay (0)
12. checking latch_loops (0)

1. checking no_clock (0)
------------------------
 There are 0 register/latch pins with no clock.


2. checking constant_clock (0)
------------------------------
 There are 0 register/latch pins with constant_clock.


3. checking pulse_width_clock (0)
---------------------------------
 There are 0 register/latch pins which need pulse_width check


4. checking unconstrained_internal_endpoints (0)
------------------------------------------------
 There are 0 pins that are not constrained for maximum delay.

 There are 0 pins that are not constrained for maximum delay due to constant clock.


5. checking no_input_delay (0)
------------------------------
 There are 0 input ports with no input delay specified.

 There are 0 input ports with no input delay but user has a false path constraint.


6. checking no_output_delay (0)
-------------------------------
 There are 0 ports with no output delay specified.

 There are 0 ports with no output delay but user has a false path constraint

 There are 0 ports with no output delay but with a timing clock defined on it or propagating through it


7. checking multiple_clock (0)
------------------------------
 There are 0 register/latch pins with multiple clocks.


8. checking generated_clocks (0)
--------------------------------
 There are 0 generated clocks that are not connected to a clock source.


9. checking loops (0)
---------------------
 There are 0 combinational loops in the design.


10. checking partial_input_delay (0)
------------------------------------
 There are 0 input ports with partial input delay specified.


11. checking partial_output_delay (0)
-------------------------------------
 There are 0 ports with partial output delay specified.


12. checking latch_loops (0)
----------------------------
 There are 0 combinational latch loops in the design through latch input



------------------------------------------------------------------------------------------------
| Design Timing Summary
| ---------------------
------------------------------------------------------------------------------------------------

    WNS(ns)      TNS(ns)  TNS Failing Endpoints  TNS Total Endpoints      WHS(ns)      THS(ns)  THS Failing Endpoints  THS Total Endpoints     WPWS(ns)     TPWS(ns)  TPWS Failing Endpoints  TPWS Total Endpoints  
    -------      -------  ---------------------  -------------------      -------      -------  ---------------------  -------------------     --------     --------  ----------------------  --------------------  
      0.859        0.000                      0                55519        0.010        0.000                      0                55503        3.656        0.000                       0                 20280  


All user specified timing constraints are met.


------------------------------------------------------------------------------------------------
| Clock Summary
| -------------
------------------------------------------------------------------------------------------------

Clock                                                                                                Waveform(ns)       Period(ns)      Frequency(MHz)
-----                                                                                                ------------       ----------      --------------
clk_pl_0                                                                                             {0.000 5.156}      10.312          96.974          
dbg_hub/inst/BSCANID.u_xsdbm_id/SWITCH_N_EXT_BSCAN.bscan_inst/SERIES7_BSCAN.bscan_inst/INTERNAL_TCK  {0.000 25.000}     50.000          20.000          


------------------------------------------------------------------------------------------------
| Intra Clock Table
| -----------------
------------------------------------------------------------------------------------------------

Clock                                                                                                    WNS(ns)      TNS(ns)  TNS Failing Endpoints  TNS Total Endpoints      WHS(ns)      THS(ns)  THS Failing Endpoints  THS Total Endpoints     WPWS(ns)     TPWS(ns)  TPWS Failing Endpoints  TPWS Total Endpoints  
-----                                                                                                    -------      -------  ---------------------  -------------------      -------      -------  ---------------------  -------------------     --------     --------  ----------------------  --------------------  
clk_pl_0                                                                                                   0.859        0.000                      0                54295        0.010        0.000                      0                54295        3.656        0.000                       0                 19797  
dbg_hub/inst/BSCANID.u_xsdbm_id/SWITCH_N_EXT_BSCAN.bscan_inst/SERIES7_BSCAN.bscan_inst/INTERNAL_TCK       13.684        0.000                      0                  997        0.012        0.000                      0                  997       24.238        0.000                       0                   483  


------------------------------------------------------------------------------------------------
| Inter Clock Table
| -----------------
------------------------------------------------------------------------------------------------

From Clock                                                                                           To Clock                                                                                                 WNS(ns)      TNS(ns)  TNS Failing Endpoints  TNS Total Endpoints      WHS(ns)      THS(ns)  THS Failing Endpoints  THS Total Endpoints  
----------                                                                                           --------                                                                                                 -------      -------  ---------------------  -------------------      -------      -------  ---------------------  -------------------  
dbg_hub/inst/BSCANID.u_xsdbm_id/SWITCH_N_EXT_BSCAN.bscan_inst/SERIES7_BSCAN.bscan_inst/INTERNAL_TCK  clk_pl_0                                                                                                  49.523        0.000                      0                    8                                                                        
clk_pl_0                                                                                             dbg_hub/inst/BSCANID.u_xsdbm_id/SWITCH_N_EXT_BSCAN.bscan_inst/SERIES7_BSCAN.bscan_inst/INTERNAL_TCK        9.782        0.000                      0                    8                                                                        


------------------------------------------------------------------------------------------------
| Other Path Groups Table
| -----------------------
------------------------------------------------------------------------------------------------

Path Group                                                                                           From Clock                                                                                           To Clock                                                                                                 WNS(ns)      TNS(ns)  TNS Failing Endpoints  TNS Total Endpoints      WHS(ns)      THS(ns)  THS Failing Endpoints  THS Total Endpoints  
----------                                                                                           ----------                                                                                           --------                                                                                                 -------      -------  ---------------------  -------------------      -------      -------  ---------------------  -------------------  
**async_default**                                                                                    clk_pl_0                                                                                             clk_pl_0                                                                                                   9.108        0.000                      0                  111        0.129        0.000                      0                  111  
**async_default**                                                                                    dbg_hub/inst/BSCANID.u_xsdbm_id/SWITCH_N_EXT_BSCAN.bscan_inst/SERIES7_BSCAN.bscan_inst/INTERNAL_TCK  dbg_hub/inst/BSCANID.u_xsdbm_id/SWITCH_N_EXT_BSCAN.bscan_inst/SERIES7_BSCAN.bscan_inst/INTERNAL_TCK       47.711        0.000                      0                  100        0.160        0.000                      0                  100  


------------------------------------------------------------------------------------------------
| User Ignored Path Table
| -----------------------
------------------------------------------------------------------------------------------------

Path Group                                                                                           From Clock                                                                                           To Clock                                                                                           
----------                                                                                           ----------                                                                                           --------                                                                                           
(none)                                                                                                                                                                                                    clk_pl_0                                                                                             
(none)                                                                                               clk_pl_0                                                                                             clk_pl_0                                                                                             
(none)                                                                                               dbg_hub/inst/BSCANID.u_xsdbm_id/SWITCH_N_EXT_BSCAN.bscan_inst/SERIES7_BSCAN.bscan_inst/INTERNAL_TCK  clk_pl_0                                                                                             
(none)                                                                                               clk_pl_0                                                                                             dbg_hub/inst/BSCANID.u_xsdbm_id/SWITCH_N_EXT_BSCAN.bscan_inst/SERIES7_BSCAN.bscan_inst/INTERNAL_TCK  


------------------------------------------------------------------------------------------------
| Unconstrained Path Table
| ------------------------
------------------------------------------------------------------------------------------------

Path Group                                                                                           From Clock                                                                                           To Clock                                                                                           
----------                                                                                           ----------                                                                                           --------                                                                                           
(none)                                                                                                                                                                                                    dbg_hub/inst/BSCANID.u_xsdbm_id/SWITCH_N_EXT_BSCAN.bscan_inst/SERIES7_BSCAN.bscan_inst/INTERNAL_TCK  


------------------------------------------------------------------------------------------------
| Timing Details
| --------------
------------------------------------------------------------------------------------------------


---------------------------------------------------------------------------------------------------
From Clock:  clk_pl_0
  To Clock:  clk_pl_0

Setup :            0  Failing Endpoints,  Worst Slack        0.859ns,  Total Violation        0.000ns
Hold  :            0  Failing Endpoints,  Worst Slack        0.010ns,  Total Violation        0.000ns
PW    :            0  Failing Endpoints,  Worst Slack        3.656ns,  Total Violation        0.000ns
---------------------------------------------------------------------------------------------------


Max Delay Paths
--------------------------------------------------------------------------------------
Slack (MET) :             0.859ns  (required time - arrival time)
  Source:                 mixer_ddc_i/axis_mixer_down_0/inst/m_axis_tdata_reg[2]/C
                            (rising edge-triggered cell FDRE clocked by clk_pl_0  {rise@0.000ns fall@5.156ns period=10.312ns})
  Destination:            mixer_ddc_i/system_ila_0/inst/ila_lib/inst/ila_core_inst/shifted_data_in_reg[7][5]_srl8/D
                            (rising edge-triggered cell SRL16E clocked by clk_pl_0  {rise@0.000ns fall@5.156ns period=10.312ns})
  Path Group:             clk_pl_0
  Path Type:              Setup (Max at Slow Process Corner)
  Requirement:            10.312ns  (clk_pl_0 rise@10.312ns - clk_pl_0 rise@0.000ns)
  Data Path Delay:        9.066ns  (logic 3.073ns (33.897%)  route 5.993ns (66.103%))
  Logic Levels:           19  (CARRY8=7 LUT2=2 LUT3=4 LUT5=2 LUT6=4)
  Clock Path Skew:        -0.126ns (DCD - SCD + CPR)
    Destination Clock Delay (DCD):    3.106ns = ( 13.418 - 10.312 ) 
    Source Clock Delay      (SCD):    3.480ns
    Clock Pessimism Removal (CPR):    0.248ns
  Clock Uncertainty:      0.159ns  ((TSJ^2 + DJ^2)^1/2) / 2 + PE
    Total System Jitter     (TSJ):    0.071ns
    Discrete Jitter          (DJ):    0.310ns
    Phase Error              (PE):    0.000ns
  Clock Net Delay (Source):      3.213ns (routing 1.681ns, distribution 1.532ns)
  Clock Net Delay (Destination): 2.890ns (routing 1.538ns, distribution 1.352ns)

    Location             Delay type                Incr(ns)  Path(ns)    Netlist Resource(s)
  -------------------------------------------------------------------    -------------------
                         (clock clk_pl_0 rise edge)
                                                      0.000     0.000 r  
    PS8_X0Y0             PS8                          0.000     0.000 r  mixer_ddc_i/zynq_ultra_ps_e_0/inst/PS8_i/PLCLK[0]
                         net (fo=1, routed)           0.229     0.229    mixer_ddc_i/zynq_ultra_ps_e_0/inst/pl_clk_unbuffered[0]
    BUFG_PS_X0Y90        BUFG_PS (Prop_BUFG_PS_I_O)
                                                      0.038     0.267 r  mixer_ddc_i/zynq_ultra_ps_e_0/inst/buffer_pl_clk_0.PL_CLK_0_BUFG/O
    X1Y1 (CLOCK_ROOT)    net (fo=19809, routed)       3.213     3.480    mixer_ddc_i/axis_mixer_down_0/inst/aclk
    SLICE_X54Y72         FDRE                                         r  mixer_ddc_i/axis_mixer_down_0/inst/m_axis_tdata_reg[2]/C
  -------------------------------------------------------------------    -------------------
    SLICE_X54Y72         FDRE (Prop_AFF_SLICEM_C_Q)
                                                      0.113     3.593 f  mixer_ddc_i/axis_mixer_down_0/inst/m_axis_tdata_reg[2]/Q
                         net (fo=7, routed)           0.242     3.834    mixer_ddc_i/axis_halfband_fir_0/inst/s_axis_tdata[2]
    SLICE_X57Y73         LUT3 (Prop_D6LUT_SLICEL_I0_O)
                                                      0.185     4.019 r  mixer_ddc_i/axis_halfband_fir_0/inst/total_I__0_carry_i_5/O
                         net (fo=1, routed)           0.408     4.427    mixer_ddc_i/axis_halfband_fir_0/inst/total_I__0_carry_i_5_n_0
    SLICE_X56Y74         CARRY8 (Prop_CARRY8_SLICEL_DI[3]_O[5])
                                                      0.260     4.687 r  mixer_ddc_i/axis_halfband_fir_0/inst/total_I__0_carry/O[5]
                         net (fo=3, routed)           0.225     4.912    mixer_ddc_i/axis_halfband_fir_0/inst/total_I__0_carry_n_10
    SLICE_X55Y73         LUT3 (Prop_C6LUT_SLICEL_I1_O)
                                                      0.187     5.099 r  mixer_ddc_i/axis_halfband_fir_0/inst/total_I__107_carry_i_2/O
                         net (fo=1, routed)           0.219     5.318    mixer_ddc_i/axis_halfband_fir_0/inst/total_I__107_carry_i_2_n_0
    SLICE_X55Y74         CARRY8 (Prop_CARRY8_SLICEL_DI[6]_CO[7])
                                                      0.084     5.402 r  mixer_ddc_i/axis_halfband_fir_0/inst/total_I__107_carry/CO[7]
                         net (fo=1, routed)           0.030     5.432    mixer_ddc_i/axis_halfband_fir_0/inst/total_I__107_carry_n_0
    SLICE_X55Y75         CARRY8 (Prop_CARRY8_SLICEL_CI_CO[7])
                                                      0.065     5.497 r  mixer_ddc_i/axis_halfband_fir_0/inst/total_I__107_carry__0/CO[7]
                         net (fo=1, routed)           0.030     5.527    mixer_ddc_i/axis_halfband_fir_0/inst/total_I__107_carry__0_n_0
    SLICE_X55Y76         CARRY8 (Prop_CARRY8_SLICEL_CI_O[6])
                                                      0.157     5.684 f  mixer_ddc_i/axis_halfband_fir_0/inst/total_I__107_carry__1/O[6]
                         net (fo=2, routed)           0.271     5.955    mixer_ddc_i/axis_halfband_fir_0/inst/total_I__107_carry__1_n_9
    SLICE_X54Y77         LUT6 (Prop_F6LUT_SLICEM_I1_O)
                                                      0.224     6.179 f  mixer_ddc_i/axis_halfband_fir_0/inst/m_axis_tdata[14]_INST_0_i_3/O
                         net (fo=1, routed)           0.052     6.231    mixer_ddc_i/axis_halfband_fir_0/inst/m_axis_tdata[14]_INST_0_i_3_n_0
    SLICE_X54Y77         LUT6 (Prop_H6LUT_SLICEM_I2_O)
                                                      0.138     6.369 f  mixer_ddc_i/axis_halfband_fir_0/inst/m_axis_tdata[14]_INST_0_i_1/O
                         net (fo=15, routed)          0.352     6.721    mixer_ddc_i/axis_halfband_fir_0/inst/m_axis_tdata[14]_INST_0_i_1_n_0
    SLICE_X51Y78         LUT5 (Prop_H6LUT_SLICEL_I0_O)
                                                      0.188     6.909 f  mixer_ddc_i/axis_halfband_fir_0/inst/m_axis_tdata[13]_INST_0/O
                         net (fo=1, routed)           0.550     7.459    mixer_ddc_i/axis_decimate2_0/inst/s_axis_tdata[13]
    SLICE_X48Y79         LUT2 (Prop_D5LUT_SLICEL_I1_O)
                                                      0.088     7.547 f  mixer_ddc_i/axis_decimate2_0/inst/m_axis_tdata[13]_INST_0/O
                         net (fo=4, routed)           0.546     8.093    mixer_ddc_i/axis_halfband_fir_1/inst/s_axis_tdata[13]
    SLICE_X50Y82         LUT3 (Prop_C6LUT_SLICEL_I0_O)
                                                      0.056     8.149 r  mixer_ddc_i/axis_halfband_fir_1/inst/total_I__0_carry__0_i_2/O
                         net (fo=1, routed)           0.562     8.711    mixer_ddc_i/axis_halfband_fir_1/inst/total_I__0_carry__0_i_2_n_0
    SLICE_X48Y81         CARRY8 (Prop_CARRY8_SLICEL_DI[6]_CO[7])
                                                      0.084     8.795 r  mixer_ddc_i/axis_halfband_fir_1/inst/total_I__0_carry__0/CO[7]
                         net (fo=1, routed)           0.030     8.825    mixer_ddc_i/axis_halfband_fir_1/inst/total_I__0_carry__0_n_0
    SLICE_X48Y82         CARRY8 (Prop_CARRY8_SLICEL_CI_O[0])
                                                      0.078     8.903 r  mixer_ddc_i/axis_halfband_fir_1/inst/total_I__0_carry__1/O[0]
                         net (fo=3, routed)           0.168     9.071    mixer_ddc_i/axis_halfband_fir_1/inst/total_I__0_carry__1_n_15
    SLICE_X48Y84         LUT3 (Prop_B5LUT_SLICEL_I1_O)
                                                      0.196     9.267 r  mixer_ddc_i/axis_halfband_fir_1/inst/total_I__107_carry__1_i_7/O
                         net (fo=1, routed)           0.553     9.820    mixer_ddc_i/axis_halfband_fir_1/inst/total_I__107_carry__1_i_7_n_0
    SLICE_X49Y84         CARRY8 (Prop_CARRY8_SLICEL_DI[1]_O[5])
                                                      0.285    10.105 r  mixer_ddc_i/axis_halfband_fir_1/inst/total_I__107_carry__1/O[5]
                         net (fo=2, routed)           0.182    10.287    mixer_ddc_i/axis_halfband_fir_1/inst/total_I__107_carry__1_n_10
    SLICE_X49Y86         LUT6 (Prop_F6LUT_SLICEL_I4_O)
                                                      0.224    10.511 r  mixer_ddc_i/axis_halfband_fir_1/inst/m_axis_tdata[14]_INST_0_i_3/O
                         net (fo=1, routed)           0.055    10.566    mixer_ddc_i/axis_halfband_fir_1/inst/m_axis_tdata[14]_INST_0_i_3_n_0
    SLICE_X49Y86         LUT6 (Prop_H6LUT_SLICEL_I2_O)
                                                      0.188    10.754 r  mixer_ddc_i/axis_halfband_fir_1/inst/m_axis_tdata[14]_INST_0_i_1/O
                         net (fo=15, routed)          0.564    11.319    mixer_ddc_i/axis_halfband_fir_1/inst/m_axis_tdata[14]_INST_0_i_1_n_0
    SLICE_X47Y85         LUT5 (Prop_F6LUT_SLICEL_I0_O)
                                                      0.136    11.455 r  mixer_ddc_i/axis_halfband_fir_1/inst/m_axis_tdata[5]_INST_0/O
                         net (fo=1, routed)           0.154    11.609    mixer_ddc_i/axis_decimate2_1/inst/s_axis_tdata[5]
    SLICE_X47Y85         LUT2 (Prop_A6LUT_SLICEL_I1_O)
                                                      0.137    11.746 r  mixer_ddc_i/axis_decimate2_1/inst/m_axis_tdata[5]_INST_0/O
                         net (fo=5, routed)           0.800    12.545    mixer_ddc_i/system_ila_0/inst/ila_lib/inst/ila_core_inst/TRIGGER_I[5]
    SLICE_X53Y95         SRL16E                                       r  mixer_ddc_i/system_ila_0/inst/ila_lib/inst/ila_core_inst/shifted_data_in_reg[7][5]_srl8/D
  -------------------------------------------------------------------    -------------------

                         (clock clk_pl_0 rise edge)
                                                     10.312    10.312 r  
    PS8_X0Y0             PS8                          0.000    10.312 r  mixer_ddc_i/zynq_ultra_ps_e_0/inst/PS8_i/PLCLK[0]
                         net (fo=1, routed)           0.181    10.493    mixer_ddc_i/zynq_ultra_ps_e_0/inst/pl_clk_unbuffered[0]
    BUFG_PS_X0Y90        BUFG_PS (Prop_BUFG_PS_I_O)
                                                      0.035    10.528 r  mixer_ddc_i/zynq_ultra_ps_e_0/inst/buffer_pl_clk_0.PL_CLK_0_BUFG/O
    X1Y1 (CLOCK_ROOT)    net (fo=19809, routed)       2.890    13.418    mixer_ddc_i/system_ila_0/inst/ila_lib/inst/ila_core_inst/DESIGN_CLK_I
    SLICE_X53Y95         SRL16E                                       r  mixer_ddc_i/system_ila_0/inst/ila_lib/inst/ila_core_inst/shifted_data_in_reg[7][5]_srl8/CLK
                         clock pessimism              0.248    13.666    
                         clock uncertainty           -0.159    13.507    
    SLICE_X53Y95         SRL16E (Setup_F6LUT_SLICEM_CLK_D)
                                                     -0.103    13.404    mixer_ddc_i/system_ila_0/inst/ila_lib/inst/ila_core_inst/shifted_data_in_reg[7][5]_srl8
  -------------------------------------------------------------------
                         required time                         13.404    
                         arrival time                         -12.545    
  -------------------------------------------------------------------
                         slack                                  0.859    

Slack (MET) :             0.903ns  (required time - arrival time)
  Source:                 mixer_ddc_i/axis_mixer_down_0/inst/m_axis_tdata_reg[2]/C
                            (rising edge-triggered cell FDRE clocked by clk_pl_0  {rise@0.000ns fall@5.156ns period=10.312ns})
  Destination:            mixer_ddc_i/system_ila_0/inst/ila_lib/inst/ila_core_inst/shifted_data_in_reg[7][2]_srl8/D
                            (rising edge-triggered cell SRL16E clocked by clk_pl_0  {rise@0.000ns fall@5.156ns period=10.312ns})
  Path Group:             clk_pl_0
  Path Type:              Setup (Max at Slow Process Corner)
  Requirement:            10.312ns  (clk_pl_0 rise@10.312ns - clk_pl_0 rise@0.000ns)
  Data Path Delay:        9.023ns  (logic 3.028ns (33.559%)  route 5.995ns (66.441%))
  Logic Levels:           19  (CARRY8=7 LUT2=2 LUT3=4 LUT5=2 LUT6=4)
  Clock Path Skew:        -0.126ns (DCD - SCD + CPR)
    Destination Clock Delay (DCD):    3.106ns = ( 13.418 - 10.312 ) 
    Source Clock Delay      (SCD):    3.480ns
    Clock Pessimism Removal (CPR):    0.248ns
  Clock Uncertainty:      0.159ns  ((TSJ^2 + DJ^2)^1/2) / 2 + PE
    Total System Jitter     (TSJ):    0.071ns
    Discrete Jitter          (DJ):    0.310ns
    Phase Error              (PE):    0.000ns
  Clock Net Delay (Source):      3.213ns (routing 1.681ns, distribution 1.532ns)
  Clock Net Delay (Destination): 2.890ns (routing 1.538ns, distribution 1.352ns)

    Location             Delay type                Incr(ns)  Path(ns)    Netlist Resource(s)
  -------------------------------------------------------------------    -------------------
                         (clock clk_pl_0 rise edge)
                                                      0.000     0.000 r  
    PS8_X0Y0             PS8                          0.000     0.000 r  mixer_ddc_i/zynq_ultra_ps_e_0/inst/PS8_i/PLCLK[0]
                         net (fo=1, routed)           0.229     0.229    mixer_ddc_i/zynq_ultra_ps_e_0/inst/pl_clk_unbuffered[0]
    BUFG_PS_X0Y90        BUFG_PS (Prop_BUFG_PS_I_O)
                                                      0.038     0.267 r  mixer_ddc_i/zynq_ultra_ps_e_0/inst/buffer_pl_clk_0.PL_CLK_0_BUFG/O
    X1Y1 (CLOCK_ROOT)    net (fo=19809, routed)       3.213     3.480    mixer_ddc_i/axis_mixer_down_0/inst/aclk
    SLICE_X54Y72         FDRE                                         r  mixer_ddc_i/axis_mixer_down_0/inst/m_axis_tdata_reg[2]/C
  -------------------------------------------------------------------    -------------------
    SLICE_X54Y72         FDRE (Prop_AFF_SLICEM_C_Q)
                                                      0.113     3.593 f  mixer_ddc_i/axis_mixer_down_0/inst/m_axis_tdata_reg[2]/Q
                         net (fo=7, routed)           0.242     3.834    mixer_ddc_i/axis_halfband_fir_0/inst/s_axis_tdata[2]
    SLICE_X57Y73         LUT3 (Prop_D6LUT_SLICEL_I0_O)
                                                      0.185     4.019 r  mixer_ddc_i/axis_halfband_fir_0/inst/total_I__0_carry_i_5/O
                         net (fo=1, routed)           0.408     4.427    mixer_ddc_i/axis_halfband_fir_0/inst/total_I__0_carry_i_5_n_0
    SLICE_X56Y74         CARRY8 (Prop_CARRY8_SLICEL_DI[3]_O[5])
                                                      0.260     4.687 r  mixer_ddc_i/axis_halfband_fir_0/inst/total_I__0_carry/O[5]
                         net (fo=3, routed)           0.225     4.912    mixer_ddc_i/axis_halfband_fir_0/inst/total_I__0_carry_n_10
    SLICE_X55Y73         LUT3 (Prop_C6LUT_SLICEL_I1_O)
                                                      0.187     5.099 r  mixer_ddc_i/axis_halfband_fir_0/inst/total_I__107_carry_i_2/O
                         net (fo=1, routed)           0.219     5.318    mixer_ddc_i/axis_halfband_fir_0/inst/total_I__107_carry_i_2_n_0
    SLICE_X55Y74         CARRY8 (Prop_CARRY8_SLICEL_DI[6]_CO[7])
                                                      0.084     5.402 r  mixer_ddc_i/axis_halfband_fir_0/inst/total_I__107_carry/CO[7]
                         net (fo=1, routed)           0.030     5.432    mixer_ddc_i/axis_halfband_fir_0/inst/total_I__107_carry_n_0
    SLICE_X55Y75         CARRY8 (Prop_CARRY8_SLICEL_CI_CO[7])
                                                      0.065     5.497 r  mixer_ddc_i/axis_halfband_fir_0/inst/total_I__107_carry__0/CO[7]
                         net (fo=1, routed)           0.030     5.527    mixer_ddc_i/axis_halfband_fir_0/inst/total_I__107_carry__0_n_0
    SLICE_X55Y76         CARRY8 (Prop_CARRY8_SLICEL_CI_O[6])
                                                      0.157     5.684 f  mixer_ddc_i/axis_halfband_fir_0/inst/total_I__107_carry__1/O[6]
                         net (fo=2, routed)           0.271     5.955    mixer_ddc_i/axis_halfband_fir_0/inst/total_I__107_carry__1_n_9
    SLICE_X54Y77         LUT6 (Prop_F6LUT_SLICEM_I1_O)
                                                      0.224     6.179 f  mixer_ddc_i/axis_halfband_fir_0/inst/m_axis_tdata[14]_INST_0_i_3/O
                         net (fo=1, routed)           0.052     6.231    mixer_ddc_i/axis_halfband_fir_0/inst/m_axis_tdata[14]_INST_0_i_3_n_0
    SLICE_X54Y77         LUT6 (Prop_H6LUT_SLICEM_I2_O)
                                                      0.138     6.369 f  mixer_ddc_i/axis_halfband_fir_0/inst/m_axis_tdata[14]_INST_0_i_1/O
                         net (fo=15, routed)          0.352     6.721    mixer_ddc_i/axis_halfband_fir_0/inst/m_axis_tdata[14]_INST_0_i_1_n_0
    SLICE_X51Y78         LUT5 (Prop_H6LUT_SLICEL_I0_O)
                                                      0.188     6.909 f  mixer_ddc_i/axis_halfband_fir_0/inst/m_axis_tdata[13]_INST_0/O
                         net (fo=1, routed)           0.550     7.459    mixer_ddc_i/axis_decimate2_0/inst/s_axis_tdata[13]
    SLICE_X48Y79         LUT2 (Prop_D5LUT_SLICEL_I1_O)
                                                      0.088     7.547 f  mixer_ddc_i/axis_decimate2_0/inst/m_axis_tdata[13]_INST_0/O
                         net (fo=4, routed)           0.546     8.093    mixer_ddc_i/axis_halfband_fir_1/inst/s_axis_tdata[13]
    SLICE_X50Y82         LUT3 (Prop_C6LUT_SLICEL_I0_O)
                                                      0.056     8.149 r  mixer_ddc_i/axis_halfband_fir_1/inst/total_I__0_carry__0_i_2/O
                         net (fo=1, routed)           0.562     8.711    mixer_ddc_i/axis_halfband_fir_1/inst/total_I__0_carry__0_i_2_n_0
    SLICE_X48Y81         CARRY8 (Prop_CARRY8_SLICEL_DI[6]_CO[7])
                                                      0.084     8.795 r  mixer_ddc_i/axis_halfband_fir_1/inst/total_I__0_carry__0/CO[7]
                         net (fo=1, routed)           0.030     8.825    mixer_ddc_i/axis_halfband_fir_1/inst/total_I__0_carry__0_n_0
    SLICE_X48Y82         CARRY8 (Prop_CARRY8_SLICEL_CI_O[0])
                                                      0.078     8.903 r  mixer_ddc_i/axis_halfband_fir_1/inst/total_I__0_carry__1/O[0]
                         net (fo=3, routed)           0.168     9.071    mixer_ddc_i/axis_halfband_fir_1/inst/total_I__0_carry__1_n_15
    SLICE_X48Y84         LUT3 (Prop_B5LUT_SLICEL_I1_O)
                                                      0.196     9.267 r  mixer_ddc_i/axis_halfband_fir_1/inst/total_I__107_carry__1_i_7/O
                         net (fo=1, routed)           0.553     9.820    mixer_ddc_i/axis_halfband_fir_1/inst/total_I__107_carry__1_i_7_n_0
    SLICE_X49Y84         CARRY8 (Prop_CARRY8_SLICEL_DI[1]_O[5])
                                                      0.285    10.105 r  mixer_ddc_i/axis_halfband_fir_1/inst/total_I__107_carry__1/O[5]
                         net (fo=2, routed)           0.182    10.287    mixer_ddc_i/axis_halfband_fir_1/inst/total_I__107_carry__1_n_10
    SLICE_X49Y86         LUT6 (Prop_F6LUT_SLICEL_I4_O)
                                                      0.224    10.511 r  mixer_ddc_i/axis_halfband_fir_1/inst/m_axis_tdata[14]_INST_0_i_3/O
                         net (fo=1, routed)           0.055    10.566    mixer_ddc_i/axis_halfband_fir_1/inst/m_axis_tdata[14]_INST_0_i_3_n_0
    SLICE_X49Y86         LUT6 (Prop_H6LUT_SLICEL_I2_O)
                                                      0.188    10.754 r  mixer_ddc_i/axis_halfband_fir_1/inst/m_axis_tdata[14]_INST_0_i_1/O
                         net (fo=15, routed)          0.505    11.259    mixer_ddc_i/axis_halfband_fir_1/inst/m_axis_tdata[14]_INST_0_i_1_n_0
    SLICE_X48Y84         LUT5 (Prop_G6LUT_SLICEL_I0_O)
                                                      0.137    11.396 r  mixer_ddc_i/axis_halfband_fir_1/inst/m_axis_tdata[2]_INST_0/O
                         net (fo=1, routed)           0.242    11.638    mixer_ddc_i/axis_decimate2_1/inst/s_axis_tdata[2]
    SLICE_X48Y84         LUT2 (Prop_C5LUT_SLICEL_I1_O)
                                                      0.091    11.729 r  mixer_ddc_i/axis_decimate2_1/inst/m_axis_tdata[2]_INST_0/O
                         net (fo=5, routed)           0.774    12.503    mixer_ddc_i/system_ila_0/inst/ila_lib/inst/ila_core_inst/TRIGGER_I[2]
    SLICE_X53Y95         SRL16E                                       r  mixer_ddc_i/system_ila_0/inst/ila_lib/inst/ila_core_inst/shifted_data_in_reg[7][2]_srl8/D
  -------------------------------------------------------------------    -------------------

                         (clock clk_pl_0 rise edge)
                                                     10.312    10.312 r  
    PS8_X0Y0             PS8                          0.000    10.312 r  mixer_ddc_i/zynq_ultra_ps_e_0/inst/PS8_i/PLCLK[0]
                         net (fo=1, routed)           0.181    10.493    mixer_ddc_i/zynq_ultra_ps_e_0/inst/pl_clk_unbuffered[0]
    BUFG_PS_X0Y90        BUFG_PS (Prop_BUFG_PS_I_O)
                                                      0.035    10.528 r  mixer_ddc_i/zynq_ultra_ps_e_0/inst/buffer_pl_clk_0.PL_CLK_0_BUFG/O
    X1Y1 (CLOCK_ROOT)    net (fo=19809, routed)       2.890    13.418    mixer_ddc_i/system_ila_0/inst/ila_lib/inst/ila_core_inst/DESIGN_CLK_I
    SLICE_X53Y95         SRL16E                                       r  mixer_ddc_i/system_ila_0/inst/ila_lib/inst/ila_core_inst/shifted_data_in_reg[7][2]_srl8/CLK
                         clock pessimism              0.248    13.666    
                         clock uncertainty           -0.159    13.507    
    SLICE_X53Y95         SRL16E (Setup_C6LUT_SLICEM_CLK_D)
                                                     -0.101    13.406    mixer_ddc_i/system_ila_0/inst/ila_lib/inst/ila_core_inst/shifted_data_in_reg[7][2]_srl8
  -------------------------------------------------------------------
                         required time                         13.406    
                         arrival time                         -12.503    
  -------------------------------------------------------------------
                         slack                                  0.903    

Slack (MET) :             0.907ns  (required time - arrival time)
  Source:                 mixer_ddc_i/axis_mixer_down_0/inst/m_axis_tdata_reg[2]/C
                            (rising edge-triggered cell FDRE clocked by clk_pl_0  {rise@0.000ns fall@5.156ns period=10.312ns})
  Destination:            mixer_ddc_i/system_ila_0/inst/ila_lib/inst/ila_core_inst/shifted_data_in_reg[7][8]_srl8/D
                            (rising edge-triggered cell SRL16E clocked by clk_pl_0  {rise@0.000ns fall@5.156ns period=10.312ns})
  Path Group:             clk_pl_0
  Path Type:              Setup (Max at Slow Process Corner)
  Requirement:            10.312ns  (clk_pl_0 rise@10.312ns - clk_pl_0 rise@0.000ns)
  Data Path Delay:        9.005ns  (logic 3.178ns (35.291%)  route 5.827ns (64.709%))
  Logic Levels:           19  (CARRY8=7 LUT2=2 LUT3=4 LUT5=2 LUT6=4)
  Clock Path Skew:        -0.126ns (DCD - SCD + CPR)
    Destination Clock Delay (DCD):    3.106ns = ( 13.418 - 10.312 ) 
    Source Clock Delay      (SCD):    3.480ns
    Clock Pessimism Removal (CPR):    0.248ns
  Clock Uncertainty:      0.159ns  ((TSJ^2 + DJ^2)^1/2) / 2 + PE
    Total System Jitter     (TSJ):    0.071ns
    Discrete Jitter          (DJ):    0.310ns
    Phase Error              (PE):    0.000ns
  Clock Net Delay (Source):      3.213ns (routing 1.681ns, distribution 1.532ns)
  Clock Net Delay (Destination): 2.890ns (routing 1.538ns, distribution 1.352ns)

    Location             Delay type                Incr(ns)  Path(ns)    Netlist Resource(s)
  -------------------------------------------------------------------    -------------------
                         (clock clk_pl_0 rise edge)
                                                      0.000     0.000 r  
    PS8_X0Y0             PS8                          0.000     0.000 r  mixer_ddc_i/zynq_ultra_ps_e_0/inst/PS8_i/PLCLK[0]
                         net (fo=1, routed)           0.229     0.229    mixer_ddc_i/zynq_ultra_ps_e_0/inst/pl_clk_unbuffered[0]
    BUFG_PS_X0Y90        BUFG_PS (Prop_BUFG_PS_I_O)
                                                      0.038     0.267 r  mixer_ddc_i/zynq_ultra_ps_e_0/inst/buffer_pl_clk_0.PL_CLK_0_BUFG/O
    X1Y1 (CLOCK_ROOT)    net (fo=19809, routed)       3.213     3.480    mixer_ddc_i/axis_mixer_down_0/inst/aclk
    SLICE_X54Y72         FDRE                                         r  mixer_ddc_i/axis_mixer_down_0/inst/m_axis_tdata_reg[2]/C
  -------------------------------------------------------------------    -------------------
    SLICE_X54Y72         FDRE (Prop_AFF_SLICEM_C_Q)
                                                      0.113     3.593 f  mixer_ddc_i/axis_mixer_down_0/inst/m_axis_tdata_reg[2]/Q
                         net (fo=7, routed)           0.242     3.834    mixer_ddc_i/axis_halfband_fir_0/inst/s_axis_tdata[2]
    SLICE_X57Y73         LUT3 (Prop_D6LUT_SLICEL_I0_O)
                                                      0.185     4.019 r  mixer_ddc_i/axis_halfband_fir_0/inst/total_I__0_carry_i_5/O
                         net (fo=1, routed)           0.408     4.427    mixer_ddc_i/axis_halfband_fir_0/inst/total_I__0_carry_i_5_n_0
    SLICE_X56Y74         CARRY8 (Prop_CARRY8_SLICEL_DI[3]_O[5])
                                                      0.260     4.687 r  mixer_ddc_i/axis_halfband_fir_0/inst/total_I__0_carry/O[5]
                         net (fo=3, routed)           0.225     4.912    mixer_ddc_i/axis_halfband_fir_0/inst/total_I__0_carry_n_10
    SLICE_X55Y73         LUT3 (Prop_C6LUT_SLICEL_I1_O)
                                                      0.187     5.099 r  mixer_ddc_i/axis_halfband_fir_0/inst/total_I__107_carry_i_2/O
                         net (fo=1, routed)           0.219     5.318    mixer_ddc_i/axis_halfband_fir_0/inst/total_I__107_carry_i_2_n_0
    SLICE_X55Y74         CARRY8 (Prop_CARRY8_SLICEL_DI[6]_CO[7])
                                                      0.084     5.402 r  mixer_ddc_i/axis_halfband_fir_0/inst/total_I__107_carry/CO[7]
                         net (fo=1, routed)           0.030     5.432    mixer_ddc_i/axis_halfband_fir_0/inst/total_I__107_carry_n_0
    SLICE_X55Y75         CARRY8 (Prop_CARRY8_SLICEL_CI_CO[7])
                                                      0.065     5.497 r  mixer_ddc_i/axis_halfband_fir_0/inst/total_I__107_carry__0/CO[7]
                         net (fo=1, routed)           0.030     5.527    mixer_ddc_i/axis_halfband_fir_0/inst/total_I__107_carry__0_n_0
    SLICE_X55Y76         CARRY8 (Prop_CARRY8_SLICEL_CI_O[6])
                                                      0.157     5.684 f  mixer_ddc_i/axis_halfband_fir_0/inst/total_I__107_carry__1/O[6]
                         net (fo=2, routed)           0.271     5.955    mixer_ddc_i/axis_halfband_fir_0/inst/total_I__107_carry__1_n_9
    SLICE_X54Y77         LUT6 (Prop_F6LUT_SLICEM_I1_O)
                                                      0.224     6.179 f  mixer_ddc_i/axis_halfband_fir_0/inst/m_axis_tdata[14]_INST_0_i_3/O
                         net (fo=1, routed)           0.052     6.231    mixer_ddc_i/axis_halfband_fir_0/inst/m_axis_tdata[14]_INST_0_i_3_n_0
    SLICE_X54Y77         LUT6 (Prop_H6LUT_SLICEM_I2_O)
                                                      0.138     6.369 f  mixer_ddc_i/axis_halfband_fir_0/inst/m_axis_tdata[14]_INST_0_i_1/O
                         net (fo=15, routed)          0.352     6.721    mixer_ddc_i/axis_halfband_fir_0/inst/m_axis_tdata[14]_INST_0_i_1_n_0
    SLICE_X51Y78         LUT5 (Prop_H6LUT_SLICEL_I0_O)
                                                      0.188     6.909 f  mixer_ddc_i/axis_halfband_fir_0/inst/m_axis_tdata[13]_INST_0/O
                         net (fo=1, routed)           0.550     7.459    mixer_ddc_i/axis_decimate2_0/inst/s_axis_tdata[13]
    SLICE_X48Y79         LUT2 (Prop_D5LUT_SLICEL_I1_O)
                                                      0.088     7.547 f  mixer_ddc_i/axis_decimate2_0/inst/m_axis_tdata[13]_INST_0/O
                         net (fo=4, routed)           0.546     8.093    mixer_ddc_i/axis_halfband_fir_1/inst/s_axis_tdata[13]
    SLICE_X50Y82         LUT3 (Prop_C6LUT_SLICEL_I0_O)
                                                      0.056     8.149 r  mixer_ddc_i/axis_halfband_fir_1/inst/total_I__0_carry__0_i_2/O
                         net (fo=1, routed)           0.562     8.711    mixer_ddc_i/axis_halfband_fir_1/inst/total_I__0_carry__0_i_2_n_0
    SLICE_X48Y81         CARRY8 (Prop_CARRY8_SLICEL_DI[6]_CO[7])
                                                      0.084     8.795 r  mixer_ddc_i/axis_halfband_fir_1/inst/total_I__0_carry__0/CO[7]
                         net (fo=1, routed)           0.030     8.825    mixer_ddc_i/axis_halfband_fir_1/inst/total_I__0_carry__0_n_0
    SLICE_X48Y82         CARRY8 (Prop_CARRY8_SLICEL_CI_O[0])
                                                      0.078     8.903 r  mixer_ddc_i/axis_halfband_fir_1/inst/total_I__0_carry__1/O[0]
                         net (fo=3, routed)           0.168     9.071    mixer_ddc_i/axis_halfband_fir_1/inst/total_I__0_carry__1_n_15
    SLICE_X48Y84         LUT3 (Prop_B5LUT_SLICEL_I1_O)
                                                      0.196     9.267 r  mixer_ddc_i/axis_halfband_fir_1/inst/total_I__107_carry__1_i_7/O
                         net (fo=1, routed)           0.553     9.820    mixer_ddc_i/axis_halfband_fir_1/inst/total_I__107_carry__1_i_7_n_0
    SLICE_X49Y84         CARRY8 (Prop_CARRY8_SLICEL_DI[1]_O[5])
                                                      0.285    10.105 r  mixer_ddc_i/axis_halfband_fir_1/inst/total_I__107_carry__1/O[5]
                         net (fo=2, routed)           0.182    10.287    mixer_ddc_i/axis_halfband_fir_1/inst/total_I__107_carry__1_n_10
    SLICE_X49Y86         LUT6 (Prop_F6LUT_SLICEL_I4_O)
                                                      0.224    10.511 r  mixer_ddc_i/axis_halfband_fir_1/inst/m_axis_tdata[14]_INST_0_i_3/O
                         net (fo=1, routed)           0.055    10.566    mixer_ddc_i/axis_halfband_fir_1/inst/m_axis_tdata[14]_INST_0_i_3_n_0
    SLICE_X49Y86         LUT6 (Prop_H6LUT_SLICEL_I2_O)
                                                      0.188    10.754 r  mixer_ddc_i/axis_halfband_fir_1/inst/m_axis_tdata[14]_INST_0_i_1/O
                         net (fo=15, routed)          0.498    11.252    mixer_ddc_i/axis_halfband_fir_1/inst/m_axis_tdata[14]_INST_0_i_1_n_0
    SLICE_X47Y86         LUT5 (Prop_G6LUT_SLICEL_I0_O)
                                                      0.186    11.438 r  mixer_ddc_i/axis_halfband_fir_1/inst/m_axis_tdata[8]_INST_0/O
                         net (fo=1, routed)           0.057    11.495    mixer_ddc_i/axis_decimate2_1/inst/s_axis_tdata[8]
    SLICE_X47Y86         LUT2 (Prop_A5LUT_SLICEL_I1_O)
                                                      0.192    11.687 r  mixer_ddc_i/axis_decimate2_1/inst/m_axis_tdata[8]_INST_0/O
                         net (fo=5, routed)           0.798    12.485    mixer_ddc_i/system_ila_0/inst/ila_lib/inst/ila_core_inst/TRIGGER_I[8]
    SLICE_X53Y95         SRL16E                                       r  mixer_ddc_i/system_ila_0/inst/ila_lib/inst/ila_core_inst/shifted_data_in_reg[7][8]_srl8/D
  -------------------------------------------------------------------    -------------------

                         (clock clk_pl_0 rise edge)
                                                     10.312    10.312 r  
    PS8_X0Y0             PS8                          0.000    10.312 r  mixer_ddc_i/zynq_ultra_ps_e_0/inst/PS8_i/PLCLK[0]
                         net (fo=1, routed)           0.181    10.493    mixer_ddc_i/zynq_ultra_ps_e_0/inst/pl_clk_unbuffered[0]
    BUFG_PS_X0Y90        BUFG_PS (Prop_BUFG_PS_I_O)
                                                      0.035    10.528 r  mixer_ddc_i/zynq_ultra_ps_e_0/inst/buffer_pl_clk_0.PL_CLK_0_BUFG/O
    X1Y1 (CLOCK_ROOT)    net (fo=19809, routed)       2.890    13.418    mixer_ddc_i/system_ila_0/inst/ila_lib/inst/ila_core_inst/DESIGN_CLK_I
    SLICE_X53Y95         SRL16E                                       r  mixer_ddc_i/system_ila_0/inst/ila_lib/inst/ila_core_inst/shifted_data_in_reg[7][8]_srl8/CLK
                         clock pessimism              0.248    13.666    
                         clock uncertainty           -0.159    13.507    
    SLICE_X53Y95         SRL16E (Setup_A5LUT_SLICEM_CLK_D)
                                                     -0.115    13.392    mixer_ddc_i/system_ila_0/inst/ila_lib/inst/ila_core_inst/shifted_data_in_reg[7][8]_srl8
  -------------------------------------------------------------------
                         required time                         13.392    
                         arrival time                         -12.485    
  -------------------------------------------------------------------
                         slack                                  0.907    

Slack (MET) :             0.959ns  (required time - arrival time)
  Source:                 mixer_ddc_i/axis_mixer_down_0/inst/m_axis_tdata_reg[2]/C
                            (rising edge-triggered cell FDRE clocked by clk_pl_0  {rise@0.000ns fall@5.156ns period=10.312ns})
  Destination:            mixer_ddc_i/system_ila_0/inst/ila_lib/inst/ila_core_inst/shifted_data_in_reg[7][11]_srl8/D
                            (rising edge-triggered cell SRL16E clocked by clk_pl_0  {rise@0.000ns fall@5.156ns period=10.312ns})
  Path Group:             clk_pl_0
  Path Type:              Setup (Max at Slow Process Corner)
  Requirement:            10.312ns  (clk_pl_0 rise@10.312ns - clk_pl_0 rise@0.000ns)
  Data Path Delay:        8.953ns  (logic 3.174ns (35.453%)  route 5.779ns (64.547%))
  Logic Levels:           19  (CARRY8=7 LUT2=2 LUT3=4 LUT5=2 LUT6=4)
  Clock Path Skew:        -0.126ns (DCD - SCD + CPR)
    Destination Clock Delay (DCD):    3.106ns = ( 13.418 - 10.312 ) 
    Source Clock Delay      (SCD):    3.480ns
    Clock Pessimism Removal (CPR):    0.248ns
  Clock Uncertainty:      0.159ns  ((TSJ^2 + DJ^2)^1/2) / 2 + PE
    Total System Jitter     (TSJ):    0.071ns
    Discrete Jitter          (DJ):    0.310ns
    Phase Error              (PE):    0.000ns
  Clock Net Delay (Source):      3.213ns (routing 1.681ns, distribution 1.532ns)
  Clock Net Delay (Destination): 2.890ns (routing 1.538ns, distribution 1.352ns)

    Location             Delay type                Incr(ns)  Path(ns)    Netlist Resource(s)
  -------------------------------------------------------------------    -------------------
                         (clock clk_pl_0 rise edge)
                                                      0.000     0.000 r  
    PS8_X0Y0             PS8                          0.000     0.000 r  mixer_ddc_i/zynq_ultra_ps_e_0/inst/PS8_i/PLCLK[0]
                         net (fo=1, routed)           0.229     0.229    mixer_ddc_i/zynq_ultra_ps_e_0/inst/pl_clk_unbuffered[0]
    BUFG_PS_X0Y90        BUFG_PS (Prop_BUFG_PS_I_O)
                                                      0.038     0.267 r  mixer_ddc_i/zynq_ultra_ps_e_0/inst/buffer_pl_clk_0.PL_CLK_0_BUFG/O
    X1Y1 (CLOCK_ROOT)    net (fo=19809, routed)       3.213     3.480    mixer_ddc_i/axis_mixer_down_0/inst/aclk
    SLICE_X54Y72         FDRE                                         r  mixer_ddc_i/axis_mixer_down_0/inst/m_axis_tdata_reg[2]/C
  -------------------------------------------------------------------    -------------------
    SLICE_X54Y72         FDRE (Prop_AFF_SLICEM_C_Q)
                                                      0.113     3.593 f  mixer_ddc_i/axis_mixer_down_0/inst/m_axis_tdata_reg[2]/Q
                         net (fo=7, routed)           0.242     3.834    mixer_ddc_i/axis_halfband_fir_0/inst/s_axis_tdata[2]
    SLICE_X57Y73         LUT3 (Prop_D6LUT_SLICEL_I0_O)
                                                      0.185     4.019 r  mixer_ddc_i/axis_halfband_fir_0/inst/total_I__0_carry_i_5/O
                         net (fo=1, routed)           0.408     4.427    mixer_ddc_i/axis_halfband_fir_0/inst/total_I__0_carry_i_5_n_0
    SLICE_X56Y74         CARRY8 (Prop_CARRY8_SLICEL_DI[3]_O[5])
                                                      0.260     4.687 r  mixer_ddc_i/axis_halfband_fir_0/inst/total_I__0_carry/O[5]
                         net (fo=3, routed)           0.225     4.912    mixer_ddc_i/axis_halfband_fir_0/inst/total_I__0_carry_n_10
    SLICE_X55Y73         LUT3 (Prop_C6LUT_SLICEL_I1_O)
                                                      0.187     5.099 r  mixer_ddc_i/axis_halfband_fir_0/inst/total_I__107_carry_i_2/O
                         net (fo=1, routed)           0.219     5.318    mixer_ddc_i/axis_halfband_fir_0/inst/total_I__107_carry_i_2_n_0
    SLICE_X55Y74         CARRY8 (Prop_CARRY8_SLICEL_DI[6]_CO[7])
                                                      0.084     5.402 r  mixer_ddc_i/axis_halfband_fir_0/inst/total_I__107_carry/CO[7]
                         net (fo=1, routed)           0.030     5.432    mixer_ddc_i/axis_halfband_fir_0/inst/total_I__107_carry_n_0
    SLICE_X55Y75         CARRY8 (Prop_CARRY8_SLICEL_CI_CO[7])
                                                      0.065     5.497 r  mixer_ddc_i/axis_halfband_fir_0/inst/total_I__107_carry__0/CO[7]
                         net (fo=1, routed)           0.030     5.527    mixer_ddc_i/axis_halfband_fir_0/inst/total_I__107_carry__0_n_0
    SLICE_X55Y76         CARRY8 (Prop_CARRY8_SLICEL_CI_O[6])
                                                      0.157     5.684 f  mixer_ddc_i/axis_halfband_fir_0/inst/total_I__107_carry__1/O[6]
                         net (fo=2, routed)           0.271     5.955    mixer_ddc_i/axis_halfband_fir_0/inst/total_I__107_carry__1_n_9
    SLICE_X54Y77         LUT6 (Prop_F6LUT_SLICEM_I1_O)
                                                      0.224     6.179 f  mixer_ddc_i/axis_halfband_fir_0/inst/m_axis_tdata[14]_INST_0_i_3/O
                         net (fo=1, routed)           0.052     6.231    mixer_ddc_i/axis_halfband_fir_0/inst/m_axis_tdata[14]_INST_0_i_3_n_0
    SLICE_X54Y77         LUT6 (Prop_H6LUT_SLICEM_I2_O)
                                                      0.138     6.369 f  mixer_ddc_i/axis_halfband_fir_0/inst/m_axis_tdata[14]_INST_0_i_1/O
                         net (fo=15, routed)          0.352     6.721    mixer_ddc_i/axis_halfband_fir_0/inst/m_axis_tdata[14]_INST_0_i_1_n_0
    SLICE_X51Y78         LUT5 (Prop_H6LUT_SLICEL_I0_O)
                                                      0.188     6.909 f  mixer_ddc_i/axis_halfband_fir_0/inst/m_axis_tdata[13]_INST_0/O
                         net (fo=1, routed)           0.550     7.459    mixer_ddc_i/axis_decimate2_0/inst/s_axis_tdata[13]
    SLICE_X48Y79         LUT2 (Prop_D5LUT_SLICEL_I1_O)
                                                      0.088     7.547 f  mixer_ddc_i/axis_decimate2_0/inst/m_axis_tdata[13]_INST_0/O
                         net (fo=4, routed)           0.546     8.093    mixer_ddc_i/axis_halfband_fir_1/inst/s_axis_tdata[13]
    SLICE_X50Y82         LUT3 (Prop_C6LUT_SLICEL_I0_O)
                                                      0.056     8.149 r  mixer_ddc_i/axis_halfband_fir_1/inst/total_I__0_carry__0_i_2/O
                         net (fo=1, routed)           0.562     8.711    mixer_ddc_i/axis_halfband_fir_1/inst/total_I__0_carry__0_i_2_n_0
    SLICE_X48Y81         CARRY8 (Prop_CARRY8_SLICEL_DI[6]_CO[7])
                                                      0.084     8.795 r  mixer_ddc_i/axis_halfband_fir_1/inst/total_I__0_carry__0/CO[7]
                         net (fo=1, routed)           0.030     8.825    mixer_ddc_i/axis_halfband_fir_1/inst/total_I__0_carry__0_n_0
    SLICE_X48Y82         CARRY8 (Prop_CARRY8_SLICEL_CI_O[0])
                                                      0.078     8.903 r  mixer_ddc_i/axis_halfband_fir_1/inst/total_I__0_carry__1/O[0]
                         net (fo=3, routed)           0.168     9.071    mixer_ddc_i/axis_halfband_fir_1/inst/total_I__0_carry__1_n_15
    SLICE_X48Y84         LUT3 (Prop_B5LUT_SLICEL_I1_O)
                                                      0.196     9.267 r  mixer_ddc_i/axis_halfband_fir_1/inst/total_I__107_carry__1_i_7/O
                         net (fo=1, routed)           0.553     9.820    mixer_ddc_i/axis_halfband_fir_1/inst/total_I__107_carry__1_i_7_n_0
    SLICE_X49Y84         CARRY8 (Prop_CARRY8_SLICEL_DI[1]_O[5])
                                                      0.285    10.105 r  mixer_ddc_i/axis_halfband_fir_1/inst/total_I__107_carry__1/O[5]
                         net (fo=2, routed)           0.182    10.287    mixer_ddc_i/axis_halfband_fir_1/inst/total_I__107_carry__1_n_10
    SLICE_X49Y86         LUT6 (Prop_F6LUT_SLICEL_I4_O)
                                                      0.224    10.511 r  mixer_ddc_i/axis_halfband_fir_1/inst/m_axis_tdata[14]_INST_0_i_3/O
                         net (fo=1, routed)           0.055    10.566    mixer_ddc_i/axis_halfband_fir_1/inst/m_axis_tdata[14]_INST_0_i_3_n_0
    SLICE_X49Y86         LUT6 (Prop_H6LUT_SLICEL_I2_O)
                                                      0.188    10.754 r  mixer_ddc_i/axis_halfband_fir_1/inst/m_axis_tdata[14]_INST_0_i_1/O
                         net (fo=15, routed)          0.584    11.338    mixer_ddc_i/axis_halfband_fir_1/inst/m_axis_tdata[14]_INST_0_i_1_n_0
    SLICE_X46Y85         LUT5 (Prop_F6LUT_SLICEL_I0_O)
                                                      0.150    11.488 r  mixer_ddc_i/axis_halfband_fir_1/inst/m_axis_tdata[11]_INST_0/O
                         net (fo=1, routed)           0.070    11.558    mixer_ddc_i/axis_decimate2_1/inst/s_axis_tdata[11]
    SLICE_X46Y85         LUT2 (Prop_B6LUT_SLICEL_I1_O)
                                                      0.224    11.782 r  mixer_ddc_i/axis_decimate2_1/inst/m_axis_tdata[11]_INST_0/O
                         net (fo=5, routed)           0.650    12.432    mixer_ddc_i/system_ila_0/inst/ila_lib/inst/ila_core_inst/TRIGGER_I[11]
    SLICE_X53Y95         SRL16E                                       r  mixer_ddc_i/system_ila_0/inst/ila_lib/inst/ila_core_inst/shifted_data_in_reg[7][11]_srl8/D
  -------------------------------------------------------------------    -------------------

                         (clock clk_pl_0 rise edge)
                                                     10.312    10.312 r  
    PS8_X0Y0             PS8                          0.000    10.312 r  mixer_ddc_i/zynq_ultra_ps_e_0/inst/PS8_i/PLCLK[0]
                         net (fo=1, routed)           0.181    10.493    mixer_ddc_i/zynq_ultra_ps_e_0/inst/pl_clk_unbuffered[0]
    BUFG_PS_X0Y90        BUFG_PS (Prop_BUFG_PS_I_O)
                                                      0.035    10.528 r  mixer_ddc_i/zynq_ultra_ps_e_0/inst/buffer_pl_clk_0.PL_CLK_0_BUFG/O
    X1Y1 (CLOCK_ROOT)    net (fo=19809, routed)       2.890    13.418    mixer_ddc_i/system_ila_0/inst/ila_lib/inst/ila_core_inst/DESIGN_CLK_I
    SLICE_X53Y95         SRL16E                                       r  mixer_ddc_i/system_ila_0/inst/ila_lib/inst/ila_core_inst/shifted_data_in_reg[7][11]_srl8/CLK
                         clock pessimism              0.248    13.666    
                         clock uncertainty           -0.159    13.507    
    SLICE_X53Y95         SRL16E (Setup_D5LUT_SLICEM_CLK_D)
                                                     -0.116    13.391    mixer_ddc_i/system_ila_0/inst/ila_lib/inst/ila_core_inst/shifted_data_in_reg[7][11]_srl8
  -------------------------------------------------------------------
                         required time                         13.391    
                         arrival time                         -12.432    
  -------------------------------------------------------------------
                         slack                                  0.959    

Slack (MET) :             0.970ns  (required time - arrival time)
  Source:                 mixer_ddc_i/axis_mixer_down_0/inst/m_axis_tdata_reg[2]/C
                            (rising edge-triggered cell FDRE clocked by clk_pl_0  {rise@0.000ns fall@5.156ns period=10.312ns})
  Destination:            mixer_ddc_i/system_ila_0/inst/ila_lib/inst/ila_core_inst/shifted_data_in_reg[7][9]_srl8/D
                            (rising edge-triggered cell SRL16E clocked by clk_pl_0  {rise@0.000ns fall@5.156ns period=10.312ns})
  Path Group:             clk_pl_0
  Path Type:              Setup (Max at Slow Process Corner)
  Requirement:            10.312ns  (clk_pl_0 rise@10.312ns - clk_pl_0 rise@0.000ns)
  Data Path Delay:        8.942ns  (logic 3.176ns (35.517%)  route 5.766ns (64.483%))
  Logic Levels:           19  (CARRY8=7 LUT2=2 LUT3=4 LUT5=2 LUT6=4)
  Clock Path Skew:        -0.126ns (DCD - SCD + CPR)
    Destination Clock Delay (DCD):    3.106ns = ( 13.418 - 10.312 ) 
    Source Clock Delay      (SCD):    3.480ns
    Clock Pessimism Removal (CPR):    0.248ns
  Clock Uncertainty:      0.159ns  ((TSJ^2 + DJ^2)^1/2) / 2 + PE
    Total System Jitter     (TSJ):    0.071ns
    Discrete Jitter          (DJ):    0.310ns
    Phase Error              (PE):    0.000ns
  Clock Net Delay (Source):      3.213ns (routing 1.681ns, distribution 1.532ns)
  Clock Net Delay (Destination): 2.890ns (routing 1.538ns, distribution 1.352ns)

    Location             Delay type                Incr(ns)  Path(ns)    Netlist Resource(s)
  -------------------------------------------------------------------    -------------------
                         (clock clk_pl_0 rise edge)
                                                      0.000     0.000 r  
    PS8_X0Y0             PS8                          0.000     0.000 r  mixer_ddc_i/zynq_ultra_ps_e_0/inst/PS8_i/PLCLK[0]
                         net (fo=1, routed)           0.229     0.229    mixer_ddc_i/zynq_ultra_ps_e_0/inst/pl_clk_unbuffered[0]
    BUFG_PS_X0Y90        BUFG_PS (Prop_BUFG_PS_I_O)
                                                      0.038     0.267 r  mixer_ddc_i/zynq_ultra_ps_e_0/inst/buffer_pl_clk_0.PL_CLK_0_BUFG/O
    X1Y1 (CLOCK_ROOT)    net (fo=19809, routed)       3.213     3.480    mixer_ddc_i/axis_mixer_down_0/inst/aclk
    SLICE_X54Y72         FDRE                                         r  mixer_ddc_i/axis_mixer_down_0/inst/m_axis_tdata_reg[2]/C
  -------------------------------------------------------------------    -------------------
    SLICE_X54Y72         FDRE (Prop_AFF_SLICEM_C_Q)
                                                      0.113     3.593 f  mixer_ddc_i/axis_mixer_down_0/inst/m_axis_tdata_reg[2]/Q
                         net (fo=7, routed)           0.242     3.834    mixer_ddc_i/axis_halfband_fir_0/inst/s_axis_tdata[2]
    SLICE_X57Y73         LUT3 (Prop_D6LUT_SLICEL_I0_O)
                                                      0.185     4.019 r  mixer_ddc_i/axis_halfband_fir_0/inst/total_I__0_carry_i_5/O
                         net (fo=1, routed)           0.408     4.427    mixer_ddc_i/axis_halfband_fir_0/inst/total_I__0_carry_i_5_n_0
    SLICE_X56Y74         CARRY8 (Prop_CARRY8_SLICEL_DI[3]_O[5])
                                                      0.260     4.687 r  mixer_ddc_i/axis_halfband_fir_0/inst/total_I__0_carry/O[5]
                         net (fo=3, routed)           0.225     4.912    mixer_ddc_i/axis_halfband_fir_0/inst/total_I__0_carry_n_10
    SLICE_X55Y73         LUT3 (Prop_C6LUT_SLICEL_I1_O)
                                                      0.187     5.099 r  mixer_ddc_i/axis_halfband_fir_0/inst/total_I__107_carry_i_2/O
                         net (fo=1, routed)           0.219     5.318    mixer_ddc_i/axis_halfband_fir_0/inst/total_I__107_carry_i_2_n_0
    SLICE_X55Y74         CARRY8 (Prop_CARRY8_SLICEL_DI[6]_CO[7])
                                                      0.084     5.402 r  mixer_ddc_i/axis_halfband_fir_0/inst/total_I__107_carry/CO[7]
                         net (fo=1, routed)           0.030     5.432    mixer_ddc_i/axis_halfband_fir_0/inst/total_I__107_carry_n_0
    SLICE_X55Y75         CARRY8 (Prop_CARRY8_SLICEL_CI_CO[7])
                                                      0.065     5.497 r  mixer_ddc_i/axis_halfband_fir_0/inst/total_I__107_carry__0/CO[7]
                         net (fo=1, routed)           0.030     5.527    mixer_ddc_i/axis_halfband_fir_0/inst/total_I__107_carry__0_n_0
    SLICE_X55Y76         CARRY8 (Prop_CARRY8_SLICEL_CI_O[6])
                                                      0.157     5.684 f  mixer_ddc_i/axis_halfband_fir_0/inst/total_I__107_carry__1/O[6]
                         net (fo=2, routed)           0.271     5.955    mixer_ddc_i/axis_halfband_fir_0/inst/total_I__107_carry__1_n_9
    SLICE_X54Y77         LUT6 (Prop_F6LUT_SLICEM_I1_O)
                                                      0.224     6.179 f  mixer_ddc_i/axis_halfband_fir_0/inst/m_axis_tdata[14]_INST_0_i_3/O
                         net (fo=1, routed)           0.052     6.231    mixer_ddc_i/axis_halfband_fir_0/inst/m_axis_tdata[14]_INST_0_i_3_n_0
    SLICE_X54Y77         LUT6 (Prop_H6LUT_SLICEM_I2_O)
                                                      0.138     6.369 f  mixer_ddc_i/axis_halfband_fir_0/inst/m_axis_tdata[14]_INST_0_i_1/O
                         net (fo=15, routed)          0.352     6.721    mixer_ddc_i/axis_halfband_fir_0/inst/m_axis_tdata[14]_INST_0_i_1_n_0
    SLICE_X51Y78         LUT5 (Prop_H6LUT_SLICEL_I0_O)
                                                      0.188     6.909 f  mixer_ddc_i/axis_halfband_fir_0/inst/m_axis_tdata[13]_INST_0/O
                         net (fo=1, routed)           0.550     7.459    mixer_ddc_i/axis_decimate2_0/inst/s_axis_tdata[13]
    SLICE_X48Y79         LUT2 (Prop_D5LUT_SLICEL_I1_O)
                                                      0.088     7.547 f  mixer_ddc_i/axis_decimate2_0/inst/m_axis_tdata[13]_INST_0/O
                         net (fo=4, routed)           0.546     8.093    mixer_ddc_i/axis_halfband_fir_1/inst/s_axis_tdata[13]
    SLICE_X50Y82         LUT3 (Prop_C6LUT_SLICEL_I0_O)
                                                      0.056     8.149 r  mixer_ddc_i/axis_halfband_fir_1/inst/total_I__0_carry__0_i_2/O
                         net (fo=1, routed)           0.562     8.711    mixer_ddc_i/axis_halfband_fir_1/inst/total_I__0_carry__0_i_2_n_0
    SLICE_X48Y81         CARRY8 (Prop_CARRY8_SLICEL_DI[6]_CO[7])
                                                      0.084     8.795 r  mixer_ddc_i/axis_halfband_fir_1/inst/total_I__0_carry__0/CO[7]
                         net (fo=1, routed)           0.030     8.825    mixer_ddc_i/axis_halfband_fir_1/inst/total_I__0_carry__0_n_0
    SLICE_X48Y82         CARRY8 (Prop_CARRY8_SLICEL_CI_O[0])
                                                      0.078     8.903 r  mixer_ddc_i/axis_halfband_fir_1/inst/total_I__0_carry__1/O[0]
                         net (fo=3, routed)           0.168     9.071    mixer_ddc_i/axis_halfband_fir_1/inst/total_I__0_carry__1_n_15
    SLICE_X48Y84         LUT3 (Prop_B5LUT_SLICEL_I1_O)
                                                      0.196     9.267 r  mixer_ddc_i/axis_halfband_fir_1/inst/total_I__107_carry__1_i_7/O
                         net (fo=1, routed)           0.553     9.820    mixer_ddc_i/axis_halfband_fir_1/inst/total_I__107_carry__1_i_7_n_0
    SLICE_X49Y84         CARRY8 (Prop_CARRY8_SLICEL_DI[1]_O[5])
                                                      0.285    10.105 r  mixer_ddc_i/axis_halfband_fir_1/inst/total_I__107_carry__1/O[5]
                         net (fo=2, routed)           0.182    10.287    mixer_ddc_i/axis_halfband_fir_1/inst/total_I__107_carry__1_n_10
    SLICE_X49Y86         LUT6 (Prop_F6LUT_SLICEL_I4_O)
                                                      0.224    10.511 r  mixer_ddc_i/axis_halfband_fir_1/inst/m_axis_tdata[14]_INST_0_i_3/O
                         net (fo=1, routed)           0.055    10.566    mixer_ddc_i/axis_halfband_fir_1/inst/m_axis_tdata[14]_INST_0_i_3_n_0
    SLICE_X49Y86         LUT6 (Prop_H6LUT_SLICEL_I2_O)
                                                      0.188    10.754 r  mixer_ddc_i/axis_halfband_fir_1/inst/m_axis_tdata[14]_INST_0_i_1/O
                         net (fo=15, routed)          0.491    11.245    mixer_ddc_i/axis_halfband_fir_1/inst/m_axis_tdata[14]_INST_0_i_1_n_0
    SLICE_X47Y86         LUT5 (Prop_F6LUT_SLICEL_I0_O)
                                                      0.150    11.395 r  mixer_ddc_i/axis_halfband_fir_1/inst/m_axis_tdata[9]_INST_0/O
                         net (fo=1, routed)           0.070    11.465    mixer_ddc_i/axis_decimate2_1/inst/s_axis_tdata[9]
    SLICE_X47Y86         LUT2 (Prop_B5LUT_SLICEL_I1_O)
                                                      0.226    11.691 r  mixer_ddc_i/axis_decimate2_1/inst/m_axis_tdata[9]_INST_0/O
                         net (fo=5, routed)           0.731    12.422    mixer_ddc_i/system_ila_0/inst/ila_lib/inst/ila_core_inst/TRIGGER_I[9]
    SLICE_X53Y95         SRL16E                                       r  mixer_ddc_i/system_ila_0/inst/ila_lib/inst/ila_core_inst/shifted_data_in_reg[7][9]_srl8/D
  -------------------------------------------------------------------    -------------------

                         (clock clk_pl_0 rise edge)
                                                     10.312    10.312 r  
    PS8_X0Y0             PS8                          0.000    10.312 r  mixer_ddc_i/zynq_ultra_ps_e_0/inst/PS8_i/PLCLK[0]
                         net (fo=1, routed)           0.181    10.493    mixer_ddc_i/zynq_ultra_ps_e_0/inst/pl_clk_unbuffered[0]
    BUFG_PS_X0Y90        BUFG_PS (Prop_BUFG_PS_I_O)
                                                      0.035    10.528 r  mixer_ddc_i/zynq_ultra_ps_e_0/inst/buffer_pl_clk_0.PL_CLK_0_BUFG/O
    X1Y1 (CLOCK_ROOT)    net (fo=19809, routed)       2.890    13.418    mixer_ddc_i/system_ila_0/inst/ila_lib/inst/ila_core_inst/DESIGN_CLK_I
    SLICE_X53Y95         SRL16E                                       r  mixer_ddc_i/system_ila_0/inst/ila_lib/inst/ila_core_inst/shifted_data_in_reg[7][9]_srl8/CLK
                         clock pessimism              0.248    13.666    
                         clock uncertainty           -0.159    13.507    
    SLICE_X53Y95         SRL16E (Setup_B5LUT_SLICEM_CLK_D)
                                                     -0.115    13.392    mixer_ddc_i/system_ila_0/inst/ila_lib/inst/ila_core_inst/shifted_data_in_reg[7][9]_srl8
  -------------------------------------------------------------------
                         required time                         13.392    
                         arrival time                         -12.422    
  -------------------------------------------------------------------
                         slack                                  0.970    

Slack (MET) :             0.980ns  (required time - arrival time)
  Source:                 mixer_ddc_i/axis_mixer_down_0/inst/m_axis_tdata_reg[2]/C
                            (rising edge-triggered cell FDRE clocked by clk_pl_0  {rise@0.000ns fall@5.156ns period=10.312ns})
  Destination:            mixer_ddc_i/system_ila_0/inst/ila_lib/inst/ila_core_inst/shifted_data_in_reg[7][6]_srl8/D
                            (rising edge-triggered cell SRL16E clocked by clk_pl_0  {rise@0.000ns fall@5.156ns period=10.312ns})
  Path Group:             clk_pl_0
  Path Type:              Setup (Max at Slow Process Corner)
  Requirement:            10.312ns  (clk_pl_0 rise@10.312ns - clk_pl_0 rise@0.000ns)
  Data Path Delay:        8.938ns  (logic 3.030ns (33.901%)  route 5.908ns (66.099%))
  Logic Levels:           19  (CARRY8=7 LUT2=2 LUT3=4 LUT5=2 LUT6=4)
  Clock Path Skew:        -0.126ns (DCD - SCD + CPR)
    Destination Clock Delay (DCD):    3.106ns = ( 13.418 - 10.312 ) 
    Source Clock Delay      (SCD):    3.480ns
    Clock Pessimism Removal (CPR):    0.248ns
  Clock Uncertainty:      0.159ns  ((TSJ^2 + DJ^2)^1/2) / 2 + PE
    Total System Jitter     (TSJ):    0.071ns
    Discrete Jitter          (DJ):    0.310ns
    Phase Error              (PE):    0.000ns
  Clock Net Delay (Source):      3.213ns (routing 1.681ns, distribution 1.532ns)
  Clock Net Delay (Destination): 2.890ns (routing 1.538ns, distribution 1.352ns)

    Location             Delay type                Incr(ns)  Path(ns)    Netlist Resource(s)
  -------------------------------------------------------------------    -------------------
                         (clock clk_pl_0 rise edge)
                                                      0.000     0.000 r  
    PS8_X0Y0             PS8                          0.000     0.000 r  mixer_ddc_i/zynq_ultra_ps_e_0/inst/PS8_i/PLCLK[0]
                         net (fo=1, routed)           0.229     0.229    mixer_ddc_i/zynq_ultra_ps_e_0/inst/pl_clk_unbuffered[0]
    BUFG_PS_X0Y90        BUFG_PS (Prop_BUFG_PS_I_O)
                                                      0.038     0.267 r  mixer_ddc_i/zynq_ultra_ps_e_0/inst/buffer_pl_clk_0.PL_CLK_0_BUFG/O
    X1Y1 (CLOCK_ROOT)    net (fo=19809, routed)       3.213     3.480    mixer_ddc_i/axis_mixer_down_0/inst/aclk
    SLICE_X54Y72         FDRE                                         r  mixer_ddc_i/axis_mixer_down_0/inst/m_axis_tdata_reg[2]/C
  -------------------------------------------------------------------    -------------------
    SLICE_X54Y72         FDRE (Prop_AFF_SLICEM_C_Q)
                                                      0.113     3.593 f  mixer_ddc_i/axis_mixer_down_0/inst/m_axis_tdata_reg[2]/Q
                         net (fo=7, routed)           0.242     3.834    mixer_ddc_i/axis_halfband_fir_0/inst/s_axis_tdata[2]
    SLICE_X57Y73         LUT3 (Prop_D6LUT_SLICEL_I0_O)
                                                      0.185     4.019 r  mixer_ddc_i/axis_halfband_fir_0/inst/total_I__0_carry_i_5/O
                         net (fo=1, routed)           0.408     4.427    mixer_ddc_i/axis_halfband_fir_0/inst/total_I__0_carry_i_5_n_0
    SLICE_X56Y74         CARRY8 (Prop_CARRY8_SLICEL_DI[3]_O[5])
                                                      0.260     4.687 r  mixer_ddc_i/axis_halfband_fir_0/inst/total_I__0_carry/O[5]
                         net (fo=3, routed)           0.225     4.912    mixer_ddc_i/axis_halfband_fir_0/inst/total_I__0_carry_n_10
    SLICE_X55Y73         LUT3 (Prop_C6LUT_SLICEL_I1_O)
                                                      0.187     5.099 r  mixer_ddc_i/axis_halfband_fir_0/inst/total_I__107_carry_i_2/O
                         net (fo=1, routed)           0.219     5.318    mixer_ddc_i/axis_halfband_fir_0/inst/total_I__107_carry_i_2_n_0
    SLICE_X55Y74         CARRY8 (Prop_CARRY8_SLICEL_DI[6]_CO[7])
                                                      0.084     5.402 r  mixer_ddc_i/axis_halfband_fir_0/inst/total_I__107_carry/CO[7]
                         net (fo=1, routed)           0.030     5.432    mixer_ddc_i/axis_halfband_fir_0/inst/total_I__107_carry_n_0
    SLICE_X55Y75         CARRY8 (Prop_CARRY8_SLICEL_CI_CO[7])
                                                      0.065     5.497 r  mixer_ddc_i/axis_halfband_fir_0/inst/total_I__107_carry__0/CO[7]
                         net (fo=1, routed)           0.030     5.527    mixer_ddc_i/axis_halfband_fir_0/inst/total_I__107_carry__0_n_0
    SLICE_X55Y76         CARRY8 (Prop_CARRY8_SLICEL_CI_O[6])
                                                      0.157     5.684 f  mixer_ddc_i/axis_halfband_fir_0/inst/total_I__107_carry__1/O[6]
                         net (fo=2, routed)           0.271     5.955    mixer_ddc_i/axis_halfband_fir_0/inst/total_I__107_carry__1_n_9
    SLICE_X54Y77         LUT6 (Prop_F6LUT_SLICEM_I1_O)
                                                      0.224     6.179 f  mixer_ddc_i/axis_halfband_fir_0/inst/m_axis_tdata[14]_INST_0_i_3/O
                         net (fo=1, routed)           0.052     6.231    mixer_ddc_i/axis_halfband_fir_0/inst/m_axis_tdata[14]_INST_0_i_3_n_0
    SLICE_X54Y77         LUT6 (Prop_H6LUT_SLICEM_I2_O)
                                                      0.138     6.369 f  mixer_ddc_i/axis_halfband_fir_0/inst/m_axis_tdata[14]_INST_0_i_1/O
                         net (fo=15, routed)          0.352     6.721    mixer_ddc_i/axis_halfband_fir_0/inst/m_axis_tdata[14]_INST_0_i_1_n_0
    SLICE_X51Y78         LUT5 (Prop_H6LUT_SLICEL_I0_O)
                                                      0.188     6.909 f  mixer_ddc_i/axis_halfband_fir_0/inst/m_axis_tdata[13]_INST_0/O
                         net (fo=1, routed)           0.550     7.459    mixer_ddc_i/axis_decimate2_0/inst/s_axis_tdata[13]
    SLICE_X48Y79         LUT2 (Prop_D5LUT_SLICEL_I1_O)
                                                      0.088     7.547 f  mixer_ddc_i/axis_decimate2_0/inst/m_axis_tdata[13]_INST_0/O
                         net (fo=4, routed)           0.546     8.093    mixer_ddc_i/axis_halfband_fir_1/inst/s_axis_tdata[13]
    SLICE_X50Y82         LUT3 (Prop_C6LUT_SLICEL_I0_O)
                                                      0.056     8.149 r  mixer_ddc_i/axis_halfband_fir_1/inst/total_I__0_carry__0_i_2/O
                         net (fo=1, routed)           0.562     8.711    mixer_ddc_i/axis_halfband_fir_1/inst/total_I__0_carry__0_i_2_n_0
    SLICE_X48Y81         CARRY8 (Prop_CARRY8_SLICEL_DI[6]_CO[7])
                                                      0.084     8.795 r  mixer_ddc_i/axis_halfband_fir_1/inst/total_I__0_carry__0/CO[7]
                         net (fo=1, routed)           0.030     8.825    mixer_ddc_i/axis_halfband_fir_1/inst/total_I__0_carry__0_n_0
    SLICE_X48Y82         CARRY8 (Prop_CARRY8_SLICEL_CI_O[0])
                                                      0.078     8.903 r  mixer_ddc_i/axis_halfband_fir_1/inst/total_I__0_carry__1/O[0]
                         net (fo=3, routed)           0.168     9.071    mixer_ddc_i/axis_halfband_fir_1/inst/total_I__0_carry__1_n_15
    SLICE_X48Y84         LUT3 (Prop_B5LUT_SLICEL_I1_O)
                                                      0.196     9.267 r  mixer_ddc_i/axis_halfband_fir_1/inst/total_I__107_carry__1_i_7/O
                         net (fo=1, routed)           0.553     9.820    mixer_ddc_i/axis_halfband_fir_1/inst/total_I__107_carry__1_i_7_n_0
    SLICE_X49Y84         CARRY8 (Prop_CARRY8_SLICEL_DI[1]_O[5])
                                                      0.285    10.105 r  mixer_ddc_i/axis_halfband_fir_1/inst/total_I__107_carry__1/O[5]
                         net (fo=2, routed)           0.182    10.287    mixer_ddc_i/axis_halfband_fir_1/inst/total_I__107_carry__1_n_10
    SLICE_X49Y86         LUT6 (Prop_F6LUT_SLICEL_I4_O)
                                                      0.224    10.511 r  mixer_ddc_i/axis_halfband_fir_1/inst/m_axis_tdata[14]_INST_0_i_3/O
                         net (fo=1, routed)           0.055    10.566    mixer_ddc_i/axis_halfband_fir_1/inst/m_axis_tdata[14]_INST_0_i_3_n_0
    SLICE_X49Y86         LUT6 (Prop_H6LUT_SLICEL_I2_O)
                                                      0.188    10.754 r  mixer_ddc_i/axis_halfband_fir_1/inst/m_axis_tdata[14]_INST_0_i_1/O
                         net (fo=15, routed)          0.568    11.323    mixer_ddc_i/axis_halfband_fir_1/inst/m_axis_tdata[14]_INST_0_i_1_n_0
    SLICE_X47Y85         LUT5 (Prop_E6LUT_SLICEL_I0_O)
                                                      0.138    11.461 r  mixer_ddc_i/axis_halfband_fir_1/inst/m_axis_tdata[6]_INST_0/O
                         net (fo=1, routed)           0.052    11.513    mixer_ddc_i/axis_decimate2_1/inst/s_axis_tdata[6]
    SLICE_X47Y85         LUT2 (Prop_A5LUT_SLICEL_I1_O)
                                                      0.092    11.605 r  mixer_ddc_i/axis_decimate2_1/inst/m_axis_tdata[6]_INST_0/O
                         net (fo=5, routed)           0.813    12.417    mixer_ddc_i/system_ila_0/inst/ila_lib/inst/ila_core_inst/TRIGGER_I[6]
    SLICE_X53Y95         SRL16E                                       r  mixer_ddc_i/system_ila_0/inst/ila_lib/inst/ila_core_inst/shifted_data_in_reg[7][6]_srl8/D
  -------------------------------------------------------------------    -------------------

                         (clock clk_pl_0 rise edge)
                                                     10.312    10.312 r  
    PS8_X0Y0             PS8                          0.000    10.312 r  mixer_ddc_i/zynq_ultra_ps_e_0/inst/PS8_i/PLCLK[0]
                         net (fo=1, routed)           0.181    10.493    mixer_ddc_i/zynq_ultra_ps_e_0/inst/pl_clk_unbuffered[0]
    BUFG_PS_X0Y90        BUFG_PS (Prop_BUFG_PS_I_O)
                                                      0.035    10.528 r  mixer_ddc_i/zynq_ultra_ps_e_0/inst/buffer_pl_clk_0.PL_CLK_0_BUFG/O
    X1Y1 (CLOCK_ROOT)    net (fo=19809, routed)       2.890    13.418    mixer_ddc_i/system_ila_0/inst/ila_lib/inst/ila_core_inst/DESIGN_CLK_I
    SLICE_X53Y95         SRL16E                                       r  mixer_ddc_i/system_ila_0/inst/ila_lib/inst/ila_core_inst/shifted_data_in_reg[7][6]_srl8/CLK
                         clock pessimism              0.248    13.666    
                         clock uncertainty           -0.159    13.507    
    SLICE_X53Y95         SRL16E (Setup_G6LUT_SLICEM_CLK_D)
                                                     -0.110    13.397    mixer_ddc_i/system_ila_0/inst/ila_lib/inst/ila_core_inst/shifted_data_in_reg[7][6]_srl8
  -------------------------------------------------------------------
                         required time                         13.397    
                         arrival time                         -12.417    
  -------------------------------------------------------------------
                         slack                                  0.980    

Slack (MET) :             0.980ns  (required time - arrival time)
  Source:                 mixer_ddc_i/axis_mixer_down_0/inst/m_axis_tdata_reg[2]/C
                            (rising edge-triggered cell FDRE clocked by clk_pl_0  {rise@0.000ns fall@5.156ns period=10.312ns})
  Destination:            mixer_ddc_i/system_ila_0/inst/ila_lib/inst/ila_core_inst/shifted_data_in_reg[7][1]_srl8/D
                            (rising edge-triggered cell SRL16E clocked by clk_pl_0  {rise@0.000ns fall@5.156ns period=10.312ns})
  Path Group:             clk_pl_0
  Path Type:              Setup (Max at Slow Process Corner)
  Requirement:            10.312ns  (clk_pl_0 rise@10.312ns - clk_pl_0 rise@0.000ns)
  Data Path Delay:        8.946ns  (logic 3.124ns (34.921%)  route 5.822ns (65.079%))
  Logic Levels:           19  (CARRY8=7 LUT2=2 LUT3=4 LUT5=2 LUT6=4)
  Clock Path Skew:        -0.126ns (DCD - SCD + CPR)
    Destination Clock Delay (DCD):    3.106ns = ( 13.418 - 10.312 ) 
    Source Clock Delay      (SCD):    3.480ns
    Clock Pessimism Removal (CPR):    0.248ns
  Clock Uncertainty:      0.159ns  ((TSJ^2 + DJ^2)^1/2) / 2 + PE
    Total System Jitter     (TSJ):    0.071ns
    Discrete Jitter          (DJ):    0.310ns
    Phase Error              (PE):    0.000ns
  Clock Net Delay (Source):      3.213ns (routing 1.681ns, distribution 1.532ns)
  Clock Net Delay (Destination): 2.890ns (routing 1.538ns, distribution 1.352ns)

    Location             Delay type                Incr(ns)  Path(ns)    Netlist Resource(s)
  -------------------------------------------------------------------    -------------------
                         (clock clk_pl_0 rise edge)
                                                      0.000     0.000 r  
    PS8_X0Y0             PS8                          0.000     0.000 r  mixer_ddc_i/zynq_ultra_ps_e_0/inst/PS8_i/PLCLK[0]
                         net (fo=1, routed)           0.229     0.229    mixer_ddc_i/zynq_ultra_ps_e_0/inst/pl_clk_unbuffered[0]
    BUFG_PS_X0Y90        BUFG_PS (Prop_BUFG_PS_I_O)
                                                      0.038     0.267 r  mixer_ddc_i/zynq_ultra_ps_e_0/inst/buffer_pl_clk_0.PL_CLK_0_BUFG/O
    X1Y1 (CLOCK_ROOT)    net (fo=19809, routed)       3.213     3.480    mixer_ddc_i/axis_mixer_down_0/inst/aclk
    SLICE_X54Y72         FDRE                                         r  mixer_ddc_i/axis_mixer_down_0/inst/m_axis_tdata_reg[2]/C
  -------------------------------------------------------------------    -------------------
    SLICE_X54Y72         FDRE (Prop_AFF_SLICEM_C_Q)
                                                      0.113     3.593 f  mixer_ddc_i/axis_mixer_down_0/inst/m_axis_tdata_reg[2]/Q
                         net (fo=7, routed)           0.242     3.834    mixer_ddc_i/axis_halfband_fir_0/inst/s_axis_tdata[2]
    SLICE_X57Y73         LUT3 (Prop_D6LUT_SLICEL_I0_O)
                                                      0.185     4.019 r  mixer_ddc_i/axis_halfband_fir_0/inst/total_I__0_carry_i_5/O
                         net (fo=1, routed)           0.408     4.427    mixer_ddc_i/axis_halfband_fir_0/inst/total_I__0_carry_i_5_n_0
    SLICE_X56Y74         CARRY8 (Prop_CARRY8_SLICEL_DI[3]_O[5])
                                                      0.260     4.687 r  mixer_ddc_i/axis_halfband_fir_0/inst/total_I__0_carry/O[5]
                         net (fo=3, routed)           0.225     4.912    mixer_ddc_i/axis_halfband_fir_0/inst/total_I__0_carry_n_10
    SLICE_X55Y73         LUT3 (Prop_C6LUT_SLICEL_I1_O)
                                                      0.187     5.099 r  mixer_ddc_i/axis_halfband_fir_0/inst/total_I__107_carry_i_2/O
                         net (fo=1, routed)           0.219     5.318    mixer_ddc_i/axis_halfband_fir_0/inst/total_I__107_carry_i_2_n_0
    SLICE_X55Y74         CARRY8 (Prop_CARRY8_SLICEL_DI[6]_CO[7])
                                                      0.084     5.402 r  mixer_ddc_i/axis_halfband_fir_0/inst/total_I__107_carry/CO[7]
                         net (fo=1, routed)           0.030     5.432    mixer_ddc_i/axis_halfband_fir_0/inst/total_I__107_carry_n_0
    SLICE_X55Y75         CARRY8 (Prop_CARRY8_SLICEL_CI_CO[7])
                                                      0.065     5.497 r  mixer_ddc_i/axis_halfband_fir_0/inst/total_I__107_carry__0/CO[7]
                         net (fo=1, routed)           0.030     5.527    mixer_ddc_i/axis_halfband_fir_0/inst/total_I__107_carry__0_n_0
    SLICE_X55Y76         CARRY8 (Prop_CARRY8_SLICEL_CI_O[6])
                                                      0.157     5.684 f  mixer_ddc_i/axis_halfband_fir_0/inst/total_I__107_carry__1/O[6]
                         net (fo=2, routed)           0.271     5.955    mixer_ddc_i/axis_halfband_fir_0/inst/total_I__107_carry__1_n_9
    SLICE_X54Y77         LUT6 (Prop_F6LUT_SLICEM_I1_O)
                                                      0.224     6.179 f  mixer_ddc_i/axis_halfband_fir_0/inst/m_axis_tdata[14]_INST_0_i_3/O
                         net (fo=1, routed)           0.052     6.231    mixer_ddc_i/axis_halfband_fir_0/inst/m_axis_tdata[14]_INST_0_i_3_n_0
    SLICE_X54Y77         LUT6 (Prop_H6LUT_SLICEM_I2_O)
                                                      0.138     6.369 f  mixer_ddc_i/axis_halfband_fir_0/inst/m_axis_tdata[14]_INST_0_i_1/O
                         net (fo=15, routed)          0.352     6.721    mixer_ddc_i/axis_halfband_fir_0/inst/m_axis_tdata[14]_INST_0_i_1_n_0
    SLICE_X51Y78         LUT5 (Prop_H6LUT_SLICEL_I0_O)
                                                      0.188     6.909 f  mixer_ddc_i/axis_halfband_fir_0/inst/m_axis_tdata[13]_INST_0/O
                         net (fo=1, routed)           0.550     7.459    mixer_ddc_i/axis_decimate2_0/inst/s_axis_tdata[13]
    SLICE_X48Y79         LUT2 (Prop_D5LUT_SLICEL_I1_O)
                                                      0.088     7.547 f  mixer_ddc_i/axis_decimate2_0/inst/m_axis_tdata[13]_INST_0/O
                         net (fo=4, routed)           0.546     8.093    mixer_ddc_i/axis_halfband_fir_1/inst/s_axis_tdata[13]
    SLICE_X50Y82         LUT3 (Prop_C6LUT_SLICEL_I0_O)
                                                      0.056     8.149 r  mixer_ddc_i/axis_halfband_fir_1/inst/total_I__0_carry__0_i_2/O
                         net (fo=1, routed)           0.562     8.711    mixer_ddc_i/axis_halfband_fir_1/inst/total_I__0_carry__0_i_2_n_0
    SLICE_X48Y81         CARRY8 (Prop_CARRY8_SLICEL_DI[6]_CO[7])
                                                      0.084     8.795 r  mixer_ddc_i/axis_halfband_fir_1/inst/total_I__0_carry__0/CO[7]
                         net (fo=1, routed)           0.030     8.825    mixer_ddc_i/axis_halfband_fir_1/inst/total_I__0_carry__0_n_0
    SLICE_X48Y82         CARRY8 (Prop_CARRY8_SLICEL_CI_O[0])
                                                      0.078     8.903 r  mixer_ddc_i/axis_halfband_fir_1/inst/total_I__0_carry__1/O[0]
                         net (fo=3, routed)           0.168     9.071    mixer_ddc_i/axis_halfband_fir_1/inst/total_I__0_carry__1_n_15
    SLICE_X48Y84         LUT3 (Prop_B5LUT_SLICEL_I1_O)
                                                      0.196     9.267 r  mixer_ddc_i/axis_halfband_fir_1/inst/total_I__107_carry__1_i_7/O
                         net (fo=1, routed)           0.553     9.820    mixer_ddc_i/axis_halfband_fir_1/inst/total_I__107_carry__1_i_7_n_0
    SLICE_X49Y84         CARRY8 (Prop_CARRY8_SLICEL_DI[1]_O[5])
                                                      0.285    10.105 r  mixer_ddc_i/axis_halfband_fir_1/inst/total_I__107_carry__1/O[5]
                         net (fo=2, routed)           0.182    10.287    mixer_ddc_i/axis_halfband_fir_1/inst/total_I__107_carry__1_n_10
    SLICE_X49Y86         LUT6 (Prop_F6LUT_SLICEL_I4_O)
                                                      0.224    10.511 r  mixer_ddc_i/axis_halfband_fir_1/inst/m_axis_tdata[14]_INST_0_i_3/O
                         net (fo=1, routed)           0.055    10.566    mixer_ddc_i/axis_halfband_fir_1/inst/m_axis_tdata[14]_INST_0_i_3_n_0
    SLICE_X49Y86         LUT6 (Prop_H6LUT_SLICEL_I2_O)
                                                      0.188    10.754 r  mixer_ddc_i/axis_halfband_fir_1/inst/m_axis_tdata[14]_INST_0_i_1/O
                         net (fo=15, routed)          0.506    11.260    mixer_ddc_i/axis_halfband_fir_1/inst/m_axis_tdata[14]_INST_0_i_1_n_0
    SLICE_X48Y84         LUT5 (Prop_H6LUT_SLICEL_I0_O)
                                                      0.137    11.397 r  mixer_ddc_i/axis_halfband_fir_1/inst/m_axis_tdata[1]_INST_0/O
                         net (fo=1, routed)           0.057    11.454    mixer_ddc_i/axis_decimate2_1/inst/s_axis_tdata[1]
    SLICE_X48Y84         LUT2 (Prop_C6LUT_SLICEL_I1_O)
                                                      0.187    11.641 r  mixer_ddc_i/axis_decimate2_1/inst/m_axis_tdata[1]_INST_0/O
                         net (fo=5, routed)           0.785    12.425    mixer_ddc_i/system_ila_0/inst/ila_lib/inst/ila_core_inst/TRIGGER_I[1]
    SLICE_X53Y95         SRL16E                                       r  mixer_ddc_i/system_ila_0/inst/ila_lib/inst/ila_core_inst/shifted_data_in_reg[7][1]_srl8/D
  -------------------------------------------------------------------    -------------------

                         (clock clk_pl_0 rise edge)
                                                     10.312    10.312 r  
    PS8_X0Y0             PS8                          0.000    10.312 r  mixer_ddc_i/zynq_ultra_ps_e_0/inst/PS8_i/PLCLK[0]
                         net (fo=1, routed)           0.181    10.493    mixer_ddc_i/zynq_ultra_ps_e_0/inst/pl_clk_unbuffered[0]
    BUFG_PS_X0Y90        BUFG_PS (Prop_BUFG_PS_I_O)
                                                      0.035    10.528 r  mixer_ddc_i/zynq_ultra_ps_e_0/inst/buffer_pl_clk_0.PL_CLK_0_BUFG/O
    X1Y1 (CLOCK_ROOT)    net (fo=19809, routed)       2.890    13.418    mixer_ddc_i/system_ila_0/inst/ila_lib/inst/ila_core_inst/DESIGN_CLK_I
    SLICE_X53Y95         SRL16E                                       r  mixer_ddc_i/system_ila_0/inst/ila_lib/inst/ila_core_inst/shifted_data_in_reg[7][1]_srl8/CLK
                         clock pessimism              0.248    13.666    
                         clock uncertainty           -0.159    13.507    
    SLICE_X53Y95         SRL16E (Setup_B6LUT_SLICEM_CLK_D)
                                                     -0.102    13.405    mixer_ddc_i/system_ila_0/inst/ila_lib/inst/ila_core_inst/shifted_data_in_reg[7][1]_srl8
  -------------------------------------------------------------------
                         required time                         13.405    
                         arrival time                         -12.425    
  -------------------------------------------------------------------
                         slack                                  0.980    

Slack (MET) :             0.982ns  (required time - arrival time)
  Source:                 mixer_ddc_i/axis_mixer_down_0/inst/m_axis_tdata_reg[2]/C
                            (rising edge-triggered cell FDRE clocked by clk_pl_0  {rise@0.000ns fall@5.156ns period=10.312ns})
  Destination:            mixer_ddc_i/system_ila_0/inst/ila_lib/inst/ila_core_inst/shifted_data_in_reg[7][0]_srl8/D
                            (rising edge-triggered cell SRL16E clocked by clk_pl_0  {rise@0.000ns fall@5.156ns period=10.312ns})
  Path Group:             clk_pl_0
  Path Type:              Setup (Max at Slow Process Corner)
  Requirement:            10.312ns  (clk_pl_0 rise@10.312ns - clk_pl_0 rise@0.000ns)
  Data Path Delay:        8.944ns  (logic 3.019ns (33.754%)  route 5.925ns (66.246%))
  Logic Levels:           19  (CARRY8=7 LUT2=2 LUT3=4 LUT5=2 LUT6=4)
  Clock Path Skew:        -0.126ns (DCD - SCD + CPR)
    Destination Clock Delay (DCD):    3.106ns = ( 13.418 - 10.312 ) 
    Source Clock Delay      (SCD):    3.480ns
    Clock Pessimism Removal (CPR):    0.248ns
  Clock Uncertainty:      0.159ns  ((TSJ^2 + DJ^2)^1/2) / 2 + PE
    Total System Jitter     (TSJ):    0.071ns
    Discrete Jitter          (DJ):    0.310ns
    Phase Error              (PE):    0.000ns
  Clock Net Delay (Source):      3.213ns (routing 1.681ns, distribution 1.532ns)
  Clock Net Delay (Destination): 2.890ns (routing 1.538ns, distribution 1.352ns)

    Location             Delay type                Incr(ns)  Path(ns)    Netlist Resource(s)
  -------------------------------------------------------------------    -------------------
                         (clock clk_pl_0 rise edge)
                                                      0.000     0.000 r  
    PS8_X0Y0             PS8                          0.000     0.000 r  mixer_ddc_i/zynq_ultra_ps_e_0/inst/PS8_i/PLCLK[0]
                         net (fo=1, routed)           0.229     0.229    mixer_ddc_i/zynq_ultra_ps_e_0/inst/pl_clk_unbuffered[0]
    BUFG_PS_X0Y90        BUFG_PS (Prop_BUFG_PS_I_O)
                                                      0.038     0.267 r  mixer_ddc_i/zynq_ultra_ps_e_0/inst/buffer_pl_clk_0.PL_CLK_0_BUFG/O
    X1Y1 (CLOCK_ROOT)    net (fo=19809, routed)       3.213     3.480    mixer_ddc_i/axis_mixer_down_0/inst/aclk
    SLICE_X54Y72         FDRE                                         r  mixer_ddc_i/axis_mixer_down_0/inst/m_axis_tdata_reg[2]/C
  -------------------------------------------------------------------    -------------------
    SLICE_X54Y72         FDRE (Prop_AFF_SLICEM_C_Q)
                                                      0.113     3.593 f  mixer_ddc_i/axis_mixer_down_0/inst/m_axis_tdata_reg[2]/Q
                         net (fo=7, routed)           0.242     3.834    mixer_ddc_i/axis_halfband_fir_0/inst/s_axis_tdata[2]
    SLICE_X57Y73         LUT3 (Prop_D6LUT_SLICEL_I0_O)
                                                      0.185     4.019 r  mixer_ddc_i/axis_halfband_fir_0/inst/total_I__0_carry_i_5/O
                         net (fo=1, routed)           0.408     4.427    mixer_ddc_i/axis_halfband_fir_0/inst/total_I__0_carry_i_5_n_0
    SLICE_X56Y74         CARRY8 (Prop_CARRY8_SLICEL_DI[3]_O[5])
                                                      0.260     4.687 r  mixer_ddc_i/axis_halfband_fir_0/inst/total_I__0_carry/O[5]
                         net (fo=3, routed)           0.225     4.912    mixer_ddc_i/axis_halfband_fir_0/inst/total_I__0_carry_n_10
    SLICE_X55Y73         LUT3 (Prop_C6LUT_SLICEL_I1_O)
                                                      0.187     5.099 r  mixer_ddc_i/axis_halfband_fir_0/inst/total_I__107_carry_i_2/O
                         net (fo=1, routed)           0.219     5.318    mixer_ddc_i/axis_halfband_fir_0/inst/total_I__107_carry_i_2_n_0
    SLICE_X55Y74         CARRY8 (Prop_CARRY8_SLICEL_DI[6]_CO[7])
                                                      0.084     5.402 r  mixer_ddc_i/axis_halfband_fir_0/inst/total_I__107_carry/CO[7]
                         net (fo=1, routed)           0.030     5.432    mixer_ddc_i/axis_halfband_fir_0/inst/total_I__107_carry_n_0
    SLICE_X55Y75         CARRY8 (Prop_CARRY8_SLICEL_CI_CO[7])
                                                      0.065     5.497 r  mixer_ddc_i/axis_halfband_fir_0/inst/total_I__107_carry__0/CO[7]
                         net (fo=1, routed)           0.030     5.527    mixer_ddc_i/axis_halfband_fir_0/inst/total_I__107_carry__0_n_0
    SLICE_X55Y76         CARRY8 (Prop_CARRY8_SLICEL_CI_O[6])
                                                      0.157     5.684 f  mixer_ddc_i/axis_halfband_fir_0/inst/total_I__107_carry__1/O[6]
                         net (fo=2, routed)           0.271     5.955    mixer_ddc_i/axis_halfband_fir_0/inst/total_I__107_carry__1_n_9
    SLICE_X54Y77         LUT6 (Prop_F6LUT_SLICEM_I1_O)
                                                      0.224     6.179 f  mixer_ddc_i/axis_halfband_fir_0/inst/m_axis_tdata[14]_INST_0_i_3/O
                         net (fo=1, routed)           0.052     6.231    mixer_ddc_i/axis_halfband_fir_0/inst/m_axis_tdata[14]_INST_0_i_3_n_0
    SLICE_X54Y77         LUT6 (Prop_H6LUT_SLICEM_I2_O)
                                                      0.138     6.369 f  mixer_ddc_i/axis_halfband_fir_0/inst/m_axis_tdata[14]_INST_0_i_1/O
                         net (fo=15, routed)          0.352     6.721    mixer_ddc_i/axis_halfband_fir_0/inst/m_axis_tdata[14]_INST_0_i_1_n_0
    SLICE_X51Y78         LUT5 (Prop_H6LUT_SLICEL_I0_O)
                                                      0.188     6.909 f  mixer_ddc_i/axis_halfband_fir_0/inst/m_axis_tdata[13]_INST_0/O
                         net (fo=1, routed)           0.550     7.459    mixer_ddc_i/axis_decimate2_0/inst/s_axis_tdata[13]
    SLICE_X48Y79         LUT2 (Prop_D5LUT_SLICEL_I1_O)
                                                      0.088     7.547 f  mixer_ddc_i/axis_decimate2_0/inst/m_axis_tdata[13]_INST_0/O
                         net (fo=4, routed)           0.546     8.093    mixer_ddc_i/axis_halfband_fir_1/inst/s_axis_tdata[13]
    SLICE_X50Y82         LUT3 (Prop_C6LUT_SLICEL_I0_O)
                                                      0.056     8.149 r  mixer_ddc_i/axis_halfband_fir_1/inst/total_I__0_carry__0_i_2/O
                         net (fo=1, routed)           0.562     8.711    mixer_ddc_i/axis_halfband_fir_1/inst/total_I__0_carry__0_i_2_n_0
    SLICE_X48Y81         CARRY8 (Prop_CARRY8_SLICEL_DI[6]_CO[7])
                                                      0.084     8.795 r  mixer_ddc_i/axis_halfband_fir_1/inst/total_I__0_carry__0/CO[7]
                         net (fo=1, routed)           0.030     8.825    mixer_ddc_i/axis_halfband_fir_1/inst/total_I__0_carry__0_n_0
    SLICE_X48Y82         CARRY8 (Prop_CARRY8_SLICEL_CI_O[0])
                                                      0.078     8.903 r  mixer_ddc_i/axis_halfband_fir_1/inst/total_I__0_carry__1/O[0]
                         net (fo=3, routed)           0.168     9.071    mixer_ddc_i/axis_halfband_fir_1/inst/total_I__0_carry__1_n_15
    SLICE_X48Y84         LUT3 (Prop_B5LUT_SLICEL_I1_O)
                                                      0.196     9.267 r  mixer_ddc_i/axis_halfband_fir_1/inst/total_I__107_carry__1_i_7/O
                         net (fo=1, routed)           0.553     9.820    mixer_ddc_i/axis_halfband_fir_1/inst/total_I__107_carry__1_i_7_n_0
    SLICE_X49Y84         CARRY8 (Prop_CARRY8_SLICEL_DI[1]_O[5])
                                                      0.285    10.105 r  mixer_ddc_i/axis_halfband_fir_1/inst/total_I__107_carry__1/O[5]
                         net (fo=2, routed)           0.182    10.287    mixer_ddc_i/axis_halfband_fir_1/inst/total_I__107_carry__1_n_10
    SLICE_X49Y86         LUT6 (Prop_F6LUT_SLICEL_I4_O)
                                                      0.224    10.511 r  mixer_ddc_i/axis_halfband_fir_1/inst/m_axis_tdata[14]_INST_0_i_3/O
                         net (fo=1, routed)           0.055    10.566    mixer_ddc_i/axis_halfband_fir_1/inst/m_axis_tdata[14]_INST_0_i_3_n_0
    SLICE_X49Y86         LUT6 (Prop_H6LUT_SLICEL_I2_O)
                                                      0.188    10.754 r  mixer_ddc_i/axis_halfband_fir_1/inst/m_axis_tdata[14]_INST_0_i_1/O
                         net (fo=15, routed)          0.570    11.324    mixer_ddc_i/axis_halfband_fir_1/inst/m_axis_tdata[14]_INST_0_i_1_n_0
    SLICE_X46Y85         LUT5 (Prop_G6LUT_SLICEL_I0_O)
                                                      0.082    11.406 r  mixer_ddc_i/axis_halfband_fir_1/inst/m_axis_tdata[0]_INST_0/O
                         net (fo=1, routed)           0.157    11.563    mixer_ddc_i/axis_decimate2_1/inst/s_axis_tdata[0]
    SLICE_X45Y85         LUT2 (Prop_B6LUT_SLICEM_I1_O)
                                                      0.137    11.700 r  mixer_ddc_i/axis_decimate2_1/inst/m_axis_tdata[0]_INST_0/O
                         net (fo=5, routed)           0.724    12.424    mixer_ddc_i/system_ila_0/inst/ila_lib/inst/ila_core_inst/TRIGGER_I[0]
    SLICE_X53Y95         SRL16E                                       r  mixer_ddc_i/system_ila_0/inst/ila_lib/inst/ila_core_inst/shifted_data_in_reg[7][0]_srl8/D
  -------------------------------------------------------------------    -------------------

                         (clock clk_pl_0 rise edge)
                                                     10.312    10.312 r  
    PS8_X0Y0             PS8                          0.000    10.312 r  mixer_ddc_i/zynq_ultra_ps_e_0/inst/PS8_i/PLCLK[0]
                         net (fo=1, routed)           0.181    10.493    mixer_ddc_i/zynq_ultra_ps_e_0/inst/pl_clk_unbuffered[0]
    BUFG_PS_X0Y90        BUFG_PS (Prop_BUFG_PS_I_O)
                                                      0.035    10.528 r  mixer_ddc_i/zynq_ultra_ps_e_0/inst/buffer_pl_clk_0.PL_CLK_0_BUFG/O
    X1Y1 (CLOCK_ROOT)    net (fo=19809, routed)       2.890    13.418    mixer_ddc_i/system_ila_0/inst/ila_lib/inst/ila_core_inst/DESIGN_CLK_I
    SLICE_X53Y95         SRL16E                                       r  mixer_ddc_i/system_ila_0/inst/ila_lib/inst/ila_core_inst/shifted_data_in_reg[7][0]_srl8/CLK
                         clock pessimism              0.248    13.666    
                         clock uncertainty           -0.159    13.507    
    SLICE_X53Y95         SRL16E (Setup_A6LUT_SLICEM_CLK_D)
                                                     -0.101    13.406    mixer_ddc_i/system_ila_0/inst/ila_lib/inst/ila_core_inst/shifted_data_in_reg[7][0]_srl8
  -------------------------------------------------------------------
                         required time                         13.406    
                         arrival time                         -12.424    
  -------------------------------------------------------------------
                         slack                                  0.982    

Slack (MET) :             0.993ns  (required time - arrival time)
  Source:                 mixer_ddc_i/axis_mixer_down_0/inst/m_axis_tdata_reg[2]/C
                            (rising edge-triggered cell FDRE clocked by clk_pl_0  {rise@0.000ns fall@5.156ns period=10.312ns})
  Destination:            mixer_ddc_i/system_ila_0/inst/ila_lib/inst/ila_core_inst/shifted_data_in_reg[7][14]_srl8/D
                            (rising edge-triggered cell SRL16E clocked by clk_pl_0  {rise@0.000ns fall@5.156ns period=10.312ns})
  Path Group:             clk_pl_0
  Path Type:              Setup (Max at Slow Process Corner)
  Requirement:            10.312ns  (clk_pl_0 rise@10.312ns - clk_pl_0 rise@0.000ns)
  Data Path Delay:        8.912ns  (logic 2.946ns (33.057%)  route 5.966ns (66.943%))
  Logic Levels:           19  (CARRY8=7 LUT2=2 LUT3=4 LUT5=2 LUT6=4)
  Clock Path Skew:        -0.126ns (DCD - SCD + CPR)
    Destination Clock Delay (DCD):    3.106ns = ( 13.418 - 10.312 ) 
    Source Clock Delay      (SCD):    3.480ns
    Clock Pessimism Removal (CPR):    0.248ns
  Clock Uncertainty:      0.159ns  ((TSJ^2 + DJ^2)^1/2) / 2 + PE
    Total System Jitter     (TSJ):    0.071ns
    Discrete Jitter          (DJ):    0.310ns
    Phase Error              (PE):    0.000ns
  Clock Net Delay (Source):      3.213ns (routing 1.681ns, distribution 1.532ns)
  Clock Net Delay (Destination): 2.890ns (routing 1.538ns, distribution 1.352ns)

    Location             Delay type                Incr(ns)  Path(ns)    Netlist Resource(s)
  -------------------------------------------------------------------    -------------------
                         (clock clk_pl_0 rise edge)
                                                      0.000     0.000 r  
    PS8_X0Y0             PS8                          0.000     0.000 r  mixer_ddc_i/zynq_ultra_ps_e_0/inst/PS8_i/PLCLK[0]
                         net (fo=1, routed)           0.229     0.229    mixer_ddc_i/zynq_ultra_ps_e_0/inst/pl_clk_unbuffered[0]
    BUFG_PS_X0Y90        BUFG_PS (Prop_BUFG_PS_I_O)
                                                      0.038     0.267 r  mixer_ddc_i/zynq_ultra_ps_e_0/inst/buffer_pl_clk_0.PL_CLK_0_BUFG/O
    X1Y1 (CLOCK_ROOT)    net (fo=19809, routed)       3.213     3.480    mixer_ddc_i/axis_mixer_down_0/inst/aclk
    SLICE_X54Y72         FDRE                                         r  mixer_ddc_i/axis_mixer_down_0/inst/m_axis_tdata_reg[2]/C
  -------------------------------------------------------------------    -------------------
    SLICE_X54Y72         FDRE (Prop_AFF_SLICEM_C_Q)
                                                      0.113     3.593 f  mixer_ddc_i/axis_mixer_down_0/inst/m_axis_tdata_reg[2]/Q
                         net (fo=7, routed)           0.242     3.834    mixer_ddc_i/axis_halfband_fir_0/inst/s_axis_tdata[2]
    SLICE_X57Y73         LUT3 (Prop_D6LUT_SLICEL_I0_O)
                                                      0.185     4.019 r  mixer_ddc_i/axis_halfband_fir_0/inst/total_I__0_carry_i_5/O
                         net (fo=1, routed)           0.408     4.427    mixer_ddc_i/axis_halfband_fir_0/inst/total_I__0_carry_i_5_n_0
    SLICE_X56Y74         CARRY8 (Prop_CARRY8_SLICEL_DI[3]_O[5])
                                                      0.260     4.687 r  mixer_ddc_i/axis_halfband_fir_0/inst/total_I__0_carry/O[5]
                         net (fo=3, routed)           0.225     4.912    mixer_ddc_i/axis_halfband_fir_0/inst/total_I__0_carry_n_10
    SLICE_X55Y73         LUT3 (Prop_C6LUT_SLICEL_I1_O)
                                                      0.187     5.099 r  mixer_ddc_i/axis_halfband_fir_0/inst/total_I__107_carry_i_2/O
                         net (fo=1, routed)           0.219     5.318    mixer_ddc_i/axis_halfband_fir_0/inst/total_I__107_carry_i_2_n_0
    SLICE_X55Y74         CARRY8 (Prop_CARRY8_SLICEL_DI[6]_CO[7])
                                                      0.084     5.402 r  mixer_ddc_i/axis_halfband_fir_0/inst/total_I__107_carry/CO[7]
                         net (fo=1, routed)           0.030     5.432    mixer_ddc_i/axis_halfband_fir_0/inst/total_I__107_carry_n_0
    SLICE_X55Y75         CARRY8 (Prop_CARRY8_SLICEL_CI_CO[7])
                                                      0.065     5.497 r  mixer_ddc_i/axis_halfband_fir_0/inst/total_I__107_carry__0/CO[7]
                         net (fo=1, routed)           0.030     5.527    mixer_ddc_i/axis_halfband_fir_0/inst/total_I__107_carry__0_n_0
    SLICE_X55Y76         CARRY8 (Prop_CARRY8_SLICEL_CI_O[6])
                                                      0.157     5.684 f  mixer_ddc_i/axis_halfband_fir_0/inst/total_I__107_carry__1/O[6]
                         net (fo=2, routed)           0.271     5.955    mixer_ddc_i/axis_halfband_fir_0/inst/total_I__107_carry__1_n_9
    SLICE_X54Y77         LUT6 (Prop_F6LUT_SLICEM_I1_O)
                                                      0.224     6.179 f  mixer_ddc_i/axis_halfband_fir_0/inst/m_axis_tdata[14]_INST_0_i_3/O
                         net (fo=1, routed)           0.052     6.231    mixer_ddc_i/axis_halfband_fir_0/inst/m_axis_tdata[14]_INST_0_i_3_n_0
    SLICE_X54Y77         LUT6 (Prop_H6LUT_SLICEM_I2_O)
                                                      0.138     6.369 f  mixer_ddc_i/axis_halfband_fir_0/inst/m_axis_tdata[14]_INST_0_i_1/O
                         net (fo=15, routed)          0.352     6.721    mixer_ddc_i/axis_halfband_fir_0/inst/m_axis_tdata[14]_INST_0_i_1_n_0
    SLICE_X51Y78         LUT5 (Prop_H6LUT_SLICEL_I0_O)
                                                      0.188     6.909 f  mixer_ddc_i/axis_halfband_fir_0/inst/m_axis_tdata[13]_INST_0/O
                         net (fo=1, routed)           0.550     7.459    mixer_ddc_i/axis_decimate2_0/inst/s_axis_tdata[13]
    SLICE_X48Y79         LUT2 (Prop_D5LUT_SLICEL_I1_O)
                                                      0.088     7.547 f  mixer_ddc_i/axis_decimate2_0/inst/m_axis_tdata[13]_INST_0/O
                         net (fo=4, routed)           0.546     8.093    mixer_ddc_i/axis_halfband_fir_1/inst/s_axis_tdata[13]
    SLICE_X50Y82         LUT3 (Prop_C6LUT_SLICEL_I0_O)
                                                      0.056     8.149 r  mixer_ddc_i/axis_halfband_fir_1/inst/total_I__0_carry__0_i_2/O
                         net (fo=1, routed)           0.562     8.711    mixer_ddc_i/axis_halfband_fir_1/inst/total_I__0_carry__0_i_2_n_0
    SLICE_X48Y81         CARRY8 (Prop_CARRY8_SLICEL_DI[6]_CO[7])
                                                      0.084     8.795 r  mixer_ddc_i/axis_halfband_fir_1/inst/total_I__0_carry__0/CO[7]
                         net (fo=1, routed)           0.030     8.825    mixer_ddc_i/axis_halfband_fir_1/inst/total_I__0_carry__0_n_0
    SLICE_X48Y82         CARRY8 (Prop_CARRY8_SLICEL_CI_O[0])
                                                      0.078     8.903 r  mixer_ddc_i/axis_halfband_fir_1/inst/total_I__0_carry__1/O[0]
                         net (fo=3, routed)           0.168     9.071    mixer_ddc_i/axis_halfband_fir_1/inst/total_I__0_carry__1_n_15
    SLICE_X48Y84         LUT3 (Prop_B5LUT_SLICEL_I1_O)
                                                      0.196     9.267 r  mixer_ddc_i/axis_halfband_fir_1/inst/total_I__107_carry__1_i_7/O
                         net (fo=1, routed)           0.553     9.820    mixer_ddc_i/axis_halfband_fir_1/inst/total_I__107_carry__1_i_7_n_0
    SLICE_X49Y84         CARRY8 (Prop_CARRY8_SLICEL_DI[1]_O[5])
                                                      0.285    10.105 r  mixer_ddc_i/axis_halfband_fir_1/inst/total_I__107_carry__1/O[5]
                         net (fo=2, routed)           0.182    10.287    mixer_ddc_i/axis_halfband_fir_1/inst/total_I__107_carry__1_n_10
    SLICE_X49Y86         LUT6 (Prop_F6LUT_SLICEL_I4_O)
                                                      0.224    10.511 r  mixer_ddc_i/axis_halfband_fir_1/inst/m_axis_tdata[14]_INST_0_i_3/O
                         net (fo=1, routed)           0.055    10.566    mixer_ddc_i/axis_halfband_fir_1/inst/m_axis_tdata[14]_INST_0_i_3_n_0
    SLICE_X49Y86         LUT6 (Prop_H6LUT_SLICEL_I2_O)
                                                      0.188    10.754 r  mixer_ddc_i/axis_halfband_fir_1/inst/m_axis_tdata[14]_INST_0_i_1/O
                         net (fo=15, routed)          0.510    11.264    mixer_ddc_i/axis_halfband_fir_1/inst/m_axis_tdata[14]_INST_0_i_1_n_0
    SLICE_X47Y84         LUT5 (Prop_H6LUT_SLICEL_I0_O)
                                                      0.058    11.322 r  mixer_ddc_i/axis_halfband_fir_1/inst/m_axis_tdata[14]_INST_0/O
                         net (fo=1, routed)           0.158    11.480    mixer_ddc_i/axis_decimate2_1/inst/s_axis_tdata[14]
    SLICE_X47Y87         LUT2 (Prop_D5LUT_SLICEL_I1_O)
                                                      0.088    11.568 r  mixer_ddc_i/axis_decimate2_1/inst/m_axis_tdata[14]_INST_0/O
                         net (fo=5, routed)           0.824    12.391    mixer_ddc_i/system_ila_0/inst/ila_lib/inst/ila_core_inst/TRIGGER_I[14]
    SLICE_X53Y95         SRL16E                                       r  mixer_ddc_i/system_ila_0/inst/ila_lib/inst/ila_core_inst/shifted_data_in_reg[7][14]_srl8/D
  -------------------------------------------------------------------    -------------------

                         (clock clk_pl_0 rise edge)
                                                     10.312    10.312 r  
    PS8_X0Y0             PS8                          0.000    10.312 r  mixer_ddc_i/zynq_ultra_ps_e_0/inst/PS8_i/PLCLK[0]
                         net (fo=1, routed)           0.181    10.493    mixer_ddc_i/zynq_ultra_ps_e_0/inst/pl_clk_unbuffered[0]
    BUFG_PS_X0Y90        BUFG_PS (Prop_BUFG_PS_I_O)
                                                      0.035    10.528 r  mixer_ddc_i/zynq_ultra_ps_e_0/inst/buffer_pl_clk_0.PL_CLK_0_BUFG/O
    X1Y1 (CLOCK_ROOT)    net (fo=19809, routed)       2.890    13.418    mixer_ddc_i/system_ila_0/inst/ila_lib/inst/ila_core_inst/DESIGN_CLK_I
    SLICE_X53Y95         SRL16E                                       r  mixer_ddc_i/system_ila_0/inst/ila_lib/inst/ila_core_inst/shifted_data_in_reg[7][14]_srl8/CLK
                         clock pessimism              0.248    13.666    
                         clock uncertainty           -0.159    13.507    
    SLICE_X53Y95         SRL16E (Setup_G5LUT_SLICEM_CLK_D)
                                                     -0.123    13.384    mixer_ddc_i/system_ila_0/inst/ila_lib/inst/ila_core_inst/shifted_data_in_reg[7][14]_srl8
  -------------------------------------------------------------------
                         required time                         13.384    
                         arrival time                         -12.391    
  -------------------------------------------------------------------
                         slack                                  0.993    

Slack (MET) :             1.001ns  (required time - arrival time)
  Source:                 mixer_ddc_i/axis_mixer_down_0/inst/m_axis_tdata_reg[2]/C
                            (rising edge-triggered cell FDRE clocked by clk_pl_0  {rise@0.000ns fall@5.156ns period=10.312ns})
  Destination:            mixer_ddc_i/system_ila_0/inst/ila_lib/inst/ila_core_inst/shifted_data_in_reg[7][7]_srl8/D
                            (rising edge-triggered cell SRL16E clocked by clk_pl_0  {rise@0.000ns fall@5.156ns period=10.312ns})
  Path Group:             clk_pl_0
  Path Type:              Setup (Max at Slow Process Corner)
  Requirement:            10.312ns  (clk_pl_0 rise@10.312ns - clk_pl_0 rise@0.000ns)
  Data Path Delay:        8.910ns  (logic 3.067ns (34.424%)  route 5.843ns (65.576%))
  Logic Levels:           19  (CARRY8=7 LUT2=2 LUT3=4 LUT5=2 LUT6=4)
  Clock Path Skew:        -0.126ns (DCD - SCD + CPR)
    Destination Clock Delay (DCD):    3.106ns = ( 13.418 - 10.312 ) 
    Source Clock Delay      (SCD):    3.480ns
    Clock Pessimism Removal (CPR):    0.248ns
  Clock Uncertainty:      0.159ns  ((TSJ^2 + DJ^2)^1/2) / 2 + PE
    Total System Jitter     (TSJ):    0.071ns
    Discrete Jitter          (DJ):    0.310ns
    Phase Error              (PE):    0.000ns
  Clock Net Delay (Source):      3.213ns (routing 1.681ns, distribution 1.532ns)
  Clock Net Delay (Destination): 2.890ns (routing 1.538ns, distribution 1.352ns)

    Location             Delay type                Incr(ns)  Path(ns)    Netlist Resource(s)
  -------------------------------------------------------------------    -------------------
                         (clock clk_pl_0 rise edge)
                                                      0.000     0.000 r  
    PS8_X0Y0             PS8                          0.000     0.000 r  mixer_ddc_i/zynq_ultra_ps_e_0/inst/PS8_i/PLCLK[0]
                         net (fo=1, routed)           0.229     0.229    mixer_ddc_i/zynq_ultra_ps_e_0/inst/pl_clk_unbuffered[0]
    BUFG_PS_X0Y90        BUFG_PS (Prop_BUFG_PS_I_O)
                                                      0.038     0.267 r  mixer_ddc_i/zynq_ultra_ps_e_0/inst/buffer_pl_clk_0.PL_CLK_0_BUFG/O
    X1Y1 (CLOCK_ROOT)    net (fo=19809, routed)       3.213     3.480    mixer_ddc_i/axis_mixer_down_0/inst/aclk
    SLICE_X54Y72         FDRE                                         r  mixer_ddc_i/axis_mixer_down_0/inst/m_axis_tdata_reg[2]/C
  -------------------------------------------------------------------    -------------------
    SLICE_X54Y72         FDRE (Prop_AFF_SLICEM_C_Q)
                                                      0.113     3.593 f  mixer_ddc_i/axis_mixer_down_0/inst/m_axis_tdata_reg[2]/Q
                         net (fo=7, routed)           0.242     3.834    mixer_ddc_i/axis_halfband_fir_0/inst/s_axis_tdata[2]
    SLICE_X57Y73         LUT3 (Prop_D6LUT_SLICEL_I0_O)
                                                      0.185     4.019 r  mixer_ddc_i/axis_halfband_fir_0/inst/total_I__0_carry_i_5/O
                         net (fo=1, routed)           0.408     4.427    mixer_ddc_i/axis_halfband_fir_0/inst/total_I__0_carry_i_5_n_0
    SLICE_X56Y74         CARRY8 (Prop_CARRY8_SLICEL_DI[3]_O[5])
                                                      0.260     4.687 r  mixer_ddc_i/axis_halfband_fir_0/inst/total_I__0_carry/O[5]
                         net (fo=3, routed)           0.225     4.912    mixer_ddc_i/axis_halfband_fir_0/inst/total_I__0_carry_n_10
    SLICE_X55Y73         LUT3 (Prop_C6LUT_SLICEL_I1_O)
                                                      0.187     5.099 r  mixer_ddc_i/axis_halfband_fir_0/inst/total_I__107_carry_i_2/O
                         net (fo=1, routed)           0.219     5.318    mixer_ddc_i/axis_halfband_fir_0/inst/total_I__107_carry_i_2_n_0
    SLICE_X55Y74         CARRY8 (Prop_CARRY8_SLICEL_DI[6]_CO[7])
                                                      0.084     5.402 r  mixer_ddc_i/axis_halfband_fir_0/inst/total_I__107_carry/CO[7]
                         net (fo=1, routed)           0.030     5.432    mixer_ddc_i/axis_halfband_fir_0/inst/total_I__107_carry_n_0
    SLICE_X55Y75         CARRY8 (Prop_CARRY8_SLICEL_CI_CO[7])
                                                      0.065     5.497 r  mixer_ddc_i/axis_halfband_fir_0/inst/total_I__107_carry__0/CO[7]
                         net (fo=1, routed)           0.030     5.527    mixer_ddc_i/axis_halfband_fir_0/inst/total_I__107_carry__0_n_0
    SLICE_X55Y76         CARRY8 (Prop_CARRY8_SLICEL_CI_O[6])
                                                      0.157     5.684 f  mixer_ddc_i/axis_halfband_fir_0/inst/total_I__107_carry__1/O[6]
                         net (fo=2, routed)           0.271     5.955    mixer_ddc_i/axis_halfband_fir_0/inst/total_I__107_carry__1_n_9
    SLICE_X54Y77         LUT6 (Prop_F6LUT_SLICEM_I1_O)
                                                      0.224     6.179 f  mixer_ddc_i/axis_halfband_fir_0/inst/m_axis_tdata[14]_INST_0_i_3/O
                         net (fo=1, routed)           0.052     6.231    mixer_ddc_i/axis_halfband_fir_0/inst/m_axis_tdata[14]_INST_0_i_3_n_0
    SLICE_X54Y77         LUT6 (Prop_H6LUT_SLICEM_I2_O)
                                                      0.138     6.369 f  mixer_ddc_i/axis_halfband_fir_0/inst/m_axis_tdata[14]_INST_0_i_1/O
                         net (fo=15, routed)          0.352     6.721    mixer_ddc_i/axis_halfband_fir_0/inst/m_axis_tdata[14]_INST_0_i_1_n_0
    SLICE_X51Y78         LUT5 (Prop_H6LUT_SLICEL_I0_O)
                                                      0.188     6.909 f  mixer_ddc_i/axis_halfband_fir_0/inst/m_axis_tdata[13]_INST_0/O
                         net (fo=1, routed)           0.550     7.459    mixer_ddc_i/axis_decimate2_0/inst/s_axis_tdata[13]
    SLICE_X48Y79         LUT2 (Prop_D5LUT_SLICEL_I1_O)
                                                      0.088     7.547 f  mixer_ddc_i/axis_decimate2_0/inst/m_axis_tdata[13]_INST_0/O
                         net (fo=4, routed)           0.546     8.093    mixer_ddc_i/axis_halfband_fir_1/inst/s_axis_tdata[13]
    SLICE_X50Y82         LUT3 (Prop_C6LUT_SLICEL_I0_O)
                                                      0.056     8.149 r  mixer_ddc_i/axis_halfband_fir_1/inst/total_I__0_carry__0_i_2/O
                         net (fo=1, routed)           0.562     8.711    mixer_ddc_i/axis_halfband_fir_1/inst/total_I__0_carry__0_i_2_n_0
    SLICE_X48Y81         CARRY8 (Prop_CARRY8_SLICEL_DI[6]_CO[7])
                                                      0.084     8.795 r  mixer_ddc_i/axis_halfband_fir_1/inst/total_I__0_carry__0/CO[7]
                         net (fo=1, routed)           0.030     8.825    mixer_ddc_i/axis_halfband_fir_1/inst/total_I__0_carry__0_n_0
    SLICE_X48Y82         CARRY8 (Prop_CARRY8_SLICEL_CI_O[0])
                                                      0.078     8.903 r  mixer_ddc_i/axis_halfband_fir_1/inst/total_I__0_carry__1/O[0]
                         net (fo=3, routed)           0.168     9.071    mixer_ddc_i/axis_halfband_fir_1/inst/total_I__0_carry__1_n_15
    SLICE_X48Y84         LUT3 (Prop_B5LUT_SLICEL_I1_O)
                                                      0.196     9.267 r  mixer_ddc_i/axis_halfband_fir_1/inst/total_I__107_carry__1_i_7/O
                         net (fo=1, routed)           0.553     9.820    mixer_ddc_i/axis_halfband_fir_1/inst/total_I__107_carry__1_i_7_n_0
    SLICE_X49Y84         CARRY8 (Prop_CARRY8_SLICEL_DI[1]_O[5])
                                                      0.285    10.105 r  mixer_ddc_i/axis_halfband_fir_1/inst/total_I__107_carry__1/O[5]
                         net (fo=2, routed)           0.182    10.287    mixer_ddc_i/axis_halfband_fir_1/inst/total_I__107_carry__1_n_10
    SLICE_X49Y86         LUT6 (Prop_F6LUT_SLICEL_I4_O)
                                                      0.224    10.511 r  mixer_ddc_i/axis_halfband_fir_1/inst/m_axis_tdata[14]_INST_0_i_3/O
                         net (fo=1, routed)           0.055    10.566    mixer_ddc_i/axis_halfband_fir_1/inst/m_axis_tdata[14]_INST_0_i_3_n_0
    SLICE_X49Y86         LUT6 (Prop_H6LUT_SLICEL_I2_O)
                                                      0.188    10.754 r  mixer_ddc_i/axis_halfband_fir_1/inst/m_axis_tdata[14]_INST_0_i_1/O
                         net (fo=15, routed)          0.515    11.269    mixer_ddc_i/axis_halfband_fir_1/inst/m_axis_tdata[14]_INST_0_i_1_n_0
    SLICE_X47Y84         LUT5 (Prop_D6LUT_SLICEL_I0_O)
                                                      0.185    11.454 r  mixer_ddc_i/axis_halfband_fir_1/inst/m_axis_tdata[7]_INST_0/O
                         net (fo=1, routed)           0.101    11.555    mixer_ddc_i/axis_decimate2_1/inst/s_axis_tdata[7]
    SLICE_X47Y86         LUT2 (Prop_A6LUT_SLICEL_I1_O)
                                                      0.082    11.637 r  mixer_ddc_i/axis_decimate2_1/inst/m_axis_tdata[7]_INST_0/O
                         net (fo=5, routed)           0.752    12.389    mixer_ddc_i/system_ila_0/inst/ila_lib/inst/ila_core_inst/TRIGGER_I[7]
    SLICE_X53Y95         SRL16E                                       r  mixer_ddc_i/system_ila_0/inst/ila_lib/inst/ila_core_inst/shifted_data_in_reg[7][7]_srl8/D
  -------------------------------------------------------------------    -------------------

                         (clock clk_pl_0 rise edge)
                                                     10.312    10.312 r  
    PS8_X0Y0             PS8                          0.000    10.312 r  mixer_ddc_i/zynq_ultra_ps_e_0/inst/PS8_i/PLCLK[0]
                         net (fo=1, routed)           0.181    10.493    mixer_ddc_i/zynq_ultra_ps_e_0/inst/pl_clk_unbuffered[0]
    BUFG_PS_X0Y90        BUFG_PS (Prop_BUFG_PS_I_O)
                                                      0.035    10.528 r  mixer_ddc_i/zynq_ultra_ps_e_0/inst/buffer_pl_clk_0.PL_CLK_0_BUFG/O
    X1Y1 (CLOCK_ROOT)    net (fo=19809, routed)       2.890    13.418    mixer_ddc_i/system_ila_0/inst/ila_lib/inst/ila_core_inst/DESIGN_CLK_I
    SLICE_X53Y95         SRL16E                                       r  mixer_ddc_i/system_ila_0/inst/ila_lib/inst/ila_core_inst/shifted_data_in_reg[7][7]_srl8/CLK
                         clock pessimism              0.248    13.666    
                         clock uncertainty           -0.159    13.507    
    SLICE_X53Y95         SRL16E (Setup_H6LUT_SLICEM_CLK_D)
                                                     -0.117    13.390    mixer_ddc_i/system_ila_0/inst/ila_lib/inst/ila_core_inst/shifted_data_in_reg[7][7]_srl8
  -------------------------------------------------------------------
                         required time                         13.390    
                         arrival time                         -12.389    
  -------------------------------------------------------------------
                         slack                                  1.001    





Min Delay Paths
--------------------------------------------------------------------------------------
Slack (MET) :             0.010ns  (arrival time - required time)
  Source:                 mixer_ddc_i/system_ila_1/inst/ila_lib/inst/ila_core_inst/shifted_data_in_reg[8][11]/C
                            (rising edge-triggered cell FDRE clocked by clk_pl_0  {rise@0.000ns fall@5.156ns period=10.312ns})
  Destination:            mixer_ddc_i/system_ila_1/inst/ila_lib/inst/ila_core_inst/ila_trace_memory_inst/SUBCORE_RAM_BLK_MEM_1.trace_block_memory/inst_blk_mem_gen/gnbram.gnativebmg.native_blk_mem_gen/valid.cstr/ramloop[0].ram.r/prim_noinit.ram/DEVICE_8SERIES.NO_BMM_INFO.SDP.SIMPLE_PRIM18.ram/DINADIN[10]
                            (rising edge-triggered cell RAMB18E2 clocked by clk_pl_0  {rise@0.000ns fall@5.156ns period=10.312ns})
  Path Group:             clk_pl_0
  Path Type:              Hold (Min at Slow Process Corner)
  Requirement:            0.000ns  (clk_pl_0 rise@0.000ns - clk_pl_0 rise@0.000ns)
  Data Path Delay:        0.236ns  (logic 0.115ns (48.729%)  route 0.121ns (51.271%))
  Logic Levels:           0  
  Clock Path Skew:        0.274ns (DCD - SCD - CPR)
    Destination Clock Delay (DCD):    3.626ns
    Source Clock Delay      (SCD):    3.099ns
    Clock Pessimism Removal (CPR):    0.252ns
  Clock Net Delay (Source):      2.883ns (routing 1.538ns, distribution 1.345ns)
  Clock Net Delay (Destination): 3.359ns (routing 1.681ns, distribution 1.678ns)

    Location             Delay type                Incr(ns)  Path(ns)    Netlist Resource(s)
  -------------------------------------------------------------------    -------------------
                         (clock clk_pl_0 rise edge)
                                                      0.000     0.000 r  
    PS8_X0Y0             PS8                          0.000     0.000 r  mixer_ddc_i/zynq_ultra_ps_e_0/inst/PS8_i/PLCLK[0]
                         net (fo=1, routed)           0.181     0.181    mixer_ddc_i/zynq_ultra_ps_e_0/inst/pl_clk_unbuffered[0]
    BUFG_PS_X0Y90        BUFG_PS (Prop_BUFG_PS_I_O)
                                                      0.035     0.216 r  mixer_ddc_i/zynq_ultra_ps_e_0/inst/buffer_pl_clk_0.PL_CLK_0_BUFG/O
    X1Y1 (CLOCK_ROOT)    net (fo=19809, routed)       2.883     3.099    mixer_ddc_i/system_ila_1/inst/ila_lib/inst/ila_core_inst/DESIGN_CLK_I
    SLICE_X53Y75         FDRE                                         r  mixer_ddc_i/system_ila_1/inst/ila_lib/inst/ila_core_inst/shifted_data_in_reg[8][11]/C
  -------------------------------------------------------------------    -------------------
    SLICE_X53Y75         FDRE (Prop_DFF2_SLICEM_C_Q)
                                                      0.115     3.214 r  mixer_ddc_i/system_ila_1/inst/ila_lib/inst/ila_core_inst/shifted_data_in_reg[8][11]/Q
                         net (fo=1, routed)           0.121     3.335    mixer_ddc_i/system_ila_1/inst/ila_lib/inst/ila_core_inst/ila_trace_memory_inst/SUBCORE_RAM_BLK_MEM_1.trace_block_memory/inst_blk_mem_gen/gnbram.gnativebmg.native_blk_mem_gen/valid.cstr/ramloop[0].ram.r/prim_noinit.ram/dina[11]
    RAMB18_X2Y30         RAMB18E2                                     r  mixer_ddc_i/system_ila_1/inst/ila_lib/inst/ila_core_inst/ila_trace_memory_inst/SUBCORE_RAM_BLK_MEM_1.trace_block_memory/inst_blk_mem_gen/gnbram.gnativebmg.native_blk_mem_gen/valid.cstr/ramloop[0].ram.r/prim_noinit.ram/DEVICE_8SERIES.NO_BMM_INFO.SDP.SIMPLE_PRIM18.ram/DINADIN[10]
  -------------------------------------------------------------------    -------------------

                         (clock clk_pl_0 rise edge)
                                                      0.000     0.000 r  
    PS8_X0Y0             PS8                          0.000     0.000 r  mixer_ddc_i/zynq_ultra_ps_e_0/inst/PS8_i/PLCLK[0]
                         net (fo=1, routed)           0.229     0.229    mixer_ddc_i/zynq_ultra_ps_e_0/inst/pl_clk_unbuffered[0]
    BUFG_PS_X0Y90        BUFG_PS (Prop_BUFG_PS_I_O)
                                                      0.038     0.267 r  mixer_ddc_i/zynq_ultra_ps_e_0/inst/buffer_pl_clk_0.PL_CLK_0_BUFG/O
    X1Y1 (CLOCK_ROOT)    net (fo=19809, routed)       3.359     3.626    mixer_ddc_i/system_ila_1/inst/ila_lib/inst/ila_core_inst/ila_trace_memory_inst/SUBCORE_RAM_BLK_MEM_1.trace_block_memory/inst_blk_mem_gen/gnbram.gnativebmg.native_blk_mem_gen/valid.cstr/ramloop[0].ram.r/prim_noinit.ram/clka
    RAMB18_X2Y30         RAMB18E2                                     r  mixer_ddc_i/system_ila_1/inst/ila_lib/inst/ila_core_inst/ila_trace_memory_inst/SUBCORE_RAM_BLK_MEM_1.trace_block_memory/inst_blk_mem_gen/gnbram.gnativebmg.native_blk_mem_gen/valid.cstr/ramloop[0].ram.r/prim_noinit.ram/DEVICE_8SERIES.NO_BMM_INFO.SDP.SIMPLE_PRIM18.ram/CLKARDCLK
                         clock pessimism             -0.252     3.374    
    RAMB18_X2Y30         RAMB18E2 (Hold_RAMB18E2_L_RAMB180_CLKARDCLK_DINADIN[10])
                                                     -0.048     3.326    mixer_ddc_i/system_ila_1/inst/ila_lib/inst/ila_core_inst/ila_trace_memory_inst/SUBCORE_RAM_BLK_MEM_1.trace_block_memory/inst_blk_mem_gen/gnbram.gnativebmg.native_blk_mem_gen/valid.cstr/ramloop[0].ram.r/prim_noinit.ram/DEVICE_8SERIES.NO_BMM_INFO.SDP.SIMPLE_PRIM18.ram
  -------------------------------------------------------------------
                         required time                         -3.326    
                         arrival time                           3.335    
  -------------------------------------------------------------------
                         slack                                  0.010    

Slack (MET) :             0.010ns  (arrival time - required time)
  Source:                 mixer_ddc_i/system_ila_1/inst/ila_lib/inst/ila_core_inst/u_trig/U_TM/N_DDR_MODE.G_NMU[0].U_M/yes_output_reg.dout_reg_reg/C
                            (rising edge-triggered cell FDRE clocked by clk_pl_0  {rise@0.000ns fall@5.156ns period=10.312ns})
  Destination:            mixer_ddc_i/system_ila_1/inst/ila_lib/inst/ila_core_inst/u_trig/N_DDR_TC.N_DDR_TC_INST[0].U_TC/allx_typeA_match_detection.ltlib_v1_0_0_allx_typeA_inst/probeDelay1_reg[0]/D
                            (rising edge-triggered cell FDRE clocked by clk_pl_0  {rise@0.000ns fall@5.156ns period=10.312ns})
  Path Group:             clk_pl_0
  Path Type:              Hold (Min at Slow Process Corner)
  Requirement:            0.000ns  (clk_pl_0 rise@0.000ns - clk_pl_0 rise@0.000ns)
  Data Path Delay:        0.223ns  (logic 0.114ns (51.218%)  route 0.109ns (48.782%))
  Logic Levels:           0  
  Clock Path Skew:        0.111ns (DCD - SCD - CPR)
    Destination Clock Delay (DCD):    3.433ns
    Source Clock Delay      (SCD):    3.074ns
    Clock Pessimism Removal (CPR):    0.248ns
  Clock Net Delay (Source):      2.858ns (routing 1.538ns, distribution 1.320ns)
  Clock Net Delay (Destination): 3.166ns (routing 1.681ns, distribution 1.485ns)

    Location             Delay type                Incr(ns)  Path(ns)    Netlist Resource(s)
  -------------------------------------------------------------------    -------------------
                         (clock clk_pl_0 rise edge)
                                                      0.000     0.000 r  
    PS8_X0Y0             PS8                          0.000     0.000 r  mixer_ddc_i/zynq_ultra_ps_e_0/inst/PS8_i/PLCLK[0]
                         net (fo=1, routed)           0.181     0.181    mixer_ddc_i/zynq_ultra_ps_e_0/inst/pl_clk_unbuffered[0]
    BUFG_PS_X0Y90        BUFG_PS (Prop_BUFG_PS_I_O)
                                                      0.035     0.216 r  mixer_ddc_i/zynq_ultra_ps_e_0/inst/buffer_pl_clk_0.PL_CLK_0_BUFG/O
    X1Y1 (CLOCK_ROOT)    net (fo=19809, routed)       2.858     3.074    mixer_ddc_i/system_ila_1/inst/ila_lib/inst/ila_core_inst/u_trig/U_TM/N_DDR_MODE.G_NMU[0].U_M/CLK_I
    SLICE_X52Y87         FDRE                                         r  mixer_ddc_i/system_ila_1/inst/ila_lib/inst/ila_core_inst/u_trig/U_TM/N_DDR_MODE.G_NMU[0].U_M/yes_output_reg.dout_reg_reg/C
  -------------------------------------------------------------------    -------------------
    SLICE_X52Y87         FDRE (Prop_EFF2_SLICEL_C_Q)
                                                      0.114     3.188 r  mixer_ddc_i/system_ila_1/inst/ila_lib/inst/ila_core_inst/u_trig/U_TM/N_DDR_MODE.G_NMU[0].U_M/yes_output_reg.dout_reg_reg/Q
                         net (fo=3, routed)           0.109     3.297    mixer_ddc_i/system_ila_1/inst/ila_lib/inst/ila_core_inst/u_trig/N_DDR_TC.N_DDR_TC_INST[0].U_TC/allx_typeA_match_detection.ltlib_v1_0_0_allx_typeA_inst/PROBES_I[0]
    SLICE_X53Y87         FDRE                                         r  mixer_ddc_i/system_ila_1/inst/ila_lib/inst/ila_core_inst/u_trig/N_DDR_TC.N_DDR_TC_INST[0].U_TC/allx_typeA_match_detection.ltlib_v1_0_0_allx_typeA_inst/probeDelay1_reg[0]/D
  -------------------------------------------------------------------    -------------------

                         (clock clk_pl_0 rise edge)
                                                      0.000     0.000 r  
    PS8_X0Y0             PS8                          0.000     0.000 r  mixer_ddc_i/zynq_ultra_ps_e_0/inst/PS8_i/PLCLK[0]
                         net (fo=1, routed)           0.229     0.229    mixer_ddc_i/zynq_ultra_ps_e_0/inst/pl_clk_unbuffered[0]
    BUFG_PS_X0Y90        BUFG_PS (Prop_BUFG_PS_I_O)
                                                      0.038     0.267 r  mixer_ddc_i/zynq_ultra_ps_e_0/inst/buffer_pl_clk_0.PL_CLK_0_BUFG/O
    X1Y1 (CLOCK_ROOT)    net (fo=19809, routed)       3.166     3.433    mixer_ddc_i/system_ila_1/inst/ila_lib/inst/ila_core_inst/u_trig/N_DDR_TC.N_DDR_TC_INST[0].U_TC/allx_typeA_match_detection.ltlib_v1_0_0_allx_typeA_inst/CLK_I
    SLICE_X53Y87         FDRE                                         r  mixer_ddc_i/system_ila_1/inst/ila_lib/inst/ila_core_inst/u_trig/N_DDR_TC.N_DDR_TC_INST[0].U_TC/allx_typeA_match_detection.ltlib_v1_0_0_allx_typeA_inst/probeDelay1_reg[0]/C
                         clock pessimism             -0.248     3.185    
    SLICE_X53Y87         FDRE (Hold_BFF2_SLICEM_C_D)
                                                      0.102     3.287    mixer_ddc_i/system_ila_1/inst/ila_lib/inst/ila_core_inst/u_trig/N_DDR_TC.N_DDR_TC_INST[0].U_TC/allx_typeA_match_detection.ltlib_v1_0_0_allx_typeA_inst/probeDelay1_reg[0]
  -------------------------------------------------------------------
                         required time                         -3.287    
                         arrival time                           3.297    
  -------------------------------------------------------------------
                         slack                                  0.010    

Slack (MET) :             0.010ns  (arrival time - required time)
  Source:                 mixer_ddc_i/smartconnect_0/inst/s00_entry_pipeline/s00_mmu/inst/aw_reg_stall/m_vector_i_reg[1035]/C
                            (rising edge-triggered cell FDRE clocked by clk_pl_0  {rise@0.000ns fall@5.156ns period=10.312ns})
  Destination:            mixer_ddc_i/smartconnect_0/inst/s00_entry_pipeline/s00_mmu/inst/gen_endpoint.decerr_slave_inst/gen_axi.gen_write.s_axi_bid_i_reg[6]/D
                            (rising edge-triggered cell FDRE clocked by clk_pl_0  {rise@0.000ns fall@5.156ns period=10.312ns})
  Path Group:             clk_pl_0
  Path Type:              Hold (Min at Slow Process Corner)
  Requirement:            0.000ns  (clk_pl_0 rise@0.000ns - clk_pl_0 rise@0.000ns)
  Data Path Delay:        0.244ns  (logic 0.115ns (47.038%)  route 0.129ns (52.962%))
  Logic Levels:           0  
  Clock Path Skew:        0.133ns (DCD - SCD - CPR)
    Destination Clock Delay (DCD):    3.528ns
    Source Clock Delay      (SCD):    3.143ns
    Clock Pessimism Removal (CPR):    0.251ns
  Clock Net Delay (Source):      2.927ns (routing 1.538ns, distribution 1.389ns)
  Clock Net Delay (Destination): 3.261ns (routing 1.681ns, distribution 1.580ns)

    Location             Delay type                Incr(ns)  Path(ns)    Netlist Resource(s)
  -------------------------------------------------------------------    -------------------
                         (clock clk_pl_0 rise edge)
                                                      0.000     0.000 r  
    PS8_X0Y0             PS8                          0.000     0.000 r  mixer_ddc_i/zynq_ultra_ps_e_0/inst/PS8_i/PLCLK[0]
                         net (fo=1, routed)           0.181     0.181    mixer_ddc_i/zynq_ultra_ps_e_0/inst/pl_clk_unbuffered[0]
    BUFG_PS_X0Y90        BUFG_PS (Prop_BUFG_PS_I_O)
                                                      0.035     0.216 r  mixer_ddc_i/zynq_ultra_ps_e_0/inst/buffer_pl_clk_0.PL_CLK_0_BUFG/O
    X1Y1 (CLOCK_ROOT)    net (fo=19809, routed)       2.927     3.143    mixer_ddc_i/smartconnect_0/inst/s00_entry_pipeline/s00_mmu/inst/aw_reg_stall/aclk
    SLICE_X1Y88          FDRE                                         r  mixer_ddc_i/smartconnect_0/inst/s00_entry_pipeline/s00_mmu/inst/aw_reg_stall/m_vector_i_reg[1035]/C
  -------------------------------------------------------------------    -------------------
    SLICE_X1Y88          FDRE (Prop_DFF2_SLICEM_C_Q)
                                                      0.115     3.258 r  mixer_ddc_i/smartconnect_0/inst/s00_entry_pipeline/s00_mmu/inst/aw_reg_stall/m_vector_i_reg[1035]/Q
                         net (fo=6, routed)           0.129     3.388    mixer_ddc_i/smartconnect_0/inst/s00_entry_pipeline/s00_mmu/inst/gen_endpoint.decerr_slave_inst/m_axi_awid[6]
    SLICE_X2Y88          FDRE                                         r  mixer_ddc_i/smartconnect_0/inst/s00_entry_pipeline/s00_mmu/inst/gen_endpoint.decerr_slave_inst/gen_axi.gen_write.s_axi_bid_i_reg[6]/D
  -------------------------------------------------------------------    -------------------

                         (clock clk_pl_0 rise edge)
                                                      0.000     0.000 r  
    PS8_X0Y0             PS8                          0.000     0.000 r  mixer_ddc_i/zynq_ultra_ps_e_0/inst/PS8_i/PLCLK[0]
                         net (fo=1, routed)           0.229     0.229    mixer_ddc_i/zynq_ultra_ps_e_0/inst/pl_clk_unbuffered[0]
    BUFG_PS_X0Y90        BUFG_PS (Prop_BUFG_PS_I_O)
                                                      0.038     0.267 r  mixer_ddc_i/zynq_ultra_ps_e_0/inst/buffer_pl_clk_0.PL_CLK_0_BUFG/O
    X1Y1 (CLOCK_ROOT)    net (fo=19809, routed)       3.261     3.528    mixer_ddc_i/smartconnect_0/inst/s00_entry_pipeline/s00_mmu/inst/gen_endpoint.decerr_slave_inst/aclk
    SLICE_X2Y88          FDRE                                         r  mixer_ddc_i/smartconnect_0/inst/s00_entry_pipeline/s00_mmu/inst/gen_endpoint.decerr_slave_inst/gen_axi.gen_write.s_axi_bid_i_reg[6]/C
                         clock pessimism             -0.251     3.277    
    SLICE_X2Y88          FDRE (Hold_HFF_SLICEM_C_D)
                                                      0.101     3.378    mixer_ddc_i/smartconnect_0/inst/s00_entry_pipeline/s00_mmu/inst/gen_endpoint.decerr_slave_inst/gen_axi.gen_write.s_axi_bid_i_reg[6]
  -------------------------------------------------------------------
                         required time                         -3.378    
                         arrival time                           3.388    
  -------------------------------------------------------------------
                         slack                                  0.010    

Slack (MET) :             0.010ns  (arrival time - required time)
  Source:                 mixer_ddc_i/axi_dma_0/U0/I_AXI_DMA_REG_MODULE/GEN_MM2S_REGISTERS.I_MM2S_DMA_REGISTER/GEN_REG_FOR_SMPL.buffer_address_i_reg[10]/C
                            (rising edge-triggered cell FDRE clocked by clk_pl_0  {rise@0.000ns fall@5.156ns period=10.312ns})
  Destination:            mixer_ddc_i/axi_dma_0/U0/INCLUDE_MM2S_SOF_EOF_GENERATOR.I_MM2S_DMA_MNGR/GEN_MM2S_DMA_CONTROL.GEN_SIMPLE_DMA_MODE.I_MM2S_SMPL_SM/GEN_CMD_BTT_LESS_23.cmnd_data_reg[45]/D
                            (rising edge-triggered cell FDRE clocked by clk_pl_0  {rise@0.000ns fall@5.156ns period=10.312ns})
  Path Group:             clk_pl_0
  Path Type:              Hold (Min at Slow Process Corner)
  Requirement:            0.000ns  (clk_pl_0 rise@0.000ns - clk_pl_0 rise@0.000ns)
  Data Path Delay:        0.236ns  (logic 0.112ns (47.397%)  route 0.124ns (52.603%))
  Logic Levels:           0  
  Clock Path Skew:        0.124ns (DCD - SCD - CPR)
    Destination Clock Delay (DCD):    3.490ns
    Source Clock Delay      (SCD):    3.114ns
    Clock Pessimism Removal (CPR):    0.251ns
  Clock Net Delay (Source):      2.898ns (routing 1.538ns, distribution 1.360ns)
  Clock Net Delay (Destination): 3.223ns (routing 1.681ns, distribution 1.542ns)

    Location             Delay type                Incr(ns)  Path(ns)    Netlist Resource(s)
  -------------------------------------------------------------------    -------------------
                         (clock clk_pl_0 rise edge)
                                                      0.000     0.000 r  
    PS8_X0Y0             PS8                          0.000     0.000 r  mixer_ddc_i/zynq_ultra_ps_e_0/inst/PS8_i/PLCLK[0]
                         net (fo=1, routed)           0.181     0.181    mixer_ddc_i/zynq_ultra_ps_e_0/inst/pl_clk_unbuffered[0]
    BUFG_PS_X0Y90        BUFG_PS (Prop_BUFG_PS_I_O)
                                                      0.035     0.216 r  mixer_ddc_i/zynq_ultra_ps_e_0/inst/buffer_pl_clk_0.PL_CLK_0_BUFG/O
    X1Y1 (CLOCK_ROOT)    net (fo=19809, routed)       2.898     3.114    mixer_ddc_i/axi_dma_0/U0/I_AXI_DMA_REG_MODULE/GEN_MM2S_REGISTERS.I_MM2S_DMA_REGISTER/s_axi_lite_aclk
    SLICE_X20Y74         FDRE                                         r  mixer_ddc_i/axi_dma_0/U0/I_AXI_DMA_REG_MODULE/GEN_MM2S_REGISTERS.I_MM2S_DMA_REGISTER/GEN_REG_FOR_SMPL.buffer_address_i_reg[10]/C
  -------------------------------------------------------------------    -------------------
    SLICE_X20Y74         FDRE (Prop_HFF_SLICEM_C_Q)
                                                      0.112     3.226 r  mixer_ddc_i/axi_dma_0/U0/I_AXI_DMA_REG_MODULE/GEN_MM2S_REGISTERS.I_MM2S_DMA_REGISTER/GEN_REG_FOR_SMPL.buffer_address_i_reg[10]/Q
                         net (fo=2, routed)           0.124     3.351    mixer_ddc_i/axi_dma_0/U0/INCLUDE_MM2S_SOF_EOF_GENERATOR.I_MM2S_DMA_MNGR/GEN_MM2S_DMA_CONTROL.GEN_SIMPLE_DMA_MODE.I_MM2S_SMPL_SM/GEN_CMD_BTT_LESS_23.cmnd_data_reg[66]_0[10]
    SLICE_X21Y74         FDRE                                         r  mixer_ddc_i/axi_dma_0/U0/INCLUDE_MM2S_SOF_EOF_GENERATOR.I_MM2S_DMA_MNGR/GEN_MM2S_DMA_CONTROL.GEN_SIMPLE_DMA_MODE.I_MM2S_SMPL_SM/GEN_CMD_BTT_LESS_23.cmnd_data_reg[45]/D
  -------------------------------------------------------------------    -------------------

                         (clock clk_pl_0 rise edge)
                                                      0.000     0.000 r  
    PS8_X0Y0             PS8                          0.000     0.000 r  mixer_ddc_i/zynq_ultra_ps_e_0/inst/PS8_i/PLCLK[0]
                         net (fo=1, routed)           0.229     0.229    mixer_ddc_i/zynq_ultra_ps_e_0/inst/pl_clk_unbuffered[0]
    BUFG_PS_X0Y90        BUFG_PS (Prop_BUFG_PS_I_O)
                                                      0.038     0.267 r  mixer_ddc_i/zynq_ultra_ps_e_0/inst/buffer_pl_clk_0.PL_CLK_0_BUFG/O
    X1Y1 (CLOCK_ROOT)    net (fo=19809, routed)       3.223     3.490    mixer_ddc_i/axi_dma_0/U0/INCLUDE_MM2S_SOF_EOF_GENERATOR.I_MM2S_DMA_MNGR/GEN_MM2S_DMA_CONTROL.GEN_SIMPLE_DMA_MODE.I_MM2S_SMPL_SM/s_axi_lite_aclk
    SLICE_X21Y74         FDRE                                         r  mixer_ddc_i/axi_dma_0/U0/INCLUDE_MM2S_SOF_EOF_GENERATOR.I_MM2S_DMA_MNGR/GEN_MM2S_DMA_CONTROL.GEN_SIMPLE_DMA_MODE.I_MM2S_SMPL_SM/GEN_CMD_BTT_LESS_23.cmnd_data_reg[45]/C
                         clock pessimism             -0.251     3.238    
    SLICE_X21Y74         FDRE (Hold_EFF2_SLICEM_C_D)
                                                      0.102     3.340    mixer_ddc_i/axi_dma_0/U0/INCLUDE_MM2S_SOF_EOF_GENERATOR.I_MM2S_DMA_MNGR/GEN_MM2S_DMA_CONTROL.GEN_SIMPLE_DMA_MODE.I_MM2S_SMPL_SM/GEN_CMD_BTT_LESS_23.cmnd_data_reg[45]
  -------------------------------------------------------------------
                         required time                         -3.340    
                         arrival time                           3.351    
  -------------------------------------------------------------------
                         slack                                  0.010    

Slack (MET) :             0.010ns  (arrival time - required time)
  Source:                 mixer_ddc_i/smartconnect_0/inst/switchboards/w_switchboard/inst/gen_mi[0].inst_opipe_payld/gen_pipe[1].pipe_reg[1][71]/C
                            (rising edge-triggered cell FDRE clocked by clk_pl_0  {rise@0.000ns fall@5.156ns period=10.312ns})
  Destination:            mixer_ddc_i/smartconnect_0/inst/m00_nodes/m00_w_node/inst/inst_mi_handler/gen_normal_area.inst_fifo_node_payld/gen_xpm_memory_fifo.inst_fifo/gen_mem_rep[0].inst_xpm_memory/xpm_memory_base_inst/gen_wr_a.gen_word_narrow.mem_reg_0_31_70_83/RAMA_D1/I
                            (rising edge-triggered cell RAMD32 clocked by clk_pl_0  {rise@0.000ns fall@5.156ns period=10.312ns})
  Path Group:             clk_pl_0
  Path Type:              Hold (Min at Slow Process Corner)
  Requirement:            0.000ns  (clk_pl_0 rise@0.000ns - clk_pl_0 rise@0.000ns)
  Data Path Delay:        0.248ns  (logic 0.115ns (46.371%)  route 0.133ns (53.629%))
  Logic Levels:           0  
  Clock Path Skew:        0.159ns (DCD - SCD - CPR)
    Destination Clock Delay (DCD):    3.522ns
    Source Clock Delay      (SCD):    3.112ns
    Clock Pessimism Removal (CPR):    0.251ns
  Clock Net Delay (Source):      2.896ns (routing 1.538ns, distribution 1.358ns)
  Clock Net Delay (Destination): 3.255ns (routing 1.681ns, distribution 1.574ns)

    Location             Delay type                Incr(ns)  Path(ns)    Netlist Resource(s)
  -------------------------------------------------------------------    -------------------
                         (clock clk_pl_0 rise edge)
                                                      0.000     0.000 r  
    PS8_X0Y0             PS8                          0.000     0.000 r  mixer_ddc_i/zynq_ultra_ps_e_0/inst/PS8_i/PLCLK[0]
                         net (fo=1, routed)           0.181     0.181    mixer_ddc_i/zynq_ultra_ps_e_0/inst/pl_clk_unbuffered[0]
    BUFG_PS_X0Y90        BUFG_PS (Prop_BUFG_PS_I_O)
                                                      0.035     0.216 r  mixer_ddc_i/zynq_ultra_ps_e_0/inst/buffer_pl_clk_0.PL_CLK_0_BUFG/O
    X1Y1 (CLOCK_ROOT)    net (fo=19809, routed)       2.896     3.112    mixer_ddc_i/smartconnect_0/inst/switchboards/w_switchboard/inst/gen_mi[0].inst_opipe_payld/aclk
    SLICE_X16Y88         FDRE                                         r  mixer_ddc_i/smartconnect_0/inst/switchboards/w_switchboard/inst/gen_mi[0].inst_opipe_payld/gen_pipe[1].pipe_reg[1][71]/C
  -------------------------------------------------------------------    -------------------
    SLICE_X16Y88         FDRE (Prop_DFF2_SLICEL_C_Q)
                                                      0.115     3.227 r  mixer_ddc_i/smartconnect_0/inst/switchboards/w_switchboard/inst/gen_mi[0].inst_opipe_payld/gen_pipe[1].pipe_reg[1][71]/Q
                         net (fo=1, routed)           0.133     3.360    mixer_ddc_i/smartconnect_0/inst/m00_nodes/m00_w_node/inst/inst_mi_handler/gen_normal_area.inst_fifo_node_payld/gen_xpm_memory_fifo.inst_fifo/gen_mem_rep[0].inst_xpm_memory/xpm_memory_base_inst/gen_wr_a.gen_word_narrow.mem_reg_0_31_70_83/DIA1
    SLICE_X17Y87         RAMD32                                       r  mixer_ddc_i/smartconnect_0/inst/m00_nodes/m00_w_node/inst/inst_mi_handler/gen_normal_area.inst_fifo_node_payld/gen_xpm_memory_fifo.inst_fifo/gen_mem_rep[0].inst_xpm_memory/xpm_memory_base_inst/gen_wr_a.gen_word_narrow.mem_reg_0_31_70_83/RAMA_D1/I
  -------------------------------------------------------------------    -------------------

                         (clock clk_pl_0 rise edge)
                                                      0.000     0.000 r  
    PS8_X0Y0             PS8                          0.000     0.000 r  mixer_ddc_i/zynq_ultra_ps_e_0/inst/PS8_i/PLCLK[0]
                         net (fo=1, routed)           0.229     0.229    mixer_ddc_i/zynq_ultra_ps_e_0/inst/pl_clk_unbuffered[0]
    BUFG_PS_X0Y90        BUFG_PS (Prop_BUFG_PS_I_O)
                                                      0.038     0.267 r  mixer_ddc_i/zynq_ultra_ps_e_0/inst/buffer_pl_clk_0.PL_CLK_0_BUFG/O
    X1Y1 (CLOCK_ROOT)    net (fo=19809, routed)       3.255     3.522    mixer_ddc_i/smartconnect_0/inst/m00_nodes/m00_w_node/inst/inst_mi_handler/gen_normal_area.inst_fifo_node_payld/gen_xpm_memory_fifo.inst_fifo/gen_mem_rep[0].inst_xpm_memory/xpm_memory_base_inst/gen_wr_a.gen_word_narrow.mem_reg_0_31_70_83/WCLK
    SLICE_X17Y87         RAMD32                                       r  mixer_ddc_i/smartconnect_0/inst/m00_nodes/m00_w_node/inst/inst_mi_handler/gen_normal_area.inst_fifo_node_payld/gen_xpm_memory_fifo.inst_fifo/gen_mem_rep[0].inst_xpm_memory/xpm_memory_base_inst/gen_wr_a.gen_word_narrow.mem_reg_0_31_70_83/RAMA_D1/CLK
                         clock pessimism             -0.251     3.271    
    SLICE_X17Y87         RAMD32 (Hold_A6LUT_SLICEM_CLK_I)
                                                      0.079     3.350    mixer_ddc_i/smartconnect_0/inst/m00_nodes/m00_w_node/inst/inst_mi_handler/gen_normal_area.inst_fifo_node_payld/gen_xpm_memory_fifo.inst_fifo/gen_mem_rep[0].inst_xpm_memory/xpm_memory_base_inst/gen_wr_a.gen_word_narrow.mem_reg_0_31_70_83/RAMA_D1
  -------------------------------------------------------------------
                         required time                         -3.350    
                         arrival time                           3.360    
  -------------------------------------------------------------------
                         slack                                  0.010    

Slack (MET) :             0.010ns  (arrival time - required time)
  Source:                 mixer_ddc_i/smartconnect_0/inst/s00_entry_pipeline/s00_si_converter/inst/converter.wrap_narrow_inst/gen_thread_loop[0].r_payld_fifo/mesg_reg_reg[91]/C
                            (rising edge-triggered cell FDRE clocked by clk_pl_0  {rise@0.000ns fall@5.156ns period=10.312ns})
  Destination:            mixer_ddc_i/smartconnect_0/inst/s00_entry_pipeline/s00_si_converter/inst/converter.wrap_narrow_inst/gen_thread_loop[0].r_shelf_reg[0][91]/D
                            (rising edge-triggered cell FDRE clocked by clk_pl_0  {rise@0.000ns fall@5.156ns period=10.312ns})
  Path Group:             clk_pl_0
  Path Type:              Hold (Min at Slow Process Corner)
  Requirement:            0.000ns  (clk_pl_0 rise@0.000ns - clk_pl_0 rise@0.000ns)
  Data Path Delay:        0.245ns  (logic 0.113ns (46.101%)  route 0.132ns (53.899%))
  Logic Levels:           0  
  Clock Path Skew:        0.135ns (DCD - SCD - CPR)
    Destination Clock Delay (DCD):    3.531ns
    Source Clock Delay      (SCD):    3.145ns
    Clock Pessimism Removal (CPR):    0.251ns
  Clock Net Delay (Source):      2.929ns (routing 1.538ns, distribution 1.391ns)
  Clock Net Delay (Destination): 3.264ns (routing 1.681ns, distribution 1.583ns)

    Location             Delay type                Incr(ns)  Path(ns)    Netlist Resource(s)
  -------------------------------------------------------------------    -------------------
                         (clock clk_pl_0 rise edge)
                                                      0.000     0.000 r  
    PS8_X0Y0             PS8                          0.000     0.000 r  mixer_ddc_i/zynq_ultra_ps_e_0/inst/PS8_i/PLCLK[0]
                         net (fo=1, routed)           0.181     0.181    mixer_ddc_i/zynq_ultra_ps_e_0/inst/pl_clk_unbuffered[0]
    BUFG_PS_X0Y90        BUFG_PS (Prop_BUFG_PS_I_O)
                                                      0.035     0.216 r  mixer_ddc_i/zynq_ultra_ps_e_0/inst/buffer_pl_clk_0.PL_CLK_0_BUFG/O
    X1Y1 (CLOCK_ROOT)    net (fo=19809, routed)       2.929     3.145    mixer_ddc_i/smartconnect_0/inst/s00_entry_pipeline/s00_si_converter/inst/converter.wrap_narrow_inst/gen_thread_loop[0].r_payld_fifo/aclk
    SLICE_X10Y112        FDRE                                         r  mixer_ddc_i/smartconnect_0/inst/s00_entry_pipeline/s00_si_converter/inst/converter.wrap_narrow_inst/gen_thread_loop[0].r_payld_fifo/mesg_reg_reg[91]/C
  -------------------------------------------------------------------    -------------------
    SLICE_X10Y112        FDRE (Prop_HFF2_SLICEM_C_Q)
                                                      0.113     3.258 r  mixer_ddc_i/smartconnect_0/inst/s00_entry_pipeline/s00_si_converter/inst/converter.wrap_narrow_inst/gen_thread_loop[0].r_payld_fifo/mesg_reg_reg[91]/Q
                         net (fo=2, routed)           0.132     3.390    mixer_ddc_i/smartconnect_0/inst/s00_entry_pipeline/s00_si_converter/inst/converter.wrap_narrow_inst/r_payld_i[0]_3[91]
    SLICE_X8Y112         FDRE                                         r  mixer_ddc_i/smartconnect_0/inst/s00_entry_pipeline/s00_si_converter/inst/converter.wrap_narrow_inst/gen_thread_loop[0].r_shelf_reg[0][91]/D
  -------------------------------------------------------------------    -------------------

                         (clock clk_pl_0 rise edge)
                                                      0.000     0.000 r  
    PS8_X0Y0             PS8                          0.000     0.000 r  mixer_ddc_i/zynq_ultra_ps_e_0/inst/PS8_i/PLCLK[0]
                         net (fo=1, routed)           0.229     0.229    mixer_ddc_i/zynq_ultra_ps_e_0/inst/pl_clk_unbuffered[0]
    BUFG_PS_X0Y90        BUFG_PS (Prop_BUFG_PS_I_O)
                                                      0.038     0.267 r  mixer_ddc_i/zynq_ultra_ps_e_0/inst/buffer_pl_clk_0.PL_CLK_0_BUFG/O
    X1Y1 (CLOCK_ROOT)    net (fo=19809, routed)       3.264     3.531    mixer_ddc_i/smartconnect_0/inst/s00_entry_pipeline/s00_si_converter/inst/converter.wrap_narrow_inst/aclk
    SLICE_X8Y112         FDRE                                         r  mixer_ddc_i/smartconnect_0/inst/s00_entry_pipeline/s00_si_converter/inst/converter.wrap_narrow_inst/gen_thread_loop[0].r_shelf_reg[0][91]/C
                         clock pessimism             -0.251     3.280    
    SLICE_X8Y112         FDRE (Hold_GFF_SLICEM_C_D)
                                                      0.100     3.380    mixer_ddc_i/smartconnect_0/inst/s00_entry_pipeline/s00_si_converter/inst/converter.wrap_narrow_inst/gen_thread_loop[0].r_shelf_reg[0][91]
  -------------------------------------------------------------------
                         required time                         -3.380    
                         arrival time                           3.390    
  -------------------------------------------------------------------
                         slack                                  0.010    

Slack (MET) :             0.011ns  (arrival time - required time)
  Source:                 mixer_ddc_i/system_ila_1/inst/ila_lib/inst/ila_core_inst/u_trig/U_TM/N_DDR_MODE.G_NMU[0].U_M/allx_typeA_match_detection.ltlib_v1_0_0_allx_typeA_inst/probeDelay1_reg[12]/C
                            (rising edge-triggered cell FDRE clocked by clk_pl_0  {rise@0.000ns fall@5.156ns period=10.312ns})
  Destination:            mixer_ddc_i/system_ila_1/inst/ila_lib/inst/ila_core_inst/u_trig/U_TM/N_DDR_MODE.G_NMU[0].U_M/allx_typeA_match_detection.ltlib_v1_0_0_allx_typeA_inst/i_use_input_reg_eq1.probeDelay2_reg[12]/D
                            (rising edge-triggered cell FDRE clocked by clk_pl_0  {rise@0.000ns fall@5.156ns period=10.312ns})
  Path Group:             clk_pl_0
  Path Type:              Hold (Min at Slow Process Corner)
  Requirement:            0.000ns  (clk_pl_0 rise@0.000ns - clk_pl_0 rise@0.000ns)
  Data Path Delay:        0.222ns  (logic 0.112ns (50.382%)  route 0.110ns (49.618%))
  Logic Levels:           0  
  Clock Path Skew:        0.110ns (DCD - SCD - CPR)
    Destination Clock Delay (DCD):    3.442ns
    Source Clock Delay      (SCD):    3.084ns
    Clock Pessimism Removal (CPR):    0.248ns
  Clock Net Delay (Source):      2.868ns (routing 1.538ns, distribution 1.330ns)
  Clock Net Delay (Destination): 3.175ns (routing 1.681ns, distribution 1.494ns)

    Location             Delay type                Incr(ns)  Path(ns)    Netlist Resource(s)
  -------------------------------------------------------------------    -------------------
                         (clock clk_pl_0 rise edge)
                                                      0.000     0.000 r  
    PS8_X0Y0             PS8                          0.000     0.000 r  mixer_ddc_i/zynq_ultra_ps_e_0/inst/PS8_i/PLCLK[0]
                         net (fo=1, routed)           0.181     0.181    mixer_ddc_i/zynq_ultra_ps_e_0/inst/pl_clk_unbuffered[0]
    BUFG_PS_X0Y90        BUFG_PS (Prop_BUFG_PS_I_O)
                                                      0.035     0.216 r  mixer_ddc_i/zynq_ultra_ps_e_0/inst/buffer_pl_clk_0.PL_CLK_0_BUFG/O
    X1Y1 (CLOCK_ROOT)    net (fo=19809, routed)       2.868     3.084    mixer_ddc_i/system_ila_1/inst/ila_lib/inst/ila_core_inst/u_trig/U_TM/N_DDR_MODE.G_NMU[0].U_M/allx_typeA_match_detection.ltlib_v1_0_0_allx_typeA_inst/CLK_I
    SLICE_X52Y78         FDRE                                         r  mixer_ddc_i/system_ila_1/inst/ila_lib/inst/ila_core_inst/u_trig/U_TM/N_DDR_MODE.G_NMU[0].U_M/allx_typeA_match_detection.ltlib_v1_0_0_allx_typeA_inst/probeDelay1_reg[12]/C
  -------------------------------------------------------------------    -------------------
    SLICE_X52Y78         FDRE (Prop_HFF_SLICEL_C_Q)
                                                      0.112     3.196 r  mixer_ddc_i/system_ila_1/inst/ila_lib/inst/ila_core_inst/u_trig/U_TM/N_DDR_MODE.G_NMU[0].U_M/allx_typeA_match_detection.ltlib_v1_0_0_allx_typeA_inst/probeDelay1_reg[12]/Q
                         net (fo=3, routed)           0.110     3.307    mixer_ddc_i/system_ila_1/inst/ila_lib/inst/ila_core_inst/u_trig/U_TM/N_DDR_MODE.G_NMU[0].U_M/allx_typeA_match_detection.ltlib_v1_0_0_allx_typeA_inst/all_in[24]
    SLICE_X53Y78         FDRE                                         r  mixer_ddc_i/system_ila_1/inst/ila_lib/inst/ila_core_inst/u_trig/U_TM/N_DDR_MODE.G_NMU[0].U_M/allx_typeA_match_detection.ltlib_v1_0_0_allx_typeA_inst/i_use_input_reg_eq1.probeDelay2_reg[12]/D
  -------------------------------------------------------------------    -------------------

                         (clock clk_pl_0 rise edge)
                                                      0.000     0.000 r  
    PS8_X0Y0             PS8                          0.000     0.000 r  mixer_ddc_i/zynq_ultra_ps_e_0/inst/PS8_i/PLCLK[0]
                         net (fo=1, routed)           0.229     0.229    mixer_ddc_i/zynq_ultra_ps_e_0/inst/pl_clk_unbuffered[0]
    BUFG_PS_X0Y90        BUFG_PS (Prop_BUFG_PS_I_O)
                                                      0.038     0.267 r  mixer_ddc_i/zynq_ultra_ps_e_0/inst/buffer_pl_clk_0.PL_CLK_0_BUFG/O
    X1Y1 (CLOCK_ROOT)    net (fo=19809, routed)       3.175     3.442    mixer_ddc_i/system_ila_1/inst/ila_lib/inst/ila_core_inst/u_trig/U_TM/N_DDR_MODE.G_NMU[0].U_M/allx_typeA_match_detection.ltlib_v1_0_0_allx_typeA_inst/CLK_I
    SLICE_X53Y78         FDRE                                         r  mixer_ddc_i/system_ila_1/inst/ila_lib/inst/ila_core_inst/u_trig/U_TM/N_DDR_MODE.G_NMU[0].U_M/allx_typeA_match_detection.ltlib_v1_0_0_allx_typeA_inst/i_use_input_reg_eq1.probeDelay2_reg[12]/C
                         clock pessimism             -0.248     3.194    
    SLICE_X53Y78         FDRE (Hold_EFF2_SLICEM_C_D)
                                                      0.102     3.296    mixer_ddc_i/system_ila_1/inst/ila_lib/inst/ila_core_inst/u_trig/U_TM/N_DDR_MODE.G_NMU[0].U_M/allx_typeA_match_detection.ltlib_v1_0_0_allx_typeA_inst/i_use_input_reg_eq1.probeDelay2_reg[12]
  -------------------------------------------------------------------
                         required time                         -3.296    
                         arrival time                           3.307    
  -------------------------------------------------------------------
                         slack                                  0.011    

Slack (MET) :             0.011ns  (arrival time - required time)
  Source:                 mixer_ddc_i/smartconnect_0/inst/s00_entry_pipeline/s00_si_converter/inst/converter.wrap_narrow_inst/gen_thread_loop[1].r_payld_fifo/mesg_reg_reg[47]/C
                            (rising edge-triggered cell FDRE clocked by clk_pl_0  {rise@0.000ns fall@5.156ns period=10.312ns})
  Destination:            mixer_ddc_i/smartconnect_0/inst/s00_entry_pipeline/s00_si_converter/inst/converter.wrap_narrow_inst/gen_thread_loop[1].r_shelf_reg[1][47]/D
                            (rising edge-triggered cell FDRE clocked by clk_pl_0  {rise@0.000ns fall@5.156ns period=10.312ns})
  Path Group:             clk_pl_0
  Path Type:              Hold (Min at Slow Process Corner)
  Requirement:            0.000ns  (clk_pl_0 rise@0.000ns - clk_pl_0 rise@0.000ns)
  Data Path Delay:        0.238ns  (logic 0.113ns (47.479%)  route 0.125ns (52.521%))
  Logic Levels:           0  
  Clock Path Skew:        0.126ns (DCD - SCD - CPR)
    Destination Clock Delay (DCD):    3.505ns
    Source Clock Delay      (SCD):    3.127ns
    Clock Pessimism Removal (CPR):    0.251ns
  Clock Net Delay (Source):      2.911ns (routing 1.538ns, distribution 1.373ns)
  Clock Net Delay (Destination): 3.238ns (routing 1.681ns, distribution 1.557ns)

    Location             Delay type                Incr(ns)  Path(ns)    Netlist Resource(s)
  -------------------------------------------------------------------    -------------------
                         (clock clk_pl_0 rise edge)
                                                      0.000     0.000 r  
    PS8_X0Y0             PS8                          0.000     0.000 r  mixer_ddc_i/zynq_ultra_ps_e_0/inst/PS8_i/PLCLK[0]
                         net (fo=1, routed)           0.181     0.181    mixer_ddc_i/zynq_ultra_ps_e_0/inst/pl_clk_unbuffered[0]
    BUFG_PS_X0Y90        BUFG_PS (Prop_BUFG_PS_I_O)
                                                      0.035     0.216 r  mixer_ddc_i/zynq_ultra_ps_e_0/inst/buffer_pl_clk_0.PL_CLK_0_BUFG/O
    X1Y1 (CLOCK_ROOT)    net (fo=19809, routed)       2.911     3.127    mixer_ddc_i/smartconnect_0/inst/s00_entry_pipeline/s00_si_converter/inst/converter.wrap_narrow_inst/gen_thread_loop[1].r_payld_fifo/aclk
    SLICE_X12Y106        FDRE                                         r  mixer_ddc_i/smartconnect_0/inst/s00_entry_pipeline/s00_si_converter/inst/converter.wrap_narrow_inst/gen_thread_loop[1].r_payld_fifo/mesg_reg_reg[47]/C
  -------------------------------------------------------------------    -------------------
    SLICE_X12Y106        FDRE (Prop_HFF2_SLICEM_C_Q)
                                                      0.113     3.240 r  mixer_ddc_i/smartconnect_0/inst/s00_entry_pipeline/s00_si_converter/inst/converter.wrap_narrow_inst/gen_thread_loop[1].r_payld_fifo/mesg_reg_reg[47]/Q
                         net (fo=2, routed)           0.125     3.365    mixer_ddc_i/smartconnect_0/inst/s00_entry_pipeline/s00_si_converter/inst/converter.wrap_narrow_inst/r_payld_i[1]_5[47]
    SLICE_X13Y106        FDRE                                         r  mixer_ddc_i/smartconnect_0/inst/s00_entry_pipeline/s00_si_converter/inst/converter.wrap_narrow_inst/gen_thread_loop[1].r_shelf_reg[1][47]/D
  -------------------------------------------------------------------    -------------------

                         (clock clk_pl_0 rise edge)
                                                      0.000     0.000 r  
    PS8_X0Y0             PS8                          0.000     0.000 r  mixer_ddc_i/zynq_ultra_ps_e_0/inst/PS8_i/PLCLK[0]
                         net (fo=1, routed)           0.229     0.229    mixer_ddc_i/zynq_ultra_ps_e_0/inst/pl_clk_unbuffered[0]
    BUFG_PS_X0Y90        BUFG_PS (Prop_BUFG_PS_I_O)
                                                      0.038     0.267 r  mixer_ddc_i/zynq_ultra_ps_e_0/inst/buffer_pl_clk_0.PL_CLK_0_BUFG/O
    X1Y1 (CLOCK_ROOT)    net (fo=19809, routed)       3.238     3.505    mixer_ddc_i/smartconnect_0/inst/s00_entry_pipeline/s00_si_converter/inst/converter.wrap_narrow_inst/aclk
    SLICE_X13Y106        FDRE                                         r  mixer_ddc_i/smartconnect_0/inst/s00_entry_pipeline/s00_si_converter/inst/converter.wrap_narrow_inst/gen_thread_loop[1].r_shelf_reg[1][47]/C
                         clock pessimism             -0.251     3.253    
    SLICE_X13Y106        FDRE (Hold_HFF_SLICEM_C_D)
                                                      0.101     3.354    mixer_ddc_i/smartconnect_0/inst/s00_entry_pipeline/s00_si_converter/inst/converter.wrap_narrow_inst/gen_thread_loop[1].r_shelf_reg[1][47]
  -------------------------------------------------------------------
                         required time                         -3.354    
                         arrival time                           3.365    
  -------------------------------------------------------------------
                         slack                                  0.011    

Slack (MET) :             0.011ns  (arrival time - required time)
  Source:                 mixer_ddc_i/axis_mixer_down_0/inst/if_signal_reg[31]/C
                            (rising edge-triggered cell FDRE clocked by clk_pl_0  {rise@0.000ns fall@5.156ns period=10.312ns})
  Destination:            mixer_ddc_i/axis_mixer_down_0/inst/mixer_cmpy_0/U0/i_synth/i_synth/three_mult_structure.use_dsp.i_dsp48/dsp_preadder_1.reg_mult1_preadd_d/dN.std_srl.shift_reg_reg[0][26]/D
                            (rising edge-triggered cell FDRE clocked by clk_pl_0  {rise@0.000ns fall@5.156ns period=10.312ns})
  Path Group:             clk_pl_0
  Path Type:              Hold (Min at Slow Process Corner)
  Requirement:            0.000ns  (clk_pl_0 rise@0.000ns - clk_pl_0 rise@0.000ns)
  Data Path Delay:        0.237ns  (logic 0.115ns (48.523%)  route 0.122ns (51.477%))
  Logic Levels:           0  
  Clock Path Skew:        0.124ns (DCD - SCD - CPR)
    Destination Clock Delay (DCD):    3.464ns
    Source Clock Delay      (SCD):    3.092ns
    Clock Pessimism Removal (CPR):    0.248ns
  Clock Net Delay (Source):      2.876ns (routing 1.538ns, distribution 1.338ns)
  Clock Net Delay (Destination): 3.197ns (routing 1.681ns, distribution 1.516ns)

    Location             Delay type                Incr(ns)  Path(ns)    Netlist Resource(s)
  -------------------------------------------------------------------    -------------------
                         (clock clk_pl_0 rise edge)
                                                      0.000     0.000 r  
    PS8_X0Y0             PS8                          0.000     0.000 r  mixer_ddc_i/zynq_ultra_ps_e_0/inst/PS8_i/PLCLK[0]
                         net (fo=1, routed)           0.181     0.181    mixer_ddc_i/zynq_ultra_ps_e_0/inst/pl_clk_unbuffered[0]
    BUFG_PS_X0Y90        BUFG_PS (Prop_BUFG_PS_I_O)
                                                      0.035     0.216 r  mixer_ddc_i/zynq_ultra_ps_e_0/inst/buffer_pl_clk_0.PL_CLK_0_BUFG/O
    X1Y1 (CLOCK_ROOT)    net (fo=19809, routed)       2.876     3.092    mixer_ddc_i/axis_mixer_down_0/inst/aclk
    SLICE_X54Y70         FDRE                                         r  mixer_ddc_i/axis_mixer_down_0/inst/if_signal_reg[31]/C
  -------------------------------------------------------------------    -------------------
    SLICE_X54Y70         FDRE (Prop_FFF2_SLICEM_C_Q)
                                                      0.115     3.207 r  mixer_ddc_i/axis_mixer_down_0/inst/if_signal_reg[31]/Q
                         net (fo=1, routed)           0.122     3.329    mixer_ddc_i/axis_mixer_down_0/inst/mixer_cmpy_0/U0/i_synth/i_synth/three_mult_structure.use_dsp.i_dsp48/dsp_preadder_1.reg_mult1_preadd_d/s_axis_a_tdata[15]
    SLICE_X53Y70         FDRE                                         r  mixer_ddc_i/axis_mixer_down_0/inst/mixer_cmpy_0/U0/i_synth/i_synth/three_mult_structure.use_dsp.i_dsp48/dsp_preadder_1.reg_mult1_preadd_d/dN.std_srl.shift_reg_reg[0][26]/D
  -------------------------------------------------------------------    -------------------

                         (clock clk_pl_0 rise edge)
                                                      0.000     0.000 r  
    PS8_X0Y0             PS8                          0.000     0.000 r  mixer_ddc_i/zynq_ultra_ps_e_0/inst/PS8_i/PLCLK[0]
                         net (fo=1, routed)           0.229     0.229    mixer_ddc_i/zynq_ultra_ps_e_0/inst/pl_clk_unbuffered[0]
    BUFG_PS_X0Y90        BUFG_PS (Prop_BUFG_PS_I_O)
                                                      0.038     0.267 r  mixer_ddc_i/zynq_ultra_ps_e_0/inst/buffer_pl_clk_0.PL_CLK_0_BUFG/O
    X1Y1 (CLOCK_ROOT)    net (fo=19809, routed)       3.197     3.464    mixer_ddc_i/axis_mixer_down_0/inst/mixer_cmpy_0/U0/i_synth/i_synth/three_mult_structure.use_dsp.i_dsp48/dsp_preadder_1.reg_mult1_preadd_d/aclk
    SLICE_X53Y70         FDRE                                         r  mixer_ddc_i/axis_mixer_down_0/inst/mixer_cmpy_0/U0/i_synth/i_synth/three_mult_structure.use_dsp.i_dsp48/dsp_preadder_1.reg_mult1_preadd_d/dN.std_srl.shift_reg_reg[0][26]/C
                         clock pessimism             -0.248     3.216    
    SLICE_X53Y70         FDRE (Hold_AFF2_SLICEM_C_D)
                                                      0.102     3.318    mixer_ddc_i/axis_mixer_down_0/inst/mixer_cmpy_0/U0/i_synth/i_synth/three_mult_structure.use_dsp.i_dsp48/dsp_preadder_1.reg_mult1_preadd_d/dN.std_srl.shift_reg_reg[0][26]
  -------------------------------------------------------------------
                         required time                         -3.318    
                         arrival time                           3.329    
  -------------------------------------------------------------------
                         slack                                  0.011    

Slack (MET) :             0.011ns  (arrival time - required time)
  Source:                 mixer_ddc_i/smartconnect_0/inst/m00_exit_pipeline/m00_exit/inst/r_reg/m_vector_i_reg[1089]/C
                            (rising edge-triggered cell FDRE clocked by clk_pl_0  {rise@0.000ns fall@5.156ns period=10.312ns})
  Destination:            mixer_ddc_i/smartconnect_0/inst/m00_nodes/m00_r_node/inst/inst_mi_handler/gen_normal_area.gen_upsizer.inst_upsizer/gen_r_ch.accum_reg[bytes][15][userdata][6]/D
                            (rising edge-triggered cell FDRE clocked by clk_pl_0  {rise@0.000ns fall@5.156ns period=10.312ns})
  Path Group:             clk_pl_0
  Path Type:              Hold (Min at Slow Process Corner)
  Requirement:            0.000ns  (clk_pl_0 rise@0.000ns - clk_pl_0 rise@0.000ns)
  Data Path Delay:        0.265ns  (logic 0.113ns (42.599%)  route 0.152ns (57.401%))
  Logic Levels:           0  
  Clock Path Skew:        0.151ns (DCD - SCD - CPR)
    Destination Clock Delay (DCD):    3.566ns
    Source Clock Delay      (SCD):    3.160ns
    Clock Pessimism Removal (CPR):    0.255ns
  Clock Net Delay (Source):      2.944ns (routing 1.538ns, distribution 1.406ns)
  Clock Net Delay (Destination): 3.299ns (routing 1.681ns, distribution 1.618ns)

    Location             Delay type                Incr(ns)  Path(ns)    Netlist Resource(s)
  -------------------------------------------------------------------    -------------------
                         (clock clk_pl_0 rise edge)
                                                      0.000     0.000 r  
    PS8_X0Y0             PS8                          0.000     0.000 r  mixer_ddc_i/zynq_ultra_ps_e_0/inst/PS8_i/PLCLK[0]
                         net (fo=1, routed)           0.181     0.181    mixer_ddc_i/zynq_ultra_ps_e_0/inst/pl_clk_unbuffered[0]
    BUFG_PS_X0Y90        BUFG_PS (Prop_BUFG_PS_I_O)
                                                      0.035     0.216 r  mixer_ddc_i/zynq_ultra_ps_e_0/inst/buffer_pl_clk_0.PL_CLK_0_BUFG/O
    X1Y1 (CLOCK_ROOT)    net (fo=19809, routed)       2.944     3.160    mixer_ddc_i/smartconnect_0/inst/m00_exit_pipeline/m00_exit/inst/r_reg/aclk
    SLICE_X22Y120        FDRE                                         r  mixer_ddc_i/smartconnect_0/inst/m00_exit_pipeline/m00_exit/inst/r_reg/m_vector_i_reg[1089]/C
  -------------------------------------------------------------------    -------------------
    SLICE_X22Y120        FDRE (Prop_BFF2_SLICEL_C_Q)
                                                      0.113     3.273 r  mixer_ddc_i/smartconnect_0/inst/m00_exit_pipeline/m00_exit/inst/r_reg/m_vector_i_reg[1089]/Q
                         net (fo=4, routed)           0.152     3.425    mixer_ddc_i/smartconnect_0/inst/m00_nodes/m00_r_node/inst/inst_mi_handler/gen_normal_area.gen_upsizer.inst_upsizer/s_sc_payld[52]
    SLICE_X19Y122        FDRE                                         r  mixer_ddc_i/smartconnect_0/inst/m00_nodes/m00_r_node/inst/inst_mi_handler/gen_normal_area.gen_upsizer.inst_upsizer/gen_r_ch.accum_reg[bytes][15][userdata][6]/D
  -------------------------------------------------------------------    -------------------

                         (clock clk_pl_0 rise edge)
                                                      0.000     0.000 r  
    PS8_X0Y0             PS8                          0.000     0.000 r  mixer_ddc_i/zynq_ultra_ps_e_0/inst/PS8_i/PLCLK[0]
                         net (fo=1, routed)           0.229     0.229    mixer_ddc_i/zynq_ultra_ps_e_0/inst/pl_clk_unbuffered[0]
    BUFG_PS_X0Y90        BUFG_PS (Prop_BUFG_PS_I_O)
                                                      0.038     0.267 r  mixer_ddc_i/zynq_ultra_ps_e_0/inst/buffer_pl_clk_0.PL_CLK_0_BUFG/O
    X1Y1 (CLOCK_ROOT)    net (fo=19809, routed)       3.299     3.566    mixer_ddc_i/smartconnect_0/inst/m00_nodes/m00_r_node/inst/inst_mi_handler/gen_normal_area.gen_upsizer.inst_upsizer/s_sc_aclk
    SLICE_X19Y122        FDRE                                         r  mixer_ddc_i/smartconnect_0/inst/m00_nodes/m00_r_node/inst/inst_mi_handler/gen_normal_area.gen_upsizer.inst_upsizer/gen_r_ch.accum_reg[bytes][15][userdata][6]/C
                         clock pessimism             -0.255     3.311    
    SLICE_X19Y122        FDRE (Hold_FFF2_SLICEL_C_D)
                                                      0.103     3.414    mixer_ddc_i/smartconnect_0/inst/m00_nodes/m00_r_node/inst/inst_mi_handler/gen_normal_area.gen_upsizer.inst_upsizer/gen_r_ch.accum_reg[bytes][15][userdata][6]
  -------------------------------------------------------------------
                         required time                         -3.414    
                         arrival time                           3.425    
  -------------------------------------------------------------------
                         slack                                  0.011    





Pulse Width Checks
--------------------------------------------------------------------------------------
Clock Name:         clk_pl_0
Waveform(ns):       { 0.000 5.156 }
Period(ns):         10.312
Sources:            { mixer_ddc_i/zynq_ultra_ps_e_0/inst/PS8_i/PLCLK[0] }

Check Type        Corner  Lib Pin             Reference Pin  Required(ns)  Actual(ns)  Slack(ns)  Location       Pin
Min Period        n/a     PS8/MAXIGP0ACLK     n/a            3.000         10.312      7.312      PS8_X0Y0       mixer_ddc_i/zynq_ultra_ps_e_0/inst/PS8_i/MAXIGP0ACLK
Min Period        n/a     RAMB18E2/CLKARDCLK  n/a            1.960         10.312      8.352      RAMB18_X2Y38   mixer_ddc_i/system_ila_0/inst/ila_lib/inst/ila_core_inst/ila_trace_memory_inst/SUBCORE_RAM_BLK_MEM_1.trace_block_memory/inst_blk_mem_gen/gnbram.gnativebmg.native_blk_mem_gen/valid.cstr/ramloop[0].ram.r/prim_noinit.ram/DEVICE_8SERIES.NO_BMM_INFO.SDP.SIMPLE_PRIM18.ram/CLKARDCLK
Min Period        n/a     RAMB18E2/CLKBWRCLK  n/a            1.960         10.312      8.352      RAMB18_X2Y38   mixer_ddc_i/system_ila_0/inst/ila_lib/inst/ila_core_inst/ila_trace_memory_inst/SUBCORE_RAM_BLK_MEM_1.trace_block_memory/inst_blk_mem_gen/gnbram.gnativebmg.native_blk_mem_gen/valid.cstr/ramloop[0].ram.r/prim_noinit.ram/DEVICE_8SERIES.NO_BMM_INFO.SDP.SIMPLE_PRIM18.ram/CLKBWRCLK
Min Period        n/a     RAMB36E2/CLKARDCLK  n/a            1.960         10.312      8.352      RAMB36_X1Y19   mixer_ddc_i/system_ila_0/inst/ila_lib/inst/ila_core_inst/ila_trace_memory_inst/SUBCORE_RAM_BLK_MEM_1.trace_block_memory/inst_blk_mem_gen/gnbram.gnativebmg.native_blk_mem_gen/valid.cstr/ramloop[1].ram.r/prim_noinit.ram/DEVICE_8SERIES.NO_BMM_INFO.SDP.SIMPLE_PRIM36.ram/CLKARDCLK
Min Period        n/a     RAMB36E2/CLKBWRCLK  n/a            1.960         10.312      8.352      RAMB36_X1Y19   mixer_ddc_i/system_ila_0/inst/ila_lib/inst/ila_core_inst/ila_trace_memory_inst/SUBCORE_RAM_BLK_MEM_1.trace_block_memory/inst_blk_mem_gen/gnbram.gnativebmg.native_blk_mem_gen/valid.cstr/ramloop[1].ram.r/prim_noinit.ram/DEVICE_8SERIES.NO_BMM_INFO.SDP.SIMPLE_PRIM36.ram/CLKBWRCLK
Min Period        n/a     RAMB18E2/CLKARDCLK  n/a            1.960         10.312      8.352      RAMB18_X2Y30   mixer_ddc_i/system_ila_1/inst/ila_lib/inst/ila_core_inst/ila_trace_memory_inst/SUBCORE_RAM_BLK_MEM_1.trace_block_memory/inst_blk_mem_gen/gnbram.gnativebmg.native_blk_mem_gen/valid.cstr/ramloop[0].ram.r/prim_noinit.ram/DEVICE_8SERIES.NO_BMM_INFO.SDP.SIMPLE_PRIM18.ram/CLKARDCLK
Min Period        n/a     RAMB18E2/CLKBWRCLK  n/a            1.960         10.312      8.352      RAMB18_X2Y30   mixer_ddc_i/system_ila_1/inst/ila_lib/inst/ila_core_inst/ila_trace_memory_inst/SUBCORE_RAM_BLK_MEM_1.trace_block_memory/inst_blk_mem_gen/gnbram.gnativebmg.native_blk_mem_gen/valid.cstr/ramloop[0].ram.r/prim_noinit.ram/DEVICE_8SERIES.NO_BMM_INFO.SDP.SIMPLE_PRIM18.ram/CLKBWRCLK
Min Period        n/a     RAMB36E2/CLKARDCLK  n/a            1.960         10.312      8.352      RAMB36_X2Y16   mixer_ddc_i/system_ila_1/inst/ila_lib/inst/ila_core_inst/ila_trace_memory_inst/SUBCORE_RAM_BLK_MEM_1.trace_block_memory/inst_blk_mem_gen/gnbram.gnativebmg.native_blk_mem_gen/valid.cstr/ramloop[1].ram.r/prim_noinit.ram/DEVICE_8SERIES.NO_BMM_INFO.SDP.SIMPLE_PRIM36.ram/CLKARDCLK
Min Period        n/a     RAMB36E2/CLKBWRCLK  n/a            1.960         10.312      8.352      RAMB36_X2Y16   mixer_ddc_i/system_ila_1/inst/ila_lib/inst/ila_core_inst/ila_trace_memory_inst/SUBCORE_RAM_BLK_MEM_1.trace_block_memory/inst_blk_mem_gen/gnbram.gnativebmg.native_blk_mem_gen/valid.cstr/ramloop[1].ram.r/prim_noinit.ram/DEVICE_8SERIES.NO_BMM_INFO.SDP.SIMPLE_PRIM36.ram/CLKBWRCLK
Min Period        n/a     RAMB36E2/CLKARDCLK  n/a            1.709         10.312      8.603      RAMB36_X2Y14   mixer_ddc_i/axi_dma_0/U0/I_PRMRY_DATAMOVER/GEN_MM2S_FULL.I_MM2S_FULL_WRAPPER/GEN_INCLUDE_MM2S_SF.I_RD_SF/I_DATA_FIFO/BLK_MEM.I_SYNC_FIFOGEN_FIFO/xpm_fifo_instance.xpm_fifo_sync_inst/xpm_fifo_base_inst/gen_sdpram.xpm_memory_base_inst/gen_wr_a.gen_word_narrow.mem_reg/CLKARDCLK
Low Pulse Width   Slow    PS8/MAXIGP0ACLK     n/a            1.500         5.156       3.656      PS8_X0Y0       mixer_ddc_i/zynq_ultra_ps_e_0/inst/PS8_i/MAXIGP0ACLK
Low Pulse Width   Fast    PS8/MAXIGP0ACLK     n/a            1.500         5.156       3.656      PS8_X0Y0       mixer_ddc_i/zynq_ultra_ps_e_0/inst/PS8_i/MAXIGP0ACLK
Low Pulse Width   Slow    RAMD32/CLK          n/a            0.762         5.156       4.394      SLICE_X53Y101  dbg_hub/inst/BSCANID.u_xsdbm_id/CORE_XSDB.UUT_MASTER/U_ICON_INTERFACE/U_CMD6_RD/U_RD_FIFO/SUBCORE_FIFO.xsdbm_v3_0_0_rdfifo_inst/inst_fifo_gen/gconvfifo.rf/grf.rf/gntv_or_sync_fifo.mem/gdm.dm_gen.dm/RAM_reg_0_15_0_13/RAMA/CLK
Low Pulse Width   Fast    RAMD32/CLK          n/a            0.762         5.156       4.394      SLICE_X53Y101  dbg_hub/inst/BSCANID.u_xsdbm_id/CORE_XSDB.UUT_MASTER/U_ICON_INTERFACE/U_CMD6_RD/U_RD_FIFO/SUBCORE_FIFO.xsdbm_v3_0_0_rdfifo_inst/inst_fifo_gen/gconvfifo.rf/grf.rf/gntv_or_sync_fifo.mem/gdm.dm_gen.dm/RAM_reg_0_15_0_13/RAMA/CLK
Low Pulse Width   Slow    RAMD32/CLK          n/a            0.762         5.156       4.394      SLICE_X53Y101  dbg_hub/inst/BSCANID.u_xsdbm_id/CORE_XSDB.UUT_MASTER/U_ICON_INTERFACE/U_CMD6_RD/U_RD_FIFO/SUBCORE_FIFO.xsdbm_v3_0_0_rdfifo_inst/inst_fifo_gen/gconvfifo.rf/grf.rf/gntv_or_sync_fifo.mem/gdm.dm_gen.dm/RAM_reg_0_15_0_13/RAMA_D1/CLK
Low Pulse Width   Fast    RAMD32/CLK          n/a            0.762         5.156       4.394      SLICE_X53Y101  dbg_hub/inst/BSCANID.u_xsdbm_id/CORE_XSDB.UUT_MASTER/U_ICON_INTERFACE/U_CMD6_RD/U_RD_FIFO/SUBCORE_FIFO.xsdbm_v3_0_0_rdfifo_inst/inst_fifo_gen/gconvfifo.rf/grf.rf/gntv_or_sync_fifo.mem/gdm.dm_gen.dm/RAM_reg_0_15_0_13/RAMA_D1/CLK
Low Pulse Width   Slow    RAMD32/CLK          n/a            0.762         5.156       4.394      SLICE_X53Y101  dbg_hub/inst/BSCANID.u_xsdbm_id/CORE_XSDB.UUT_MASTER/U_ICON_INTERFACE/U_CMD6_RD/U_RD_FIFO/SUBCORE_FIFO.xsdbm_v3_0_0_rdfifo_inst/inst_fifo_gen/gconvfifo.rf/grf.rf/gntv_or_sync_fifo.mem/gdm.dm_gen.dm/RAM_reg_0_15_0_13/RAMB/CLK
Low Pulse Width   Fast    RAMD32/CLK          n/a            0.762         5.156       4.394      SLICE_X53Y101  dbg_hub/inst/BSCANID.u_xsdbm_id/CORE_XSDB.UUT_MASTER/U_ICON_INTERFACE/U_CMD6_RD/U_RD_FIFO/SUBCORE_FIFO.xsdbm_v3_0_0_rdfifo_inst/inst_fifo_gen/gconvfifo.rf/grf.rf/gntv_or_sync_fifo.mem/gdm.dm_gen.dm/RAM_reg_0_15_0_13/RAMB/CLK
Low Pulse Width   Slow    RAMD32/CLK          n/a            0.762         5.156       4.394      SLICE_X53Y101  dbg_hub/inst/BSCANID.u_xsdbm_id/CORE_XSDB.UUT_MASTER/U_ICON_INTERFACE/U_CMD6_RD/U_RD_FIFO/SUBCORE_FIFO.xsdbm_v3_0_0_rdfifo_inst/inst_fifo_gen/gconvfifo.rf/grf.rf/gntv_or_sync_fifo.mem/gdm.dm_gen.dm/RAM_reg_0_15_0_13/RAMB_D1/CLK
Low Pulse Width   Fast    RAMD32/CLK          n/a            0.762         5.156       4.394      SLICE_X53Y101  dbg_hub/inst/BSCANID.u_xsdbm_id/CORE_XSDB.UUT_MASTER/U_ICON_INTERFACE/U_CMD6_RD/U_RD_FIFO/SUBCORE_FIFO.xsdbm_v3_0_0_rdfifo_inst/inst_fifo_gen/gconvfifo.rf/grf.rf/gntv_or_sync_fifo.mem/gdm.dm_gen.dm/RAM_reg_0_15_0_13/RAMB_D1/CLK
High Pulse Width  Slow    PS8/MAXIGP0ACLK     n/a            1.500         5.156       3.656      PS8_X0Y0       mixer_ddc_i/zynq_ultra_ps_e_0/inst/PS8_i/MAXIGP0ACLK
High Pulse Width  Fast    PS8/MAXIGP0ACLK     n/a            1.500         5.156       3.656      PS8_X0Y0       mixer_ddc_i/zynq_ultra_ps_e_0/inst/PS8_i/MAXIGP0ACLK
High Pulse Width  Slow    RAMD32/CLK          n/a            0.762         5.156       4.394      SLICE_X53Y101  dbg_hub/inst/BSCANID.u_xsdbm_id/CORE_XSDB.UUT_MASTER/U_ICON_INTERFACE/U_CMD6_RD/U_RD_FIFO/SUBCORE_FIFO.xsdbm_v3_0_0_rdfifo_inst/inst_fifo_gen/gconvfifo.rf/grf.rf/gntv_or_sync_fifo.mem/gdm.dm_gen.dm/RAM_reg_0_15_0_13/RAMA/CLK
High Pulse Width  Fast    RAMD32/CLK          n/a            0.762         5.156       4.394      SLICE_X53Y101  dbg_hub/inst/BSCANID.u_xsdbm_id/CORE_XSDB.UUT_MASTER/U_ICON_INTERFACE/U_CMD6_RD/U_RD_FIFO/SUBCORE_FIFO.xsdbm_v3_0_0_rdfifo_inst/inst_fifo_gen/gconvfifo.rf/grf.rf/gntv_or_sync_fifo.mem/gdm.dm_gen.dm/RAM_reg_0_15_0_13/RAMA/CLK
High Pulse Width  Slow    RAMD32/CLK          n/a            0.762         5.156       4.394      SLICE_X53Y101  dbg_hub/inst/BSCANID.u_xsdbm_id/CORE_XSDB.UUT_MASTER/U_ICON_INTERFACE/U_CMD6_RD/U_RD_FIFO/SUBCORE_FIFO.xsdbm_v3_0_0_rdfifo_inst/inst_fifo_gen/gconvfifo.rf/grf.rf/gntv_or_sync_fifo.mem/gdm.dm_gen.dm/RAM_reg_0_15_0_13/RAMA_D1/CLK
High Pulse Width  Fast    RAMD32/CLK          n/a            0.762         5.156       4.394      SLICE_X53Y101  dbg_hub/inst/BSCANID.u_xsdbm_id/CORE_XSDB.UUT_MASTER/U_ICON_INTERFACE/U_CMD6_RD/U_RD_FIFO/SUBCORE_FIFO.xsdbm_v3_0_0_rdfifo_inst/inst_fifo_gen/gconvfifo.rf/grf.rf/gntv_or_sync_fifo.mem/gdm.dm_gen.dm/RAM_reg_0_15_0_13/RAMA_D1/CLK
High Pulse Width  Slow    RAMD32/CLK          n/a            0.762         5.156       4.394      SLICE_X53Y101  dbg_hub/inst/BSCANID.u_xsdbm_id/CORE_XSDB.UUT_MASTER/U_ICON_INTERFACE/U_CMD6_RD/U_RD_FIFO/SUBCORE_FIFO.xsdbm_v3_0_0_rdfifo_inst/inst_fifo_gen/gconvfifo.rf/grf.rf/gntv_or_sync_fifo.mem/gdm.dm_gen.dm/RAM_reg_0_15_0_13/RAMB/CLK
High Pulse Width  Fast    RAMD32/CLK          n/a            0.762         5.156       4.394      SLICE_X53Y101  dbg_hub/inst/BSCANID.u_xsdbm_id/CORE_XSDB.UUT_MASTER/U_ICON_INTERFACE/U_CMD6_RD/U_RD_FIFO/SUBCORE_FIFO.xsdbm_v3_0_0_rdfifo_inst/inst_fifo_gen/gconvfifo.rf/grf.rf/gntv_or_sync_fifo.mem/gdm.dm_gen.dm/RAM_reg_0_15_0_13/RAMB/CLK
High Pulse Width  Slow    RAMD32/CLK          n/a            0.762         5.156       4.394      SLICE_X53Y101  dbg_hub/inst/BSCANID.u_xsdbm_id/CORE_XSDB.UUT_MASTER/U_ICON_INTERFACE/U_CMD6_RD/U_RD_FIFO/SUBCORE_FIFO.xsdbm_v3_0_0_rdfifo_inst/inst_fifo_gen/gconvfifo.rf/grf.rf/gntv_or_sync_fifo.mem/gdm.dm_gen.dm/RAM_reg_0_15_0_13/RAMB_D1/CLK
High Pulse Width  Fast    RAMD32/CLK          n/a            0.762         5.156       4.394      SLICE_X53Y101  dbg_hub/inst/BSCANID.u_xsdbm_id/CORE_XSDB.UUT_MASTER/U_ICON_INTERFACE/U_CMD6_RD/U_RD_FIFO/SUBCORE_FIFO.xsdbm_v3_0_0_rdfifo_inst/inst_fifo_gen/gconvfifo.rf/grf.rf/gntv_or_sync_fifo.mem/gdm.dm_gen.dm/RAM_reg_0_15_0_13/RAMB_D1/CLK



---------------------------------------------------------------------------------------------------
From Clock:  dbg_hub/inst/BSCANID.u_xsdbm_id/SWITCH_N_EXT_BSCAN.bscan_inst/SERIES7_BSCAN.bscan_inst/INTERNAL_TCK
  To Clock:  dbg_hub/inst/BSCANID.u_xsdbm_id/SWITCH_N_EXT_BSCAN.bscan_inst/SERIES7_BSCAN.bscan_inst/INTERNAL_TCK

Setup :            0  Failing Endpoints,  Worst Slack       13.684ns,  Total Violation        0.000ns
Hold  :            0  Failing Endpoints,  Worst Slack        0.012ns,  Total Violation        0.000ns
PW    :            0  Failing Endpoints,  Worst Slack       24.238ns,  Total Violation        0.000ns
---------------------------------------------------------------------------------------------------


Max Delay Paths
--------------------------------------------------------------------------------------
Slack (MET) :             13.684ns  (required time - arrival time)
  Source:                 dbg_hub/inst/BSCANID.u_xsdbm_id/CORE_XSDB.U_ICON/iTDO_reg/C
                            (rising edge-triggered cell FDRE clocked by dbg_hub/inst/BSCANID.u_xsdbm_id/SWITCH_N_EXT_BSCAN.bscan_inst/SERIES7_BSCAN.bscan_inst/INTERNAL_TCK  {rise@0.000ns fall@25.000ns period=50.000ns})
  Destination:            dbg_hub/inst/BSCANID.u_xsdbm_id/SWITCH_N_EXT_BSCAN.bscan_inst/SERIES7_BSCAN.bscan_inst/TDO
                            (falling edge-triggered cell BSCANE2 clocked by dbg_hub/inst/BSCANID.u_xsdbm_id/SWITCH_N_EXT_BSCAN.bscan_inst/SERIES7_BSCAN.bscan_inst/INTERNAL_TCK  {rise@0.000ns fall@25.000ns period=50.000ns})
  Path Group:             dbg_hub/inst/BSCANID.u_xsdbm_id/SWITCH_N_EXT_BSCAN.bscan_inst/SERIES7_BSCAN.bscan_inst/INTERNAL_TCK
  Path Type:              Setup (Max at Slow Process Corner)
  Requirement:            25.000ns  (dbg_hub/inst/BSCANID.u_xsdbm_id/SWITCH_N_EXT_BSCAN.bscan_inst/SERIES7_BSCAN.bscan_inst/INTERNAL_TCK fall@25.000ns - dbg_hub/inst/BSCANID.u_xsdbm_id/SWITCH_N_EXT_BSCAN.bscan_inst/SERIES7_BSCAN.bscan_inst/INTERNAL_TCK rise@0.000ns)
  Data Path Delay:        2.003ns  (logic 0.226ns (11.281%)  route 1.777ns (88.719%))
  Logic Levels:           2  (LUT3=1 LUT6=1)
  Clock Path Skew:        -9.078ns (DCD - SCD + CPR)
    Destination Clock Delay (DCD):    0.000ns = ( 25.000 - 25.000 ) 
    Source Clock Delay      (SCD):    9.078ns
    Clock Pessimism Removal (CPR):    0.000ns
  Clock Uncertainty:      0.235ns  ((TSJ^2 + TIJ^2)^1/2 + DJ) / 2 + PE + DCD
    Total System Jitter     (TSJ):    0.071ns
    Total Input Jitter      (TIJ):    0.000ns
    Discrete Jitter          (DJ):    0.000ns
    Phase Error              (PE):    0.000ns
    Duty Cycle Distortion   (DCD):    0.200ns
  Clock Net Delay (Source):      2.603ns (routing 1.467ns, distribution 1.136ns)

    Location             Delay type                Incr(ns)  Path(ns)    Netlist Resource(s)
  -------------------------------------------------------------------    -------------------
                         (clock dbg_hub/inst/BSCANID.u_xsdbm_id/SWITCH_N_EXT_BSCAN.bscan_inst/SERIES7_BSCAN.bscan_inst/INTERNAL_TCK rise edge)
                                                      0.000     0.000 r  
    CONFIG_SITE_X0Y0     BSCANE2                      0.000     0.000 r  dbg_hub/inst/BSCANID.u_xsdbm_id/SWITCH_N_EXT_BSCAN.bscan_inst/SERIES7_BSCAN.bscan_inst/INTERNAL_TCK
    CONFIG_SITE_X0Y0     BSCANE2 (Prop_BSCAN1_CONFIG_SITE_INTERNAL_TCK_TCK)
                                                      4.800     4.800 r  dbg_hub/inst/BSCANID.u_xsdbm_id/SWITCH_N_EXT_BSCAN.bscan_inst/SERIES7_BSCAN.bscan_inst/TCK
                         net (fo=1, routed)           1.631     6.431    dbg_hub/inst/BSCANID.u_xsdbm_id/tck_bs
    BUFGCE_X0Y76         BUFGCE (Prop_BUFCE_BUFGCE_I_O)
                                                      0.044     6.475 r  dbg_hub/inst/BSCANID.u_xsdbm_id/SWITCH_N_EXT_BSCAN.u_bufg_icon_tck/O
    X2Y1 (CLOCK_ROOT)    net (fo=482, routed)         2.603     9.078    dbg_hub/inst/BSCANID.u_xsdbm_id/CORE_XSDB.U_ICON/m_bscan_tck[0]
    SLICE_X54Y111        FDRE                                         r  dbg_hub/inst/BSCANID.u_xsdbm_id/CORE_XSDB.U_ICON/iTDO_reg/C
  -------------------------------------------------------------------    -------------------
    SLICE_X54Y111        FDRE (Prop_AFF_SLICEM_C_Q)
                                                      0.113     9.191 r  dbg_hub/inst/BSCANID.u_xsdbm_id/CORE_XSDB.U_ICON/iTDO_reg/Q
                         net (fo=1, routed)           0.810    10.001    dbg_hub/inst/BSCANID.u_xsdbm_id/TDO
    SLICE_X50Y165        LUT3 (Prop_F6LUT_SLICEL_I2_O)
                                                      0.056    10.057 r  dbg_hub/inst/BSCANID.u_xsdbm_id/SWITCH_N_EXT_BSCAN.bscan_switch_i_1/O
                         net (fo=2, routed)           0.236    10.293    dbg_hub/inst/BSCANID.u_xsdbm_id/SWITCH_N_EXT_BSCAN.bscan_switch/m_bscan_tdo[0]
    SLICE_X50Y169        LUT6 (Prop_G6LUT_SLICEL_I5_O)
                                                      0.057    10.350 r  dbg_hub/inst/BSCANID.u_xsdbm_id/SWITCH_N_EXT_BSCAN.bscan_switch/s_bscan_tdo_INST_0/O
                         net (fo=1, routed)           0.731    11.081    dbg_hub/inst/BSCANID.u_xsdbm_id/SWITCH_N_EXT_BSCAN.bscan_inst/TDO
    CONFIG_SITE_X0Y0     BSCANE2                                      r  dbg_hub/inst/BSCANID.u_xsdbm_id/SWITCH_N_EXT_BSCAN.bscan_inst/SERIES7_BSCAN.bscan_inst/TDO
  -------------------------------------------------------------------    -------------------

                         (clock dbg_hub/inst/BSCANID.u_xsdbm_id/SWITCH_N_EXT_BSCAN.bscan_inst/SERIES7_BSCAN.bscan_inst/INTERNAL_TCK fall edge)
                                                     25.000    25.000 f  
    CONFIG_SITE_X0Y0     BSCANE2                      0.000    25.000 f  dbg_hub/inst/BSCANID.u_xsdbm_id/SWITCH_N_EXT_BSCAN.bscan_inst/SERIES7_BSCAN.bscan_inst/INTERNAL_TCK
                         clock pessimism              0.000    25.000    
                         clock uncertainty           -0.235    24.765    
    CONFIG_SITE_X0Y0     BSCANE2 (Setup_BSCAN1_CONFIG_SITE_INTERNAL_TCK_TDO)
                                                      0.000    24.765    dbg_hub/inst/BSCANID.u_xsdbm_id/SWITCH_N_EXT_BSCAN.bscan_inst/SERIES7_BSCAN.bscan_inst
  -------------------------------------------------------------------
                         required time                         24.765    
                         arrival time                         -11.081    
  -------------------------------------------------------------------
                         slack                                 13.684    

Slack (MET) :             19.701ns  (required time - arrival time)
  Source:                 dbg_hub/inst/BSCANID.u_xsdbm_id/SWITCH_N_EXT_BSCAN.bscan_inst/SERIES7_BSCAN.bscan_inst/INTERNAL_TCK
                            (falling edge-triggered cell BSCANE2 clocked by dbg_hub/inst/BSCANID.u_xsdbm_id/SWITCH_N_EXT_BSCAN.bscan_inst/SERIES7_BSCAN.bscan_inst/INTERNAL_TCK  {rise@0.000ns fall@25.000ns period=50.000ns})
  Destination:            dbg_hub/inst/BSCANID.u_xsdbm_id/CORE_XSDB.U_ICON/U_STAT/iSTAT_CNT_reg[0]/R
                            (rising edge-triggered cell FDRE clocked by dbg_hub/inst/BSCANID.u_xsdbm_id/SWITCH_N_EXT_BSCAN.bscan_inst/SERIES7_BSCAN.bscan_inst/INTERNAL_TCK  {rise@0.000ns fall@25.000ns period=50.000ns})
  Path Group:             dbg_hub/inst/BSCANID.u_xsdbm_id/SWITCH_N_EXT_BSCAN.bscan_inst/SERIES7_BSCAN.bscan_inst/INTERNAL_TCK
  Path Type:              Setup (Max at Fast Process Corner)
  Requirement:            25.000ns  (dbg_hub/inst/BSCANID.u_xsdbm_id/SWITCH_N_EXT_BSCAN.bscan_inst/SERIES7_BSCAN.bscan_inst/INTERNAL_TCK rise@50.000ns - dbg_hub/inst/BSCANID.u_xsdbm_id/SWITCH_N_EXT_BSCAN.bscan_inst/SERIES7_BSCAN.bscan_inst/INTERNAL_TCK fall@25.000ns)
  Data Path Delay:        7.640ns  (logic 6.057ns (79.284%)  route 1.583ns (20.716%))
  Logic Levels:           3  (LUT4=1 LUT5=2)
  Clock Path Skew:        2.625ns (DCD - SCD + CPR)
    Destination Clock Delay (DCD):    2.625ns = ( 52.625 - 50.000 ) 
    Source Clock Delay      (SCD):    0.000ns = ( 25.000 - 25.000 ) 
    Clock Pessimism Removal (CPR):    0.000ns
  Clock Uncertainty:      0.235ns  ((TSJ^2 + TIJ^2)^1/2 + DJ) / 2 + PE + DCD
    Total System Jitter     (TSJ):    0.071ns
    Total Input Jitter      (TIJ):    0.000ns
    Discrete Jitter          (DJ):    0.000ns
    Phase Error              (PE):    0.000ns
    Duty Cycle Distortion   (DCD):    0.200ns
  Clock Net Delay (Destination): 1.409ns (routing 0.805ns, distribution 0.604ns)

    Location             Delay type                Incr(ns)  Path(ns)    Netlist Resource(s)
  -------------------------------------------------------------------    -------------------
                         (clock dbg_hub/inst/BSCANID.u_xsdbm_id/SWITCH_N_EXT_BSCAN.bscan_inst/SERIES7_BSCAN.bscan_inst/INTERNAL_TCK fall edge)
                                                     25.000    25.000 f  
    CONFIG_SITE_X0Y0     BSCANE2                      0.000    25.000 f  dbg_hub/inst/BSCANID.u_xsdbm_id/SWITCH_N_EXT_BSCAN.bscan_inst/SERIES7_BSCAN.bscan_inst/INTERNAL_TCK
  -------------------------------------------------------------------    -------------------
    CONFIG_SITE_X0Y0     BSCANE2 (Prop_BSCAN1_CONFIG_SITE_INTERNAL_TCK_SHIFT)
                                                      5.600    30.600 f  dbg_hub/inst/BSCANID.u_xsdbm_id/SWITCH_N_EXT_BSCAN.bscan_inst/SERIES7_BSCAN.bscan_inst/SHIFT
                         net (fo=37, routed)          0.538    31.138    dbg_hub/inst/BSCANID.u_xsdbm_id/SWITCH_N_EXT_BSCAN.bscan_switch/s_bscan_shift
    SLICE_X50Y167        LUT5 (Prop_F6LUT_SLICEL_I4_O)
                                                      0.170    31.308 f  dbg_hub/inst/BSCANID.u_xsdbm_id/SWITCH_N_EXT_BSCAN.bscan_switch/m_bscan_shift[0]_INST_0/O
                         net (fo=4, routed)           0.678    31.986    dbg_hub/inst/BSCANID.u_xsdbm_id/CORE_XSDB.U_ICON/U_CMD/icn_cmd_en_reg[7]
    SLICE_X54Y113        LUT4 (Prop_D6LUT_SLICEM_I1_O)
                                                      0.170    32.156 f  dbg_hub/inst/BSCANID.u_xsdbm_id/CORE_XSDB.U_ICON/U_CMD/iSTAT_CNT[5]_i_4/O
                         net (fo=1, routed)           0.182    32.338    dbg_hub/inst/BSCANID.u_xsdbm_id/CORE_XSDB.U_ICON/U_CMD/iSTAT_CNT[5]_i_4_n_0
    SLICE_X54Y111        LUT5 (Prop_B6LUT_SLICEM_I4_O)
                                                      0.117    32.455 r  dbg_hub/inst/BSCANID.u_xsdbm_id/CORE_XSDB.U_ICON/U_CMD/iSTAT_CNT[5]_i_1/O
                         net (fo=6, routed)           0.185    32.640    dbg_hub/inst/BSCANID.u_xsdbm_id/CORE_XSDB.U_ICON/U_STAT/SR[0]
    SLICE_X55Y112        FDRE                                         r  dbg_hub/inst/BSCANID.u_xsdbm_id/CORE_XSDB.U_ICON/U_STAT/iSTAT_CNT_reg[0]/R
  -------------------------------------------------------------------    -------------------

                         (clock dbg_hub/inst/BSCANID.u_xsdbm_id/SWITCH_N_EXT_BSCAN.bscan_inst/SERIES7_BSCAN.bscan_inst/INTERNAL_TCK rise edge)
                                                     50.000    50.000 r  
    CONFIG_SITE_X0Y0     BSCANE2                      0.000    50.000 r  dbg_hub/inst/BSCANID.u_xsdbm_id/SWITCH_N_EXT_BSCAN.bscan_inst/SERIES7_BSCAN.bscan_inst/INTERNAL_TCK
    CONFIG_SITE_X0Y0     BSCANE2 (Prop_BSCAN1_CONFIG_SITE_INTERNAL_TCK_TCK)
                                                      0.465    50.465 r  dbg_hub/inst/BSCANID.u_xsdbm_id/SWITCH_N_EXT_BSCAN.bscan_inst/SERIES7_BSCAN.bscan_inst/TCK
                         net (fo=1, routed)           0.728    51.193    dbg_hub/inst/BSCANID.u_xsdbm_id/tck_bs
    BUFGCE_X0Y76         BUFGCE (Prop_BUFCE_BUFGCE_I_O)
                                                      0.023    51.216 r  dbg_hub/inst/BSCANID.u_xsdbm_id/SWITCH_N_EXT_BSCAN.u_bufg_icon_tck/O
    X2Y1 (CLOCK_ROOT)    net (fo=482, routed)         1.409    52.625    dbg_hub/inst/BSCANID.u_xsdbm_id/CORE_XSDB.U_ICON/U_STAT/m_bscan_tck[0]
    SLICE_X55Y112        FDRE                                         r  dbg_hub/inst/BSCANID.u_xsdbm_id/CORE_XSDB.U_ICON/U_STAT/iSTAT_CNT_reg[0]/C
                         clock pessimism              0.000    52.625    
                         clock uncertainty           -0.235    52.389    
    SLICE_X55Y112        FDRE (Setup_BFF2_SLICEL_C_R)
                                                     -0.049    52.340    dbg_hub/inst/BSCANID.u_xsdbm_id/CORE_XSDB.U_ICON/U_STAT/iSTAT_CNT_reg[0]
  -------------------------------------------------------------------
                         required time                         52.340    
                         arrival time                         -32.640    
  -------------------------------------------------------------------
                         slack                                 19.701    

Slack (MET) :             19.701ns  (required time - arrival time)
  Source:                 dbg_hub/inst/BSCANID.u_xsdbm_id/SWITCH_N_EXT_BSCAN.bscan_inst/SERIES7_BSCAN.bscan_inst/INTERNAL_TCK
                            (falling edge-triggered cell BSCANE2 clocked by dbg_hub/inst/BSCANID.u_xsdbm_id/SWITCH_N_EXT_BSCAN.bscan_inst/SERIES7_BSCAN.bscan_inst/INTERNAL_TCK  {rise@0.000ns fall@25.000ns period=50.000ns})
  Destination:            dbg_hub/inst/BSCANID.u_xsdbm_id/CORE_XSDB.U_ICON/U_STAT/iSTAT_CNT_reg[1]/R
                            (rising edge-triggered cell FDRE clocked by dbg_hub/inst/BSCANID.u_xsdbm_id/SWITCH_N_EXT_BSCAN.bscan_inst/SERIES7_BSCAN.bscan_inst/INTERNAL_TCK  {rise@0.000ns fall@25.000ns period=50.000ns})
  Path Group:             dbg_hub/inst/BSCANID.u_xsdbm_id/SWITCH_N_EXT_BSCAN.bscan_inst/SERIES7_BSCAN.bscan_inst/INTERNAL_TCK
  Path Type:              Setup (Max at Fast Process Corner)
  Requirement:            25.000ns  (dbg_hub/inst/BSCANID.u_xsdbm_id/SWITCH_N_EXT_BSCAN.bscan_inst/SERIES7_BSCAN.bscan_inst/INTERNAL_TCK rise@50.000ns - dbg_hub/inst/BSCANID.u_xsdbm_id/SWITCH_N_EXT_BSCAN.bscan_inst/SERIES7_BSCAN.bscan_inst/INTERNAL_TCK fall@25.000ns)
  Data Path Delay:        7.640ns  (logic 6.057ns (79.284%)  route 1.583ns (20.716%))
  Logic Levels:           3  (LUT4=1 LUT5=2)
  Clock Path Skew:        2.625ns (DCD - SCD + CPR)
    Destination Clock Delay (DCD):    2.625ns = ( 52.625 - 50.000 ) 
    Source Clock Delay      (SCD):    0.000ns = ( 25.000 - 25.000 ) 
    Clock Pessimism Removal (CPR):    0.000ns
  Clock Uncertainty:      0.235ns  ((TSJ^2 + TIJ^2)^1/2 + DJ) / 2 + PE + DCD
    Total System Jitter     (TSJ):    0.071ns
    Total Input Jitter      (TIJ):    0.000ns
    Discrete Jitter          (DJ):    0.000ns
    Phase Error              (PE):    0.000ns
    Duty Cycle Distortion   (DCD):    0.200ns
  Clock Net Delay (Destination): 1.409ns (routing 0.805ns, distribution 0.604ns)

    Location             Delay type                Incr(ns)  Path(ns)    Netlist Resource(s)
  -------------------------------------------------------------------    -------------------
                         (clock dbg_hub/inst/BSCANID.u_xsdbm_id/SWITCH_N_EXT_BSCAN.bscan_inst/SERIES7_BSCAN.bscan_inst/INTERNAL_TCK fall edge)
                                                     25.000    25.000 f  
    CONFIG_SITE_X0Y0     BSCANE2                      0.000    25.000 f  dbg_hub/inst/BSCANID.u_xsdbm_id/SWITCH_N_EXT_BSCAN.bscan_inst/SERIES7_BSCAN.bscan_inst/INTERNAL_TCK
  -------------------------------------------------------------------    -------------------
    CONFIG_SITE_X0Y0     BSCANE2 (Prop_BSCAN1_CONFIG_SITE_INTERNAL_TCK_SHIFT)
                                                      5.600    30.600 f  dbg_hub/inst/BSCANID.u_xsdbm_id/SWITCH_N_EXT_BSCAN.bscan_inst/SERIES7_BSCAN.bscan_inst/SHIFT
                         net (fo=37, routed)          0.538    31.138    dbg_hub/inst/BSCANID.u_xsdbm_id/SWITCH_N_EXT_BSCAN.bscan_switch/s_bscan_shift
    SLICE_X50Y167        LUT5 (Prop_F6LUT_SLICEL_I4_O)
                                                      0.170    31.308 f  dbg_hub/inst/BSCANID.u_xsdbm_id/SWITCH_N_EXT_BSCAN.bscan_switch/m_bscan_shift[0]_INST_0/O
                         net (fo=4, routed)           0.678    31.986    dbg_hub/inst/BSCANID.u_xsdbm_id/CORE_XSDB.U_ICON/U_CMD/icn_cmd_en_reg[7]
    SLICE_X54Y113        LUT4 (Prop_D6LUT_SLICEM_I1_O)
                                                      0.170    32.156 f  dbg_hub/inst/BSCANID.u_xsdbm_id/CORE_XSDB.U_ICON/U_CMD/iSTAT_CNT[5]_i_4/O
                         net (fo=1, routed)           0.182    32.338    dbg_hub/inst/BSCANID.u_xsdbm_id/CORE_XSDB.U_ICON/U_CMD/iSTAT_CNT[5]_i_4_n_0
    SLICE_X54Y111        LUT5 (Prop_B6LUT_SLICEM_I4_O)
                                                      0.117    32.455 r  dbg_hub/inst/BSCANID.u_xsdbm_id/CORE_XSDB.U_ICON/U_CMD/iSTAT_CNT[5]_i_1/O
                         net (fo=6, routed)           0.185    32.640    dbg_hub/inst/BSCANID.u_xsdbm_id/CORE_XSDB.U_ICON/U_STAT/SR[0]
    SLICE_X55Y112        FDRE                                         r  dbg_hub/inst/BSCANID.u_xsdbm_id/CORE_XSDB.U_ICON/U_STAT/iSTAT_CNT_reg[1]/R
  -------------------------------------------------------------------    -------------------

                         (clock dbg_hub/inst/BSCANID.u_xsdbm_id/SWITCH_N_EXT_BSCAN.bscan_inst/SERIES7_BSCAN.bscan_inst/INTERNAL_TCK rise edge)
                                                     50.000    50.000 r  
    CONFIG_SITE_X0Y0     BSCANE2                      0.000    50.000 r  dbg_hub/inst/BSCANID.u_xsdbm_id/SWITCH_N_EXT_BSCAN.bscan_inst/SERIES7_BSCAN.bscan_inst/INTERNAL_TCK
    CONFIG_SITE_X0Y0     BSCANE2 (Prop_BSCAN1_CONFIG_SITE_INTERNAL_TCK_TCK)
                                                      0.465    50.465 r  dbg_hub/inst/BSCANID.u_xsdbm_id/SWITCH_N_EXT_BSCAN.bscan_inst/SERIES7_BSCAN.bscan_inst/TCK
                         net (fo=1, routed)           0.728    51.193    dbg_hub/inst/BSCANID.u_xsdbm_id/tck_bs
    BUFGCE_X0Y76         BUFGCE (Prop_BUFCE_BUFGCE_I_O)
                                                      0.023    51.216 r  dbg_hub/inst/BSCANID.u_xsdbm_id/SWITCH_N_EXT_BSCAN.u_bufg_icon_tck/O
    X2Y1 (CLOCK_ROOT)    net (fo=482, routed)         1.409    52.625    dbg_hub/inst/BSCANID.u_xsdbm_id/CORE_XSDB.U_ICON/U_STAT/m_bscan_tck[0]
    SLICE_X55Y112        FDRE                                         r  dbg_hub/inst/BSCANID.u_xsdbm_id/CORE_XSDB.U_ICON/U_STAT/iSTAT_CNT_reg[1]/C
                         clock pessimism              0.000    52.625    
                         clock uncertainty           -0.235    52.389    
    SLICE_X55Y112        FDRE (Setup_DFF_SLICEL_C_R)
                                                     -0.049    52.340    dbg_hub/inst/BSCANID.u_xsdbm_id/CORE_XSDB.U_ICON/U_STAT/iSTAT_CNT_reg[1]
  -------------------------------------------------------------------
                         required time                         52.340    
                         arrival time                         -32.640    
  -------------------------------------------------------------------
                         slack                                 19.701    

Slack (MET) :             19.701ns  (required time - arrival time)
  Source:                 dbg_hub/inst/BSCANID.u_xsdbm_id/SWITCH_N_EXT_BSCAN.bscan_inst/SERIES7_BSCAN.bscan_inst/INTERNAL_TCK
                            (falling edge-triggered cell BSCANE2 clocked by dbg_hub/inst/BSCANID.u_xsdbm_id/SWITCH_N_EXT_BSCAN.bscan_inst/SERIES7_BSCAN.bscan_inst/INTERNAL_TCK  {rise@0.000ns fall@25.000ns period=50.000ns})
  Destination:            dbg_hub/inst/BSCANID.u_xsdbm_id/CORE_XSDB.U_ICON/U_STAT/iSTAT_CNT_reg[2]/R
                            (rising edge-triggered cell FDRE clocked by dbg_hub/inst/BSCANID.u_xsdbm_id/SWITCH_N_EXT_BSCAN.bscan_inst/SERIES7_BSCAN.bscan_inst/INTERNAL_TCK  {rise@0.000ns fall@25.000ns period=50.000ns})
  Path Group:             dbg_hub/inst/BSCANID.u_xsdbm_id/SWITCH_N_EXT_BSCAN.bscan_inst/SERIES7_BSCAN.bscan_inst/INTERNAL_TCK
  Path Type:              Setup (Max at Fast Process Corner)
  Requirement:            25.000ns  (dbg_hub/inst/BSCANID.u_xsdbm_id/SWITCH_N_EXT_BSCAN.bscan_inst/SERIES7_BSCAN.bscan_inst/INTERNAL_TCK rise@50.000ns - dbg_hub/inst/BSCANID.u_xsdbm_id/SWITCH_N_EXT_BSCAN.bscan_inst/SERIES7_BSCAN.bscan_inst/INTERNAL_TCK fall@25.000ns)
  Data Path Delay:        7.640ns  (logic 6.057ns (79.284%)  route 1.583ns (20.716%))
  Logic Levels:           3  (LUT4=1 LUT5=2)
  Clock Path Skew:        2.625ns (DCD - SCD + CPR)
    Destination Clock Delay (DCD):    2.625ns = ( 52.625 - 50.000 ) 
    Source Clock Delay      (SCD):    0.000ns = ( 25.000 - 25.000 ) 
    Clock Pessimism Removal (CPR):    0.000ns
  Clock Uncertainty:      0.235ns  ((TSJ^2 + TIJ^2)^1/2 + DJ) / 2 + PE + DCD
    Total System Jitter     (TSJ):    0.071ns
    Total Input Jitter      (TIJ):    0.000ns
    Discrete Jitter          (DJ):    0.000ns
    Phase Error              (PE):    0.000ns
    Duty Cycle Distortion   (DCD):    0.200ns
  Clock Net Delay (Destination): 1.409ns (routing 0.805ns, distribution 0.604ns)

    Location             Delay type                Incr(ns)  Path(ns)    Netlist Resource(s)
  -------------------------------------------------------------------    -------------------
                         (clock dbg_hub/inst/BSCANID.u_xsdbm_id/SWITCH_N_EXT_BSCAN.bscan_inst/SERIES7_BSCAN.bscan_inst/INTERNAL_TCK fall edge)
                                                     25.000    25.000 f  
    CONFIG_SITE_X0Y0     BSCANE2                      0.000    25.000 f  dbg_hub/inst/BSCANID.u_xsdbm_id/SWITCH_N_EXT_BSCAN.bscan_inst/SERIES7_BSCAN.bscan_inst/INTERNAL_TCK
  -------------------------------------------------------------------    -------------------
    CONFIG_SITE_X0Y0     BSCANE2 (Prop_BSCAN1_CONFIG_SITE_INTERNAL_TCK_SHIFT)
                                                      5.600    30.600 f  dbg_hub/inst/BSCANID.u_xsdbm_id/SWITCH_N_EXT_BSCAN.bscan_inst/SERIES7_BSCAN.bscan_inst/SHIFT
                         net (fo=37, routed)          0.538    31.138    dbg_hub/inst/BSCANID.u_xsdbm_id/SWITCH_N_EXT_BSCAN.bscan_switch/s_bscan_shift
    SLICE_X50Y167        LUT5 (Prop_F6LUT_SLICEL_I4_O)
                                                      0.170    31.308 f  dbg_hub/inst/BSCANID.u_xsdbm_id/SWITCH_N_EXT_BSCAN.bscan_switch/m_bscan_shift[0]_INST_0/O
                         net (fo=4, routed)           0.678    31.986    dbg_hub/inst/BSCANID.u_xsdbm_id/CORE_XSDB.U_ICON/U_CMD/icn_cmd_en_reg[7]
    SLICE_X54Y113        LUT4 (Prop_D6LUT_SLICEM_I1_O)
                                                      0.170    32.156 f  dbg_hub/inst/BSCANID.u_xsdbm_id/CORE_XSDB.U_ICON/U_CMD/iSTAT_CNT[5]_i_4/O
                         net (fo=1, routed)           0.182    32.338    dbg_hub/inst/BSCANID.u_xsdbm_id/CORE_XSDB.U_ICON/U_CMD/iSTAT_CNT[5]_i_4_n_0
    SLICE_X54Y111        LUT5 (Prop_B6LUT_SLICEM_I4_O)
                                                      0.117    32.455 r  dbg_hub/inst/BSCANID.u_xsdbm_id/CORE_XSDB.U_ICON/U_CMD/iSTAT_CNT[5]_i_1/O
                         net (fo=6, routed)           0.185    32.640    dbg_hub/inst/BSCANID.u_xsdbm_id/CORE_XSDB.U_ICON/U_STAT/SR[0]
    SLICE_X55Y112        FDRE                                         r  dbg_hub/inst/BSCANID.u_xsdbm_id/CORE_XSDB.U_ICON/U_STAT/iSTAT_CNT_reg[2]/R
  -------------------------------------------------------------------    -------------------

                         (clock dbg_hub/inst/BSCANID.u_xsdbm_id/SWITCH_N_EXT_BSCAN.bscan_inst/SERIES7_BSCAN.bscan_inst/INTERNAL_TCK rise edge)
                                                     50.000    50.000 r  
    CONFIG_SITE_X0Y0     BSCANE2                      0.000    50.000 r  dbg_hub/inst/BSCANID.u_xsdbm_id/SWITCH_N_EXT_BSCAN.bscan_inst/SERIES7_BSCAN.bscan_inst/INTERNAL_TCK
    CONFIG_SITE_X0Y0     BSCANE2 (Prop_BSCAN1_CONFIG_SITE_INTERNAL_TCK_TCK)
                                                      0.465    50.465 r  dbg_hub/inst/BSCANID.u_xsdbm_id/SWITCH_N_EXT_BSCAN.bscan_inst/SERIES7_BSCAN.bscan_inst/TCK
                         net (fo=1, routed)           0.728    51.193    dbg_hub/inst/BSCANID.u_xsdbm_id/tck_bs
    BUFGCE_X0Y76         BUFGCE (Prop_BUFCE_BUFGCE_I_O)
                                                      0.023    51.216 r  dbg_hub/inst/BSCANID.u_xsdbm_id/SWITCH_N_EXT_BSCAN.u_bufg_icon_tck/O
    X2Y1 (CLOCK_ROOT)    net (fo=482, routed)         1.409    52.625    dbg_hub/inst/BSCANID.u_xsdbm_id/CORE_XSDB.U_ICON/U_STAT/m_bscan_tck[0]
    SLICE_X55Y112        FDRE                                         r  dbg_hub/inst/BSCANID.u_xsdbm_id/CORE_XSDB.U_ICON/U_STAT/iSTAT_CNT_reg[2]/C
                         clock pessimism              0.000    52.625    
                         clock uncertainty           -0.235    52.389    
    SLICE_X55Y112        FDRE (Setup_DFF2_SLICEL_C_R)
                                                     -0.049    52.340    dbg_hub/inst/BSCANID.u_xsdbm_id/CORE_XSDB.U_ICON/U_STAT/iSTAT_CNT_reg[2]
  -------------------------------------------------------------------
                         required time                         52.340    
                         arrival time                         -32.640    
  -------------------------------------------------------------------
                         slack                                 19.701    

Slack (MET) :             19.701ns  (required time - arrival time)
  Source:                 dbg_hub/inst/BSCANID.u_xsdbm_id/SWITCH_N_EXT_BSCAN.bscan_inst/SERIES7_BSCAN.bscan_inst/INTERNAL_TCK
                            (falling edge-triggered cell BSCANE2 clocked by dbg_hub/inst/BSCANID.u_xsdbm_id/SWITCH_N_EXT_BSCAN.bscan_inst/SERIES7_BSCAN.bscan_inst/INTERNAL_TCK  {rise@0.000ns fall@25.000ns period=50.000ns})
  Destination:            dbg_hub/inst/BSCANID.u_xsdbm_id/CORE_XSDB.U_ICON/U_STAT/iSTAT_CNT_reg[3]/R
                            (rising edge-triggered cell FDRE clocked by dbg_hub/inst/BSCANID.u_xsdbm_id/SWITCH_N_EXT_BSCAN.bscan_inst/SERIES7_BSCAN.bscan_inst/INTERNAL_TCK  {rise@0.000ns fall@25.000ns period=50.000ns})
  Path Group:             dbg_hub/inst/BSCANID.u_xsdbm_id/SWITCH_N_EXT_BSCAN.bscan_inst/SERIES7_BSCAN.bscan_inst/INTERNAL_TCK
  Path Type:              Setup (Max at Fast Process Corner)
  Requirement:            25.000ns  (dbg_hub/inst/BSCANID.u_xsdbm_id/SWITCH_N_EXT_BSCAN.bscan_inst/SERIES7_BSCAN.bscan_inst/INTERNAL_TCK rise@50.000ns - dbg_hub/inst/BSCANID.u_xsdbm_id/SWITCH_N_EXT_BSCAN.bscan_inst/SERIES7_BSCAN.bscan_inst/INTERNAL_TCK fall@25.000ns)
  Data Path Delay:        7.640ns  (logic 6.057ns (79.284%)  route 1.583ns (20.716%))
  Logic Levels:           3  (LUT4=1 LUT5=2)
  Clock Path Skew:        2.625ns (DCD - SCD + CPR)
    Destination Clock Delay (DCD):    2.625ns = ( 52.625 - 50.000 ) 
    Source Clock Delay      (SCD):    0.000ns = ( 25.000 - 25.000 ) 
    Clock Pessimism Removal (CPR):    0.000ns
  Clock Uncertainty:      0.235ns  ((TSJ^2 + TIJ^2)^1/2 + DJ) / 2 + PE + DCD
    Total System Jitter     (TSJ):    0.071ns
    Total Input Jitter      (TIJ):    0.000ns
    Discrete Jitter          (DJ):    0.000ns
    Phase Error              (PE):    0.000ns
    Duty Cycle Distortion   (DCD):    0.200ns
  Clock Net Delay (Destination): 1.409ns (routing 0.805ns, distribution 0.604ns)

    Location             Delay type                Incr(ns)  Path(ns)    Netlist Resource(s)
  -------------------------------------------------------------------    -------------------
                         (clock dbg_hub/inst/BSCANID.u_xsdbm_id/SWITCH_N_EXT_BSCAN.bscan_inst/SERIES7_BSCAN.bscan_inst/INTERNAL_TCK fall edge)
                                                     25.000    25.000 f  
    CONFIG_SITE_X0Y0     BSCANE2                      0.000    25.000 f  dbg_hub/inst/BSCANID.u_xsdbm_id/SWITCH_N_EXT_BSCAN.bscan_inst/SERIES7_BSCAN.bscan_inst/INTERNAL_TCK
  -------------------------------------------------------------------    -------------------
    CONFIG_SITE_X0Y0     BSCANE2 (Prop_BSCAN1_CONFIG_SITE_INTERNAL_TCK_SHIFT)
                                                      5.600    30.600 f  dbg_hub/inst/BSCANID.u_xsdbm_id/SWITCH_N_EXT_BSCAN.bscan_inst/SERIES7_BSCAN.bscan_inst/SHIFT
                         net (fo=37, routed)          0.538    31.138    dbg_hub/inst/BSCANID.u_xsdbm_id/SWITCH_N_EXT_BSCAN.bscan_switch/s_bscan_shift
    SLICE_X50Y167        LUT5 (Prop_F6LUT_SLICEL_I4_O)
                                                      0.170    31.308 f  dbg_hub/inst/BSCANID.u_xsdbm_id/SWITCH_N_EXT_BSCAN.bscan_switch/m_bscan_shift[0]_INST_0/O
                         net (fo=4, routed)           0.678    31.986    dbg_hub/inst/BSCANID.u_xsdbm_id/CORE_XSDB.U_ICON/U_CMD/icn_cmd_en_reg[7]
    SLICE_X54Y113        LUT4 (Prop_D6LUT_SLICEM_I1_O)
                                                      0.170    32.156 f  dbg_hub/inst/BSCANID.u_xsdbm_id/CORE_XSDB.U_ICON/U_CMD/iSTAT_CNT[5]_i_4/O
                         net (fo=1, routed)           0.182    32.338    dbg_hub/inst/BSCANID.u_xsdbm_id/CORE_XSDB.U_ICON/U_CMD/iSTAT_CNT[5]_i_4_n_0
    SLICE_X54Y111        LUT5 (Prop_B6LUT_SLICEM_I4_O)
                                                      0.117    32.455 r  dbg_hub/inst/BSCANID.u_xsdbm_id/CORE_XSDB.U_ICON/U_CMD/iSTAT_CNT[5]_i_1/O
                         net (fo=6, routed)           0.185    32.640    dbg_hub/inst/BSCANID.u_xsdbm_id/CORE_XSDB.U_ICON/U_STAT/SR[0]
    SLICE_X55Y112        FDRE                                         r  dbg_hub/inst/BSCANID.u_xsdbm_id/CORE_XSDB.U_ICON/U_STAT/iSTAT_CNT_reg[3]/R
  -------------------------------------------------------------------    -------------------

                         (clock dbg_hub/inst/BSCANID.u_xsdbm_id/SWITCH_N_EXT_BSCAN.bscan_inst/SERIES7_BSCAN.bscan_inst/INTERNAL_TCK rise edge)
                                                     50.000    50.000 r  
    CONFIG_SITE_X0Y0     BSCANE2                      0.000    50.000 r  dbg_hub/inst/BSCANID.u_xsdbm_id/SWITCH_N_EXT_BSCAN.bscan_inst/SERIES7_BSCAN.bscan_inst/INTERNAL_TCK
    CONFIG_SITE_X0Y0     BSCANE2 (Prop_BSCAN1_CONFIG_SITE_INTERNAL_TCK_TCK)
                                                      0.465    50.465 r  dbg_hub/inst/BSCANID.u_xsdbm_id/SWITCH_N_EXT_BSCAN.bscan_inst/SERIES7_BSCAN.bscan_inst/TCK
                         net (fo=1, routed)           0.728    51.193    dbg_hub/inst/BSCANID.u_xsdbm_id/tck_bs
    BUFGCE_X0Y76         BUFGCE (Prop_BUFCE_BUFGCE_I_O)
                                                      0.023    51.216 r  dbg_hub/inst/BSCANID.u_xsdbm_id/SWITCH_N_EXT_BSCAN.u_bufg_icon_tck/O
    X2Y1 (CLOCK_ROOT)    net (fo=482, routed)         1.409    52.625    dbg_hub/inst/BSCANID.u_xsdbm_id/CORE_XSDB.U_ICON/U_STAT/m_bscan_tck[0]
    SLICE_X55Y112        FDRE                                         r  dbg_hub/inst/BSCANID.u_xsdbm_id/CORE_XSDB.U_ICON/U_STAT/iSTAT_CNT_reg[3]/C
                         clock pessimism              0.000    52.625    
                         clock uncertainty           -0.235    52.389    
    SLICE_X55Y112        FDRE (Setup_CFF_SLICEL_C_R)
                                                     -0.049    52.340    dbg_hub/inst/BSCANID.u_xsdbm_id/CORE_XSDB.U_ICON/U_STAT/iSTAT_CNT_reg[3]
  -------------------------------------------------------------------
                         required time                         52.340    
                         arrival time                         -32.640    
  -------------------------------------------------------------------
                         slack                                 19.701    

Slack (MET) :             19.701ns  (required time - arrival time)
  Source:                 dbg_hub/inst/BSCANID.u_xsdbm_id/SWITCH_N_EXT_BSCAN.bscan_inst/SERIES7_BSCAN.bscan_inst/INTERNAL_TCK
                            (falling edge-triggered cell BSCANE2 clocked by dbg_hub/inst/BSCANID.u_xsdbm_id/SWITCH_N_EXT_BSCAN.bscan_inst/SERIES7_BSCAN.bscan_inst/INTERNAL_TCK  {rise@0.000ns fall@25.000ns period=50.000ns})
  Destination:            dbg_hub/inst/BSCANID.u_xsdbm_id/CORE_XSDB.U_ICON/U_STAT/iSTAT_CNT_reg[4]/R
                            (rising edge-triggered cell FDRE clocked by dbg_hub/inst/BSCANID.u_xsdbm_id/SWITCH_N_EXT_BSCAN.bscan_inst/SERIES7_BSCAN.bscan_inst/INTERNAL_TCK  {rise@0.000ns fall@25.000ns period=50.000ns})
  Path Group:             dbg_hub/inst/BSCANID.u_xsdbm_id/SWITCH_N_EXT_BSCAN.bscan_inst/SERIES7_BSCAN.bscan_inst/INTERNAL_TCK
  Path Type:              Setup (Max at Fast Process Corner)
  Requirement:            25.000ns  (dbg_hub/inst/BSCANID.u_xsdbm_id/SWITCH_N_EXT_BSCAN.bscan_inst/SERIES7_BSCAN.bscan_inst/INTERNAL_TCK rise@50.000ns - dbg_hub/inst/BSCANID.u_xsdbm_id/SWITCH_N_EXT_BSCAN.bscan_inst/SERIES7_BSCAN.bscan_inst/INTERNAL_TCK fall@25.000ns)
  Data Path Delay:        7.640ns  (logic 6.057ns (79.284%)  route 1.583ns (20.716%))
  Logic Levels:           3  (LUT4=1 LUT5=2)
  Clock Path Skew:        2.625ns (DCD - SCD + CPR)
    Destination Clock Delay (DCD):    2.625ns = ( 52.625 - 50.000 ) 
    Source Clock Delay      (SCD):    0.000ns = ( 25.000 - 25.000 ) 
    Clock Pessimism Removal (CPR):    0.000ns
  Clock Uncertainty:      0.235ns  ((TSJ^2 + TIJ^2)^1/2 + DJ) / 2 + PE + DCD
    Total System Jitter     (TSJ):    0.071ns
    Total Input Jitter      (TIJ):    0.000ns
    Discrete Jitter          (DJ):    0.000ns
    Phase Error              (PE):    0.000ns
    Duty Cycle Distortion   (DCD):    0.200ns
  Clock Net Delay (Destination): 1.409ns (routing 0.805ns, distribution 0.604ns)

    Location             Delay type                Incr(ns)  Path(ns)    Netlist Resource(s)
  -------------------------------------------------------------------    -------------------
                         (clock dbg_hub/inst/BSCANID.u_xsdbm_id/SWITCH_N_EXT_BSCAN.bscan_inst/SERIES7_BSCAN.bscan_inst/INTERNAL_TCK fall edge)
                                                     25.000    25.000 f  
    CONFIG_SITE_X0Y0     BSCANE2                      0.000    25.000 f  dbg_hub/inst/BSCANID.u_xsdbm_id/SWITCH_N_EXT_BSCAN.bscan_inst/SERIES7_BSCAN.bscan_inst/INTERNAL_TCK
  -------------------------------------------------------------------    -------------------
    CONFIG_SITE_X0Y0     BSCANE2 (Prop_BSCAN1_CONFIG_SITE_INTERNAL_TCK_SHIFT)
                                                      5.600    30.600 f  dbg_hub/inst/BSCANID.u_xsdbm_id/SWITCH_N_EXT_BSCAN.bscan_inst/SERIES7_BSCAN.bscan_inst/SHIFT
                         net (fo=37, routed)          0.538    31.138    dbg_hub/inst/BSCANID.u_xsdbm_id/SWITCH_N_EXT_BSCAN.bscan_switch/s_bscan_shift
    SLICE_X50Y167        LUT5 (Prop_F6LUT_SLICEL_I4_O)
                                                      0.170    31.308 f  dbg_hub/inst/BSCANID.u_xsdbm_id/SWITCH_N_EXT_BSCAN.bscan_switch/m_bscan_shift[0]_INST_0/O
                         net (fo=4, routed)           0.678    31.986    dbg_hub/inst/BSCANID.u_xsdbm_id/CORE_XSDB.U_ICON/U_CMD/icn_cmd_en_reg[7]
    SLICE_X54Y113        LUT4 (Prop_D6LUT_SLICEM_I1_O)
                                                      0.170    32.156 f  dbg_hub/inst/BSCANID.u_xsdbm_id/CORE_XSDB.U_ICON/U_CMD/iSTAT_CNT[5]_i_4/O
                         net (fo=1, routed)           0.182    32.338    dbg_hub/inst/BSCANID.u_xsdbm_id/CORE_XSDB.U_ICON/U_CMD/iSTAT_CNT[5]_i_4_n_0
    SLICE_X54Y111        LUT5 (Prop_B6LUT_SLICEM_I4_O)
                                                      0.117    32.455 r  dbg_hub/inst/BSCANID.u_xsdbm_id/CORE_XSDB.U_ICON/U_CMD/iSTAT_CNT[5]_i_1/O
                         net (fo=6, routed)           0.185    32.640    dbg_hub/inst/BSCANID.u_xsdbm_id/CORE_XSDB.U_ICON/U_STAT/SR[0]
    SLICE_X55Y112        FDRE                                         r  dbg_hub/inst/BSCANID.u_xsdbm_id/CORE_XSDB.U_ICON/U_STAT/iSTAT_CNT_reg[4]/R
  -------------------------------------------------------------------    -------------------

                         (clock dbg_hub/inst/BSCANID.u_xsdbm_id/SWITCH_N_EXT_BSCAN.bscan_inst/SERIES7_BSCAN.bscan_inst/INTERNAL_TCK rise edge)
                                                     50.000    50.000 r  
    CONFIG_SITE_X0Y0     BSCANE2                      0.000    50.000 r  dbg_hub/inst/BSCANID.u_xsdbm_id/SWITCH_N_EXT_BSCAN.bscan_inst/SERIES7_BSCAN.bscan_inst/INTERNAL_TCK
    CONFIG_SITE_X0Y0     BSCANE2 (Prop_BSCAN1_CONFIG_SITE_INTERNAL_TCK_TCK)
                                                      0.465    50.465 r  dbg_hub/inst/BSCANID.u_xsdbm_id/SWITCH_N_EXT_BSCAN.bscan_inst/SERIES7_BSCAN.bscan_inst/TCK
                         net (fo=1, routed)           0.728    51.193    dbg_hub/inst/BSCANID.u_xsdbm_id/tck_bs
    BUFGCE_X0Y76         BUFGCE (Prop_BUFCE_BUFGCE_I_O)
                                                      0.023    51.216 r  dbg_hub/inst/BSCANID.u_xsdbm_id/SWITCH_N_EXT_BSCAN.u_bufg_icon_tck/O
    X2Y1 (CLOCK_ROOT)    net (fo=482, routed)         1.409    52.625    dbg_hub/inst/BSCANID.u_xsdbm_id/CORE_XSDB.U_ICON/U_STAT/m_bscan_tck[0]
    SLICE_X55Y112        FDRE                                         r  dbg_hub/inst/BSCANID.u_xsdbm_id/CORE_XSDB.U_ICON/U_STAT/iSTAT_CNT_reg[4]/C
                         clock pessimism              0.000    52.625    
                         clock uncertainty           -0.235    52.389    
    SLICE_X55Y112        FDRE (Setup_CFF2_SLICEL_C_R)
                                                     -0.049    52.340    dbg_hub/inst/BSCANID.u_xsdbm_id/CORE_XSDB.U_ICON/U_STAT/iSTAT_CNT_reg[4]
  -------------------------------------------------------------------
                         required time                         52.340    
                         arrival time                         -32.640    
  -------------------------------------------------------------------
                         slack                                 19.701    

Slack (MET) :             19.701ns  (required time - arrival time)
  Source:                 dbg_hub/inst/BSCANID.u_xsdbm_id/SWITCH_N_EXT_BSCAN.bscan_inst/SERIES7_BSCAN.bscan_inst/INTERNAL_TCK
                            (falling edge-triggered cell BSCANE2 clocked by dbg_hub/inst/BSCANID.u_xsdbm_id/SWITCH_N_EXT_BSCAN.bscan_inst/SERIES7_BSCAN.bscan_inst/INTERNAL_TCK  {rise@0.000ns fall@25.000ns period=50.000ns})
  Destination:            dbg_hub/inst/BSCANID.u_xsdbm_id/CORE_XSDB.U_ICON/U_STAT/iSTAT_CNT_reg[5]/R
                            (rising edge-triggered cell FDRE clocked by dbg_hub/inst/BSCANID.u_xsdbm_id/SWITCH_N_EXT_BSCAN.bscan_inst/SERIES7_BSCAN.bscan_inst/INTERNAL_TCK  {rise@0.000ns fall@25.000ns period=50.000ns})
  Path Group:             dbg_hub/inst/BSCANID.u_xsdbm_id/SWITCH_N_EXT_BSCAN.bscan_inst/SERIES7_BSCAN.bscan_inst/INTERNAL_TCK
  Path Type:              Setup (Max at Fast Process Corner)
  Requirement:            25.000ns  (dbg_hub/inst/BSCANID.u_xsdbm_id/SWITCH_N_EXT_BSCAN.bscan_inst/SERIES7_BSCAN.bscan_inst/INTERNAL_TCK rise@50.000ns - dbg_hub/inst/BSCANID.u_xsdbm_id/SWITCH_N_EXT_BSCAN.bscan_inst/SERIES7_BSCAN.bscan_inst/INTERNAL_TCK fall@25.000ns)
  Data Path Delay:        7.640ns  (logic 6.057ns (79.284%)  route 1.583ns (20.716%))
  Logic Levels:           3  (LUT4=1 LUT5=2)
  Clock Path Skew:        2.625ns (DCD - SCD + CPR)
    Destination Clock Delay (DCD):    2.625ns = ( 52.625 - 50.000 ) 
    Source Clock Delay      (SCD):    0.000ns = ( 25.000 - 25.000 ) 
    Clock Pessimism Removal (CPR):    0.000ns
  Clock Uncertainty:      0.235ns  ((TSJ^2 + TIJ^2)^1/2 + DJ) / 2 + PE + DCD
    Total System Jitter     (TSJ):    0.071ns
    Total Input Jitter      (TIJ):    0.000ns
    Discrete Jitter          (DJ):    0.000ns
    Phase Error              (PE):    0.000ns
    Duty Cycle Distortion   (DCD):    0.200ns
  Clock Net Delay (Destination): 1.409ns (routing 0.805ns, distribution 0.604ns)

    Location             Delay type                Incr(ns)  Path(ns)    Netlist Resource(s)
  -------------------------------------------------------------------    -------------------
                         (clock dbg_hub/inst/BSCANID.u_xsdbm_id/SWITCH_N_EXT_BSCAN.bscan_inst/SERIES7_BSCAN.bscan_inst/INTERNAL_TCK fall edge)
                                                     25.000    25.000 f  
    CONFIG_SITE_X0Y0     BSCANE2                      0.000    25.000 f  dbg_hub/inst/BSCANID.u_xsdbm_id/SWITCH_N_EXT_BSCAN.bscan_inst/SERIES7_BSCAN.bscan_inst/INTERNAL_TCK
  -------------------------------------------------------------------    -------------------
    CONFIG_SITE_X0Y0     BSCANE2 (Prop_BSCAN1_CONFIG_SITE_INTERNAL_TCK_SHIFT)
                                                      5.600    30.600 f  dbg_hub/inst/BSCANID.u_xsdbm_id/SWITCH_N_EXT_BSCAN.bscan_inst/SERIES7_BSCAN.bscan_inst/SHIFT
                         net (fo=37, routed)          0.538    31.138    dbg_hub/inst/BSCANID.u_xsdbm_id/SWITCH_N_EXT_BSCAN.bscan_switch/s_bscan_shift
    SLICE_X50Y167        LUT5 (Prop_F6LUT_SLICEL_I4_O)
                                                      0.170    31.308 f  dbg_hub/inst/BSCANID.u_xsdbm_id/SWITCH_N_EXT_BSCAN.bscan_switch/m_bscan_shift[0]_INST_0/O
                         net (fo=4, routed)           0.678    31.986    dbg_hub/inst/BSCANID.u_xsdbm_id/CORE_XSDB.U_ICON/U_CMD/icn_cmd_en_reg[7]
    SLICE_X54Y113        LUT4 (Prop_D6LUT_SLICEM_I1_O)
                                                      0.170    32.156 f  dbg_hub/inst/BSCANID.u_xsdbm_id/CORE_XSDB.U_ICON/U_CMD/iSTAT_CNT[5]_i_4/O
                         net (fo=1, routed)           0.182    32.338    dbg_hub/inst/BSCANID.u_xsdbm_id/CORE_XSDB.U_ICON/U_CMD/iSTAT_CNT[5]_i_4_n_0
    SLICE_X54Y111        LUT5 (Prop_B6LUT_SLICEM_I4_O)
                                                      0.117    32.455 r  dbg_hub/inst/BSCANID.u_xsdbm_id/CORE_XSDB.U_ICON/U_CMD/iSTAT_CNT[5]_i_1/O
                         net (fo=6, routed)           0.185    32.640    dbg_hub/inst/BSCANID.u_xsdbm_id/CORE_XSDB.U_ICON/U_STAT/SR[0]
    SLICE_X55Y112        FDRE                                         r  dbg_hub/inst/BSCANID.u_xsdbm_id/CORE_XSDB.U_ICON/U_STAT/iSTAT_CNT_reg[5]/R
  -------------------------------------------------------------------    -------------------

                         (clock dbg_hub/inst/BSCANID.u_xsdbm_id/SWITCH_N_EXT_BSCAN.bscan_inst/SERIES7_BSCAN.bscan_inst/INTERNAL_TCK rise edge)
                                                     50.000    50.000 r  
    CONFIG_SITE_X0Y0     BSCANE2                      0.000    50.000 r  dbg_hub/inst/BSCANID.u_xsdbm_id/SWITCH_N_EXT_BSCAN.bscan_inst/SERIES7_BSCAN.bscan_inst/INTERNAL_TCK
    CONFIG_SITE_X0Y0     BSCANE2 (Prop_BSCAN1_CONFIG_SITE_INTERNAL_TCK_TCK)
                                                      0.465    50.465 r  dbg_hub/inst/BSCANID.u_xsdbm_id/SWITCH_N_EXT_BSCAN.bscan_inst/SERIES7_BSCAN.bscan_inst/TCK
                         net (fo=1, routed)           0.728    51.193    dbg_hub/inst/BSCANID.u_xsdbm_id/tck_bs
    BUFGCE_X0Y76         BUFGCE (Prop_BUFCE_BUFGCE_I_O)
                                                      0.023    51.216 r  dbg_hub/inst/BSCANID.u_xsdbm_id/SWITCH_N_EXT_BSCAN.u_bufg_icon_tck/O
    X2Y1 (CLOCK_ROOT)    net (fo=482, routed)         1.409    52.625    dbg_hub/inst/BSCANID.u_xsdbm_id/CORE_XSDB.U_ICON/U_STAT/m_bscan_tck[0]
    SLICE_X55Y112        FDRE                                         r  dbg_hub/inst/BSCANID.u_xsdbm_id/CORE_XSDB.U_ICON/U_STAT/iSTAT_CNT_reg[5]/C
                         clock pessimism              0.000    52.625    
                         clock uncertainty           -0.235    52.389    
    SLICE_X55Y112        FDRE (Setup_AFF_SLICEL_C_R)
                                                     -0.049    52.340    dbg_hub/inst/BSCANID.u_xsdbm_id/CORE_XSDB.U_ICON/U_STAT/iSTAT_CNT_reg[5]
  -------------------------------------------------------------------
                         required time                         52.340    
                         arrival time                         -32.640    
  -------------------------------------------------------------------
                         slack                                 19.701    

Slack (MET) :             19.964ns  (required time - arrival time)
  Source:                 dbg_hub/inst/BSCANID.u_xsdbm_id/SWITCH_N_EXT_BSCAN.bscan_inst/SERIES7_BSCAN.bscan_inst/INTERNAL_TCK
                            (falling edge-triggered cell BSCANE2 clocked by dbg_hub/inst/BSCANID.u_xsdbm_id/SWITCH_N_EXT_BSCAN.bscan_inst/SERIES7_BSCAN.bscan_inst/INTERNAL_TCK  {rise@0.000ns fall@25.000ns period=50.000ns})
  Destination:            dbg_hub/inst/BSCANID.u_xsdbm_id/CORE_XSDB.U_ICON/U_CMD/iTARGET_reg[12]/CE
                            (rising edge-triggered cell FDCE clocked by dbg_hub/inst/BSCANID.u_xsdbm_id/SWITCH_N_EXT_BSCAN.bscan_inst/SERIES7_BSCAN.bscan_inst/INTERNAL_TCK  {rise@0.000ns fall@25.000ns period=50.000ns})
  Path Group:             dbg_hub/inst/BSCANID.u_xsdbm_id/SWITCH_N_EXT_BSCAN.bscan_inst/SERIES7_BSCAN.bscan_inst/INTERNAL_TCK
  Path Type:              Setup (Max at Fast Process Corner)
  Requirement:            25.000ns  (dbg_hub/inst/BSCANID.u_xsdbm_id/SWITCH_N_EXT_BSCAN.bscan_inst/SERIES7_BSCAN.bscan_inst/INTERNAL_TCK rise@50.000ns - dbg_hub/inst/BSCANID.u_xsdbm_id/SWITCH_N_EXT_BSCAN.bscan_inst/SERIES7_BSCAN.bscan_inst/INTERNAL_TCK fall@25.000ns)
  Data Path Delay:        7.402ns  (logic 5.940ns (80.246%)  route 1.462ns (19.754%))
  Logic Levels:           2  (LUT2=1 LUT5=1)
  Clock Path Skew:        2.630ns (DCD - SCD + CPR)
    Destination Clock Delay (DCD):    2.630ns = ( 52.630 - 50.000 ) 
    Source Clock Delay      (SCD):    0.000ns = ( 25.000 - 25.000 ) 
    Clock Pessimism Removal (CPR):    0.000ns
  Clock Uncertainty:      0.235ns  ((TSJ^2 + TIJ^2)^1/2 + DJ) / 2 + PE + DCD
    Total System Jitter     (TSJ):    0.071ns
    Total Input Jitter      (TIJ):    0.000ns
    Discrete Jitter          (DJ):    0.000ns
    Phase Error              (PE):    0.000ns
    Duty Cycle Distortion   (DCD):    0.200ns
  Clock Net Delay (Destination): 1.414ns (routing 0.805ns, distribution 0.609ns)

    Location             Delay type                Incr(ns)  Path(ns)    Netlist Resource(s)
  -------------------------------------------------------------------    -------------------
                         (clock dbg_hub/inst/BSCANID.u_xsdbm_id/SWITCH_N_EXT_BSCAN.bscan_inst/SERIES7_BSCAN.bscan_inst/INTERNAL_TCK fall edge)
                                                     25.000    25.000 f  
    CONFIG_SITE_X0Y0     BSCANE2                      0.000    25.000 f  dbg_hub/inst/BSCANID.u_xsdbm_id/SWITCH_N_EXT_BSCAN.bscan_inst/SERIES7_BSCAN.bscan_inst/INTERNAL_TCK
  -------------------------------------------------------------------    -------------------
    CONFIG_SITE_X0Y0     BSCANE2 (Prop_BSCAN1_CONFIG_SITE_INTERNAL_TCK_SHIFT)
                                                      5.600    30.600 r  dbg_hub/inst/BSCANID.u_xsdbm_id/SWITCH_N_EXT_BSCAN.bscan_inst/SERIES7_BSCAN.bscan_inst/SHIFT
                         net (fo=37, routed)          0.538    31.138    dbg_hub/inst/BSCANID.u_xsdbm_id/SWITCH_N_EXT_BSCAN.bscan_switch/s_bscan_shift
    SLICE_X50Y167        LUT5 (Prop_F6LUT_SLICEL_I4_O)
                                                      0.170    31.308 r  dbg_hub/inst/BSCANID.u_xsdbm_id/SWITCH_N_EXT_BSCAN.bscan_switch/m_bscan_shift[0]_INST_0/O
                         net (fo=4, routed)           0.642    31.950    dbg_hub/inst/BSCANID.u_xsdbm_id/CORE_XSDB.U_ICON/U_CMD/icn_cmd_en_reg[7]
    SLICE_X54Y114        LUT2 (Prop_G6LUT_SLICEM_I0_O)
                                                      0.170    32.120 r  dbg_hub/inst/BSCANID.u_xsdbm_id/CORE_XSDB.U_ICON/U_CMD/iTARGET[15]_i_1/O
                         net (fo=10, routed)          0.282    32.402    dbg_hub/inst/BSCANID.u_xsdbm_id/CORE_XSDB.U_ICON/U_CMD/iTARGET_CE
    SLICE_X55Y111        FDCE                                         r  dbg_hub/inst/BSCANID.u_xsdbm_id/CORE_XSDB.U_ICON/U_CMD/iTARGET_reg[12]/CE
  -------------------------------------------------------------------    -------------------

                         (clock dbg_hub/inst/BSCANID.u_xsdbm_id/SWITCH_N_EXT_BSCAN.bscan_inst/SERIES7_BSCAN.bscan_inst/INTERNAL_TCK rise edge)
                                                     50.000    50.000 r  
    CONFIG_SITE_X0Y0     BSCANE2                      0.000    50.000 r  dbg_hub/inst/BSCANID.u_xsdbm_id/SWITCH_N_EXT_BSCAN.bscan_inst/SERIES7_BSCAN.bscan_inst/INTERNAL_TCK
    CONFIG_SITE_X0Y0     BSCANE2 (Prop_BSCAN1_CONFIG_SITE_INTERNAL_TCK_TCK)
                                                      0.465    50.465 r  dbg_hub/inst/BSCANID.u_xsdbm_id/SWITCH_N_EXT_BSCAN.bscan_inst/SERIES7_BSCAN.bscan_inst/TCK
                         net (fo=1, routed)           0.728    51.193    dbg_hub/inst/BSCANID.u_xsdbm_id/tck_bs
    BUFGCE_X0Y76         BUFGCE (Prop_BUFCE_BUFGCE_I_O)
                                                      0.023    51.216 r  dbg_hub/inst/BSCANID.u_xsdbm_id/SWITCH_N_EXT_BSCAN.u_bufg_icon_tck/O
    X2Y1 (CLOCK_ROOT)    net (fo=482, routed)         1.414    52.630    dbg_hub/inst/BSCANID.u_xsdbm_id/CORE_XSDB.U_ICON/U_CMD/m_bscan_tck[0]
    SLICE_X55Y111        FDCE                                         r  dbg_hub/inst/BSCANID.u_xsdbm_id/CORE_XSDB.U_ICON/U_CMD/iTARGET_reg[12]/C
                         clock pessimism              0.000    52.630    
                         clock uncertainty           -0.235    52.395    
    SLICE_X55Y111        FDCE (Setup_EFF_SLICEL_C_CE)
                                                     -0.028    52.367    dbg_hub/inst/BSCANID.u_xsdbm_id/CORE_XSDB.U_ICON/U_CMD/iTARGET_reg[12]
  -------------------------------------------------------------------
                         required time                         52.367    
                         arrival time                         -32.402    
  -------------------------------------------------------------------
                         slack                                 19.964    

Slack (MET) :             19.964ns  (required time - arrival time)
  Source:                 dbg_hub/inst/BSCANID.u_xsdbm_id/SWITCH_N_EXT_BSCAN.bscan_inst/SERIES7_BSCAN.bscan_inst/INTERNAL_TCK
                            (falling edge-triggered cell BSCANE2 clocked by dbg_hub/inst/BSCANID.u_xsdbm_id/SWITCH_N_EXT_BSCAN.bscan_inst/SERIES7_BSCAN.bscan_inst/INTERNAL_TCK  {rise@0.000ns fall@25.000ns period=50.000ns})
  Destination:            dbg_hub/inst/BSCANID.u_xsdbm_id/CORE_XSDB.U_ICON/U_CMD/iTARGET_reg[13]/CE
                            (rising edge-triggered cell FDCE clocked by dbg_hub/inst/BSCANID.u_xsdbm_id/SWITCH_N_EXT_BSCAN.bscan_inst/SERIES7_BSCAN.bscan_inst/INTERNAL_TCK  {rise@0.000ns fall@25.000ns period=50.000ns})
  Path Group:             dbg_hub/inst/BSCANID.u_xsdbm_id/SWITCH_N_EXT_BSCAN.bscan_inst/SERIES7_BSCAN.bscan_inst/INTERNAL_TCK
  Path Type:              Setup (Max at Fast Process Corner)
  Requirement:            25.000ns  (dbg_hub/inst/BSCANID.u_xsdbm_id/SWITCH_N_EXT_BSCAN.bscan_inst/SERIES7_BSCAN.bscan_inst/INTERNAL_TCK rise@50.000ns - dbg_hub/inst/BSCANID.u_xsdbm_id/SWITCH_N_EXT_BSCAN.bscan_inst/SERIES7_BSCAN.bscan_inst/INTERNAL_TCK fall@25.000ns)
  Data Path Delay:        7.403ns  (logic 5.940ns (80.236%)  route 1.463ns (19.764%))
  Logic Levels:           2  (LUT2=1 LUT5=1)
  Clock Path Skew:        2.630ns (DCD - SCD + CPR)
    Destination Clock Delay (DCD):    2.630ns = ( 52.630 - 50.000 ) 
    Source Clock Delay      (SCD):    0.000ns = ( 25.000 - 25.000 ) 
    Clock Pessimism Removal (CPR):    0.000ns
  Clock Uncertainty:      0.235ns  ((TSJ^2 + TIJ^2)^1/2 + DJ) / 2 + PE + DCD
    Total System Jitter     (TSJ):    0.071ns
    Total Input Jitter      (TIJ):    0.000ns
    Discrete Jitter          (DJ):    0.000ns
    Phase Error              (PE):    0.000ns
    Duty Cycle Distortion   (DCD):    0.200ns
  Clock Net Delay (Destination): 1.414ns (routing 0.805ns, distribution 0.609ns)

    Location             Delay type                Incr(ns)  Path(ns)    Netlist Resource(s)
  -------------------------------------------------------------------    -------------------
                         (clock dbg_hub/inst/BSCANID.u_xsdbm_id/SWITCH_N_EXT_BSCAN.bscan_inst/SERIES7_BSCAN.bscan_inst/INTERNAL_TCK fall edge)
                                                     25.000    25.000 f  
    CONFIG_SITE_X0Y0     BSCANE2                      0.000    25.000 f  dbg_hub/inst/BSCANID.u_xsdbm_id/SWITCH_N_EXT_BSCAN.bscan_inst/SERIES7_BSCAN.bscan_inst/INTERNAL_TCK
  -------------------------------------------------------------------    -------------------
    CONFIG_SITE_X0Y0     BSCANE2 (Prop_BSCAN1_CONFIG_SITE_INTERNAL_TCK_SHIFT)
                                                      5.600    30.600 r  dbg_hub/inst/BSCANID.u_xsdbm_id/SWITCH_N_EXT_BSCAN.bscan_inst/SERIES7_BSCAN.bscan_inst/SHIFT
                         net (fo=37, routed)          0.538    31.138    dbg_hub/inst/BSCANID.u_xsdbm_id/SWITCH_N_EXT_BSCAN.bscan_switch/s_bscan_shift
    SLICE_X50Y167        LUT5 (Prop_F6LUT_SLICEL_I4_O)
                                                      0.170    31.308 r  dbg_hub/inst/BSCANID.u_xsdbm_id/SWITCH_N_EXT_BSCAN.bscan_switch/m_bscan_shift[0]_INST_0/O
                         net (fo=4, routed)           0.642    31.950    dbg_hub/inst/BSCANID.u_xsdbm_id/CORE_XSDB.U_ICON/U_CMD/icn_cmd_en_reg[7]
    SLICE_X54Y114        LUT2 (Prop_G6LUT_SLICEM_I0_O)
                                                      0.170    32.120 r  dbg_hub/inst/BSCANID.u_xsdbm_id/CORE_XSDB.U_ICON/U_CMD/iTARGET[15]_i_1/O
                         net (fo=10, routed)          0.283    32.403    dbg_hub/inst/BSCANID.u_xsdbm_id/CORE_XSDB.U_ICON/U_CMD/iTARGET_CE
    SLICE_X55Y111        FDCE                                         r  dbg_hub/inst/BSCANID.u_xsdbm_id/CORE_XSDB.U_ICON/U_CMD/iTARGET_reg[13]/CE
  -------------------------------------------------------------------    -------------------

                         (clock dbg_hub/inst/BSCANID.u_xsdbm_id/SWITCH_N_EXT_BSCAN.bscan_inst/SERIES7_BSCAN.bscan_inst/INTERNAL_TCK rise edge)
                                                     50.000    50.000 r  
    CONFIG_SITE_X0Y0     BSCANE2                      0.000    50.000 r  dbg_hub/inst/BSCANID.u_xsdbm_id/SWITCH_N_EXT_BSCAN.bscan_inst/SERIES7_BSCAN.bscan_inst/INTERNAL_TCK
    CONFIG_SITE_X0Y0     BSCANE2 (Prop_BSCAN1_CONFIG_SITE_INTERNAL_TCK_TCK)
                                                      0.465    50.465 r  dbg_hub/inst/BSCANID.u_xsdbm_id/SWITCH_N_EXT_BSCAN.bscan_inst/SERIES7_BSCAN.bscan_inst/TCK
                         net (fo=1, routed)           0.728    51.193    dbg_hub/inst/BSCANID.u_xsdbm_id/tck_bs
    BUFGCE_X0Y76         BUFGCE (Prop_BUFCE_BUFGCE_I_O)
                                                      0.023    51.216 r  dbg_hub/inst/BSCANID.u_xsdbm_id/SWITCH_N_EXT_BSCAN.u_bufg_icon_tck/O
    X2Y1 (CLOCK_ROOT)    net (fo=482, routed)         1.414    52.630    dbg_hub/inst/BSCANID.u_xsdbm_id/CORE_XSDB.U_ICON/U_CMD/m_bscan_tck[0]
    SLICE_X55Y111        FDCE                                         r  dbg_hub/inst/BSCANID.u_xsdbm_id/CORE_XSDB.U_ICON/U_CMD/iTARGET_reg[13]/C
                         clock pessimism              0.000    52.630    
                         clock uncertainty           -0.235    52.395    
    SLICE_X55Y111        FDCE (Setup_EFF2_SLICEL_C_CE)
                                                     -0.027    52.368    dbg_hub/inst/BSCANID.u_xsdbm_id/CORE_XSDB.U_ICON/U_CMD/iTARGET_reg[13]
  -------------------------------------------------------------------
                         required time                         52.368    
                         arrival time                         -32.403    
  -------------------------------------------------------------------
                         slack                                 19.964    

Slack (MET) :             19.964ns  (required time - arrival time)
  Source:                 dbg_hub/inst/BSCANID.u_xsdbm_id/SWITCH_N_EXT_BSCAN.bscan_inst/SERIES7_BSCAN.bscan_inst/INTERNAL_TCK
                            (falling edge-triggered cell BSCANE2 clocked by dbg_hub/inst/BSCANID.u_xsdbm_id/SWITCH_N_EXT_BSCAN.bscan_inst/SERIES7_BSCAN.bscan_inst/INTERNAL_TCK  {rise@0.000ns fall@25.000ns period=50.000ns})
  Destination:            dbg_hub/inst/BSCANID.u_xsdbm_id/CORE_XSDB.U_ICON/U_CMD/iTARGET_reg[14]/CE
                            (rising edge-triggered cell FDCE clocked by dbg_hub/inst/BSCANID.u_xsdbm_id/SWITCH_N_EXT_BSCAN.bscan_inst/SERIES7_BSCAN.bscan_inst/INTERNAL_TCK  {rise@0.000ns fall@25.000ns period=50.000ns})
  Path Group:             dbg_hub/inst/BSCANID.u_xsdbm_id/SWITCH_N_EXT_BSCAN.bscan_inst/SERIES7_BSCAN.bscan_inst/INTERNAL_TCK
  Path Type:              Setup (Max at Fast Process Corner)
  Requirement:            25.000ns  (dbg_hub/inst/BSCANID.u_xsdbm_id/SWITCH_N_EXT_BSCAN.bscan_inst/SERIES7_BSCAN.bscan_inst/INTERNAL_TCK rise@50.000ns - dbg_hub/inst/BSCANID.u_xsdbm_id/SWITCH_N_EXT_BSCAN.bscan_inst/SERIES7_BSCAN.bscan_inst/INTERNAL_TCK fall@25.000ns)
  Data Path Delay:        7.402ns  (logic 5.940ns (80.246%)  route 1.462ns (19.754%))
  Logic Levels:           2  (LUT2=1 LUT5=1)
  Clock Path Skew:        2.630ns (DCD - SCD + CPR)
    Destination Clock Delay (DCD):    2.630ns = ( 52.630 - 50.000 ) 
    Source Clock Delay      (SCD):    0.000ns = ( 25.000 - 25.000 ) 
    Clock Pessimism Removal (CPR):    0.000ns
  Clock Uncertainty:      0.235ns  ((TSJ^2 + TIJ^2)^1/2 + DJ) / 2 + PE + DCD
    Total System Jitter     (TSJ):    0.071ns
    Total Input Jitter      (TIJ):    0.000ns
    Discrete Jitter          (DJ):    0.000ns
    Phase Error              (PE):    0.000ns
    Duty Cycle Distortion   (DCD):    0.200ns
  Clock Net Delay (Destination): 1.414ns (routing 0.805ns, distribution 0.609ns)

    Location             Delay type                Incr(ns)  Path(ns)    Netlist Resource(s)
  -------------------------------------------------------------------    -------------------
                         (clock dbg_hub/inst/BSCANID.u_xsdbm_id/SWITCH_N_EXT_BSCAN.bscan_inst/SERIES7_BSCAN.bscan_inst/INTERNAL_TCK fall edge)
                                                     25.000    25.000 f  
    CONFIG_SITE_X0Y0     BSCANE2                      0.000    25.000 f  dbg_hub/inst/BSCANID.u_xsdbm_id/SWITCH_N_EXT_BSCAN.bscan_inst/SERIES7_BSCAN.bscan_inst/INTERNAL_TCK
  -------------------------------------------------------------------    -------------------
    CONFIG_SITE_X0Y0     BSCANE2 (Prop_BSCAN1_CONFIG_SITE_INTERNAL_TCK_SHIFT)
                                                      5.600    30.600 r  dbg_hub/inst/BSCANID.u_xsdbm_id/SWITCH_N_EXT_BSCAN.bscan_inst/SERIES7_BSCAN.bscan_inst/SHIFT
                         net (fo=37, routed)          0.538    31.138    dbg_hub/inst/BSCANID.u_xsdbm_id/SWITCH_N_EXT_BSCAN.bscan_switch/s_bscan_shift
    SLICE_X50Y167        LUT5 (Prop_F6LUT_SLICEL_I4_O)
                                                      0.170    31.308 r  dbg_hub/inst/BSCANID.u_xsdbm_id/SWITCH_N_EXT_BSCAN.bscan_switch/m_bscan_shift[0]_INST_0/O
                         net (fo=4, routed)           0.642    31.950    dbg_hub/inst/BSCANID.u_xsdbm_id/CORE_XSDB.U_ICON/U_CMD/icn_cmd_en_reg[7]
    SLICE_X54Y114        LUT2 (Prop_G6LUT_SLICEM_I0_O)
                                                      0.170    32.120 r  dbg_hub/inst/BSCANID.u_xsdbm_id/CORE_XSDB.U_ICON/U_CMD/iTARGET[15]_i_1/O
                         net (fo=10, routed)          0.282    32.402    dbg_hub/inst/BSCANID.u_xsdbm_id/CORE_XSDB.U_ICON/U_CMD/iTARGET_CE
    SLICE_X55Y111        FDCE                                         r  dbg_hub/inst/BSCANID.u_xsdbm_id/CORE_XSDB.U_ICON/U_CMD/iTARGET_reg[14]/CE
  -------------------------------------------------------------------    -------------------

                         (clock dbg_hub/inst/BSCANID.u_xsdbm_id/SWITCH_N_EXT_BSCAN.bscan_inst/SERIES7_BSCAN.bscan_inst/INTERNAL_TCK rise edge)
                                                     50.000    50.000 r  
    CONFIG_SITE_X0Y0     BSCANE2                      0.000    50.000 r  dbg_hub/inst/BSCANID.u_xsdbm_id/SWITCH_N_EXT_BSCAN.bscan_inst/SERIES7_BSCAN.bscan_inst/INTERNAL_TCK
    CONFIG_SITE_X0Y0     BSCANE2 (Prop_BSCAN1_CONFIG_SITE_INTERNAL_TCK_TCK)
                                                      0.465    50.465 r  dbg_hub/inst/BSCANID.u_xsdbm_id/SWITCH_N_EXT_BSCAN.bscan_inst/SERIES7_BSCAN.bscan_inst/TCK
                         net (fo=1, routed)           0.728    51.193    dbg_hub/inst/BSCANID.u_xsdbm_id/tck_bs
    BUFGCE_X0Y76         BUFGCE (Prop_BUFCE_BUFGCE_I_O)
                                                      0.023    51.216 r  dbg_hub/inst/BSCANID.u_xsdbm_id/SWITCH_N_EXT_BSCAN.u_bufg_icon_tck/O
    X2Y1 (CLOCK_ROOT)    net (fo=482, routed)         1.414    52.630    dbg_hub/inst/BSCANID.u_xsdbm_id/CORE_XSDB.U_ICON/U_CMD/m_bscan_tck[0]
    SLICE_X55Y111        FDCE                                         r  dbg_hub/inst/BSCANID.u_xsdbm_id/CORE_XSDB.U_ICON/U_CMD/iTARGET_reg[14]/C
                         clock pessimism              0.000    52.630    
                         clock uncertainty           -0.235    52.395    
    SLICE_X55Y111        FDCE (Setup_FFF_SLICEL_C_CE)
                                                     -0.028    52.367    dbg_hub/inst/BSCANID.u_xsdbm_id/CORE_XSDB.U_ICON/U_CMD/iTARGET_reg[14]
  -------------------------------------------------------------------
                         required time                         52.367    
                         arrival time                         -32.402    
  -------------------------------------------------------------------
                         slack                                 19.964    





Min Delay Paths
--------------------------------------------------------------------------------------
Slack (MET) :             0.012ns  (arrival time - required time)
  Source:                 dbg_hub/inst/BSCANID.u_xsdbm_id/CORE_XSDB.UUT_MASTER/U_ICON_INTERFACE/U_CMD5/icn_cmd_din_temp_reg/C
                            (rising edge-triggered cell FDRE clocked by dbg_hub/inst/BSCANID.u_xsdbm_id/SWITCH_N_EXT_BSCAN.bscan_inst/SERIES7_BSCAN.bscan_inst/INTERNAL_TCK  {rise@0.000ns fall@25.000ns period=50.000ns})
  Destination:            dbg_hub/inst/BSCANID.u_xsdbm_id/CORE_XSDB.UUT_MASTER/U_ICON_INTERFACE/U_CMD5/shift_reg_in_reg[17]/D
                            (rising edge-triggered cell FDRE clocked by dbg_hub/inst/BSCANID.u_xsdbm_id/SWITCH_N_EXT_BSCAN.bscan_inst/SERIES7_BSCAN.bscan_inst/INTERNAL_TCK  {rise@0.000ns fall@25.000ns period=50.000ns})
  Path Group:             dbg_hub/inst/BSCANID.u_xsdbm_id/SWITCH_N_EXT_BSCAN.bscan_inst/SERIES7_BSCAN.bscan_inst/INTERNAL_TCK
  Path Type:              Hold (Min at Slow Process Corner)
  Requirement:            0.000ns  (dbg_hub/inst/BSCANID.u_xsdbm_id/SWITCH_N_EXT_BSCAN.bscan_inst/SERIES7_BSCAN.bscan_inst/INTERNAL_TCK rise@0.000ns - dbg_hub/inst/BSCANID.u_xsdbm_id/SWITCH_N_EXT_BSCAN.bscan_inst/SERIES7_BSCAN.bscan_inst/INTERNAL_TCK rise@0.000ns)
  Data Path Delay:        0.218ns  (logic 0.112ns (51.376%)  route 0.106ns (48.624%))
  Logic Levels:           0  
  Clock Path Skew:        0.103ns (DCD - SCD - CPR)
    Destination Clock Delay (DCD):    9.056ns
    Source Clock Delay      (SCD):    3.943ns
    Clock Pessimism Removal (CPR):    5.010ns
  Clock Net Delay (Source):      2.319ns (routing 1.340ns, distribution 0.979ns)
  Clock Net Delay (Destination): 2.581ns (routing 1.467ns, distribution 1.114ns)

    Location             Delay type                Incr(ns)  Path(ns)    Netlist Resource(s)
  -------------------------------------------------------------------    -------------------
                         (clock dbg_hub/inst/BSCANID.u_xsdbm_id/SWITCH_N_EXT_BSCAN.bscan_inst/SERIES7_BSCAN.bscan_inst/INTERNAL_TCK rise edge)
                                                      0.000     0.000 r  
    CONFIG_SITE_X0Y0     BSCANE2                      0.000     0.000 r  dbg_hub/inst/BSCANID.u_xsdbm_id/SWITCH_N_EXT_BSCAN.bscan_inst/SERIES7_BSCAN.bscan_inst/INTERNAL_TCK
    CONFIG_SITE_X0Y0     BSCANE2 (Prop_BSCAN1_CONFIG_SITE_INTERNAL_TCK_TCK)
                                                      0.465     0.465 r  dbg_hub/inst/BSCANID.u_xsdbm_id/SWITCH_N_EXT_BSCAN.bscan_inst/SERIES7_BSCAN.bscan_inst/TCK
                         net (fo=1, routed)           1.120     1.585    dbg_hub/inst/BSCANID.u_xsdbm_id/tck_bs
    BUFGCE_X0Y76         BUFGCE (Prop_BUFCE_BUFGCE_I_O)
                                                      0.039     1.624 r  dbg_hub/inst/BSCANID.u_xsdbm_id/SWITCH_N_EXT_BSCAN.u_bufg_icon_tck/O
    X2Y1 (CLOCK_ROOT)    net (fo=482, routed)         2.319     3.943    dbg_hub/inst/BSCANID.u_xsdbm_id/CORE_XSDB.UUT_MASTER/U_ICON_INTERFACE/U_CMD5/m_bscan_tck[0]
    SLICE_X53Y106        FDRE                                         r  dbg_hub/inst/BSCANID.u_xsdbm_id/CORE_XSDB.UUT_MASTER/U_ICON_INTERFACE/U_CMD5/icn_cmd_din_temp_reg/C
  -------------------------------------------------------------------    -------------------
    SLICE_X53Y106        FDRE (Prop_EFF_SLICEM_C_Q)
                                                      0.112     4.055 r  dbg_hub/inst/BSCANID.u_xsdbm_id/CORE_XSDB.UUT_MASTER/U_ICON_INTERFACE/U_CMD5/icn_cmd_din_temp_reg/Q
                         net (fo=1, routed)           0.106     4.161    dbg_hub/inst/BSCANID.u_xsdbm_id/CORE_XSDB.UUT_MASTER/U_ICON_INTERFACE/U_CMD5/icn_cmd_din_temp
    SLICE_X52Y106        FDRE                                         r  dbg_hub/inst/BSCANID.u_xsdbm_id/CORE_XSDB.UUT_MASTER/U_ICON_INTERFACE/U_CMD5/shift_reg_in_reg[17]/D
  -------------------------------------------------------------------    -------------------

                         (clock dbg_hub/inst/BSCANID.u_xsdbm_id/SWITCH_N_EXT_BSCAN.bscan_inst/SERIES7_BSCAN.bscan_inst/INTERNAL_TCK rise edge)
                                                      0.000     0.000 r  
    CONFIG_SITE_X0Y0     BSCANE2                      0.000     0.000 r  dbg_hub/inst/BSCANID.u_xsdbm_id/SWITCH_N_EXT_BSCAN.bscan_inst/SERIES7_BSCAN.bscan_inst/INTERNAL_TCK
    CONFIG_SITE_X0Y0     BSCANE2 (Prop_BSCAN1_CONFIG_SITE_INTERNAL_TCK_TCK)
                                                      4.800     4.800 r  dbg_hub/inst/BSCANID.u_xsdbm_id/SWITCH_N_EXT_BSCAN.bscan_inst/SERIES7_BSCAN.bscan_inst/TCK
                         net (fo=1, routed)           1.631     6.431    dbg_hub/inst/BSCANID.u_xsdbm_id/tck_bs
    BUFGCE_X0Y76         BUFGCE (Prop_BUFCE_BUFGCE_I_O)
                                                      0.044     6.475 r  dbg_hub/inst/BSCANID.u_xsdbm_id/SWITCH_N_EXT_BSCAN.u_bufg_icon_tck/O
    X2Y1 (CLOCK_ROOT)    net (fo=482, routed)         2.581     9.056    dbg_hub/inst/BSCANID.u_xsdbm_id/CORE_XSDB.UUT_MASTER/U_ICON_INTERFACE/U_CMD5/m_bscan_tck[0]
    SLICE_X52Y106        FDRE                                         r  dbg_hub/inst/BSCANID.u_xsdbm_id/CORE_XSDB.UUT_MASTER/U_ICON_INTERFACE/U_CMD5/shift_reg_in_reg[17]/C
                         clock pessimism             -5.010     4.046    
    SLICE_X52Y106        FDRE (Hold_HFF2_SLICEL_C_D)
                                                      0.103     4.149    dbg_hub/inst/BSCANID.u_xsdbm_id/CORE_XSDB.UUT_MASTER/U_ICON_INTERFACE/U_CMD5/shift_reg_in_reg[17]
  -------------------------------------------------------------------
                         required time                         -4.149    
                         arrival time                           4.161    
  -------------------------------------------------------------------
                         slack                                  0.012    

Slack (MET) :             0.036ns  (arrival time - required time)
  Source:                 dbg_hub/inst/BSCANID.u_xsdbm_id/CORE_XSDB.UUT_MASTER/U_ICON_INTERFACE/U_CMD6_RD/U_RD_FIFO/SUBCORE_FIFO.xsdbm_v3_0_0_rdfifo_inst/inst_fifo_gen/gconvfifo.rf/grf.rf/gntv_or_sync_fifo.gcx.clkx/gnxpm_cdc.gsync_stage[2].rd_stg_inst/Q_reg_reg[3]/C
                            (rising edge-triggered cell FDCE clocked by dbg_hub/inst/BSCANID.u_xsdbm_id/SWITCH_N_EXT_BSCAN.bscan_inst/SERIES7_BSCAN.bscan_inst/INTERNAL_TCK  {rise@0.000ns fall@25.000ns period=50.000ns})
  Destination:            dbg_hub/inst/BSCANID.u_xsdbm_id/CORE_XSDB.UUT_MASTER/U_ICON_INTERFACE/U_CMD6_RD/U_RD_FIFO/SUBCORE_FIFO.xsdbm_v3_0_0_rdfifo_inst/inst_fifo_gen/gconvfifo.rf/grf.rf/gntv_or_sync_fifo.gcx.clkx/gnxpm_cdc.wr_pntr_bin_reg[2]/D
                            (rising edge-triggered cell FDCE clocked by dbg_hub/inst/BSCANID.u_xsdbm_id/SWITCH_N_EXT_BSCAN.bscan_inst/SERIES7_BSCAN.bscan_inst/INTERNAL_TCK  {rise@0.000ns fall@25.000ns period=50.000ns})
  Path Group:             dbg_hub/inst/BSCANID.u_xsdbm_id/SWITCH_N_EXT_BSCAN.bscan_inst/SERIES7_BSCAN.bscan_inst/INTERNAL_TCK
  Path Type:              Hold (Min at Slow Process Corner)
  Requirement:            0.000ns  (dbg_hub/inst/BSCANID.u_xsdbm_id/SWITCH_N_EXT_BSCAN.bscan_inst/SERIES7_BSCAN.bscan_inst/INTERNAL_TCK rise@0.000ns - dbg_hub/inst/BSCANID.u_xsdbm_id/SWITCH_N_EXT_BSCAN.bscan_inst/SERIES7_BSCAN.bscan_inst/INTERNAL_TCK rise@0.000ns)
  Data Path Delay:        0.269ns  (logic 0.164ns (61.054%)  route 0.105ns (38.946%))
  Logic Levels:           1  (LUT2=1)
  Clock Path Skew:        0.132ns (DCD - SCD - CPR)
    Destination Clock Delay (DCD):    9.077ns
    Source Clock Delay      (SCD):    3.935ns
    Clock Pessimism Removal (CPR):    5.009ns
  Clock Net Delay (Source):      2.311ns (routing 1.340ns, distribution 0.971ns)
  Clock Net Delay (Destination): 2.602ns (routing 1.467ns, distribution 1.135ns)

    Location             Delay type                Incr(ns)  Path(ns)    Netlist Resource(s)
  -------------------------------------------------------------------    -------------------
                         (clock dbg_hub/inst/BSCANID.u_xsdbm_id/SWITCH_N_EXT_BSCAN.bscan_inst/SERIES7_BSCAN.bscan_inst/INTERNAL_TCK rise edge)
                                                      0.000     0.000 r  
    CONFIG_SITE_X0Y0     BSCANE2                      0.000     0.000 r  dbg_hub/inst/BSCANID.u_xsdbm_id/SWITCH_N_EXT_BSCAN.bscan_inst/SERIES7_BSCAN.bscan_inst/INTERNAL_TCK
    CONFIG_SITE_X0Y0     BSCANE2 (Prop_BSCAN1_CONFIG_SITE_INTERNAL_TCK_TCK)
                                                      0.465     0.465 r  dbg_hub/inst/BSCANID.u_xsdbm_id/SWITCH_N_EXT_BSCAN.bscan_inst/SERIES7_BSCAN.bscan_inst/TCK
                         net (fo=1, routed)           1.120     1.585    dbg_hub/inst/BSCANID.u_xsdbm_id/tck_bs
    BUFGCE_X0Y76         BUFGCE (Prop_BUFCE_BUFGCE_I_O)
                                                      0.039     1.624 r  dbg_hub/inst/BSCANID.u_xsdbm_id/SWITCH_N_EXT_BSCAN.u_bufg_icon_tck/O
    X2Y1 (CLOCK_ROOT)    net (fo=482, routed)         2.311     3.935    dbg_hub/inst/BSCANID.u_xsdbm_id/CORE_XSDB.UUT_MASTER/U_ICON_INTERFACE/U_CMD6_RD/U_RD_FIFO/SUBCORE_FIFO.xsdbm_v3_0_0_rdfifo_inst/inst_fifo_gen/gconvfifo.rf/grf.rf/gntv_or_sync_fifo.gcx.clkx/gnxpm_cdc.gsync_stage[2].rd_stg_inst/rd_clk
    SLICE_X56Y100        FDCE                                         r  dbg_hub/inst/BSCANID.u_xsdbm_id/CORE_XSDB.UUT_MASTER/U_ICON_INTERFACE/U_CMD6_RD/U_RD_FIFO/SUBCORE_FIFO.xsdbm_v3_0_0_rdfifo_inst/inst_fifo_gen/gconvfifo.rf/grf.rf/gntv_or_sync_fifo.gcx.clkx/gnxpm_cdc.gsync_stage[2].rd_stg_inst/Q_reg_reg[3]/C
  -------------------------------------------------------------------    -------------------
    SLICE_X56Y100        FDCE (Prop_BFF2_SLICEL_C_Q)
                                                      0.113     4.048 r  dbg_hub/inst/BSCANID.u_xsdbm_id/CORE_XSDB.UUT_MASTER/U_ICON_INTERFACE/U_CMD6_RD/U_RD_FIFO/SUBCORE_FIFO.xsdbm_v3_0_0_rdfifo_inst/inst_fifo_gen/gconvfifo.rf/grf.rf/gntv_or_sync_fifo.gcx.clkx/gnxpm_cdc.gsync_stage[2].rd_stg_inst/Q_reg_reg[3]/Q
                         net (fo=4, routed)           0.076     4.124    dbg_hub/inst/BSCANID.u_xsdbm_id/CORE_XSDB.UUT_MASTER/U_ICON_INTERFACE/U_CMD6_RD/U_RD_FIFO/SUBCORE_FIFO.xsdbm_v3_0_0_rdfifo_inst/inst_fifo_gen/gconvfifo.rf/grf.rf/gntv_or_sync_fifo.gcx.clkx/gnxpm_cdc.gsync_stage[2].rd_stg_inst/Q_reg[3]
    SLICE_X55Y100        LUT2 (Prop_D6LUT_SLICEL_I0_O)
                                                      0.051     4.175 r  dbg_hub/inst/BSCANID.u_xsdbm_id/CORE_XSDB.UUT_MASTER/U_ICON_INTERFACE/U_CMD6_RD/U_RD_FIFO/SUBCORE_FIFO.xsdbm_v3_0_0_rdfifo_inst/inst_fifo_gen/gconvfifo.rf/grf.rf/gntv_or_sync_fifo.gcx.clkx/gnxpm_cdc.gsync_stage[2].rd_stg_inst/gnxpm_cdc.wr_pntr_bin[2]_i_1/O
                         net (fo=1, routed)           0.029     4.204    dbg_hub/inst/BSCANID.u_xsdbm_id/CORE_XSDB.UUT_MASTER/U_ICON_INTERFACE/U_CMD6_RD/U_RD_FIFO/SUBCORE_FIFO.xsdbm_v3_0_0_rdfifo_inst/inst_fifo_gen/gconvfifo.rf/grf.rf/gntv_or_sync_fifo.gcx.clkx/gray2bin0__0
    SLICE_X55Y100        FDCE                                         r  dbg_hub/inst/BSCANID.u_xsdbm_id/CORE_XSDB.UUT_MASTER/U_ICON_INTERFACE/U_CMD6_RD/U_RD_FIFO/SUBCORE_FIFO.xsdbm_v3_0_0_rdfifo_inst/inst_fifo_gen/gconvfifo.rf/grf.rf/gntv_or_sync_fifo.gcx.clkx/gnxpm_cdc.wr_pntr_bin_reg[2]/D
  -------------------------------------------------------------------    -------------------

                         (clock dbg_hub/inst/BSCANID.u_xsdbm_id/SWITCH_N_EXT_BSCAN.bscan_inst/SERIES7_BSCAN.bscan_inst/INTERNAL_TCK rise edge)
                                                      0.000     0.000 r  
    CONFIG_SITE_X0Y0     BSCANE2                      0.000     0.000 r  dbg_hub/inst/BSCANID.u_xsdbm_id/SWITCH_N_EXT_BSCAN.bscan_inst/SERIES7_BSCAN.bscan_inst/INTERNAL_TCK
    CONFIG_SITE_X0Y0     BSCANE2 (Prop_BSCAN1_CONFIG_SITE_INTERNAL_TCK_TCK)
                                                      4.800     4.800 r  dbg_hub/inst/BSCANID.u_xsdbm_id/SWITCH_N_EXT_BSCAN.bscan_inst/SERIES7_BSCAN.bscan_inst/TCK
                         net (fo=1, routed)           1.631     6.431    dbg_hub/inst/BSCANID.u_xsdbm_id/tck_bs
    BUFGCE_X0Y76         BUFGCE (Prop_BUFCE_BUFGCE_I_O)
                                                      0.044     6.475 r  dbg_hub/inst/BSCANID.u_xsdbm_id/SWITCH_N_EXT_BSCAN.u_bufg_icon_tck/O
    X2Y1 (CLOCK_ROOT)    net (fo=482, routed)         2.602     9.077    dbg_hub/inst/BSCANID.u_xsdbm_id/CORE_XSDB.UUT_MASTER/U_ICON_INTERFACE/U_CMD6_RD/U_RD_FIFO/SUBCORE_FIFO.xsdbm_v3_0_0_rdfifo_inst/inst_fifo_gen/gconvfifo.rf/grf.rf/gntv_or_sync_fifo.gcx.clkx/rd_clk
    SLICE_X55Y100        FDCE                                         r  dbg_hub/inst/BSCANID.u_xsdbm_id/CORE_XSDB.UUT_MASTER/U_ICON_INTERFACE/U_CMD6_RD/U_RD_FIFO/SUBCORE_FIFO.xsdbm_v3_0_0_rdfifo_inst/inst_fifo_gen/gconvfifo.rf/grf.rf/gntv_or_sync_fifo.gcx.clkx/gnxpm_cdc.wr_pntr_bin_reg[2]/C
                         clock pessimism             -5.009     4.067    
    SLICE_X55Y100        FDCE (Hold_DFF_SLICEL_C_D)
                                                      0.101     4.168    dbg_hub/inst/BSCANID.u_xsdbm_id/CORE_XSDB.UUT_MASTER/U_ICON_INTERFACE/U_CMD6_RD/U_RD_FIFO/SUBCORE_FIFO.xsdbm_v3_0_0_rdfifo_inst/inst_fifo_gen/gconvfifo.rf/grf.rf/gntv_or_sync_fifo.gcx.clkx/gnxpm_cdc.wr_pntr_bin_reg[2]
  -------------------------------------------------------------------
                         required time                         -4.168    
                         arrival time                           4.204    
  -------------------------------------------------------------------
                         slack                                  0.036    

Slack (MET) :             0.040ns  (arrival time - required time)
  Source:                 dbg_hub/inst/BSCANID.u_xsdbm_id/CORE_XSDB.UUT_MASTER/U_ICON_INTERFACE/U_CMD6_RD/U_RD_FIFO/SUBCORE_FIFO.xsdbm_v3_0_0_rdfifo_inst/inst_fifo_gen/gconvfifo.rf/grf.rf/gntv_or_sync_fifo.gcx.clkx/gnxpm_cdc.gsync_stage[2].rd_stg_inst/Q_reg_reg[3]/C
                            (rising edge-triggered cell FDCE clocked by dbg_hub/inst/BSCANID.u_xsdbm_id/SWITCH_N_EXT_BSCAN.bscan_inst/SERIES7_BSCAN.bscan_inst/INTERNAL_TCK  {rise@0.000ns fall@25.000ns period=50.000ns})
  Destination:            dbg_hub/inst/BSCANID.u_xsdbm_id/CORE_XSDB.UUT_MASTER/U_ICON_INTERFACE/U_CMD6_RD/U_RD_FIFO/SUBCORE_FIFO.xsdbm_v3_0_0_rdfifo_inst/inst_fifo_gen/gconvfifo.rf/grf.rf/gntv_or_sync_fifo.gcx.clkx/gnxpm_cdc.wr_pntr_bin_reg[1]/D
                            (rising edge-triggered cell FDCE clocked by dbg_hub/inst/BSCANID.u_xsdbm_id/SWITCH_N_EXT_BSCAN.bscan_inst/SERIES7_BSCAN.bscan_inst/INTERNAL_TCK  {rise@0.000ns fall@25.000ns period=50.000ns})
  Path Group:             dbg_hub/inst/BSCANID.u_xsdbm_id/SWITCH_N_EXT_BSCAN.bscan_inst/SERIES7_BSCAN.bscan_inst/INTERNAL_TCK
  Path Type:              Hold (Min at Slow Process Corner)
  Requirement:            0.000ns  (dbg_hub/inst/BSCANID.u_xsdbm_id/SWITCH_N_EXT_BSCAN.bscan_inst/SERIES7_BSCAN.bscan_inst/INTERNAL_TCK rise@0.000ns - dbg_hub/inst/BSCANID.u_xsdbm_id/SWITCH_N_EXT_BSCAN.bscan_inst/SERIES7_BSCAN.bscan_inst/INTERNAL_TCK rise@0.000ns)
  Data Path Delay:        0.275ns  (logic 0.193ns (70.055%)  route 0.082ns (29.945%))
  Logic Levels:           1  (LUT3=1)
  Clock Path Skew:        0.132ns (DCD - SCD - CPR)
    Destination Clock Delay (DCD):    9.077ns
    Source Clock Delay      (SCD):    3.935ns
    Clock Pessimism Removal (CPR):    5.009ns
  Clock Net Delay (Source):      2.311ns (routing 1.340ns, distribution 0.971ns)
  Clock Net Delay (Destination): 2.602ns (routing 1.467ns, distribution 1.135ns)

    Location             Delay type                Incr(ns)  Path(ns)    Netlist Resource(s)
  -------------------------------------------------------------------    -------------------
                         (clock dbg_hub/inst/BSCANID.u_xsdbm_id/SWITCH_N_EXT_BSCAN.bscan_inst/SERIES7_BSCAN.bscan_inst/INTERNAL_TCK rise edge)
                                                      0.000     0.000 r  
    CONFIG_SITE_X0Y0     BSCANE2                      0.000     0.000 r  dbg_hub/inst/BSCANID.u_xsdbm_id/SWITCH_N_EXT_BSCAN.bscan_inst/SERIES7_BSCAN.bscan_inst/INTERNAL_TCK
    CONFIG_SITE_X0Y0     BSCANE2 (Prop_BSCAN1_CONFIG_SITE_INTERNAL_TCK_TCK)
                                                      0.465     0.465 r  dbg_hub/inst/BSCANID.u_xsdbm_id/SWITCH_N_EXT_BSCAN.bscan_inst/SERIES7_BSCAN.bscan_inst/TCK
                         net (fo=1, routed)           1.120     1.585    dbg_hub/inst/BSCANID.u_xsdbm_id/tck_bs
    BUFGCE_X0Y76         BUFGCE (Prop_BUFCE_BUFGCE_I_O)
                                                      0.039     1.624 r  dbg_hub/inst/BSCANID.u_xsdbm_id/SWITCH_N_EXT_BSCAN.u_bufg_icon_tck/O
    X2Y1 (CLOCK_ROOT)    net (fo=482, routed)         2.311     3.935    dbg_hub/inst/BSCANID.u_xsdbm_id/CORE_XSDB.UUT_MASTER/U_ICON_INTERFACE/U_CMD6_RD/U_RD_FIFO/SUBCORE_FIFO.xsdbm_v3_0_0_rdfifo_inst/inst_fifo_gen/gconvfifo.rf/grf.rf/gntv_or_sync_fifo.gcx.clkx/gnxpm_cdc.gsync_stage[2].rd_stg_inst/rd_clk
    SLICE_X56Y100        FDCE                                         r  dbg_hub/inst/BSCANID.u_xsdbm_id/CORE_XSDB.UUT_MASTER/U_ICON_INTERFACE/U_CMD6_RD/U_RD_FIFO/SUBCORE_FIFO.xsdbm_v3_0_0_rdfifo_inst/inst_fifo_gen/gconvfifo.rf/grf.rf/gntv_or_sync_fifo.gcx.clkx/gnxpm_cdc.gsync_stage[2].rd_stg_inst/Q_reg_reg[3]/C
  -------------------------------------------------------------------    -------------------
    SLICE_X56Y100        FDCE (Prop_BFF2_SLICEL_C_Q)
                                                      0.113     4.048 r  dbg_hub/inst/BSCANID.u_xsdbm_id/CORE_XSDB.UUT_MASTER/U_ICON_INTERFACE/U_CMD6_RD/U_RD_FIFO/SUBCORE_FIFO.xsdbm_v3_0_0_rdfifo_inst/inst_fifo_gen/gconvfifo.rf/grf.rf/gntv_or_sync_fifo.gcx.clkx/gnxpm_cdc.gsync_stage[2].rd_stg_inst/Q_reg_reg[3]/Q
                         net (fo=4, routed)           0.071     4.119    dbg_hub/inst/BSCANID.u_xsdbm_id/CORE_XSDB.UUT_MASTER/U_ICON_INTERFACE/U_CMD6_RD/U_RD_FIFO/SUBCORE_FIFO.xsdbm_v3_0_0_rdfifo_inst/inst_fifo_gen/gconvfifo.rf/grf.rf/gntv_or_sync_fifo.gcx.clkx/wr_q[2]_6[3]
    SLICE_X55Y100        LUT3 (Prop_C5LUT_SLICEL_I0_O)
                                                      0.080     4.199 r  dbg_hub/inst/BSCANID.u_xsdbm_id/CORE_XSDB.UUT_MASTER/U_ICON_INTERFACE/U_CMD6_RD/U_RD_FIFO/SUBCORE_FIFO.xsdbm_v3_0_0_rdfifo_inst/inst_fifo_gen/gconvfifo.rf/grf.rf/gntv_or_sync_fifo.gcx.clkx/gray2bin0_inferred__0/i_/O
                         net (fo=1, routed)           0.011     4.210    dbg_hub/inst/BSCANID.u_xsdbm_id/CORE_XSDB.UUT_MASTER/U_ICON_INTERFACE/U_CMD6_RD/U_RD_FIFO/SUBCORE_FIFO.xsdbm_v3_0_0_rdfifo_inst/inst_fifo_gen/gconvfifo.rf/grf.rf/gntv_or_sync_fifo.gcx.clkx/gray2bin0_inferred__0/i__n_0
    SLICE_X55Y100        FDCE                                         r  dbg_hub/inst/BSCANID.u_xsdbm_id/CORE_XSDB.UUT_MASTER/U_ICON_INTERFACE/U_CMD6_RD/U_RD_FIFO/SUBCORE_FIFO.xsdbm_v3_0_0_rdfifo_inst/inst_fifo_gen/gconvfifo.rf/grf.rf/gntv_or_sync_fifo.gcx.clkx/gnxpm_cdc.wr_pntr_bin_reg[1]/D
  -------------------------------------------------------------------    -------------------

                         (clock dbg_hub/inst/BSCANID.u_xsdbm_id/SWITCH_N_EXT_BSCAN.bscan_inst/SERIES7_BSCAN.bscan_inst/INTERNAL_TCK rise edge)
                                                      0.000     0.000 r  
    CONFIG_SITE_X0Y0     BSCANE2                      0.000     0.000 r  dbg_hub/inst/BSCANID.u_xsdbm_id/SWITCH_N_EXT_BSCAN.bscan_inst/SERIES7_BSCAN.bscan_inst/INTERNAL_TCK
    CONFIG_SITE_X0Y0     BSCANE2 (Prop_BSCAN1_CONFIG_SITE_INTERNAL_TCK_TCK)
                                                      4.800     4.800 r  dbg_hub/inst/BSCANID.u_xsdbm_id/SWITCH_N_EXT_BSCAN.bscan_inst/SERIES7_BSCAN.bscan_inst/TCK
                         net (fo=1, routed)           1.631     6.431    dbg_hub/inst/BSCANID.u_xsdbm_id/tck_bs
    BUFGCE_X0Y76         BUFGCE (Prop_BUFCE_BUFGCE_I_O)
                                                      0.044     6.475 r  dbg_hub/inst/BSCANID.u_xsdbm_id/SWITCH_N_EXT_BSCAN.u_bufg_icon_tck/O
    X2Y1 (CLOCK_ROOT)    net (fo=482, routed)         2.602     9.077    dbg_hub/inst/BSCANID.u_xsdbm_id/CORE_XSDB.UUT_MASTER/U_ICON_INTERFACE/U_CMD6_RD/U_RD_FIFO/SUBCORE_FIFO.xsdbm_v3_0_0_rdfifo_inst/inst_fifo_gen/gconvfifo.rf/grf.rf/gntv_or_sync_fifo.gcx.clkx/rd_clk
    SLICE_X55Y100        FDCE                                         r  dbg_hub/inst/BSCANID.u_xsdbm_id/CORE_XSDB.UUT_MASTER/U_ICON_INTERFACE/U_CMD6_RD/U_RD_FIFO/SUBCORE_FIFO.xsdbm_v3_0_0_rdfifo_inst/inst_fifo_gen/gconvfifo.rf/grf.rf/gntv_or_sync_fifo.gcx.clkx/gnxpm_cdc.wr_pntr_bin_reg[1]/C
                         clock pessimism             -5.009     4.067    
    SLICE_X55Y100        FDCE (Hold_CFF2_SLICEL_C_D)
                                                      0.103     4.170    dbg_hub/inst/BSCANID.u_xsdbm_id/CORE_XSDB.UUT_MASTER/U_ICON_INTERFACE/U_CMD6_RD/U_RD_FIFO/SUBCORE_FIFO.xsdbm_v3_0_0_rdfifo_inst/inst_fifo_gen/gconvfifo.rf/grf.rf/gntv_or_sync_fifo.gcx.clkx/gnxpm_cdc.wr_pntr_bin_reg[1]
  -------------------------------------------------------------------
                         required time                         -4.170    
                         arrival time                           4.210    
  -------------------------------------------------------------------
                         slack                                  0.040    

Slack (MET) :             0.042ns  (arrival time - required time)
  Source:                 dbg_hub/inst/BSCANID.u_xsdbm_id/CORE_XSDB.UUT_MASTER/U_ICON_INTERFACE/U_CMD6_WR/shift_reg_in_reg[11]/C
                            (rising edge-triggered cell FDCE clocked by dbg_hub/inst/BSCANID.u_xsdbm_id/SWITCH_N_EXT_BSCAN.bscan_inst/SERIES7_BSCAN.bscan_inst/INTERNAL_TCK  {rise@0.000ns fall@25.000ns period=50.000ns})
  Destination:            dbg_hub/inst/BSCANID.u_xsdbm_id/CORE_XSDB.UUT_MASTER/U_ICON_INTERFACE/U_CMD6_WR/U_WR_FIFO/SUBCORE_FIFO.xsdbm_v3_0_0_wrfifo_inst/inst_fifo_gen/gconvfifo.rf/grf.rf/gntv_or_sync_fifo.mem/gdm.dm_gen.dm/RAM_reg_0_15_0_13/RAMF/I
                            (rising edge-triggered cell RAMD32 clocked by dbg_hub/inst/BSCANID.u_xsdbm_id/SWITCH_N_EXT_BSCAN.bscan_inst/SERIES7_BSCAN.bscan_inst/INTERNAL_TCK  {rise@0.000ns fall@25.000ns period=50.000ns})
  Path Group:             dbg_hub/inst/BSCANID.u_xsdbm_id/SWITCH_N_EXT_BSCAN.bscan_inst/SERIES7_BSCAN.bscan_inst/INTERNAL_TCK
  Path Type:              Hold (Min at Fast Process Corner)
  Requirement:            0.000ns  (dbg_hub/inst/BSCANID.u_xsdbm_id/SWITCH_N_EXT_BSCAN.bscan_inst/SERIES7_BSCAN.bscan_inst/INTERNAL_TCK rise@0.000ns - dbg_hub/inst/BSCANID.u_xsdbm_id/SWITCH_N_EXT_BSCAN.bscan_inst/SERIES7_BSCAN.bscan_inst/INTERNAL_TCK rise@0.000ns)
  Data Path Delay:        0.158ns  (logic 0.084ns (53.102%)  route 0.074ns (46.898%))
  Logic Levels:           0  
  Clock Path Skew:        0.055ns (DCD - SCD - CPR)
    Destination Clock Delay (DCD):    7.626ns
    Source Clock Delay      (SCD):    2.620ns
    Clock Pessimism Removal (CPR):    4.952ns
  Clock Net Delay (Source):      1.404ns (routing 0.805ns, distribution 0.599ns)
  Clock Net Delay (Destination): 1.575ns (routing 0.880ns, distribution 0.695ns)

    Location             Delay type                Incr(ns)  Path(ns)    Netlist Resource(s)
  -------------------------------------------------------------------    -------------------
                         (clock dbg_hub/inst/BSCANID.u_xsdbm_id/SWITCH_N_EXT_BSCAN.bscan_inst/SERIES7_BSCAN.bscan_inst/INTERNAL_TCK rise edge)
                                                      0.000     0.000 r  
    CONFIG_SITE_X0Y0     BSCANE2                      0.000     0.000 r  dbg_hub/inst/BSCANID.u_xsdbm_id/SWITCH_N_EXT_BSCAN.bscan_inst/SERIES7_BSCAN.bscan_inst/INTERNAL_TCK
    CONFIG_SITE_X0Y0     BSCANE2 (Prop_BSCAN1_CONFIG_SITE_INTERNAL_TCK_TCK)
                                                      0.465     0.465 r  dbg_hub/inst/BSCANID.u_xsdbm_id/SWITCH_N_EXT_BSCAN.bscan_inst/SERIES7_BSCAN.bscan_inst/TCK
                         net (fo=1, routed)           0.728     1.193    dbg_hub/inst/BSCANID.u_xsdbm_id/tck_bs
    BUFGCE_X0Y76         BUFGCE (Prop_BUFCE_BUFGCE_I_O)
                                                      0.023     1.216 r  dbg_hub/inst/BSCANID.u_xsdbm_id/SWITCH_N_EXT_BSCAN.u_bufg_icon_tck/O
    X2Y1 (CLOCK_ROOT)    net (fo=482, routed)         1.404     2.620    dbg_hub/inst/BSCANID.u_xsdbm_id/CORE_XSDB.UUT_MASTER/U_ICON_INTERFACE/U_CMD6_WR/m_bscan_tck[0]
    SLICE_X53Y99         FDCE                                         r  dbg_hub/inst/BSCANID.u_xsdbm_id/CORE_XSDB.UUT_MASTER/U_ICON_INTERFACE/U_CMD6_WR/shift_reg_in_reg[11]/C
  -------------------------------------------------------------------    -------------------
    SLICE_X53Y99         FDCE (Prop_AFF2_SLICEM_C_Q)
                                                      0.084     2.704 r  dbg_hub/inst/BSCANID.u_xsdbm_id/CORE_XSDB.UUT_MASTER/U_ICON_INTERFACE/U_CMD6_WR/shift_reg_in_reg[11]/Q
                         net (fo=2, routed)           0.074     2.778    dbg_hub/inst/BSCANID.u_xsdbm_id/CORE_XSDB.UUT_MASTER/U_ICON_INTERFACE/U_CMD6_WR/U_WR_FIFO/SUBCORE_FIFO.xsdbm_v3_0_0_wrfifo_inst/inst_fifo_gen/gconvfifo.rf/grf.rf/gntv_or_sync_fifo.mem/gdm.dm_gen.dm/RAM_reg_0_15_0_13/DIF0
    SLICE_X53Y97         RAMD32                                       r  dbg_hub/inst/BSCANID.u_xsdbm_id/CORE_XSDB.UUT_MASTER/U_ICON_INTERFACE/U_CMD6_WR/U_WR_FIFO/SUBCORE_FIFO.xsdbm_v3_0_0_wrfifo_inst/inst_fifo_gen/gconvfifo.rf/grf.rf/gntv_or_sync_fifo.mem/gdm.dm_gen.dm/RAM_reg_0_15_0_13/RAMF/I
  -------------------------------------------------------------------    -------------------

                         (clock dbg_hub/inst/BSCANID.u_xsdbm_id/SWITCH_N_EXT_BSCAN.bscan_inst/SERIES7_BSCAN.bscan_inst/INTERNAL_TCK rise edge)
                                                      0.000     0.000 r  
    CONFIG_SITE_X0Y0     BSCANE2                      0.000     0.000 r  dbg_hub/inst/BSCANID.u_xsdbm_id/SWITCH_N_EXT_BSCAN.bscan_inst/SERIES7_BSCAN.bscan_inst/INTERNAL_TCK
    CONFIG_SITE_X0Y0     BSCANE2 (Prop_BSCAN1_CONFIG_SITE_INTERNAL_TCK_TCK)
                                                      4.800     4.800 r  dbg_hub/inst/BSCANID.u_xsdbm_id/SWITCH_N_EXT_BSCAN.bscan_inst/SERIES7_BSCAN.bscan_inst/TCK
                         net (fo=1, routed)           1.225     6.025    dbg_hub/inst/BSCANID.u_xsdbm_id/tck_bs
    BUFGCE_X0Y76         BUFGCE (Prop_BUFCE_BUFGCE_I_O)
                                                      0.026     6.051 r  dbg_hub/inst/BSCANID.u_xsdbm_id/SWITCH_N_EXT_BSCAN.u_bufg_icon_tck/O
    X2Y1 (CLOCK_ROOT)    net (fo=482, routed)         1.575     7.626    dbg_hub/inst/BSCANID.u_xsdbm_id/CORE_XSDB.UUT_MASTER/U_ICON_INTERFACE/U_CMD6_WR/U_WR_FIFO/SUBCORE_FIFO.xsdbm_v3_0_0_wrfifo_inst/inst_fifo_gen/gconvfifo.rf/grf.rf/gntv_or_sync_fifo.mem/gdm.dm_gen.dm/RAM_reg_0_15_0_13/WCLK
    SLICE_X53Y97         RAMD32                                       r  dbg_hub/inst/BSCANID.u_xsdbm_id/CORE_XSDB.UUT_MASTER/U_ICON_INTERFACE/U_CMD6_WR/U_WR_FIFO/SUBCORE_FIFO.xsdbm_v3_0_0_wrfifo_inst/inst_fifo_gen/gconvfifo.rf/grf.rf/gntv_or_sync_fifo.mem/gdm.dm_gen.dm/RAM_reg_0_15_0_13/RAMF/CLK
                         clock pessimism             -4.952     2.674    
    SLICE_X53Y97         RAMD32 (Hold_F5LUT_SLICEM_CLK_I)
                                                      0.061     2.735    dbg_hub/inst/BSCANID.u_xsdbm_id/CORE_XSDB.UUT_MASTER/U_ICON_INTERFACE/U_CMD6_WR/U_WR_FIFO/SUBCORE_FIFO.xsdbm_v3_0_0_wrfifo_inst/inst_fifo_gen/gconvfifo.rf/grf.rf/gntv_or_sync_fifo.mem/gdm.dm_gen.dm/RAM_reg_0_15_0_13/RAMF
  -------------------------------------------------------------------
                         required time                         -2.735    
                         arrival time                           2.778    
  -------------------------------------------------------------------
                         slack                                  0.042    

Slack (MET) :             0.054ns  (arrival time - required time)
  Source:                 dbg_hub/inst/BSCANID.u_xsdbm_id/SWITCH_N_EXT_BSCAN.bscan_switch/temp_curid_reg[13]/C
                            (rising edge-triggered cell FDRE clocked by dbg_hub/inst/BSCANID.u_xsdbm_id/SWITCH_N_EXT_BSCAN.bscan_inst/SERIES7_BSCAN.bscan_inst/INTERNAL_TCK  {rise@0.000ns fall@25.000ns period=50.000ns})
  Destination:            dbg_hub/inst/BSCANID.u_xsdbm_id/SWITCH_N_EXT_BSCAN.bscan_switch/temp_curid_reg[12]/D
                            (rising edge-triggered cell FDRE clocked by dbg_hub/inst/BSCANID.u_xsdbm_id/SWITCH_N_EXT_BSCAN.bscan_inst/SERIES7_BSCAN.bscan_inst/INTERNAL_TCK  {rise@0.000ns fall@25.000ns period=50.000ns})
  Path Group:             dbg_hub/inst/BSCANID.u_xsdbm_id/SWITCH_N_EXT_BSCAN.bscan_inst/SERIES7_BSCAN.bscan_inst/INTERNAL_TCK
  Path Type:              Hold (Min at Slow Process Corner)
  Requirement:            0.000ns  (dbg_hub/inst/BSCANID.u_xsdbm_id/SWITCH_N_EXT_BSCAN.bscan_inst/SERIES7_BSCAN.bscan_inst/INTERNAL_TCK rise@0.000ns - dbg_hub/inst/BSCANID.u_xsdbm_id/SWITCH_N_EXT_BSCAN.bscan_inst/SERIES7_BSCAN.bscan_inst/INTERNAL_TCK rise@0.000ns)
  Data Path Delay:        0.190ns  (logic 0.112ns (58.947%)  route 0.078ns (41.053%))
  Logic Levels:           0  
  Clock Path Skew:        0.035ns (DCD - SCD - CPR)
    Destination Clock Delay (DCD):    9.103ns
    Source Clock Delay      (SCD):    3.988ns
    Clock Pessimism Removal (CPR):    5.079ns
  Clock Net Delay (Source):      2.364ns (routing 1.340ns, distribution 1.024ns)
  Clock Net Delay (Destination): 2.628ns (routing 1.467ns, distribution 1.161ns)

    Location             Delay type                Incr(ns)  Path(ns)    Netlist Resource(s)
  -------------------------------------------------------------------    -------------------
                         (clock dbg_hub/inst/BSCANID.u_xsdbm_id/SWITCH_N_EXT_BSCAN.bscan_inst/SERIES7_BSCAN.bscan_inst/INTERNAL_TCK rise edge)
                                                      0.000     0.000 r  
    CONFIG_SITE_X0Y0     BSCANE2                      0.000     0.000 r  dbg_hub/inst/BSCANID.u_xsdbm_id/SWITCH_N_EXT_BSCAN.bscan_inst/SERIES7_BSCAN.bscan_inst/INTERNAL_TCK
    CONFIG_SITE_X0Y0     BSCANE2 (Prop_BSCAN1_CONFIG_SITE_INTERNAL_TCK_TCK)
                                                      0.465     0.465 r  dbg_hub/inst/BSCANID.u_xsdbm_id/SWITCH_N_EXT_BSCAN.bscan_inst/SERIES7_BSCAN.bscan_inst/TCK
                         net (fo=1, routed)           1.120     1.585    dbg_hub/inst/BSCANID.u_xsdbm_id/tck_bs
    BUFGCE_X0Y76         BUFGCE (Prop_BUFCE_BUFGCE_I_O)
                                                      0.039     1.624 r  dbg_hub/inst/BSCANID.u_xsdbm_id/SWITCH_N_EXT_BSCAN.u_bufg_icon_tck/O
    X2Y1 (CLOCK_ROOT)    net (fo=482, routed)         2.364     3.988    dbg_hub/inst/BSCANID.u_xsdbm_id/SWITCH_N_EXT_BSCAN.bscan_switch/s_bscan_tck
    SLICE_X49Y176        FDRE                                         r  dbg_hub/inst/BSCANID.u_xsdbm_id/SWITCH_N_EXT_BSCAN.bscan_switch/temp_curid_reg[13]/C
  -------------------------------------------------------------------    -------------------
    SLICE_X49Y176        FDRE (Prop_AFF_SLICEL_C_Q)
                                                      0.112     4.100 r  dbg_hub/inst/BSCANID.u_xsdbm_id/SWITCH_N_EXT_BSCAN.bscan_switch/temp_curid_reg[13]/Q
                         net (fo=2, routed)           0.078     4.178    dbg_hub/inst/BSCANID.u_xsdbm_id/SWITCH_N_EXT_BSCAN.bscan_switch/temp_curid[13]
    SLICE_X49Y176        FDRE                                         r  dbg_hub/inst/BSCANID.u_xsdbm_id/SWITCH_N_EXT_BSCAN.bscan_switch/temp_curid_reg[12]/D
  -------------------------------------------------------------------    -------------------

                         (clock dbg_hub/inst/BSCANID.u_xsdbm_id/SWITCH_N_EXT_BSCAN.bscan_inst/SERIES7_BSCAN.bscan_inst/INTERNAL_TCK rise edge)
                                                      0.000     0.000 r  
    CONFIG_SITE_X0Y0     BSCANE2                      0.000     0.000 r  dbg_hub/inst/BSCANID.u_xsdbm_id/SWITCH_N_EXT_BSCAN.bscan_inst/SERIES7_BSCAN.bscan_inst/INTERNAL_TCK
    CONFIG_SITE_X0Y0     BSCANE2 (Prop_BSCAN1_CONFIG_SITE_INTERNAL_TCK_TCK)
                                                      4.800     4.800 r  dbg_hub/inst/BSCANID.u_xsdbm_id/SWITCH_N_EXT_BSCAN.bscan_inst/SERIES7_BSCAN.bscan_inst/TCK
                         net (fo=1, routed)           1.631     6.431    dbg_hub/inst/BSCANID.u_xsdbm_id/tck_bs
    BUFGCE_X0Y76         BUFGCE (Prop_BUFCE_BUFGCE_I_O)
                                                      0.044     6.475 r  dbg_hub/inst/BSCANID.u_xsdbm_id/SWITCH_N_EXT_BSCAN.u_bufg_icon_tck/O
    X2Y1 (CLOCK_ROOT)    net (fo=482, routed)         2.628     9.103    dbg_hub/inst/BSCANID.u_xsdbm_id/SWITCH_N_EXT_BSCAN.bscan_switch/s_bscan_tck
    SLICE_X49Y176        FDRE                                         r  dbg_hub/inst/BSCANID.u_xsdbm_id/SWITCH_N_EXT_BSCAN.bscan_switch/temp_curid_reg[12]/C
                         clock pessimism             -5.079     4.024    
    SLICE_X49Y176        FDRE (Hold_FFF_SLICEL_C_D)
                                                      0.101     4.125    dbg_hub/inst/BSCANID.u_xsdbm_id/SWITCH_N_EXT_BSCAN.bscan_switch/temp_curid_reg[12]
  -------------------------------------------------------------------
                         required time                         -4.125    
                         arrival time                           4.178    
  -------------------------------------------------------------------
                         slack                                  0.054    

Slack (MET) :             0.054ns  (arrival time - required time)
  Source:                 dbg_hub/inst/BSCANID.u_xsdbm_id/CORE_XSDB.UUT_MASTER/U_ICON_INTERFACE/U_CMD6_WR/shift_reg_in_reg[8]/C
                            (rising edge-triggered cell FDCE clocked by dbg_hub/inst/BSCANID.u_xsdbm_id/SWITCH_N_EXT_BSCAN.bscan_inst/SERIES7_BSCAN.bscan_inst/INTERNAL_TCK  {rise@0.000ns fall@25.000ns period=50.000ns})
  Destination:            dbg_hub/inst/BSCANID.u_xsdbm_id/CORE_XSDB.UUT_MASTER/U_ICON_INTERFACE/U_CMD6_WR/U_WR_FIFO/SUBCORE_FIFO.xsdbm_v3_0_0_wrfifo_inst/inst_fifo_gen/gconvfifo.rf/grf.rf/gntv_or_sync_fifo.mem/gdm.dm_gen.dm/RAM_reg_0_15_0_13/RAMD_D1/I
                            (rising edge-triggered cell RAMD32 clocked by dbg_hub/inst/BSCANID.u_xsdbm_id/SWITCH_N_EXT_BSCAN.bscan_inst/SERIES7_BSCAN.bscan_inst/INTERNAL_TCK  {rise@0.000ns fall@25.000ns period=50.000ns})
  Path Group:             dbg_hub/inst/BSCANID.u_xsdbm_id/SWITCH_N_EXT_BSCAN.bscan_inst/SERIES7_BSCAN.bscan_inst/INTERNAL_TCK
  Path Type:              Hold (Min at Fast Process Corner)
  Requirement:            0.000ns  (dbg_hub/inst/BSCANID.u_xsdbm_id/SWITCH_N_EXT_BSCAN.bscan_inst/SERIES7_BSCAN.bscan_inst/INTERNAL_TCK rise@0.000ns - dbg_hub/inst/BSCANID.u_xsdbm_id/SWITCH_N_EXT_BSCAN.bscan_inst/SERIES7_BSCAN.bscan_inst/INTERNAL_TCK rise@0.000ns)
  Data Path Delay:        0.158ns  (logic 0.083ns (52.653%)  route 0.075ns (47.347%))
  Logic Levels:           0  
  Clock Path Skew:        0.055ns (DCD - SCD - CPR)
    Destination Clock Delay (DCD):    7.626ns
    Source Clock Delay      (SCD):    2.620ns
    Clock Pessimism Removal (CPR):    4.952ns
  Clock Net Delay (Source):      1.404ns (routing 0.805ns, distribution 0.599ns)
  Clock Net Delay (Destination): 1.575ns (routing 0.880ns, distribution 0.695ns)

    Location             Delay type                Incr(ns)  Path(ns)    Netlist Resource(s)
  -------------------------------------------------------------------    -------------------
                         (clock dbg_hub/inst/BSCANID.u_xsdbm_id/SWITCH_N_EXT_BSCAN.bscan_inst/SERIES7_BSCAN.bscan_inst/INTERNAL_TCK rise edge)
                                                      0.000     0.000 r  
    CONFIG_SITE_X0Y0     BSCANE2                      0.000     0.000 r  dbg_hub/inst/BSCANID.u_xsdbm_id/SWITCH_N_EXT_BSCAN.bscan_inst/SERIES7_BSCAN.bscan_inst/INTERNAL_TCK
    CONFIG_SITE_X0Y0     BSCANE2 (Prop_BSCAN1_CONFIG_SITE_INTERNAL_TCK_TCK)
                                                      0.465     0.465 r  dbg_hub/inst/BSCANID.u_xsdbm_id/SWITCH_N_EXT_BSCAN.bscan_inst/SERIES7_BSCAN.bscan_inst/TCK
                         net (fo=1, routed)           0.728     1.193    dbg_hub/inst/BSCANID.u_xsdbm_id/tck_bs
    BUFGCE_X0Y76         BUFGCE (Prop_BUFCE_BUFGCE_I_O)
                                                      0.023     1.216 r  dbg_hub/inst/BSCANID.u_xsdbm_id/SWITCH_N_EXT_BSCAN.u_bufg_icon_tck/O
    X2Y1 (CLOCK_ROOT)    net (fo=482, routed)         1.404     2.620    dbg_hub/inst/BSCANID.u_xsdbm_id/CORE_XSDB.UUT_MASTER/U_ICON_INTERFACE/U_CMD6_WR/m_bscan_tck[0]
    SLICE_X53Y99         FDCE                                         r  dbg_hub/inst/BSCANID.u_xsdbm_id/CORE_XSDB.UUT_MASTER/U_ICON_INTERFACE/U_CMD6_WR/shift_reg_in_reg[8]/C
  -------------------------------------------------------------------    -------------------
    SLICE_X53Y99         FDCE (Prop_DFF_SLICEM_C_Q)
                                                      0.083     2.703 r  dbg_hub/inst/BSCANID.u_xsdbm_id/CORE_XSDB.UUT_MASTER/U_ICON_INTERFACE/U_CMD6_WR/shift_reg_in_reg[8]/Q
                         net (fo=2, routed)           0.075     2.777    dbg_hub/inst/BSCANID.u_xsdbm_id/CORE_XSDB.UUT_MASTER/U_ICON_INTERFACE/U_CMD6_WR/U_WR_FIFO/SUBCORE_FIFO.xsdbm_v3_0_0_wrfifo_inst/inst_fifo_gen/gconvfifo.rf/grf.rf/gntv_or_sync_fifo.mem/gdm.dm_gen.dm/RAM_reg_0_15_0_13/DID1
    SLICE_X53Y97         RAMD32                                       r  dbg_hub/inst/BSCANID.u_xsdbm_id/CORE_XSDB.UUT_MASTER/U_ICON_INTERFACE/U_CMD6_WR/U_WR_FIFO/SUBCORE_FIFO.xsdbm_v3_0_0_wrfifo_inst/inst_fifo_gen/gconvfifo.rf/grf.rf/gntv_or_sync_fifo.mem/gdm.dm_gen.dm/RAM_reg_0_15_0_13/RAMD_D1/I
  -------------------------------------------------------------------    -------------------

                         (clock dbg_hub/inst/BSCANID.u_xsdbm_id/SWITCH_N_EXT_BSCAN.bscan_inst/SERIES7_BSCAN.bscan_inst/INTERNAL_TCK rise edge)
                                                      0.000     0.000 r  
    CONFIG_SITE_X0Y0     BSCANE2                      0.000     0.000 r  dbg_hub/inst/BSCANID.u_xsdbm_id/SWITCH_N_EXT_BSCAN.bscan_inst/SERIES7_BSCAN.bscan_inst/INTERNAL_TCK
    CONFIG_SITE_X0Y0     BSCANE2 (Prop_BSCAN1_CONFIG_SITE_INTERNAL_TCK_TCK)
                                                      4.800     4.800 r  dbg_hub/inst/BSCANID.u_xsdbm_id/SWITCH_N_EXT_BSCAN.bscan_inst/SERIES7_BSCAN.bscan_inst/TCK
                         net (fo=1, routed)           1.225     6.025    dbg_hub/inst/BSCANID.u_xsdbm_id/tck_bs
    BUFGCE_X0Y76         BUFGCE (Prop_BUFCE_BUFGCE_I_O)
                                                      0.026     6.051 r  dbg_hub/inst/BSCANID.u_xsdbm_id/SWITCH_N_EXT_BSCAN.u_bufg_icon_tck/O
    X2Y1 (CLOCK_ROOT)    net (fo=482, routed)         1.575     7.626    dbg_hub/inst/BSCANID.u_xsdbm_id/CORE_XSDB.UUT_MASTER/U_ICON_INTERFACE/U_CMD6_WR/U_WR_FIFO/SUBCORE_FIFO.xsdbm_v3_0_0_wrfifo_inst/inst_fifo_gen/gconvfifo.rf/grf.rf/gntv_or_sync_fifo.mem/gdm.dm_gen.dm/RAM_reg_0_15_0_13/WCLK
    SLICE_X53Y97         RAMD32                                       r  dbg_hub/inst/BSCANID.u_xsdbm_id/CORE_XSDB.UUT_MASTER/U_ICON_INTERFACE/U_CMD6_WR/U_WR_FIFO/SUBCORE_FIFO.xsdbm_v3_0_0_wrfifo_inst/inst_fifo_gen/gconvfifo.rf/grf.rf/gntv_or_sync_fifo.mem/gdm.dm_gen.dm/RAM_reg_0_15_0_13/RAMD_D1/CLK
                         clock pessimism             -4.952     2.674    
    SLICE_X53Y97         RAMD32 (Hold_D6LUT_SLICEM_CLK_I)
                                                      0.049     2.723    dbg_hub/inst/BSCANID.u_xsdbm_id/CORE_XSDB.UUT_MASTER/U_ICON_INTERFACE/U_CMD6_WR/U_WR_FIFO/SUBCORE_FIFO.xsdbm_v3_0_0_wrfifo_inst/inst_fifo_gen/gconvfifo.rf/grf.rf/gntv_or_sync_fifo.mem/gdm.dm_gen.dm/RAM_reg_0_15_0_13/RAMD_D1
  -------------------------------------------------------------------
                         required time                         -2.723    
                         arrival time                           2.777    
  -------------------------------------------------------------------
                         slack                                  0.054    

Slack (MET) :             0.055ns  (arrival time - required time)
  Source:                 dbg_hub/inst/BSCANID.u_xsdbm_id/CORE_XSDB.UUT_MASTER/U_ICON_INTERFACE/U_CMD6_RD/U_RD_FIFO/SUBCORE_FIFO.xsdbm_v3_0_0_rdfifo_inst/inst_fifo_gen/gconvfifo.rf/grf.rf/gntv_or_sync_fifo.mem/goreg_dm.dout_i_reg[14]/C
                            (rising edge-triggered cell FDRE clocked by dbg_hub/inst/BSCANID.u_xsdbm_id/SWITCH_N_EXT_BSCAN.bscan_inst/SERIES7_BSCAN.bscan_inst/INTERNAL_TCK  {rise@0.000ns fall@25.000ns period=50.000ns})
  Destination:            dbg_hub/inst/BSCANID.u_xsdbm_id/CORE_XSDB.UUT_MASTER/U_ICON_INTERFACE/U_CMD6_RD/shift_reg_in_reg[13]/D
                            (rising edge-triggered cell FDCE clocked by dbg_hub/inst/BSCANID.u_xsdbm_id/SWITCH_N_EXT_BSCAN.bscan_inst/SERIES7_BSCAN.bscan_inst/INTERNAL_TCK  {rise@0.000ns fall@25.000ns period=50.000ns})
  Path Group:             dbg_hub/inst/BSCANID.u_xsdbm_id/SWITCH_N_EXT_BSCAN.bscan_inst/SERIES7_BSCAN.bscan_inst/INTERNAL_TCK
  Path Type:              Hold (Min at Slow Process Corner)
  Requirement:            0.000ns  (dbg_hub/inst/BSCANID.u_xsdbm_id/SWITCH_N_EXT_BSCAN.bscan_inst/SERIES7_BSCAN.bscan_inst/INTERNAL_TCK rise@0.000ns - dbg_hub/inst/BSCANID.u_xsdbm_id/SWITCH_N_EXT_BSCAN.bscan_inst/SERIES7_BSCAN.bscan_inst/INTERNAL_TCK rise@0.000ns)
  Data Path Delay:        0.247ns  (logic 0.143ns (57.895%)  route 0.104ns (42.105%))
  Logic Levels:           1  (LUT5=1)
  Clock Path Skew:        0.091ns (DCD - SCD - CPR)
    Destination Clock Delay (DCD):    9.048ns
    Source Clock Delay      (SCD):    3.947ns
    Clock Pessimism Removal (CPR):    5.010ns
  Clock Net Delay (Source):      2.323ns (routing 1.340ns, distribution 0.983ns)
  Clock Net Delay (Destination): 2.573ns (routing 1.467ns, distribution 1.106ns)

    Location             Delay type                Incr(ns)  Path(ns)    Netlist Resource(s)
  -------------------------------------------------------------------    -------------------
                         (clock dbg_hub/inst/BSCANID.u_xsdbm_id/SWITCH_N_EXT_BSCAN.bscan_inst/SERIES7_BSCAN.bscan_inst/INTERNAL_TCK rise edge)
                                                      0.000     0.000 r  
    CONFIG_SITE_X0Y0     BSCANE2                      0.000     0.000 r  dbg_hub/inst/BSCANID.u_xsdbm_id/SWITCH_N_EXT_BSCAN.bscan_inst/SERIES7_BSCAN.bscan_inst/INTERNAL_TCK
    CONFIG_SITE_X0Y0     BSCANE2 (Prop_BSCAN1_CONFIG_SITE_INTERNAL_TCK_TCK)
                                                      0.465     0.465 r  dbg_hub/inst/BSCANID.u_xsdbm_id/SWITCH_N_EXT_BSCAN.bscan_inst/SERIES7_BSCAN.bscan_inst/TCK
                         net (fo=1, routed)           1.120     1.585    dbg_hub/inst/BSCANID.u_xsdbm_id/tck_bs
    BUFGCE_X0Y76         BUFGCE (Prop_BUFCE_BUFGCE_I_O)
                                                      0.039     1.624 r  dbg_hub/inst/BSCANID.u_xsdbm_id/SWITCH_N_EXT_BSCAN.u_bufg_icon_tck/O
    X2Y1 (CLOCK_ROOT)    net (fo=482, routed)         2.323     3.947    dbg_hub/inst/BSCANID.u_xsdbm_id/CORE_XSDB.UUT_MASTER/U_ICON_INTERFACE/U_CMD6_RD/U_RD_FIFO/SUBCORE_FIFO.xsdbm_v3_0_0_rdfifo_inst/inst_fifo_gen/gconvfifo.rf/grf.rf/gntv_or_sync_fifo.mem/rd_clk
    SLICE_X53Y103        FDRE                                         r  dbg_hub/inst/BSCANID.u_xsdbm_id/CORE_XSDB.UUT_MASTER/U_ICON_INTERFACE/U_CMD6_RD/U_RD_FIFO/SUBCORE_FIFO.xsdbm_v3_0_0_rdfifo_inst/inst_fifo_gen/gconvfifo.rf/grf.rf/gntv_or_sync_fifo.mem/goreg_dm.dout_i_reg[14]/C
  -------------------------------------------------------------------    -------------------
    SLICE_X53Y103        FDRE (Prop_BFF_SLICEM_C_Q)
                                                      0.111     4.058 r  dbg_hub/inst/BSCANID.u_xsdbm_id/CORE_XSDB.UUT_MASTER/U_ICON_INTERFACE/U_CMD6_RD/U_RD_FIFO/SUBCORE_FIFO.xsdbm_v3_0_0_rdfifo_inst/inst_fifo_gen/gconvfifo.rf/grf.rf/gntv_or_sync_fifo.mem/goreg_dm.dout_i_reg[14]/Q
                         net (fo=1, routed)           0.073     4.131    dbg_hub/inst/BSCANID.u_xsdbm_id/CORE_XSDB.UUT_MASTER/U_ICON_INTERFACE/U_CMD6_RD/U_RD_FIFO/fifo_dout[14]
    SLICE_X52Y103        LUT5 (Prop_C6LUT_SLICEL_I3_O)
                                                      0.032     4.163 r  dbg_hub/inst/BSCANID.u_xsdbm_id/CORE_XSDB.UUT_MASTER/U_ICON_INTERFACE/U_CMD6_RD/U_RD_FIFO/shift_reg_in[13]_i_1/O
                         net (fo=1, routed)           0.031     4.194    dbg_hub/inst/BSCANID.u_xsdbm_id/CORE_XSDB.UUT_MASTER/U_ICON_INTERFACE/U_CMD6_RD/U_RD_FIFO_n_2
    SLICE_X52Y103        FDCE                                         r  dbg_hub/inst/BSCANID.u_xsdbm_id/CORE_XSDB.UUT_MASTER/U_ICON_INTERFACE/U_CMD6_RD/shift_reg_in_reg[13]/D
  -------------------------------------------------------------------    -------------------

                         (clock dbg_hub/inst/BSCANID.u_xsdbm_id/SWITCH_N_EXT_BSCAN.bscan_inst/SERIES7_BSCAN.bscan_inst/INTERNAL_TCK rise edge)
                                                      0.000     0.000 r  
    CONFIG_SITE_X0Y0     BSCANE2                      0.000     0.000 r  dbg_hub/inst/BSCANID.u_xsdbm_id/SWITCH_N_EXT_BSCAN.bscan_inst/SERIES7_BSCAN.bscan_inst/INTERNAL_TCK
    CONFIG_SITE_X0Y0     BSCANE2 (Prop_BSCAN1_CONFIG_SITE_INTERNAL_TCK_TCK)
                                                      4.800     4.800 r  dbg_hub/inst/BSCANID.u_xsdbm_id/SWITCH_N_EXT_BSCAN.bscan_inst/SERIES7_BSCAN.bscan_inst/TCK
                         net (fo=1, routed)           1.631     6.431    dbg_hub/inst/BSCANID.u_xsdbm_id/tck_bs
    BUFGCE_X0Y76         BUFGCE (Prop_BUFCE_BUFGCE_I_O)
                                                      0.044     6.475 r  dbg_hub/inst/BSCANID.u_xsdbm_id/SWITCH_N_EXT_BSCAN.u_bufg_icon_tck/O
    X2Y1 (CLOCK_ROOT)    net (fo=482, routed)         2.573     9.048    dbg_hub/inst/BSCANID.u_xsdbm_id/CORE_XSDB.UUT_MASTER/U_ICON_INTERFACE/U_CMD6_RD/m_bscan_tck[0]
    SLICE_X52Y103        FDCE                                         r  dbg_hub/inst/BSCANID.u_xsdbm_id/CORE_XSDB.UUT_MASTER/U_ICON_INTERFACE/U_CMD6_RD/shift_reg_in_reg[13]/C
                         clock pessimism             -5.010     4.038    
    SLICE_X52Y103        FDCE (Hold_CFF_SLICEL_C_D)
                                                      0.101     4.139    dbg_hub/inst/BSCANID.u_xsdbm_id/CORE_XSDB.UUT_MASTER/U_ICON_INTERFACE/U_CMD6_RD/shift_reg_in_reg[13]
  -------------------------------------------------------------------
                         required time                         -4.139    
                         arrival time                           4.194    
  -------------------------------------------------------------------
                         slack                                  0.055    

Slack (MET) :             0.057ns  (arrival time - required time)
  Source:                 dbg_hub/inst/BSCANID.u_xsdbm_id/CORE_XSDB.UUT_MASTER/U_ICON_INTERFACE/U_CMD7_CTL/icn_cmd_din_temp_reg/C
                            (rising edge-triggered cell FDRE clocked by dbg_hub/inst/BSCANID.u_xsdbm_id/SWITCH_N_EXT_BSCAN.bscan_inst/SERIES7_BSCAN.bscan_inst/INTERNAL_TCK  {rise@0.000ns fall@25.000ns period=50.000ns})
  Destination:            dbg_hub/inst/BSCANID.u_xsdbm_id/CORE_XSDB.UUT_MASTER/U_ICON_INTERFACE/U_CMD7_CTL/shift_reg_in_reg[2]/D
                            (rising edge-triggered cell FDRE clocked by dbg_hub/inst/BSCANID.u_xsdbm_id/SWITCH_N_EXT_BSCAN.bscan_inst/SERIES7_BSCAN.bscan_inst/INTERNAL_TCK  {rise@0.000ns fall@25.000ns period=50.000ns})
  Path Group:             dbg_hub/inst/BSCANID.u_xsdbm_id/SWITCH_N_EXT_BSCAN.bscan_inst/SERIES7_BSCAN.bscan_inst/INTERNAL_TCK
  Path Type:              Hold (Min at Slow Process Corner)
  Requirement:            0.000ns  (dbg_hub/inst/BSCANID.u_xsdbm_id/SWITCH_N_EXT_BSCAN.bscan_inst/SERIES7_BSCAN.bscan_inst/INTERNAL_TCK rise@0.000ns - dbg_hub/inst/BSCANID.u_xsdbm_id/SWITCH_N_EXT_BSCAN.bscan_inst/SERIES7_BSCAN.bscan_inst/INTERNAL_TCK rise@0.000ns)
  Data Path Delay:        0.241ns  (logic 0.112ns (46.473%)  route 0.129ns (53.527%))
  Logic Levels:           0  
  Clock Path Skew:        0.081ns (DCD - SCD - CPR)
    Destination Clock Delay (DCD):    9.039ns
    Source Clock Delay      (SCD):    3.948ns
    Clock Pessimism Removal (CPR):    5.010ns
  Clock Net Delay (Source):      2.324ns (routing 1.340ns, distribution 0.984ns)
  Clock Net Delay (Destination): 2.564ns (routing 1.467ns, distribution 1.097ns)

    Location             Delay type                Incr(ns)  Path(ns)    Netlist Resource(s)
  -------------------------------------------------------------------    -------------------
                         (clock dbg_hub/inst/BSCANID.u_xsdbm_id/SWITCH_N_EXT_BSCAN.bscan_inst/SERIES7_BSCAN.bscan_inst/INTERNAL_TCK rise edge)
                                                      0.000     0.000 r  
    CONFIG_SITE_X0Y0     BSCANE2                      0.000     0.000 r  dbg_hub/inst/BSCANID.u_xsdbm_id/SWITCH_N_EXT_BSCAN.bscan_inst/SERIES7_BSCAN.bscan_inst/INTERNAL_TCK
    CONFIG_SITE_X0Y0     BSCANE2 (Prop_BSCAN1_CONFIG_SITE_INTERNAL_TCK_TCK)
                                                      0.465     0.465 r  dbg_hub/inst/BSCANID.u_xsdbm_id/SWITCH_N_EXT_BSCAN.bscan_inst/SERIES7_BSCAN.bscan_inst/TCK
                         net (fo=1, routed)           1.120     1.585    dbg_hub/inst/BSCANID.u_xsdbm_id/tck_bs
    BUFGCE_X0Y76         BUFGCE (Prop_BUFCE_BUFGCE_I_O)
                                                      0.039     1.624 r  dbg_hub/inst/BSCANID.u_xsdbm_id/SWITCH_N_EXT_BSCAN.u_bufg_icon_tck/O
    X2Y1 (CLOCK_ROOT)    net (fo=482, routed)         2.324     3.948    dbg_hub/inst/BSCANID.u_xsdbm_id/CORE_XSDB.UUT_MASTER/U_ICON_INTERFACE/U_CMD7_CTL/m_bscan_tck[0]
    SLICE_X57Y109        FDRE                                         r  dbg_hub/inst/BSCANID.u_xsdbm_id/CORE_XSDB.UUT_MASTER/U_ICON_INTERFACE/U_CMD7_CTL/icn_cmd_din_temp_reg/C
  -------------------------------------------------------------------    -------------------
    SLICE_X57Y109        FDRE (Prop_AFF_SLICEL_C_Q)
                                                      0.112     4.060 r  dbg_hub/inst/BSCANID.u_xsdbm_id/CORE_XSDB.UUT_MASTER/U_ICON_INTERFACE/U_CMD7_CTL/icn_cmd_din_temp_reg/Q
                         net (fo=1, routed)           0.129     4.189    dbg_hub/inst/BSCANID.u_xsdbm_id/CORE_XSDB.UUT_MASTER/U_ICON_INTERFACE/U_CMD7_CTL/icn_cmd_din_temp
    SLICE_X59Y108        FDRE                                         r  dbg_hub/inst/BSCANID.u_xsdbm_id/CORE_XSDB.UUT_MASTER/U_ICON_INTERFACE/U_CMD7_CTL/shift_reg_in_reg[2]/D
  -------------------------------------------------------------------    -------------------

                         (clock dbg_hub/inst/BSCANID.u_xsdbm_id/SWITCH_N_EXT_BSCAN.bscan_inst/SERIES7_BSCAN.bscan_inst/INTERNAL_TCK rise edge)
                                                      0.000     0.000 r  
    CONFIG_SITE_X0Y0     BSCANE2                      0.000     0.000 r  dbg_hub/inst/BSCANID.u_xsdbm_id/SWITCH_N_EXT_BSCAN.bscan_inst/SERIES7_BSCAN.bscan_inst/INTERNAL_TCK
    CONFIG_SITE_X0Y0     BSCANE2 (Prop_BSCAN1_CONFIG_SITE_INTERNAL_TCK_TCK)
                                                      4.800     4.800 r  dbg_hub/inst/BSCANID.u_xsdbm_id/SWITCH_N_EXT_BSCAN.bscan_inst/SERIES7_BSCAN.bscan_inst/TCK
                         net (fo=1, routed)           1.631     6.431    dbg_hub/inst/BSCANID.u_xsdbm_id/tck_bs
    BUFGCE_X0Y76         BUFGCE (Prop_BUFCE_BUFGCE_I_O)
                                                      0.044     6.475 r  dbg_hub/inst/BSCANID.u_xsdbm_id/SWITCH_N_EXT_BSCAN.u_bufg_icon_tck/O
    X2Y1 (CLOCK_ROOT)    net (fo=482, routed)         2.564     9.039    dbg_hub/inst/BSCANID.u_xsdbm_id/CORE_XSDB.UUT_MASTER/U_ICON_INTERFACE/U_CMD7_CTL/m_bscan_tck[0]
    SLICE_X59Y108        FDRE                                         r  dbg_hub/inst/BSCANID.u_xsdbm_id/CORE_XSDB.UUT_MASTER/U_ICON_INTERFACE/U_CMD7_CTL/shift_reg_in_reg[2]/C
                         clock pessimism             -5.010     4.029    
    SLICE_X59Y108        FDRE (Hold_CFF2_SLICEL_C_D)
                                                      0.103     4.132    dbg_hub/inst/BSCANID.u_xsdbm_id/CORE_XSDB.UUT_MASTER/U_ICON_INTERFACE/U_CMD7_CTL/shift_reg_in_reg[2]
  -------------------------------------------------------------------
                         required time                         -4.132    
                         arrival time                           4.189    
  -------------------------------------------------------------------
                         slack                                  0.057    

Slack (MET) :             0.059ns  (arrival time - required time)
  Source:                 dbg_hub/inst/BSCANID.u_xsdbm_id/SWITCH_N_EXT_BSCAN.bscan_switch/temp_curid_reg[10]/C
                            (rising edge-triggered cell FDRE clocked by dbg_hub/inst/BSCANID.u_xsdbm_id/SWITCH_N_EXT_BSCAN.bscan_inst/SERIES7_BSCAN.bscan_inst/INTERNAL_TCK  {rise@0.000ns fall@25.000ns period=50.000ns})
  Destination:            dbg_hub/inst/BSCANID.u_xsdbm_id/SWITCH_N_EXT_BSCAN.bscan_switch/temp_curid_reg[9]/D
                            (rising edge-triggered cell FDRE clocked by dbg_hub/inst/BSCANID.u_xsdbm_id/SWITCH_N_EXT_BSCAN.bscan_inst/SERIES7_BSCAN.bscan_inst/INTERNAL_TCK  {rise@0.000ns fall@25.000ns period=50.000ns})
  Path Group:             dbg_hub/inst/BSCANID.u_xsdbm_id/SWITCH_N_EXT_BSCAN.bscan_inst/SERIES7_BSCAN.bscan_inst/INTERNAL_TCK
  Path Type:              Hold (Min at Slow Process Corner)
  Requirement:            0.000ns  (dbg_hub/inst/BSCANID.u_xsdbm_id/SWITCH_N_EXT_BSCAN.bscan_inst/SERIES7_BSCAN.bscan_inst/INTERNAL_TCK rise@0.000ns - dbg_hub/inst/BSCANID.u_xsdbm_id/SWITCH_N_EXT_BSCAN.bscan_inst/SERIES7_BSCAN.bscan_inst/INTERNAL_TCK rise@0.000ns)
  Data Path Delay:        0.175ns  (logic 0.112ns (64.000%)  route 0.063ns (36.000%))
  Logic Levels:           0  
  Clock Path Skew:        0.013ns (DCD - SCD - CPR)
    Destination Clock Delay (DCD):    9.103ns
    Source Clock Delay      (SCD):    3.991ns
    Clock Pessimism Removal (CPR):    5.099ns
  Clock Net Delay (Source):      2.367ns (routing 1.340ns, distribution 1.027ns)
  Clock Net Delay (Destination): 2.628ns (routing 1.467ns, distribution 1.161ns)

    Location             Delay type                Incr(ns)  Path(ns)    Netlist Resource(s)
  -------------------------------------------------------------------    -------------------
                         (clock dbg_hub/inst/BSCANID.u_xsdbm_id/SWITCH_N_EXT_BSCAN.bscan_inst/SERIES7_BSCAN.bscan_inst/INTERNAL_TCK rise edge)
                                                      0.000     0.000 r  
    CONFIG_SITE_X0Y0     BSCANE2                      0.000     0.000 r  dbg_hub/inst/BSCANID.u_xsdbm_id/SWITCH_N_EXT_BSCAN.bscan_inst/SERIES7_BSCAN.bscan_inst/INTERNAL_TCK
    CONFIG_SITE_X0Y0     BSCANE2 (Prop_BSCAN1_CONFIG_SITE_INTERNAL_TCK_TCK)
                                                      0.465     0.465 r  dbg_hub/inst/BSCANID.u_xsdbm_id/SWITCH_N_EXT_BSCAN.bscan_inst/SERIES7_BSCAN.bscan_inst/TCK
                         net (fo=1, routed)           1.120     1.585    dbg_hub/inst/BSCANID.u_xsdbm_id/tck_bs
    BUFGCE_X0Y76         BUFGCE (Prop_BUFCE_BUFGCE_I_O)
                                                      0.039     1.624 r  dbg_hub/inst/BSCANID.u_xsdbm_id/SWITCH_N_EXT_BSCAN.u_bufg_icon_tck/O
    X2Y1 (CLOCK_ROOT)    net (fo=482, routed)         2.367     3.991    dbg_hub/inst/BSCANID.u_xsdbm_id/SWITCH_N_EXT_BSCAN.bscan_switch/s_bscan_tck
    SLICE_X49Y176        FDRE                                         r  dbg_hub/inst/BSCANID.u_xsdbm_id/SWITCH_N_EXT_BSCAN.bscan_switch/temp_curid_reg[10]/C
  -------------------------------------------------------------------    -------------------
    SLICE_X49Y176        FDRE (Prop_EFF_SLICEL_C_Q)
                                                      0.112     4.103 r  dbg_hub/inst/BSCANID.u_xsdbm_id/SWITCH_N_EXT_BSCAN.bscan_switch/temp_curid_reg[10]/Q
                         net (fo=2, routed)           0.063     4.166    dbg_hub/inst/BSCANID.u_xsdbm_id/SWITCH_N_EXT_BSCAN.bscan_switch/temp_curid[10]
    SLICE_X49Y176        FDRE                                         r  dbg_hub/inst/BSCANID.u_xsdbm_id/SWITCH_N_EXT_BSCAN.bscan_switch/temp_curid_reg[9]/D
  -------------------------------------------------------------------    -------------------

                         (clock dbg_hub/inst/BSCANID.u_xsdbm_id/SWITCH_N_EXT_BSCAN.bscan_inst/SERIES7_BSCAN.bscan_inst/INTERNAL_TCK rise edge)
                                                      0.000     0.000 r  
    CONFIG_SITE_X0Y0     BSCANE2                      0.000     0.000 r  dbg_hub/inst/BSCANID.u_xsdbm_id/SWITCH_N_EXT_BSCAN.bscan_inst/SERIES7_BSCAN.bscan_inst/INTERNAL_TCK
    CONFIG_SITE_X0Y0     BSCANE2 (Prop_BSCAN1_CONFIG_SITE_INTERNAL_TCK_TCK)
                                                      4.800     4.800 r  dbg_hub/inst/BSCANID.u_xsdbm_id/SWITCH_N_EXT_BSCAN.bscan_inst/SERIES7_BSCAN.bscan_inst/TCK
                         net (fo=1, routed)           1.631     6.431    dbg_hub/inst/BSCANID.u_xsdbm_id/tck_bs
    BUFGCE_X0Y76         BUFGCE (Prop_BUFCE_BUFGCE_I_O)
                                                      0.044     6.475 r  dbg_hub/inst/BSCANID.u_xsdbm_id/SWITCH_N_EXT_BSCAN.u_bufg_icon_tck/O
    X2Y1 (CLOCK_ROOT)    net (fo=482, routed)         2.628     9.103    dbg_hub/inst/BSCANID.u_xsdbm_id/SWITCH_N_EXT_BSCAN.bscan_switch/s_bscan_tck
    SLICE_X49Y176        FDRE                                         r  dbg_hub/inst/BSCANID.u_xsdbm_id/SWITCH_N_EXT_BSCAN.bscan_switch/temp_curid_reg[9]/C
                         clock pessimism             -5.099     4.004    
    SLICE_X49Y176        FDRE (Hold_GFF2_SLICEL_C_D)
                                                      0.103     4.107    dbg_hub/inst/BSCANID.u_xsdbm_id/SWITCH_N_EXT_BSCAN.bscan_switch/temp_curid_reg[9]
  -------------------------------------------------------------------
                         required time                         -4.107    
                         arrival time                           4.166    
  -------------------------------------------------------------------
                         slack                                  0.059    

Slack (MET) :             0.061ns  (arrival time - required time)
  Source:                 dbg_hub/inst/BSCANID.u_xsdbm_id/CORE_XSDB.UUT_MASTER/U_ICON_INTERFACE/U_CMD6_WR/U_WR_FIFO/SUBCORE_FIFO.xsdbm_v3_0_0_wrfifo_inst/inst_fifo_gen/gconvfifo.rf/grf.rf/rstblk/ngwrdrst.grst.g7serrst.wr_rst_asreg_reg/C
                            (rising edge-triggered cell FDPE clocked by dbg_hub/inst/BSCANID.u_xsdbm_id/SWITCH_N_EXT_BSCAN.bscan_inst/SERIES7_BSCAN.bscan_inst/INTERNAL_TCK  {rise@0.000ns fall@25.000ns period=50.000ns})
  Destination:            dbg_hub/inst/BSCANID.u_xsdbm_id/CORE_XSDB.UUT_MASTER/U_ICON_INTERFACE/U_CMD6_WR/U_WR_FIFO/SUBCORE_FIFO.xsdbm_v3_0_0_wrfifo_inst/inst_fifo_gen/gconvfifo.rf/grf.rf/rstblk/ngwrdrst.grst.g7serrst.gwrrd_rst_sync_stage[1].wrst_inst/Q_reg_reg[0]/D
                            (rising edge-triggered cell FDRE clocked by dbg_hub/inst/BSCANID.u_xsdbm_id/SWITCH_N_EXT_BSCAN.bscan_inst/SERIES7_BSCAN.bscan_inst/INTERNAL_TCK  {rise@0.000ns fall@25.000ns period=50.000ns})
  Path Group:             dbg_hub/inst/BSCANID.u_xsdbm_id/SWITCH_N_EXT_BSCAN.bscan_inst/SERIES7_BSCAN.bscan_inst/INTERNAL_TCK
  Path Type:              Hold (Min at Slow Process Corner)
  Requirement:            0.000ns  (dbg_hub/inst/BSCANID.u_xsdbm_id/SWITCH_N_EXT_BSCAN.bscan_inst/SERIES7_BSCAN.bscan_inst/INTERNAL_TCK rise@0.000ns - dbg_hub/inst/BSCANID.u_xsdbm_id/SWITCH_N_EXT_BSCAN.bscan_inst/SERIES7_BSCAN.bscan_inst/INTERNAL_TCK rise@0.000ns)
  Data Path Delay:        0.256ns  (logic 0.115ns (44.970%)  route 0.141ns (55.030%))
  Logic Levels:           0  
  Clock Path Skew:        0.092ns (DCD - SCD - CPR)
    Destination Clock Delay (DCD):    9.027ns
    Source Clock Delay      (SCD):    3.925ns
    Clock Pessimism Removal (CPR):    5.010ns
  Clock Net Delay (Source):      2.301ns (routing 1.340ns, distribution 0.961ns)
  Clock Net Delay (Destination): 2.552ns (routing 1.467ns, distribution 1.085ns)

    Location             Delay type                Incr(ns)  Path(ns)    Netlist Resource(s)
  -------------------------------------------------------------------    -------------------
                         (clock dbg_hub/inst/BSCANID.u_xsdbm_id/SWITCH_N_EXT_BSCAN.bscan_inst/SERIES7_BSCAN.bscan_inst/INTERNAL_TCK rise edge)
                                                      0.000     0.000 r  
    CONFIG_SITE_X0Y0     BSCANE2                      0.000     0.000 r  dbg_hub/inst/BSCANID.u_xsdbm_id/SWITCH_N_EXT_BSCAN.bscan_inst/SERIES7_BSCAN.bscan_inst/INTERNAL_TCK
    CONFIG_SITE_X0Y0     BSCANE2 (Prop_BSCAN1_CONFIG_SITE_INTERNAL_TCK_TCK)
                                                      0.465     0.465 r  dbg_hub/inst/BSCANID.u_xsdbm_id/SWITCH_N_EXT_BSCAN.bscan_inst/SERIES7_BSCAN.bscan_inst/TCK
                         net (fo=1, routed)           1.120     1.585    dbg_hub/inst/BSCANID.u_xsdbm_id/tck_bs
    BUFGCE_X0Y76         BUFGCE (Prop_BUFCE_BUFGCE_I_O)
                                                      0.039     1.624 r  dbg_hub/inst/BSCANID.u_xsdbm_id/SWITCH_N_EXT_BSCAN.u_bufg_icon_tck/O
    X2Y1 (CLOCK_ROOT)    net (fo=482, routed)         2.301     3.925    dbg_hub/inst/BSCANID.u_xsdbm_id/CORE_XSDB.UUT_MASTER/U_ICON_INTERFACE/U_CMD6_WR/U_WR_FIFO/SUBCORE_FIFO.xsdbm_v3_0_0_wrfifo_inst/inst_fifo_gen/gconvfifo.rf/grf.rf/rstblk/wr_clk
    SLICE_X56Y91         FDPE                                         r  dbg_hub/inst/BSCANID.u_xsdbm_id/CORE_XSDB.UUT_MASTER/U_ICON_INTERFACE/U_CMD6_WR/U_WR_FIFO/SUBCORE_FIFO.xsdbm_v3_0_0_wrfifo_inst/inst_fifo_gen/gconvfifo.rf/grf.rf/rstblk/ngwrdrst.grst.g7serrst.wr_rst_asreg_reg/C
  -------------------------------------------------------------------    -------------------
    SLICE_X56Y91         FDPE (Prop_DFF2_SLICEL_C_Q)
                                                      0.115     4.040 r  dbg_hub/inst/BSCANID.u_xsdbm_id/CORE_XSDB.UUT_MASTER/U_ICON_INTERFACE/U_CMD6_WR/U_WR_FIFO/SUBCORE_FIFO.xsdbm_v3_0_0_wrfifo_inst/inst_fifo_gen/gconvfifo.rf/grf.rf/rstblk/ngwrdrst.grst.g7serrst.wr_rst_asreg_reg/Q
                         net (fo=3, routed)           0.141     4.181    dbg_hub/inst/BSCANID.u_xsdbm_id/CORE_XSDB.UUT_MASTER/U_ICON_INTERFACE/U_CMD6_WR/U_WR_FIFO/SUBCORE_FIFO.xsdbm_v3_0_0_wrfifo_inst/inst_fifo_gen/gconvfifo.rf/grf.rf/rstblk/ngwrdrst.grst.g7serrst.gwrrd_rst_sync_stage[1].wrst_inst/in0[0]
    SLICE_X54Y91         FDRE                                         r  dbg_hub/inst/BSCANID.u_xsdbm_id/CORE_XSDB.UUT_MASTER/U_ICON_INTERFACE/U_CMD6_WR/U_WR_FIFO/SUBCORE_FIFO.xsdbm_v3_0_0_wrfifo_inst/inst_fifo_gen/gconvfifo.rf/grf.rf/rstblk/ngwrdrst.grst.g7serrst.gwrrd_rst_sync_stage[1].wrst_inst/Q_reg_reg[0]/D
  -------------------------------------------------------------------    -------------------

                         (clock dbg_hub/inst/BSCANID.u_xsdbm_id/SWITCH_N_EXT_BSCAN.bscan_inst/SERIES7_BSCAN.bscan_inst/INTERNAL_TCK rise edge)
                                                      0.000     0.000 r  
    CONFIG_SITE_X0Y0     BSCANE2                      0.000     0.000 r  dbg_hub/inst/BSCANID.u_xsdbm_id/SWITCH_N_EXT_BSCAN.bscan_inst/SERIES7_BSCAN.bscan_inst/INTERNAL_TCK
    CONFIG_SITE_X0Y0     BSCANE2 (Prop_BSCAN1_CONFIG_SITE_INTERNAL_TCK_TCK)
                                                      4.800     4.800 r  dbg_hub/inst/BSCANID.u_xsdbm_id/SWITCH_N_EXT_BSCAN.bscan_inst/SERIES7_BSCAN.bscan_inst/TCK
                         net (fo=1, routed)           1.631     6.431    dbg_hub/inst/BSCANID.u_xsdbm_id/tck_bs
    BUFGCE_X0Y76         BUFGCE (Prop_BUFCE_BUFGCE_I_O)
                                                      0.044     6.475 r  dbg_hub/inst/BSCANID.u_xsdbm_id/SWITCH_N_EXT_BSCAN.u_bufg_icon_tck/O
    X2Y1 (CLOCK_ROOT)    net (fo=482, routed)         2.552     9.027    dbg_hub/inst/BSCANID.u_xsdbm_id/CORE_XSDB.UUT_MASTER/U_ICON_INTERFACE/U_CMD6_WR/U_WR_FIFO/SUBCORE_FIFO.xsdbm_v3_0_0_wrfifo_inst/inst_fifo_gen/gconvfifo.rf/grf.rf/rstblk/ngwrdrst.grst.g7serrst.gwrrd_rst_sync_stage[1].wrst_inst/wr_clk
    SLICE_X54Y91         FDRE                                         r  dbg_hub/inst/BSCANID.u_xsdbm_id/CORE_XSDB.UUT_MASTER/U_ICON_INTERFACE/U_CMD6_WR/U_WR_FIFO/SUBCORE_FIFO.xsdbm_v3_0_0_wrfifo_inst/inst_fifo_gen/gconvfifo.rf/grf.rf/rstblk/ngwrdrst.grst.g7serrst.gwrrd_rst_sync_stage[1].wrst_inst/Q_reg_reg[0]/C
                         clock pessimism             -5.010     4.017    
    SLICE_X54Y91         FDRE (Hold_HFF2_SLICEM_C_D)
                                                      0.103     4.120    dbg_hub/inst/BSCANID.u_xsdbm_id/CORE_XSDB.UUT_MASTER/U_ICON_INTERFACE/U_CMD6_WR/U_WR_FIFO/SUBCORE_FIFO.xsdbm_v3_0_0_wrfifo_inst/inst_fifo_gen/gconvfifo.rf/grf.rf/rstblk/ngwrdrst.grst.g7serrst.gwrrd_rst_sync_stage[1].wrst_inst/Q_reg_reg[0]
  -------------------------------------------------------------------
                         required time                         -4.120    
                         arrival time                           4.181    
  -------------------------------------------------------------------
                         slack                                  0.061    





Pulse Width Checks
--------------------------------------------------------------------------------------
Clock Name:         dbg_hub/inst/BSCANID.u_xsdbm_id/SWITCH_N_EXT_BSCAN.bscan_inst/SERIES7_BSCAN.bscan_inst/INTERNAL_TCK
Waveform(ns):       { 0.000 25.000 }
Period(ns):         50.000
Sources:            { dbg_hub/inst/BSCANID.u_xsdbm_id/SWITCH_N_EXT_BSCAN.bscan_inst/SERIES7_BSCAN.bscan_inst/INTERNAL_TCK }

Check Type        Corner  Lib Pin     Reference Pin  Required(ns)  Actual(ns)  Slack(ns)  Location      Pin
Min Period        n/a     RAMD32/CLK  n/a            1.524         50.000      48.476     SLICE_X53Y97  dbg_hub/inst/BSCANID.u_xsdbm_id/CORE_XSDB.UUT_MASTER/U_ICON_INTERFACE/U_CMD6_WR/U_WR_FIFO/SUBCORE_FIFO.xsdbm_v3_0_0_wrfifo_inst/inst_fifo_gen/gconvfifo.rf/grf.rf/gntv_or_sync_fifo.mem/gdm.dm_gen.dm/RAM_reg_0_15_0_13/RAMA/CLK
Min Period        n/a     RAMD32/CLK  n/a            1.524         50.000      48.476     SLICE_X53Y97  dbg_hub/inst/BSCANID.u_xsdbm_id/CORE_XSDB.UUT_MASTER/U_ICON_INTERFACE/U_CMD6_WR/U_WR_FIFO/SUBCORE_FIFO.xsdbm_v3_0_0_wrfifo_inst/inst_fifo_gen/gconvfifo.rf/grf.rf/gntv_or_sync_fifo.mem/gdm.dm_gen.dm/RAM_reg_0_15_0_13/RAMA_D1/CLK
Min Period        n/a     RAMD32/CLK  n/a            1.524         50.000      48.476     SLICE_X53Y97  dbg_hub/inst/BSCANID.u_xsdbm_id/CORE_XSDB.UUT_MASTER/U_ICON_INTERFACE/U_CMD6_WR/U_WR_FIFO/SUBCORE_FIFO.xsdbm_v3_0_0_wrfifo_inst/inst_fifo_gen/gconvfifo.rf/grf.rf/gntv_or_sync_fifo.mem/gdm.dm_gen.dm/RAM_reg_0_15_0_13/RAMB/CLK
Min Period        n/a     RAMD32/CLK  n/a            1.524         50.000      48.476     SLICE_X53Y97  dbg_hub/inst/BSCANID.u_xsdbm_id/CORE_XSDB.UUT_MASTER/U_ICON_INTERFACE/U_CMD6_WR/U_WR_FIFO/SUBCORE_FIFO.xsdbm_v3_0_0_wrfifo_inst/inst_fifo_gen/gconvfifo.rf/grf.rf/gntv_or_sync_fifo.mem/gdm.dm_gen.dm/RAM_reg_0_15_0_13/RAMB_D1/CLK
Min Period        n/a     RAMD32/CLK  n/a            1.524         50.000      48.476     SLICE_X53Y97  dbg_hub/inst/BSCANID.u_xsdbm_id/CORE_XSDB.UUT_MASTER/U_ICON_INTERFACE/U_CMD6_WR/U_WR_FIFO/SUBCORE_FIFO.xsdbm_v3_0_0_wrfifo_inst/inst_fifo_gen/gconvfifo.rf/grf.rf/gntv_or_sync_fifo.mem/gdm.dm_gen.dm/RAM_reg_0_15_0_13/RAMC/CLK
Min Period        n/a     RAMD32/CLK  n/a            1.524         50.000      48.476     SLICE_X53Y97  dbg_hub/inst/BSCANID.u_xsdbm_id/CORE_XSDB.UUT_MASTER/U_ICON_INTERFACE/U_CMD6_WR/U_WR_FIFO/SUBCORE_FIFO.xsdbm_v3_0_0_wrfifo_inst/inst_fifo_gen/gconvfifo.rf/grf.rf/gntv_or_sync_fifo.mem/gdm.dm_gen.dm/RAM_reg_0_15_0_13/RAMC_D1/CLK
Min Period        n/a     RAMD32/CLK  n/a            1.524         50.000      48.476     SLICE_X53Y97  dbg_hub/inst/BSCANID.u_xsdbm_id/CORE_XSDB.UUT_MASTER/U_ICON_INTERFACE/U_CMD6_WR/U_WR_FIFO/SUBCORE_FIFO.xsdbm_v3_0_0_wrfifo_inst/inst_fifo_gen/gconvfifo.rf/grf.rf/gntv_or_sync_fifo.mem/gdm.dm_gen.dm/RAM_reg_0_15_0_13/RAMD/CLK
Min Period        n/a     RAMD32/CLK  n/a            1.524         50.000      48.476     SLICE_X53Y97  dbg_hub/inst/BSCANID.u_xsdbm_id/CORE_XSDB.UUT_MASTER/U_ICON_INTERFACE/U_CMD6_WR/U_WR_FIFO/SUBCORE_FIFO.xsdbm_v3_0_0_wrfifo_inst/inst_fifo_gen/gconvfifo.rf/grf.rf/gntv_or_sync_fifo.mem/gdm.dm_gen.dm/RAM_reg_0_15_0_13/RAMD_D1/CLK
Min Period        n/a     RAMD32/CLK  n/a            1.524         50.000      48.476     SLICE_X53Y97  dbg_hub/inst/BSCANID.u_xsdbm_id/CORE_XSDB.UUT_MASTER/U_ICON_INTERFACE/U_CMD6_WR/U_WR_FIFO/SUBCORE_FIFO.xsdbm_v3_0_0_wrfifo_inst/inst_fifo_gen/gconvfifo.rf/grf.rf/gntv_or_sync_fifo.mem/gdm.dm_gen.dm/RAM_reg_0_15_0_13/RAME/CLK
Min Period        n/a     RAMD32/CLK  n/a            1.524         50.000      48.476     SLICE_X53Y97  dbg_hub/inst/BSCANID.u_xsdbm_id/CORE_XSDB.UUT_MASTER/U_ICON_INTERFACE/U_CMD6_WR/U_WR_FIFO/SUBCORE_FIFO.xsdbm_v3_0_0_wrfifo_inst/inst_fifo_gen/gconvfifo.rf/grf.rf/gntv_or_sync_fifo.mem/gdm.dm_gen.dm/RAM_reg_0_15_0_13/RAME_D1/CLK
Low Pulse Width   Slow    RAMD32/CLK  n/a            0.762         25.000      24.238     SLICE_X53Y97  dbg_hub/inst/BSCANID.u_xsdbm_id/CORE_XSDB.UUT_MASTER/U_ICON_INTERFACE/U_CMD6_WR/U_WR_FIFO/SUBCORE_FIFO.xsdbm_v3_0_0_wrfifo_inst/inst_fifo_gen/gconvfifo.rf/grf.rf/gntv_or_sync_fifo.mem/gdm.dm_gen.dm/RAM_reg_0_15_0_13/RAMA/CLK
Low Pulse Width   Fast    RAMD32/CLK  n/a            0.762         25.000      24.238     SLICE_X53Y97  dbg_hub/inst/BSCANID.u_xsdbm_id/CORE_XSDB.UUT_MASTER/U_ICON_INTERFACE/U_CMD6_WR/U_WR_FIFO/SUBCORE_FIFO.xsdbm_v3_0_0_wrfifo_inst/inst_fifo_gen/gconvfifo.rf/grf.rf/gntv_or_sync_fifo.mem/gdm.dm_gen.dm/RAM_reg_0_15_0_13/RAMA/CLK
Low Pulse Width   Slow    RAMD32/CLK  n/a            0.762         25.000      24.238     SLICE_X53Y97  dbg_hub/inst/BSCANID.u_xsdbm_id/CORE_XSDB.UUT_MASTER/U_ICON_INTERFACE/U_CMD6_WR/U_WR_FIFO/SUBCORE_FIFO.xsdbm_v3_0_0_wrfifo_inst/inst_fifo_gen/gconvfifo.rf/grf.rf/gntv_or_sync_fifo.mem/gdm.dm_gen.dm/RAM_reg_0_15_0_13/RAMA_D1/CLK
Low Pulse Width   Fast    RAMD32/CLK  n/a            0.762         25.000      24.238     SLICE_X53Y97  dbg_hub/inst/BSCANID.u_xsdbm_id/CORE_XSDB.UUT_MASTER/U_ICON_INTERFACE/U_CMD6_WR/U_WR_FIFO/SUBCORE_FIFO.xsdbm_v3_0_0_wrfifo_inst/inst_fifo_gen/gconvfifo.rf/grf.rf/gntv_or_sync_fifo.mem/gdm.dm_gen.dm/RAM_reg_0_15_0_13/RAMA_D1/CLK
Low Pulse Width   Slow    RAMD32/CLK  n/a            0.762         25.000      24.238     SLICE_X53Y97  dbg_hub/inst/BSCANID.u_xsdbm_id/CORE_XSDB.UUT_MASTER/U_ICON_INTERFACE/U_CMD6_WR/U_WR_FIFO/SUBCORE_FIFO.xsdbm_v3_0_0_wrfifo_inst/inst_fifo_gen/gconvfifo.rf/grf.rf/gntv_or_sync_fifo.mem/gdm.dm_gen.dm/RAM_reg_0_15_0_13/RAMB/CLK
Low Pulse Width   Fast    RAMD32/CLK  n/a            0.762         25.000      24.238     SLICE_X53Y97  dbg_hub/inst/BSCANID.u_xsdbm_id/CORE_XSDB.UUT_MASTER/U_ICON_INTERFACE/U_CMD6_WR/U_WR_FIFO/SUBCORE_FIFO.xsdbm_v3_0_0_wrfifo_inst/inst_fifo_gen/gconvfifo.rf/grf.rf/gntv_or_sync_fifo.mem/gdm.dm_gen.dm/RAM_reg_0_15_0_13/RAMB/CLK
Low Pulse Width   Slow    RAMD32/CLK  n/a            0.762         25.000      24.238     SLICE_X53Y97  dbg_hub/inst/BSCANID.u_xsdbm_id/CORE_XSDB.UUT_MASTER/U_ICON_INTERFACE/U_CMD6_WR/U_WR_FIFO/SUBCORE_FIFO.xsdbm_v3_0_0_wrfifo_inst/inst_fifo_gen/gconvfifo.rf/grf.rf/gntv_or_sync_fifo.mem/gdm.dm_gen.dm/RAM_reg_0_15_0_13/RAMB_D1/CLK
Low Pulse Width   Fast    RAMD32/CLK  n/a            0.762         25.000      24.238     SLICE_X53Y97  dbg_hub/inst/BSCANID.u_xsdbm_id/CORE_XSDB.UUT_MASTER/U_ICON_INTERFACE/U_CMD6_WR/U_WR_FIFO/SUBCORE_FIFO.xsdbm_v3_0_0_wrfifo_inst/inst_fifo_gen/gconvfifo.rf/grf.rf/gntv_or_sync_fifo.mem/gdm.dm_gen.dm/RAM_reg_0_15_0_13/RAMB_D1/CLK
Low Pulse Width   Slow    RAMD32/CLK  n/a            0.762         25.000      24.238     SLICE_X53Y97  dbg_hub/inst/BSCANID.u_xsdbm_id/CORE_XSDB.UUT_MASTER/U_ICON_INTERFACE/U_CMD6_WR/U_WR_FIFO/SUBCORE_FIFO.xsdbm_v3_0_0_wrfifo_inst/inst_fifo_gen/gconvfifo.rf/grf.rf/gntv_or_sync_fifo.mem/gdm.dm_gen.dm/RAM_reg_0_15_0_13/RAMC/CLK
Low Pulse Width   Fast    RAMD32/CLK  n/a            0.762         25.000      24.238     SLICE_X53Y97  dbg_hub/inst/BSCANID.u_xsdbm_id/CORE_XSDB.UUT_MASTER/U_ICON_INTERFACE/U_CMD6_WR/U_WR_FIFO/SUBCORE_FIFO.xsdbm_v3_0_0_wrfifo_inst/inst_fifo_gen/gconvfifo.rf/grf.rf/gntv_or_sync_fifo.mem/gdm.dm_gen.dm/RAM_reg_0_15_0_13/RAMC/CLK
High Pulse Width  Slow    RAMD32/CLK  n/a            0.762         25.000      24.238     SLICE_X53Y97  dbg_hub/inst/BSCANID.u_xsdbm_id/CORE_XSDB.UUT_MASTER/U_ICON_INTERFACE/U_CMD6_WR/U_WR_FIFO/SUBCORE_FIFO.xsdbm_v3_0_0_wrfifo_inst/inst_fifo_gen/gconvfifo.rf/grf.rf/gntv_or_sync_fifo.mem/gdm.dm_gen.dm/RAM_reg_0_15_0_13/RAMA/CLK
High Pulse Width  Fast    RAMD32/CLK  n/a            0.762         25.000      24.238     SLICE_X53Y97  dbg_hub/inst/BSCANID.u_xsdbm_id/CORE_XSDB.UUT_MASTER/U_ICON_INTERFACE/U_CMD6_WR/U_WR_FIFO/SUBCORE_FIFO.xsdbm_v3_0_0_wrfifo_inst/inst_fifo_gen/gconvfifo.rf/grf.rf/gntv_or_sync_fifo.mem/gdm.dm_gen.dm/RAM_reg_0_15_0_13/RAMA/CLK
High Pulse Width  Slow    RAMD32/CLK  n/a            0.762         25.000      24.238     SLICE_X53Y97  dbg_hub/inst/BSCANID.u_xsdbm_id/CORE_XSDB.UUT_MASTER/U_ICON_INTERFACE/U_CMD6_WR/U_WR_FIFO/SUBCORE_FIFO.xsdbm_v3_0_0_wrfifo_inst/inst_fifo_gen/gconvfifo.rf/grf.rf/gntv_or_sync_fifo.mem/gdm.dm_gen.dm/RAM_reg_0_15_0_13/RAMA_D1/CLK
High Pulse Width  Fast    RAMD32/CLK  n/a            0.762         25.000      24.238     SLICE_X53Y97  dbg_hub/inst/BSCANID.u_xsdbm_id/CORE_XSDB.UUT_MASTER/U_ICON_INTERFACE/U_CMD6_WR/U_WR_FIFO/SUBCORE_FIFO.xsdbm_v3_0_0_wrfifo_inst/inst_fifo_gen/gconvfifo.rf/grf.rf/gntv_or_sync_fifo.mem/gdm.dm_gen.dm/RAM_reg_0_15_0_13/RAMA_D1/CLK
High Pulse Width  Slow    RAMD32/CLK  n/a            0.762         25.000      24.238     SLICE_X53Y97  dbg_hub/inst/BSCANID.u_xsdbm_id/CORE_XSDB.UUT_MASTER/U_ICON_INTERFACE/U_CMD6_WR/U_WR_FIFO/SUBCORE_FIFO.xsdbm_v3_0_0_wrfifo_inst/inst_fifo_gen/gconvfifo.rf/grf.rf/gntv_or_sync_fifo.mem/gdm.dm_gen.dm/RAM_reg_0_15_0_13/RAMB/CLK
High Pulse Width  Fast    RAMD32/CLK  n/a            0.762         25.000      24.238     SLICE_X53Y97  dbg_hub/inst/BSCANID.u_xsdbm_id/CORE_XSDB.UUT_MASTER/U_ICON_INTERFACE/U_CMD6_WR/U_WR_FIFO/SUBCORE_FIFO.xsdbm_v3_0_0_wrfifo_inst/inst_fifo_gen/gconvfifo.rf/grf.rf/gntv_or_sync_fifo.mem/gdm.dm_gen.dm/RAM_reg_0_15_0_13/RAMB/CLK
High Pulse Width  Slow    RAMD32/CLK  n/a            0.762         25.000      24.238     SLICE_X53Y97  dbg_hub/inst/BSCANID.u_xsdbm_id/CORE_XSDB.UUT_MASTER/U_ICON_INTERFACE/U_CMD6_WR/U_WR_FIFO/SUBCORE_FIFO.xsdbm_v3_0_0_wrfifo_inst/inst_fifo_gen/gconvfifo.rf/grf.rf/gntv_or_sync_fifo.mem/gdm.dm_gen.dm/RAM_reg_0_15_0_13/RAMB_D1/CLK
High Pulse Width  Fast    RAMD32/CLK  n/a            0.762         25.000      24.238     SLICE_X53Y97  dbg_hub/inst/BSCANID.u_xsdbm_id/CORE_XSDB.UUT_MASTER/U_ICON_INTERFACE/U_CMD6_WR/U_WR_FIFO/SUBCORE_FIFO.xsdbm_v3_0_0_wrfifo_inst/inst_fifo_gen/gconvfifo.rf/grf.rf/gntv_or_sync_fifo.mem/gdm.dm_gen.dm/RAM_reg_0_15_0_13/RAMB_D1/CLK
High Pulse Width  Slow    RAMD32/CLK  n/a            0.762         25.000      24.238     SLICE_X53Y97  dbg_hub/inst/BSCANID.u_xsdbm_id/CORE_XSDB.UUT_MASTER/U_ICON_INTERFACE/U_CMD6_WR/U_WR_FIFO/SUBCORE_FIFO.xsdbm_v3_0_0_wrfifo_inst/inst_fifo_gen/gconvfifo.rf/grf.rf/gntv_or_sync_fifo.mem/gdm.dm_gen.dm/RAM_reg_0_15_0_13/RAMC/CLK
High Pulse Width  Fast    RAMD32/CLK  n/a            0.762         25.000      24.238     SLICE_X53Y97  dbg_hub/inst/BSCANID.u_xsdbm_id/CORE_XSDB.UUT_MASTER/U_ICON_INTERFACE/U_CMD6_WR/U_WR_FIFO/SUBCORE_FIFO.xsdbm_v3_0_0_wrfifo_inst/inst_fifo_gen/gconvfifo.rf/grf.rf/gntv_or_sync_fifo.mem/gdm.dm_gen.dm/RAM_reg_0_15_0_13/RAMC/CLK



---------------------------------------------------------------------------------------------------
From Clock:  dbg_hub/inst/BSCANID.u_xsdbm_id/SWITCH_N_EXT_BSCAN.bscan_inst/SERIES7_BSCAN.bscan_inst/INTERNAL_TCK
  To Clock:  clk_pl_0

Setup :            0  Failing Endpoints,  Worst Slack       49.523ns,  Total Violation        0.000ns
Hold  :           NA  Failing Endpoints,  Worst Slack           NA  ,  Total Violation           NA
---------------------------------------------------------------------------------------------------


Max Delay Paths
--------------------------------------------------------------------------------------
Slack (MET) :             49.523ns  (required time - arrival time)
  Source:                 dbg_hub/inst/BSCANID.u_xsdbm_id/CORE_XSDB.UUT_MASTER/U_ICON_INTERFACE/U_CMD6_WR/U_WR_FIFO/SUBCORE_FIFO.xsdbm_v3_0_0_wrfifo_inst/inst_fifo_gen/gconvfifo.rf/grf.rf/gntv_or_sync_fifo.gcx.clkx/gnxpm_cdc.wr_pntr_gc_reg[2]/C
                            (rising edge-triggered cell FDCE clocked by dbg_hub/inst/BSCANID.u_xsdbm_id/SWITCH_N_EXT_BSCAN.bscan_inst/SERIES7_BSCAN.bscan_inst/INTERNAL_TCK  {rise@0.000ns fall@25.000ns period=50.000ns})
  Destination:            dbg_hub/inst/BSCANID.u_xsdbm_id/CORE_XSDB.UUT_MASTER/U_ICON_INTERFACE/U_CMD6_WR/U_WR_FIFO/SUBCORE_FIFO.xsdbm_v3_0_0_wrfifo_inst/inst_fifo_gen/gconvfifo.rf/grf.rf/gntv_or_sync_fifo.gcx.clkx/gnxpm_cdc.gsync_stage[1].rd_stg_inst/Q_reg_reg[2]/D
                            (rising edge-triggered cell FDCE clocked by clk_pl_0  {rise@0.000ns fall@5.156ns period=10.312ns})
  Path Group:             clk_pl_0
  Path Type:              Setup (Max at Slow Process Corner)
  Requirement:            50.000ns  (MaxDelay Path 50.000ns)
  Data Path Delay:        0.522ns  (logic 0.116ns (22.222%)  route 0.406ns (77.778%))
  Logic Levels:           0  
  Timing Exception:       MaxDelay Path 50.000ns -datapath_only

    Location             Delay type                Incr(ns)  Path(ns)    Netlist Resource(s)
  -------------------------------------------------------------------    -------------------
    SLICE_X54Y98                                      0.000     0.000 r  dbg_hub/inst/BSCANID.u_xsdbm_id/CORE_XSDB.UUT_MASTER/U_ICON_INTERFACE/U_CMD6_WR/U_WR_FIFO/SUBCORE_FIFO.xsdbm_v3_0_0_wrfifo_inst/inst_fifo_gen/gconvfifo.rf/grf.rf/gntv_or_sync_fifo.gcx.clkx/gnxpm_cdc.wr_pntr_gc_reg[2]/C
    SLICE_X54Y98         FDCE (Prop_DFF_SLICEM_C_Q)
                                                      0.116     0.116 r  dbg_hub/inst/BSCANID.u_xsdbm_id/CORE_XSDB.UUT_MASTER/U_ICON_INTERFACE/U_CMD6_WR/U_WR_FIFO/SUBCORE_FIFO.xsdbm_v3_0_0_wrfifo_inst/inst_fifo_gen/gconvfifo.rf/grf.rf/gntv_or_sync_fifo.gcx.clkx/gnxpm_cdc.wr_pntr_gc_reg[2]/Q
                         net (fo=1, routed)           0.406     0.522    dbg_hub/inst/BSCANID.u_xsdbm_id/CORE_XSDB.UUT_MASTER/U_ICON_INTERFACE/U_CMD6_WR/U_WR_FIFO/SUBCORE_FIFO.xsdbm_v3_0_0_wrfifo_inst/inst_fifo_gen/gconvfifo.rf/grf.rf/gntv_or_sync_fifo.gcx.clkx/gnxpm_cdc.gsync_stage[1].rd_stg_inst/Q[2]
    SLICE_X54Y97         FDCE                                         r  dbg_hub/inst/BSCANID.u_xsdbm_id/CORE_XSDB.UUT_MASTER/U_ICON_INTERFACE/U_CMD6_WR/U_WR_FIFO/SUBCORE_FIFO.xsdbm_v3_0_0_wrfifo_inst/inst_fifo_gen/gconvfifo.rf/grf.rf/gntv_or_sync_fifo.gcx.clkx/gnxpm_cdc.gsync_stage[1].rd_stg_inst/Q_reg_reg[2]/D
  -------------------------------------------------------------------    -------------------

                         max delay                   50.000    50.000    
    SLICE_X54Y97         FDCE (Setup_BFF2_SLICEM_C_D)
                                                      0.045    50.045    dbg_hub/inst/BSCANID.u_xsdbm_id/CORE_XSDB.UUT_MASTER/U_ICON_INTERFACE/U_CMD6_WR/U_WR_FIFO/SUBCORE_FIFO.xsdbm_v3_0_0_wrfifo_inst/inst_fifo_gen/gconvfifo.rf/grf.rf/gntv_or_sync_fifo.gcx.clkx/gnxpm_cdc.gsync_stage[1].rd_stg_inst/Q_reg_reg[2]
  -------------------------------------------------------------------
                         required time                         50.045    
                         arrival time                          -0.522    
  -------------------------------------------------------------------
                         slack                                 49.523    

Slack (MET) :             49.567ns  (required time - arrival time)
  Source:                 dbg_hub/inst/BSCANID.u_xsdbm_id/CORE_XSDB.UUT_MASTER/U_ICON_INTERFACE/U_CMD6_RD/U_RD_FIFO/SUBCORE_FIFO.xsdbm_v3_0_0_rdfifo_inst/inst_fifo_gen/gconvfifo.rf/grf.rf/gntv_or_sync_fifo.gcx.clkx/gnxpm_cdc.rd_pntr_gc_reg[1]/C
                            (rising edge-triggered cell FDCE clocked by dbg_hub/inst/BSCANID.u_xsdbm_id/SWITCH_N_EXT_BSCAN.bscan_inst/SERIES7_BSCAN.bscan_inst/INTERNAL_TCK  {rise@0.000ns fall@25.000ns period=50.000ns})
  Destination:            dbg_hub/inst/BSCANID.u_xsdbm_id/CORE_XSDB.UUT_MASTER/U_ICON_INTERFACE/U_CMD6_RD/U_RD_FIFO/SUBCORE_FIFO.xsdbm_v3_0_0_rdfifo_inst/inst_fifo_gen/gconvfifo.rf/grf.rf/gntv_or_sync_fifo.gcx.clkx/gnxpm_cdc.gsync_stage[1].wr_stg_inst/Q_reg_reg[1]/D
                            (rising edge-triggered cell FDCE clocked by clk_pl_0  {rise@0.000ns fall@5.156ns period=10.312ns})
  Path Group:             clk_pl_0
  Path Type:              Setup (Max at Slow Process Corner)
  Requirement:            50.000ns  (MaxDelay Path 50.000ns)
  Data Path Delay:        0.479ns  (logic 0.115ns (24.008%)  route 0.364ns (75.992%))
  Logic Levels:           0  
  Timing Exception:       MaxDelay Path 50.000ns -datapath_only

    Location             Delay type                Incr(ns)  Path(ns)    Netlist Resource(s)
  -------------------------------------------------------------------    -------------------
    SLICE_X55Y101                                     0.000     0.000 r  dbg_hub/inst/BSCANID.u_xsdbm_id/CORE_XSDB.UUT_MASTER/U_ICON_INTERFACE/U_CMD6_RD/U_RD_FIFO/SUBCORE_FIFO.xsdbm_v3_0_0_rdfifo_inst/inst_fifo_gen/gconvfifo.rf/grf.rf/gntv_or_sync_fifo.gcx.clkx/gnxpm_cdc.rd_pntr_gc_reg[1]/C
    SLICE_X55Y101        FDCE (Prop_DFF2_SLICEL_C_Q)
                                                      0.115     0.115 r  dbg_hub/inst/BSCANID.u_xsdbm_id/CORE_XSDB.UUT_MASTER/U_ICON_INTERFACE/U_CMD6_RD/U_RD_FIFO/SUBCORE_FIFO.xsdbm_v3_0_0_rdfifo_inst/inst_fifo_gen/gconvfifo.rf/grf.rf/gntv_or_sync_fifo.gcx.clkx/gnxpm_cdc.rd_pntr_gc_reg[1]/Q
                         net (fo=1, routed)           0.364     0.479    dbg_hub/inst/BSCANID.u_xsdbm_id/CORE_XSDB.UUT_MASTER/U_ICON_INTERFACE/U_CMD6_RD/U_RD_FIFO/SUBCORE_FIFO.xsdbm_v3_0_0_rdfifo_inst/inst_fifo_gen/gconvfifo.rf/grf.rf/gntv_or_sync_fifo.gcx.clkx/gnxpm_cdc.gsync_stage[1].wr_stg_inst/Q[1]
    SLICE_X57Y101        FDCE                                         r  dbg_hub/inst/BSCANID.u_xsdbm_id/CORE_XSDB.UUT_MASTER/U_ICON_INTERFACE/U_CMD6_RD/U_RD_FIFO/SUBCORE_FIFO.xsdbm_v3_0_0_rdfifo_inst/inst_fifo_gen/gconvfifo.rf/grf.rf/gntv_or_sync_fifo.gcx.clkx/gnxpm_cdc.gsync_stage[1].wr_stg_inst/Q_reg_reg[1]/D
  -------------------------------------------------------------------    -------------------

                         max delay                   50.000    50.000    
    SLICE_X57Y101        FDCE (Setup_CFF2_SLICEL_C_D)
                                                      0.046    50.046    dbg_hub/inst/BSCANID.u_xsdbm_id/CORE_XSDB.UUT_MASTER/U_ICON_INTERFACE/U_CMD6_RD/U_RD_FIFO/SUBCORE_FIFO.xsdbm_v3_0_0_rdfifo_inst/inst_fifo_gen/gconvfifo.rf/grf.rf/gntv_or_sync_fifo.gcx.clkx/gnxpm_cdc.gsync_stage[1].wr_stg_inst/Q_reg_reg[1]
  -------------------------------------------------------------------
                         required time                         50.046    
                         arrival time                          -0.479    
  -------------------------------------------------------------------
                         slack                                 49.567    

Slack (MET) :             49.568ns  (required time - arrival time)
  Source:                 dbg_hub/inst/BSCANID.u_xsdbm_id/CORE_XSDB.UUT_MASTER/U_ICON_INTERFACE/U_CMD6_WR/U_WR_FIFO/SUBCORE_FIFO.xsdbm_v3_0_0_wrfifo_inst/inst_fifo_gen/gconvfifo.rf/grf.rf/gntv_or_sync_fifo.gcx.clkx/gnxpm_cdc.wr_pntr_gc_reg[0]/C
                            (rising edge-triggered cell FDCE clocked by dbg_hub/inst/BSCANID.u_xsdbm_id/SWITCH_N_EXT_BSCAN.bscan_inst/SERIES7_BSCAN.bscan_inst/INTERNAL_TCK  {rise@0.000ns fall@25.000ns period=50.000ns})
  Destination:            dbg_hub/inst/BSCANID.u_xsdbm_id/CORE_XSDB.UUT_MASTER/U_ICON_INTERFACE/U_CMD6_WR/U_WR_FIFO/SUBCORE_FIFO.xsdbm_v3_0_0_wrfifo_inst/inst_fifo_gen/gconvfifo.rf/grf.rf/gntv_or_sync_fifo.gcx.clkx/gnxpm_cdc.gsync_stage[1].rd_stg_inst/Q_reg_reg[0]/D
                            (rising edge-triggered cell FDCE clocked by clk_pl_0  {rise@0.000ns fall@5.156ns period=10.312ns})
  Path Group:             clk_pl_0
  Path Type:              Setup (Max at Slow Process Corner)
  Requirement:            50.000ns  (MaxDelay Path 50.000ns)
  Data Path Delay:        0.478ns  (logic 0.116ns (24.268%)  route 0.362ns (75.732%))
  Logic Levels:           0  
  Timing Exception:       MaxDelay Path 50.000ns -datapath_only

    Location             Delay type                Incr(ns)  Path(ns)    Netlist Resource(s)
  -------------------------------------------------------------------    -------------------
    SLICE_X54Y98                                      0.000     0.000 r  dbg_hub/inst/BSCANID.u_xsdbm_id/CORE_XSDB.UUT_MASTER/U_ICON_INTERFACE/U_CMD6_WR/U_WR_FIFO/SUBCORE_FIFO.xsdbm_v3_0_0_wrfifo_inst/inst_fifo_gen/gconvfifo.rf/grf.rf/gntv_or_sync_fifo.gcx.clkx/gnxpm_cdc.wr_pntr_gc_reg[0]/C
    SLICE_X54Y98         FDCE (Prop_CFF_SLICEM_C_Q)
                                                      0.116     0.116 r  dbg_hub/inst/BSCANID.u_xsdbm_id/CORE_XSDB.UUT_MASTER/U_ICON_INTERFACE/U_CMD6_WR/U_WR_FIFO/SUBCORE_FIFO.xsdbm_v3_0_0_wrfifo_inst/inst_fifo_gen/gconvfifo.rf/grf.rf/gntv_or_sync_fifo.gcx.clkx/gnxpm_cdc.wr_pntr_gc_reg[0]/Q
                         net (fo=1, routed)           0.362     0.478    dbg_hub/inst/BSCANID.u_xsdbm_id/CORE_XSDB.UUT_MASTER/U_ICON_INTERFACE/U_CMD6_WR/U_WR_FIFO/SUBCORE_FIFO.xsdbm_v3_0_0_wrfifo_inst/inst_fifo_gen/gconvfifo.rf/grf.rf/gntv_or_sync_fifo.gcx.clkx/gnxpm_cdc.gsync_stage[1].rd_stg_inst/Q[0]
    SLICE_X54Y97         FDCE                                         r  dbg_hub/inst/BSCANID.u_xsdbm_id/CORE_XSDB.UUT_MASTER/U_ICON_INTERFACE/U_CMD6_WR/U_WR_FIFO/SUBCORE_FIFO.xsdbm_v3_0_0_wrfifo_inst/inst_fifo_gen/gconvfifo.rf/grf.rf/gntv_or_sync_fifo.gcx.clkx/gnxpm_cdc.gsync_stage[1].rd_stg_inst/Q_reg_reg[0]/D
  -------------------------------------------------------------------    -------------------

                         max delay                   50.000    50.000    
    SLICE_X54Y97         FDCE (Setup_GFF2_SLICEM_C_D)
                                                      0.046    50.046    dbg_hub/inst/BSCANID.u_xsdbm_id/CORE_XSDB.UUT_MASTER/U_ICON_INTERFACE/U_CMD6_WR/U_WR_FIFO/SUBCORE_FIFO.xsdbm_v3_0_0_wrfifo_inst/inst_fifo_gen/gconvfifo.rf/grf.rf/gntv_or_sync_fifo.gcx.clkx/gnxpm_cdc.gsync_stage[1].rd_stg_inst/Q_reg_reg[0]
  -------------------------------------------------------------------
                         required time                         50.046    
                         arrival time                          -0.478    
  -------------------------------------------------------------------
                         slack                                 49.568    

Slack (MET) :             49.575ns  (required time - arrival time)
  Source:                 dbg_hub/inst/BSCANID.u_xsdbm_id/CORE_XSDB.UUT_MASTER/U_ICON_INTERFACE/U_CMD6_WR/U_WR_FIFO/SUBCORE_FIFO.xsdbm_v3_0_0_wrfifo_inst/inst_fifo_gen/gconvfifo.rf/grf.rf/gntv_or_sync_fifo.gcx.clkx/gnxpm_cdc.wr_pntr_gc_reg[1]/C
                            (rising edge-triggered cell FDCE clocked by dbg_hub/inst/BSCANID.u_xsdbm_id/SWITCH_N_EXT_BSCAN.bscan_inst/SERIES7_BSCAN.bscan_inst/INTERNAL_TCK  {rise@0.000ns fall@25.000ns period=50.000ns})
  Destination:            dbg_hub/inst/BSCANID.u_xsdbm_id/CORE_XSDB.UUT_MASTER/U_ICON_INTERFACE/U_CMD6_WR/U_WR_FIFO/SUBCORE_FIFO.xsdbm_v3_0_0_wrfifo_inst/inst_fifo_gen/gconvfifo.rf/grf.rf/gntv_or_sync_fifo.gcx.clkx/gnxpm_cdc.gsync_stage[1].rd_stg_inst/Q_reg_reg[1]/D
                            (rising edge-triggered cell FDCE clocked by clk_pl_0  {rise@0.000ns fall@5.156ns period=10.312ns})
  Path Group:             clk_pl_0
  Path Type:              Setup (Max at Slow Process Corner)
  Requirement:            50.000ns  (MaxDelay Path 50.000ns)
  Data Path Delay:        0.470ns  (logic 0.114ns (24.255%)  route 0.356ns (75.745%))
  Logic Levels:           0  
  Timing Exception:       MaxDelay Path 50.000ns -datapath_only

    Location             Delay type                Incr(ns)  Path(ns)    Netlist Resource(s)
  -------------------------------------------------------------------    -------------------
    SLICE_X54Y98                                      0.000     0.000 r  dbg_hub/inst/BSCANID.u_xsdbm_id/CORE_XSDB.UUT_MASTER/U_ICON_INTERFACE/U_CMD6_WR/U_WR_FIFO/SUBCORE_FIFO.xsdbm_v3_0_0_wrfifo_inst/inst_fifo_gen/gconvfifo.rf/grf.rf/gntv_or_sync_fifo.gcx.clkx/gnxpm_cdc.wr_pntr_gc_reg[1]/C
    SLICE_X54Y98         FDCE (Prop_CFF2_SLICEM_C_Q)
                                                      0.114     0.114 r  dbg_hub/inst/BSCANID.u_xsdbm_id/CORE_XSDB.UUT_MASTER/U_ICON_INTERFACE/U_CMD6_WR/U_WR_FIFO/SUBCORE_FIFO.xsdbm_v3_0_0_wrfifo_inst/inst_fifo_gen/gconvfifo.rf/grf.rf/gntv_or_sync_fifo.gcx.clkx/gnxpm_cdc.wr_pntr_gc_reg[1]/Q
                         net (fo=1, routed)           0.356     0.470    dbg_hub/inst/BSCANID.u_xsdbm_id/CORE_XSDB.UUT_MASTER/U_ICON_INTERFACE/U_CMD6_WR/U_WR_FIFO/SUBCORE_FIFO.xsdbm_v3_0_0_wrfifo_inst/inst_fifo_gen/gconvfifo.rf/grf.rf/gntv_or_sync_fifo.gcx.clkx/gnxpm_cdc.gsync_stage[1].rd_stg_inst/Q[1]
    SLICE_X54Y97         FDCE                                         r  dbg_hub/inst/BSCANID.u_xsdbm_id/CORE_XSDB.UUT_MASTER/U_ICON_INTERFACE/U_CMD6_WR/U_WR_FIFO/SUBCORE_FIFO.xsdbm_v3_0_0_wrfifo_inst/inst_fifo_gen/gconvfifo.rf/grf.rf/gntv_or_sync_fifo.gcx.clkx/gnxpm_cdc.gsync_stage[1].rd_stg_inst/Q_reg_reg[1]/D
  -------------------------------------------------------------------    -------------------

                         max delay                   50.000    50.000    
    SLICE_X54Y97         FDCE (Setup_CFF2_SLICEM_C_D)
                                                      0.045    50.045    dbg_hub/inst/BSCANID.u_xsdbm_id/CORE_XSDB.UUT_MASTER/U_ICON_INTERFACE/U_CMD6_WR/U_WR_FIFO/SUBCORE_FIFO.xsdbm_v3_0_0_wrfifo_inst/inst_fifo_gen/gconvfifo.rf/grf.rf/gntv_or_sync_fifo.gcx.clkx/gnxpm_cdc.gsync_stage[1].rd_stg_inst/Q_reg_reg[1]
  -------------------------------------------------------------------
                         required time                         50.045    
                         arrival time                          -0.470    
  -------------------------------------------------------------------
                         slack                                 49.575    

Slack (MET) :             49.609ns  (required time - arrival time)
  Source:                 dbg_hub/inst/BSCANID.u_xsdbm_id/CORE_XSDB.UUT_MASTER/U_ICON_INTERFACE/U_CMD6_RD/U_RD_FIFO/SUBCORE_FIFO.xsdbm_v3_0_0_rdfifo_inst/inst_fifo_gen/gconvfifo.rf/grf.rf/gntv_or_sync_fifo.gcx.clkx/gnxpm_cdc.rd_pntr_gc_reg[2]/C
                            (rising edge-triggered cell FDCE clocked by dbg_hub/inst/BSCANID.u_xsdbm_id/SWITCH_N_EXT_BSCAN.bscan_inst/SERIES7_BSCAN.bscan_inst/INTERNAL_TCK  {rise@0.000ns fall@25.000ns period=50.000ns})
  Destination:            dbg_hub/inst/BSCANID.u_xsdbm_id/CORE_XSDB.UUT_MASTER/U_ICON_INTERFACE/U_CMD6_RD/U_RD_FIFO/SUBCORE_FIFO.xsdbm_v3_0_0_rdfifo_inst/inst_fifo_gen/gconvfifo.rf/grf.rf/gntv_or_sync_fifo.gcx.clkx/gnxpm_cdc.gsync_stage[1].wr_stg_inst/Q_reg_reg[2]/D
                            (rising edge-triggered cell FDCE clocked by clk_pl_0  {rise@0.000ns fall@5.156ns period=10.312ns})
  Path Group:             clk_pl_0
  Path Type:              Setup (Max at Slow Process Corner)
  Requirement:            50.000ns  (MaxDelay Path 50.000ns)
  Data Path Delay:        0.437ns  (logic 0.116ns (26.545%)  route 0.321ns (73.455%))
  Logic Levels:           0  
  Timing Exception:       MaxDelay Path 50.000ns -datapath_only

    Location             Delay type                Incr(ns)  Path(ns)    Netlist Resource(s)
  -------------------------------------------------------------------    -------------------
    SLICE_X56Y101                                     0.000     0.000 r  dbg_hub/inst/BSCANID.u_xsdbm_id/CORE_XSDB.UUT_MASTER/U_ICON_INTERFACE/U_CMD6_RD/U_RD_FIFO/SUBCORE_FIFO.xsdbm_v3_0_0_rdfifo_inst/inst_fifo_gen/gconvfifo.rf/grf.rf/gntv_or_sync_fifo.gcx.clkx/gnxpm_cdc.rd_pntr_gc_reg[2]/C
    SLICE_X56Y101        FDCE (Prop_AFF2_SLICEL_C_Q)
                                                      0.116     0.116 r  dbg_hub/inst/BSCANID.u_xsdbm_id/CORE_XSDB.UUT_MASTER/U_ICON_INTERFACE/U_CMD6_RD/U_RD_FIFO/SUBCORE_FIFO.xsdbm_v3_0_0_rdfifo_inst/inst_fifo_gen/gconvfifo.rf/grf.rf/gntv_or_sync_fifo.gcx.clkx/gnxpm_cdc.rd_pntr_gc_reg[2]/Q
                         net (fo=1, routed)           0.321     0.437    dbg_hub/inst/BSCANID.u_xsdbm_id/CORE_XSDB.UUT_MASTER/U_ICON_INTERFACE/U_CMD6_RD/U_RD_FIFO/SUBCORE_FIFO.xsdbm_v3_0_0_rdfifo_inst/inst_fifo_gen/gconvfifo.rf/grf.rf/gntv_or_sync_fifo.gcx.clkx/gnxpm_cdc.gsync_stage[1].wr_stg_inst/Q[2]
    SLICE_X56Y101        FDCE                                         r  dbg_hub/inst/BSCANID.u_xsdbm_id/CORE_XSDB.UUT_MASTER/U_ICON_INTERFACE/U_CMD6_RD/U_RD_FIFO/SUBCORE_FIFO.xsdbm_v3_0_0_rdfifo_inst/inst_fifo_gen/gconvfifo.rf/grf.rf/gntv_or_sync_fifo.gcx.clkx/gnxpm_cdc.gsync_stage[1].wr_stg_inst/Q_reg_reg[2]/D
  -------------------------------------------------------------------    -------------------

                         max delay                   50.000    50.000    
    SLICE_X56Y101        FDCE (Setup_HFF2_SLICEL_C_D)
                                                      0.046    50.046    dbg_hub/inst/BSCANID.u_xsdbm_id/CORE_XSDB.UUT_MASTER/U_ICON_INTERFACE/U_CMD6_RD/U_RD_FIFO/SUBCORE_FIFO.xsdbm_v3_0_0_rdfifo_inst/inst_fifo_gen/gconvfifo.rf/grf.rf/gntv_or_sync_fifo.gcx.clkx/gnxpm_cdc.gsync_stage[1].wr_stg_inst/Q_reg_reg[2]
  -------------------------------------------------------------------
                         required time                         50.046    
                         arrival time                          -0.437    
  -------------------------------------------------------------------
                         slack                                 49.609    

Slack (MET) :             49.650ns  (required time - arrival time)
  Source:                 dbg_hub/inst/BSCANID.u_xsdbm_id/CORE_XSDB.UUT_MASTER/U_ICON_INTERFACE/U_CMD6_WR/U_WR_FIFO/SUBCORE_FIFO.xsdbm_v3_0_0_wrfifo_inst/inst_fifo_gen/gconvfifo.rf/grf.rf/gntv_or_sync_fifo.gcx.clkx/gnxpm_cdc.wr_pntr_gc_reg[3]/C
                            (rising edge-triggered cell FDCE clocked by dbg_hub/inst/BSCANID.u_xsdbm_id/SWITCH_N_EXT_BSCAN.bscan_inst/SERIES7_BSCAN.bscan_inst/INTERNAL_TCK  {rise@0.000ns fall@25.000ns period=50.000ns})
  Destination:            dbg_hub/inst/BSCANID.u_xsdbm_id/CORE_XSDB.UUT_MASTER/U_ICON_INTERFACE/U_CMD6_WR/U_WR_FIFO/SUBCORE_FIFO.xsdbm_v3_0_0_wrfifo_inst/inst_fifo_gen/gconvfifo.rf/grf.rf/gntv_or_sync_fifo.gcx.clkx/gnxpm_cdc.gsync_stage[1].rd_stg_inst/Q_reg_reg[3]/D
                            (rising edge-triggered cell FDCE clocked by clk_pl_0  {rise@0.000ns fall@5.156ns period=10.312ns})
  Path Group:             clk_pl_0
  Path Type:              Setup (Max at Slow Process Corner)
  Requirement:            50.000ns  (MaxDelay Path 50.000ns)
  Data Path Delay:        0.396ns  (logic 0.113ns (28.535%)  route 0.283ns (71.465%))
  Logic Levels:           0  
  Timing Exception:       MaxDelay Path 50.000ns -datapath_only

    Location             Delay type                Incr(ns)  Path(ns)    Netlist Resource(s)
  -------------------------------------------------------------------    -------------------
    SLICE_X54Y98                                      0.000     0.000 r  dbg_hub/inst/BSCANID.u_xsdbm_id/CORE_XSDB.UUT_MASTER/U_ICON_INTERFACE/U_CMD6_WR/U_WR_FIFO/SUBCORE_FIFO.xsdbm_v3_0_0_wrfifo_inst/inst_fifo_gen/gconvfifo.rf/grf.rf/gntv_or_sync_fifo.gcx.clkx/gnxpm_cdc.wr_pntr_gc_reg[3]/C
    SLICE_X54Y98         FDCE (Prop_AFF_SLICEM_C_Q)
                                                      0.113     0.113 r  dbg_hub/inst/BSCANID.u_xsdbm_id/CORE_XSDB.UUT_MASTER/U_ICON_INTERFACE/U_CMD6_WR/U_WR_FIFO/SUBCORE_FIFO.xsdbm_v3_0_0_wrfifo_inst/inst_fifo_gen/gconvfifo.rf/grf.rf/gntv_or_sync_fifo.gcx.clkx/gnxpm_cdc.wr_pntr_gc_reg[3]/Q
                         net (fo=1, routed)           0.283     0.396    dbg_hub/inst/BSCANID.u_xsdbm_id/CORE_XSDB.UUT_MASTER/U_ICON_INTERFACE/U_CMD6_WR/U_WR_FIFO/SUBCORE_FIFO.xsdbm_v3_0_0_wrfifo_inst/inst_fifo_gen/gconvfifo.rf/grf.rf/gntv_or_sync_fifo.gcx.clkx/gnxpm_cdc.gsync_stage[1].rd_stg_inst/Q[3]
    SLICE_X54Y98         FDCE                                         r  dbg_hub/inst/BSCANID.u_xsdbm_id/CORE_XSDB.UUT_MASTER/U_ICON_INTERFACE/U_CMD6_WR/U_WR_FIFO/SUBCORE_FIFO.xsdbm_v3_0_0_wrfifo_inst/inst_fifo_gen/gconvfifo.rf/grf.rf/gntv_or_sync_fifo.gcx.clkx/gnxpm_cdc.gsync_stage[1].rd_stg_inst/Q_reg_reg[3]/D
  -------------------------------------------------------------------    -------------------

                         max delay                   50.000    50.000    
    SLICE_X54Y98         FDCE (Setup_HFF2_SLICEM_C_D)
                                                      0.046    50.046    dbg_hub/inst/BSCANID.u_xsdbm_id/CORE_XSDB.UUT_MASTER/U_ICON_INTERFACE/U_CMD6_WR/U_WR_FIFO/SUBCORE_FIFO.xsdbm_v3_0_0_wrfifo_inst/inst_fifo_gen/gconvfifo.rf/grf.rf/gntv_or_sync_fifo.gcx.clkx/gnxpm_cdc.gsync_stage[1].rd_stg_inst/Q_reg_reg[3]
  -------------------------------------------------------------------
                         required time                         50.046    
                         arrival time                          -0.396    
  -------------------------------------------------------------------
                         slack                                 49.650    

Slack (MET) :             49.663ns  (required time - arrival time)
  Source:                 dbg_hub/inst/BSCANID.u_xsdbm_id/CORE_XSDB.UUT_MASTER/U_ICON_INTERFACE/U_CMD6_RD/U_RD_FIFO/SUBCORE_FIFO.xsdbm_v3_0_0_rdfifo_inst/inst_fifo_gen/gconvfifo.rf/grf.rf/gntv_or_sync_fifo.gcx.clkx/gnxpm_cdc.rd_pntr_gc_reg[3]/C
                            (rising edge-triggered cell FDCE clocked by dbg_hub/inst/BSCANID.u_xsdbm_id/SWITCH_N_EXT_BSCAN.bscan_inst/SERIES7_BSCAN.bscan_inst/INTERNAL_TCK  {rise@0.000ns fall@25.000ns period=50.000ns})
  Destination:            dbg_hub/inst/BSCANID.u_xsdbm_id/CORE_XSDB.UUT_MASTER/U_ICON_INTERFACE/U_CMD6_RD/U_RD_FIFO/SUBCORE_FIFO.xsdbm_v3_0_0_rdfifo_inst/inst_fifo_gen/gconvfifo.rf/grf.rf/gntv_or_sync_fifo.gcx.clkx/gnxpm_cdc.gsync_stage[1].wr_stg_inst/Q_reg_reg[3]/D
                            (rising edge-triggered cell FDCE clocked by clk_pl_0  {rise@0.000ns fall@5.156ns period=10.312ns})
  Path Group:             clk_pl_0
  Path Type:              Setup (Max at Slow Process Corner)
  Requirement:            50.000ns  (MaxDelay Path 50.000ns)
  Data Path Delay:        0.383ns  (logic 0.113ns (29.504%)  route 0.270ns (70.496%))
  Logic Levels:           0  
  Timing Exception:       MaxDelay Path 50.000ns -datapath_only

    Location             Delay type                Incr(ns)  Path(ns)    Netlist Resource(s)
  -------------------------------------------------------------------    -------------------
    SLICE_X56Y101                                     0.000     0.000 r  dbg_hub/inst/BSCANID.u_xsdbm_id/CORE_XSDB.UUT_MASTER/U_ICON_INTERFACE/U_CMD6_RD/U_RD_FIFO/SUBCORE_FIFO.xsdbm_v3_0_0_rdfifo_inst/inst_fifo_gen/gconvfifo.rf/grf.rf/gntv_or_sync_fifo.gcx.clkx/gnxpm_cdc.rd_pntr_gc_reg[3]/C
    SLICE_X56Y101        FDCE (Prop_BFF_SLICEL_C_Q)
                                                      0.113     0.113 r  dbg_hub/inst/BSCANID.u_xsdbm_id/CORE_XSDB.UUT_MASTER/U_ICON_INTERFACE/U_CMD6_RD/U_RD_FIFO/SUBCORE_FIFO.xsdbm_v3_0_0_rdfifo_inst/inst_fifo_gen/gconvfifo.rf/grf.rf/gntv_or_sync_fifo.gcx.clkx/gnxpm_cdc.rd_pntr_gc_reg[3]/Q
                         net (fo=1, routed)           0.270     0.383    dbg_hub/inst/BSCANID.u_xsdbm_id/CORE_XSDB.UUT_MASTER/U_ICON_INTERFACE/U_CMD6_RD/U_RD_FIFO/SUBCORE_FIFO.xsdbm_v3_0_0_rdfifo_inst/inst_fifo_gen/gconvfifo.rf/grf.rf/gntv_or_sync_fifo.gcx.clkx/gnxpm_cdc.gsync_stage[1].wr_stg_inst/Q[3]
    SLICE_X56Y101        FDCE                                         r  dbg_hub/inst/BSCANID.u_xsdbm_id/CORE_XSDB.UUT_MASTER/U_ICON_INTERFACE/U_CMD6_RD/U_RD_FIFO/SUBCORE_FIFO.xsdbm_v3_0_0_rdfifo_inst/inst_fifo_gen/gconvfifo.rf/grf.rf/gntv_or_sync_fifo.gcx.clkx/gnxpm_cdc.gsync_stage[1].wr_stg_inst/Q_reg_reg[3]/D
  -------------------------------------------------------------------    -------------------

                         max delay                   50.000    50.000    
    SLICE_X56Y101        FDCE (Setup_GFF2_SLICEL_C_D)
                                                      0.046    50.046    dbg_hub/inst/BSCANID.u_xsdbm_id/CORE_XSDB.UUT_MASTER/U_ICON_INTERFACE/U_CMD6_RD/U_RD_FIFO/SUBCORE_FIFO.xsdbm_v3_0_0_rdfifo_inst/inst_fifo_gen/gconvfifo.rf/grf.rf/gntv_or_sync_fifo.gcx.clkx/gnxpm_cdc.gsync_stage[1].wr_stg_inst/Q_reg_reg[3]
  -------------------------------------------------------------------
                         required time                         50.046    
                         arrival time                          -0.383    
  -------------------------------------------------------------------
                         slack                                 49.663    

Slack (MET) :             49.717ns  (required time - arrival time)
  Source:                 dbg_hub/inst/BSCANID.u_xsdbm_id/CORE_XSDB.UUT_MASTER/U_ICON_INTERFACE/U_CMD6_RD/U_RD_FIFO/SUBCORE_FIFO.xsdbm_v3_0_0_rdfifo_inst/inst_fifo_gen/gconvfifo.rf/grf.rf/gntv_or_sync_fifo.gcx.clkx/gnxpm_cdc.rd_pntr_gc_reg[0]/C
                            (rising edge-triggered cell FDCE clocked by dbg_hub/inst/BSCANID.u_xsdbm_id/SWITCH_N_EXT_BSCAN.bscan_inst/SERIES7_BSCAN.bscan_inst/INTERNAL_TCK  {rise@0.000ns fall@25.000ns period=50.000ns})
  Destination:            dbg_hub/inst/BSCANID.u_xsdbm_id/CORE_XSDB.UUT_MASTER/U_ICON_INTERFACE/U_CMD6_RD/U_RD_FIFO/SUBCORE_FIFO.xsdbm_v3_0_0_rdfifo_inst/inst_fifo_gen/gconvfifo.rf/grf.rf/gntv_or_sync_fifo.gcx.clkx/gnxpm_cdc.gsync_stage[1].wr_stg_inst/Q_reg_reg[0]/D
                            (rising edge-triggered cell FDCE clocked by clk_pl_0  {rise@0.000ns fall@5.156ns period=10.312ns})
  Path Group:             clk_pl_0
  Path Type:              Setup (Max at Slow Process Corner)
  Requirement:            50.000ns  (MaxDelay Path 50.000ns)
  Data Path Delay:        0.329ns  (logic 0.114ns (34.650%)  route 0.215ns (65.350%))
  Logic Levels:           0  
  Timing Exception:       MaxDelay Path 50.000ns -datapath_only

    Location             Delay type                Incr(ns)  Path(ns)    Netlist Resource(s)
  -------------------------------------------------------------------    -------------------
    SLICE_X56Y101                                     0.000     0.000 r  dbg_hub/inst/BSCANID.u_xsdbm_id/CORE_XSDB.UUT_MASTER/U_ICON_INTERFACE/U_CMD6_RD/U_RD_FIFO/SUBCORE_FIFO.xsdbm_v3_0_0_rdfifo_inst/inst_fifo_gen/gconvfifo.rf/grf.rf/gntv_or_sync_fifo.gcx.clkx/gnxpm_cdc.rd_pntr_gc_reg[0]/C
    SLICE_X56Y101        FDCE (Prop_AFF_SLICEL_C_Q)
                                                      0.114     0.114 r  dbg_hub/inst/BSCANID.u_xsdbm_id/CORE_XSDB.UUT_MASTER/U_ICON_INTERFACE/U_CMD6_RD/U_RD_FIFO/SUBCORE_FIFO.xsdbm_v3_0_0_rdfifo_inst/inst_fifo_gen/gconvfifo.rf/grf.rf/gntv_or_sync_fifo.gcx.clkx/gnxpm_cdc.rd_pntr_gc_reg[0]/Q
                         net (fo=1, routed)           0.215     0.329    dbg_hub/inst/BSCANID.u_xsdbm_id/CORE_XSDB.UUT_MASTER/U_ICON_INTERFACE/U_CMD6_RD/U_RD_FIFO/SUBCORE_FIFO.xsdbm_v3_0_0_rdfifo_inst/inst_fifo_gen/gconvfifo.rf/grf.rf/gntv_or_sync_fifo.gcx.clkx/gnxpm_cdc.gsync_stage[1].wr_stg_inst/Q[0]
    SLICE_X57Y101        FDCE                                         r  dbg_hub/inst/BSCANID.u_xsdbm_id/CORE_XSDB.UUT_MASTER/U_ICON_INTERFACE/U_CMD6_RD/U_RD_FIFO/SUBCORE_FIFO.xsdbm_v3_0_0_rdfifo_inst/inst_fifo_gen/gconvfifo.rf/grf.rf/gntv_or_sync_fifo.gcx.clkx/gnxpm_cdc.gsync_stage[1].wr_stg_inst/Q_reg_reg[0]/D
  -------------------------------------------------------------------    -------------------

                         max delay                   50.000    50.000    
    SLICE_X57Y101        FDCE (Setup_DFF2_SLICEL_C_D)
                                                      0.046    50.046    dbg_hub/inst/BSCANID.u_xsdbm_id/CORE_XSDB.UUT_MASTER/U_ICON_INTERFACE/U_CMD6_RD/U_RD_FIFO/SUBCORE_FIFO.xsdbm_v3_0_0_rdfifo_inst/inst_fifo_gen/gconvfifo.rf/grf.rf/gntv_or_sync_fifo.gcx.clkx/gnxpm_cdc.gsync_stage[1].wr_stg_inst/Q_reg_reg[0]
  -------------------------------------------------------------------
                         required time                         50.046    
                         arrival time                          -0.329    
  -------------------------------------------------------------------
                         slack                                 49.717    





---------------------------------------------------------------------------------------------------
From Clock:  clk_pl_0
  To Clock:  dbg_hub/inst/BSCANID.u_xsdbm_id/SWITCH_N_EXT_BSCAN.bscan_inst/SERIES7_BSCAN.bscan_inst/INTERNAL_TCK

Setup :            0  Failing Endpoints,  Worst Slack        9.782ns,  Total Violation        0.000ns
Hold  :           NA  Failing Endpoints,  Worst Slack           NA  ,  Total Violation           NA
---------------------------------------------------------------------------------------------------


Max Delay Paths
--------------------------------------------------------------------------------------
Slack (MET) :             9.782ns  (required time - arrival time)
  Source:                 dbg_hub/inst/BSCANID.u_xsdbm_id/CORE_XSDB.UUT_MASTER/U_ICON_INTERFACE/U_CMD6_WR/U_WR_FIFO/SUBCORE_FIFO.xsdbm_v3_0_0_wrfifo_inst/inst_fifo_gen/gconvfifo.rf/grf.rf/gntv_or_sync_fifo.gcx.clkx/gnxpm_cdc.rd_pntr_gc_reg[3]/C
                            (rising edge-triggered cell FDCE clocked by clk_pl_0  {rise@0.000ns fall@5.156ns period=10.312ns})
  Destination:            dbg_hub/inst/BSCANID.u_xsdbm_id/CORE_XSDB.UUT_MASTER/U_ICON_INTERFACE/U_CMD6_WR/U_WR_FIFO/SUBCORE_FIFO.xsdbm_v3_0_0_wrfifo_inst/inst_fifo_gen/gconvfifo.rf/grf.rf/gntv_or_sync_fifo.gcx.clkx/gnxpm_cdc.gsync_stage[1].wr_stg_inst/Q_reg_reg[3]/D
                            (rising edge-triggered cell FDCE clocked by dbg_hub/inst/BSCANID.u_xsdbm_id/SWITCH_N_EXT_BSCAN.bscan_inst/SERIES7_BSCAN.bscan_inst/INTERNAL_TCK  {rise@0.000ns fall@25.000ns period=50.000ns})
  Path Group:             dbg_hub/inst/BSCANID.u_xsdbm_id/SWITCH_N_EXT_BSCAN.bscan_inst/SERIES7_BSCAN.bscan_inst/INTERNAL_TCK
  Path Type:              Setup (Max at Slow Process Corner)
  Requirement:            10.312ns  (MaxDelay Path 10.312ns)
  Data Path Delay:        0.575ns  (logic 0.112ns (19.478%)  route 0.463ns (80.522%))
  Logic Levels:           0  
  Timing Exception:       MaxDelay Path 10.312ns -datapath_only

    Location             Delay type                Incr(ns)  Path(ns)    Netlist Resource(s)
  -------------------------------------------------------------------    -------------------
    SLICE_X54Y98                                      0.000     0.000 r  dbg_hub/inst/BSCANID.u_xsdbm_id/CORE_XSDB.UUT_MASTER/U_ICON_INTERFACE/U_CMD6_WR/U_WR_FIFO/SUBCORE_FIFO.xsdbm_v3_0_0_wrfifo_inst/inst_fifo_gen/gconvfifo.rf/grf.rf/gntv_or_sync_fifo.gcx.clkx/gnxpm_cdc.rd_pntr_gc_reg[3]/C
    SLICE_X54Y98         FDCE (Prop_FFF_SLICEM_C_Q)
                                                      0.112     0.112 r  dbg_hub/inst/BSCANID.u_xsdbm_id/CORE_XSDB.UUT_MASTER/U_ICON_INTERFACE/U_CMD6_WR/U_WR_FIFO/SUBCORE_FIFO.xsdbm_v3_0_0_wrfifo_inst/inst_fifo_gen/gconvfifo.rf/grf.rf/gntv_or_sync_fifo.gcx.clkx/gnxpm_cdc.rd_pntr_gc_reg[3]/Q
                         net (fo=1, routed)           0.463     0.575    dbg_hub/inst/BSCANID.u_xsdbm_id/CORE_XSDB.UUT_MASTER/U_ICON_INTERFACE/U_CMD6_WR/U_WR_FIFO/SUBCORE_FIFO.xsdbm_v3_0_0_wrfifo_inst/inst_fifo_gen/gconvfifo.rf/grf.rf/gntv_or_sync_fifo.gcx.clkx/gnxpm_cdc.gsync_stage[1].wr_stg_inst/Q[3]
    SLICE_X54Y98         FDCE                                         r  dbg_hub/inst/BSCANID.u_xsdbm_id/CORE_XSDB.UUT_MASTER/U_ICON_INTERFACE/U_CMD6_WR/U_WR_FIFO/SUBCORE_FIFO.xsdbm_v3_0_0_wrfifo_inst/inst_fifo_gen/gconvfifo.rf/grf.rf/gntv_or_sync_fifo.gcx.clkx/gnxpm_cdc.gsync_stage[1].wr_stg_inst/Q_reg_reg[3]/D
  -------------------------------------------------------------------    -------------------

                         max delay                   10.312    10.312    
    SLICE_X54Y98         FDCE (Setup_BFF2_SLICEM_C_D)
                                                      0.045    10.357    dbg_hub/inst/BSCANID.u_xsdbm_id/CORE_XSDB.UUT_MASTER/U_ICON_INTERFACE/U_CMD6_WR/U_WR_FIFO/SUBCORE_FIFO.xsdbm_v3_0_0_wrfifo_inst/inst_fifo_gen/gconvfifo.rf/grf.rf/gntv_or_sync_fifo.gcx.clkx/gnxpm_cdc.gsync_stage[1].wr_stg_inst/Q_reg_reg[3]
  -------------------------------------------------------------------
                         required time                         10.357    
                         arrival time                          -0.575    
  -------------------------------------------------------------------
                         slack                                  9.782    

Slack (MET) :             9.894ns  (required time - arrival time)
  Source:                 dbg_hub/inst/BSCANID.u_xsdbm_id/CORE_XSDB.UUT_MASTER/U_ICON_INTERFACE/U_CMD6_WR/U_WR_FIFO/SUBCORE_FIFO.xsdbm_v3_0_0_wrfifo_inst/inst_fifo_gen/gconvfifo.rf/grf.rf/gntv_or_sync_fifo.gcx.clkx/gnxpm_cdc.rd_pntr_gc_reg[2]/C
                            (rising edge-triggered cell FDCE clocked by clk_pl_0  {rise@0.000ns fall@5.156ns period=10.312ns})
  Destination:            dbg_hub/inst/BSCANID.u_xsdbm_id/CORE_XSDB.UUT_MASTER/U_ICON_INTERFACE/U_CMD6_WR/U_WR_FIFO/SUBCORE_FIFO.xsdbm_v3_0_0_wrfifo_inst/inst_fifo_gen/gconvfifo.rf/grf.rf/gntv_or_sync_fifo.gcx.clkx/gnxpm_cdc.gsync_stage[1].wr_stg_inst/Q_reg_reg[2]/D
                            (rising edge-triggered cell FDCE clocked by dbg_hub/inst/BSCANID.u_xsdbm_id/SWITCH_N_EXT_BSCAN.bscan_inst/SERIES7_BSCAN.bscan_inst/INTERNAL_TCK  {rise@0.000ns fall@25.000ns period=50.000ns})
  Path Group:             dbg_hub/inst/BSCANID.u_xsdbm_id/SWITCH_N_EXT_BSCAN.bscan_inst/SERIES7_BSCAN.bscan_inst/INTERNAL_TCK
  Path Type:              Setup (Max at Slow Process Corner)
  Requirement:            10.312ns  (MaxDelay Path 10.312ns)
  Data Path Delay:        0.463ns  (logic 0.113ns (24.406%)  route 0.350ns (75.594%))
  Logic Levels:           0  
  Timing Exception:       MaxDelay Path 10.312ns -datapath_only

    Location             Delay type                Incr(ns)  Path(ns)    Netlist Resource(s)
  -------------------------------------------------------------------    -------------------
    SLICE_X54Y98                                      0.000     0.000 r  dbg_hub/inst/BSCANID.u_xsdbm_id/CORE_XSDB.UUT_MASTER/U_ICON_INTERFACE/U_CMD6_WR/U_WR_FIFO/SUBCORE_FIFO.xsdbm_v3_0_0_wrfifo_inst/inst_fifo_gen/gconvfifo.rf/grf.rf/gntv_or_sync_fifo.gcx.clkx/gnxpm_cdc.rd_pntr_gc_reg[2]/C
    SLICE_X54Y98         FDCE (Prop_EFF_SLICEM_C_Q)
                                                      0.113     0.113 r  dbg_hub/inst/BSCANID.u_xsdbm_id/CORE_XSDB.UUT_MASTER/U_ICON_INTERFACE/U_CMD6_WR/U_WR_FIFO/SUBCORE_FIFO.xsdbm_v3_0_0_wrfifo_inst/inst_fifo_gen/gconvfifo.rf/grf.rf/gntv_or_sync_fifo.gcx.clkx/gnxpm_cdc.rd_pntr_gc_reg[2]/Q
                         net (fo=1, routed)           0.350     0.463    dbg_hub/inst/BSCANID.u_xsdbm_id/CORE_XSDB.UUT_MASTER/U_ICON_INTERFACE/U_CMD6_WR/U_WR_FIFO/SUBCORE_FIFO.xsdbm_v3_0_0_wrfifo_inst/inst_fifo_gen/gconvfifo.rf/grf.rf/gntv_or_sync_fifo.gcx.clkx/gnxpm_cdc.gsync_stage[1].wr_stg_inst/Q[2]
    SLICE_X54Y96         FDCE                                         r  dbg_hub/inst/BSCANID.u_xsdbm_id/CORE_XSDB.UUT_MASTER/U_ICON_INTERFACE/U_CMD6_WR/U_WR_FIFO/SUBCORE_FIFO.xsdbm_v3_0_0_wrfifo_inst/inst_fifo_gen/gconvfifo.rf/grf.rf/gntv_or_sync_fifo.gcx.clkx/gnxpm_cdc.gsync_stage[1].wr_stg_inst/Q_reg_reg[2]/D
  -------------------------------------------------------------------    -------------------

                         max delay                   10.312    10.312    
    SLICE_X54Y96         FDCE (Setup_CFF2_SLICEM_C_D)
                                                      0.045    10.357    dbg_hub/inst/BSCANID.u_xsdbm_id/CORE_XSDB.UUT_MASTER/U_ICON_INTERFACE/U_CMD6_WR/U_WR_FIFO/SUBCORE_FIFO.xsdbm_v3_0_0_wrfifo_inst/inst_fifo_gen/gconvfifo.rf/grf.rf/gntv_or_sync_fifo.gcx.clkx/gnxpm_cdc.gsync_stage[1].wr_stg_inst/Q_reg_reg[2]
  -------------------------------------------------------------------
                         required time                         10.357    
                         arrival time                          -0.463    
  -------------------------------------------------------------------
                         slack                                  9.894    

Slack (MET) :             9.933ns  (required time - arrival time)
  Source:                 dbg_hub/inst/BSCANID.u_xsdbm_id/CORE_XSDB.UUT_MASTER/U_ICON_INTERFACE/U_CMD6_WR/U_WR_FIFO/SUBCORE_FIFO.xsdbm_v3_0_0_wrfifo_inst/inst_fifo_gen/gconvfifo.rf/grf.rf/gntv_or_sync_fifo.gcx.clkx/gnxpm_cdc.rd_pntr_gc_reg[1]/C
                            (rising edge-triggered cell FDCE clocked by clk_pl_0  {rise@0.000ns fall@5.156ns period=10.312ns})
  Destination:            dbg_hub/inst/BSCANID.u_xsdbm_id/CORE_XSDB.UUT_MASTER/U_ICON_INTERFACE/U_CMD6_WR/U_WR_FIFO/SUBCORE_FIFO.xsdbm_v3_0_0_wrfifo_inst/inst_fifo_gen/gconvfifo.rf/grf.rf/gntv_or_sync_fifo.gcx.clkx/gnxpm_cdc.gsync_stage[1].wr_stg_inst/Q_reg_reg[1]/D
                            (rising edge-triggered cell FDCE clocked by dbg_hub/inst/BSCANID.u_xsdbm_id/SWITCH_N_EXT_BSCAN.bscan_inst/SERIES7_BSCAN.bscan_inst/INTERNAL_TCK  {rise@0.000ns fall@25.000ns period=50.000ns})
  Path Group:             dbg_hub/inst/BSCANID.u_xsdbm_id/SWITCH_N_EXT_BSCAN.bscan_inst/SERIES7_BSCAN.bscan_inst/INTERNAL_TCK
  Path Type:              Setup (Max at Slow Process Corner)
  Requirement:            10.312ns  (MaxDelay Path 10.312ns)
  Data Path Delay:        0.424ns  (logic 0.115ns (27.123%)  route 0.309ns (72.877%))
  Logic Levels:           0  
  Timing Exception:       MaxDelay Path 10.312ns -datapath_only

    Location             Delay type                Incr(ns)  Path(ns)    Netlist Resource(s)
  -------------------------------------------------------------------    -------------------
    SLICE_X54Y97                                      0.000     0.000 r  dbg_hub/inst/BSCANID.u_xsdbm_id/CORE_XSDB.UUT_MASTER/U_ICON_INTERFACE/U_CMD6_WR/U_WR_FIFO/SUBCORE_FIFO.xsdbm_v3_0_0_wrfifo_inst/inst_fifo_gen/gconvfifo.rf/grf.rf/gntv_or_sync_fifo.gcx.clkx/gnxpm_cdc.rd_pntr_gc_reg[1]/C
    SLICE_X54Y97         FDCE (Prop_DFF2_SLICEM_C_Q)
                                                      0.115     0.115 r  dbg_hub/inst/BSCANID.u_xsdbm_id/CORE_XSDB.UUT_MASTER/U_ICON_INTERFACE/U_CMD6_WR/U_WR_FIFO/SUBCORE_FIFO.xsdbm_v3_0_0_wrfifo_inst/inst_fifo_gen/gconvfifo.rf/grf.rf/gntv_or_sync_fifo.gcx.clkx/gnxpm_cdc.rd_pntr_gc_reg[1]/Q
                         net (fo=1, routed)           0.309     0.424    dbg_hub/inst/BSCANID.u_xsdbm_id/CORE_XSDB.UUT_MASTER/U_ICON_INTERFACE/U_CMD6_WR/U_WR_FIFO/SUBCORE_FIFO.xsdbm_v3_0_0_wrfifo_inst/inst_fifo_gen/gconvfifo.rf/grf.rf/gntv_or_sync_fifo.gcx.clkx/gnxpm_cdc.gsync_stage[1].wr_stg_inst/Q[1]
    SLICE_X54Y96         FDCE                                         r  dbg_hub/inst/BSCANID.u_xsdbm_id/CORE_XSDB.UUT_MASTER/U_ICON_INTERFACE/U_CMD6_WR/U_WR_FIFO/SUBCORE_FIFO.xsdbm_v3_0_0_wrfifo_inst/inst_fifo_gen/gconvfifo.rf/grf.rf/gntv_or_sync_fifo.gcx.clkx/gnxpm_cdc.gsync_stage[1].wr_stg_inst/Q_reg_reg[1]/D
  -------------------------------------------------------------------    -------------------

                         max delay                   10.312    10.312    
    SLICE_X54Y96         FDCE (Setup_DFF2_SLICEM_C_D)
                                                      0.045    10.357    dbg_hub/inst/BSCANID.u_xsdbm_id/CORE_XSDB.UUT_MASTER/U_ICON_INTERFACE/U_CMD6_WR/U_WR_FIFO/SUBCORE_FIFO.xsdbm_v3_0_0_wrfifo_inst/inst_fifo_gen/gconvfifo.rf/grf.rf/gntv_or_sync_fifo.gcx.clkx/gnxpm_cdc.gsync_stage[1].wr_stg_inst/Q_reg_reg[1]
  -------------------------------------------------------------------
                         required time                         10.357    
                         arrival time                          -0.424    
  -------------------------------------------------------------------
                         slack                                  9.933    

Slack (MET) :             9.953ns  (required time - arrival time)
  Source:                 dbg_hub/inst/BSCANID.u_xsdbm_id/CORE_XSDB.UUT_MASTER/U_ICON_INTERFACE/U_CMD6_WR/U_WR_FIFO/SUBCORE_FIFO.xsdbm_v3_0_0_wrfifo_inst/inst_fifo_gen/gconvfifo.rf/grf.rf/gntv_or_sync_fifo.gcx.clkx/gnxpm_cdc.rd_pntr_gc_reg[0]/C
                            (rising edge-triggered cell FDCE clocked by clk_pl_0  {rise@0.000ns fall@5.156ns period=10.312ns})
  Destination:            dbg_hub/inst/BSCANID.u_xsdbm_id/CORE_XSDB.UUT_MASTER/U_ICON_INTERFACE/U_CMD6_WR/U_WR_FIFO/SUBCORE_FIFO.xsdbm_v3_0_0_wrfifo_inst/inst_fifo_gen/gconvfifo.rf/grf.rf/gntv_or_sync_fifo.gcx.clkx/gnxpm_cdc.gsync_stage[1].wr_stg_inst/Q_reg_reg[0]/D
                            (rising edge-triggered cell FDCE clocked by dbg_hub/inst/BSCANID.u_xsdbm_id/SWITCH_N_EXT_BSCAN.bscan_inst/SERIES7_BSCAN.bscan_inst/INTERNAL_TCK  {rise@0.000ns fall@25.000ns period=50.000ns})
  Path Group:             dbg_hub/inst/BSCANID.u_xsdbm_id/SWITCH_N_EXT_BSCAN.bscan_inst/SERIES7_BSCAN.bscan_inst/INTERNAL_TCK
  Path Type:              Setup (Max at Slow Process Corner)
  Requirement:            10.312ns  (MaxDelay Path 10.312ns)
  Data Path Delay:        0.405ns  (logic 0.114ns (28.148%)  route 0.291ns (71.852%))
  Logic Levels:           0  
  Timing Exception:       MaxDelay Path 10.312ns -datapath_only

    Location             Delay type                Incr(ns)  Path(ns)    Netlist Resource(s)
  -------------------------------------------------------------------    -------------------
    SLICE_X55Y97                                      0.000     0.000 r  dbg_hub/inst/BSCANID.u_xsdbm_id/CORE_XSDB.UUT_MASTER/U_ICON_INTERFACE/U_CMD6_WR/U_WR_FIFO/SUBCORE_FIFO.xsdbm_v3_0_0_wrfifo_inst/inst_fifo_gen/gconvfifo.rf/grf.rf/gntv_or_sync_fifo.gcx.clkx/gnxpm_cdc.rd_pntr_gc_reg[0]/C
    SLICE_X55Y97         FDCE (Prop_EFF_SLICEL_C_Q)
                                                      0.114     0.114 r  dbg_hub/inst/BSCANID.u_xsdbm_id/CORE_XSDB.UUT_MASTER/U_ICON_INTERFACE/U_CMD6_WR/U_WR_FIFO/SUBCORE_FIFO.xsdbm_v3_0_0_wrfifo_inst/inst_fifo_gen/gconvfifo.rf/grf.rf/gntv_or_sync_fifo.gcx.clkx/gnxpm_cdc.rd_pntr_gc_reg[0]/Q
                         net (fo=1, routed)           0.291     0.405    dbg_hub/inst/BSCANID.u_xsdbm_id/CORE_XSDB.UUT_MASTER/U_ICON_INTERFACE/U_CMD6_WR/U_WR_FIFO/SUBCORE_FIFO.xsdbm_v3_0_0_wrfifo_inst/inst_fifo_gen/gconvfifo.rf/grf.rf/gntv_or_sync_fifo.gcx.clkx/gnxpm_cdc.gsync_stage[1].wr_stg_inst/Q[0]
    SLICE_X54Y96         FDCE                                         r  dbg_hub/inst/BSCANID.u_xsdbm_id/CORE_XSDB.UUT_MASTER/U_ICON_INTERFACE/U_CMD6_WR/U_WR_FIFO/SUBCORE_FIFO.xsdbm_v3_0_0_wrfifo_inst/inst_fifo_gen/gconvfifo.rf/grf.rf/gntv_or_sync_fifo.gcx.clkx/gnxpm_cdc.gsync_stage[1].wr_stg_inst/Q_reg_reg[0]/D
  -------------------------------------------------------------------    -------------------

                         max delay                   10.312    10.312    
    SLICE_X54Y96         FDCE (Setup_GFF2_SLICEM_C_D)
                                                      0.046    10.358    dbg_hub/inst/BSCANID.u_xsdbm_id/CORE_XSDB.UUT_MASTER/U_ICON_INTERFACE/U_CMD6_WR/U_WR_FIFO/SUBCORE_FIFO.xsdbm_v3_0_0_wrfifo_inst/inst_fifo_gen/gconvfifo.rf/grf.rf/gntv_or_sync_fifo.gcx.clkx/gnxpm_cdc.gsync_stage[1].wr_stg_inst/Q_reg_reg[0]
  -------------------------------------------------------------------
                         required time                         10.358    
                         arrival time                          -0.405    
  -------------------------------------------------------------------
                         slack                                  9.953    

Slack (MET) :             9.968ns  (required time - arrival time)
  Source:                 dbg_hub/inst/BSCANID.u_xsdbm_id/CORE_XSDB.UUT_MASTER/U_ICON_INTERFACE/U_CMD6_RD/U_RD_FIFO/SUBCORE_FIFO.xsdbm_v3_0_0_rdfifo_inst/inst_fifo_gen/gconvfifo.rf/grf.rf/gntv_or_sync_fifo.gcx.clkx/gnxpm_cdc.wr_pntr_gc_reg[2]/C
                            (rising edge-triggered cell FDCE clocked by clk_pl_0  {rise@0.000ns fall@5.156ns period=10.312ns})
  Destination:            dbg_hub/inst/BSCANID.u_xsdbm_id/CORE_XSDB.UUT_MASTER/U_ICON_INTERFACE/U_CMD6_RD/U_RD_FIFO/SUBCORE_FIFO.xsdbm_v3_0_0_rdfifo_inst/inst_fifo_gen/gconvfifo.rf/grf.rf/gntv_or_sync_fifo.gcx.clkx/gnxpm_cdc.gsync_stage[1].rd_stg_inst/Q_reg_reg[2]/D
                            (rising edge-triggered cell FDCE clocked by dbg_hub/inst/BSCANID.u_xsdbm_id/SWITCH_N_EXT_BSCAN.bscan_inst/SERIES7_BSCAN.bscan_inst/INTERNAL_TCK  {rise@0.000ns fall@25.000ns period=50.000ns})
  Path Group:             dbg_hub/inst/BSCANID.u_xsdbm_id/SWITCH_N_EXT_BSCAN.bscan_inst/SERIES7_BSCAN.bscan_inst/INTERNAL_TCK
  Path Type:              Setup (Max at Slow Process Corner)
  Requirement:            10.312ns  (MaxDelay Path 10.312ns)
  Data Path Delay:        0.390ns  (logic 0.114ns (29.231%)  route 0.276ns (70.769%))
  Logic Levels:           0  
  Timing Exception:       MaxDelay Path 10.312ns -datapath_only

    Location             Delay type                Incr(ns)  Path(ns)    Netlist Resource(s)
  -------------------------------------------------------------------    -------------------
    SLICE_X56Y100                                     0.000     0.000 r  dbg_hub/inst/BSCANID.u_xsdbm_id/CORE_XSDB.UUT_MASTER/U_ICON_INTERFACE/U_CMD6_RD/U_RD_FIFO/SUBCORE_FIFO.xsdbm_v3_0_0_rdfifo_inst/inst_fifo_gen/gconvfifo.rf/grf.rf/gntv_or_sync_fifo.gcx.clkx/gnxpm_cdc.wr_pntr_gc_reg[2]/C
    SLICE_X56Y100        FDCE (Prop_GFF_SLICEL_C_Q)
                                                      0.114     0.114 r  dbg_hub/inst/BSCANID.u_xsdbm_id/CORE_XSDB.UUT_MASTER/U_ICON_INTERFACE/U_CMD6_RD/U_RD_FIFO/SUBCORE_FIFO.xsdbm_v3_0_0_rdfifo_inst/inst_fifo_gen/gconvfifo.rf/grf.rf/gntv_or_sync_fifo.gcx.clkx/gnxpm_cdc.wr_pntr_gc_reg[2]/Q
                         net (fo=1, routed)           0.276     0.390    dbg_hub/inst/BSCANID.u_xsdbm_id/CORE_XSDB.UUT_MASTER/U_ICON_INTERFACE/U_CMD6_RD/U_RD_FIFO/SUBCORE_FIFO.xsdbm_v3_0_0_rdfifo_inst/inst_fifo_gen/gconvfifo.rf/grf.rf/gntv_or_sync_fifo.gcx.clkx/gnxpm_cdc.gsync_stage[1].rd_stg_inst/Q[2]
    SLICE_X56Y100        FDCE                                         r  dbg_hub/inst/BSCANID.u_xsdbm_id/CORE_XSDB.UUT_MASTER/U_ICON_INTERFACE/U_CMD6_RD/U_RD_FIFO/SUBCORE_FIFO.xsdbm_v3_0_0_rdfifo_inst/inst_fifo_gen/gconvfifo.rf/grf.rf/gntv_or_sync_fifo.gcx.clkx/gnxpm_cdc.gsync_stage[1].rd_stg_inst/Q_reg_reg[2]/D
  -------------------------------------------------------------------    -------------------

                         max delay                   10.312    10.312    
    SLICE_X56Y100        FDCE (Setup_DFF2_SLICEL_C_D)
                                                      0.046    10.358    dbg_hub/inst/BSCANID.u_xsdbm_id/CORE_XSDB.UUT_MASTER/U_ICON_INTERFACE/U_CMD6_RD/U_RD_FIFO/SUBCORE_FIFO.xsdbm_v3_0_0_rdfifo_inst/inst_fifo_gen/gconvfifo.rf/grf.rf/gntv_or_sync_fifo.gcx.clkx/gnxpm_cdc.gsync_stage[1].rd_stg_inst/Q_reg_reg[2]
  -------------------------------------------------------------------
                         required time                         10.358    
                         arrival time                          -0.390    
  -------------------------------------------------------------------
                         slack                                  9.968    

Slack (MET) :             9.969ns  (required time - arrival time)
  Source:                 dbg_hub/inst/BSCANID.u_xsdbm_id/CORE_XSDB.UUT_MASTER/U_ICON_INTERFACE/U_CMD6_RD/U_RD_FIFO/SUBCORE_FIFO.xsdbm_v3_0_0_rdfifo_inst/inst_fifo_gen/gconvfifo.rf/grf.rf/gntv_or_sync_fifo.gcx.clkx/gnxpm_cdc.wr_pntr_gc_reg[3]/C
                            (rising edge-triggered cell FDCE clocked by clk_pl_0  {rise@0.000ns fall@5.156ns period=10.312ns})
  Destination:            dbg_hub/inst/BSCANID.u_xsdbm_id/CORE_XSDB.UUT_MASTER/U_ICON_INTERFACE/U_CMD6_RD/U_RD_FIFO/SUBCORE_FIFO.xsdbm_v3_0_0_rdfifo_inst/inst_fifo_gen/gconvfifo.rf/grf.rf/gntv_or_sync_fifo.gcx.clkx/gnxpm_cdc.gsync_stage[1].rd_stg_inst/Q_reg_reg[3]/D
                            (rising edge-triggered cell FDCE clocked by dbg_hub/inst/BSCANID.u_xsdbm_id/SWITCH_N_EXT_BSCAN.bscan_inst/SERIES7_BSCAN.bscan_inst/INTERNAL_TCK  {rise@0.000ns fall@25.000ns period=50.000ns})
  Path Group:             dbg_hub/inst/BSCANID.u_xsdbm_id/SWITCH_N_EXT_BSCAN.bscan_inst/SERIES7_BSCAN.bscan_inst/INTERNAL_TCK
  Path Type:              Setup (Max at Slow Process Corner)
  Requirement:            10.312ns  (MaxDelay Path 10.312ns)
  Data Path Delay:        0.389ns  (logic 0.114ns (29.306%)  route 0.275ns (70.694%))
  Logic Levels:           0  
  Timing Exception:       MaxDelay Path 10.312ns -datapath_only

    Location             Delay type                Incr(ns)  Path(ns)    Netlist Resource(s)
  -------------------------------------------------------------------    -------------------
    SLICE_X56Y100                                     0.000     0.000 r  dbg_hub/inst/BSCANID.u_xsdbm_id/CORE_XSDB.UUT_MASTER/U_ICON_INTERFACE/U_CMD6_RD/U_RD_FIFO/SUBCORE_FIFO.xsdbm_v3_0_0_rdfifo_inst/inst_fifo_gen/gconvfifo.rf/grf.rf/gntv_or_sync_fifo.gcx.clkx/gnxpm_cdc.wr_pntr_gc_reg[3]/C
    SLICE_X56Y100        FDCE (Prop_EFF_SLICEL_C_Q)
                                                      0.114     0.114 r  dbg_hub/inst/BSCANID.u_xsdbm_id/CORE_XSDB.UUT_MASTER/U_ICON_INTERFACE/U_CMD6_RD/U_RD_FIFO/SUBCORE_FIFO.xsdbm_v3_0_0_rdfifo_inst/inst_fifo_gen/gconvfifo.rf/grf.rf/gntv_or_sync_fifo.gcx.clkx/gnxpm_cdc.wr_pntr_gc_reg[3]/Q
                         net (fo=1, routed)           0.275     0.389    dbg_hub/inst/BSCANID.u_xsdbm_id/CORE_XSDB.UUT_MASTER/U_ICON_INTERFACE/U_CMD6_RD/U_RD_FIFO/SUBCORE_FIFO.xsdbm_v3_0_0_rdfifo_inst/inst_fifo_gen/gconvfifo.rf/grf.rf/gntv_or_sync_fifo.gcx.clkx/gnxpm_cdc.gsync_stage[1].rd_stg_inst/Q[3]
    SLICE_X56Y100        FDCE                                         r  dbg_hub/inst/BSCANID.u_xsdbm_id/CORE_XSDB.UUT_MASTER/U_ICON_INTERFACE/U_CMD6_RD/U_RD_FIFO/SUBCORE_FIFO.xsdbm_v3_0_0_rdfifo_inst/inst_fifo_gen/gconvfifo.rf/grf.rf/gntv_or_sync_fifo.gcx.clkx/gnxpm_cdc.gsync_stage[1].rd_stg_inst/Q_reg_reg[3]/D
  -------------------------------------------------------------------    -------------------

                         max delay                   10.312    10.312    
    SLICE_X56Y100        FDCE (Setup_CFF2_SLICEL_C_D)
                                                      0.046    10.358    dbg_hub/inst/BSCANID.u_xsdbm_id/CORE_XSDB.UUT_MASTER/U_ICON_INTERFACE/U_CMD6_RD/U_RD_FIFO/SUBCORE_FIFO.xsdbm_v3_0_0_rdfifo_inst/inst_fifo_gen/gconvfifo.rf/grf.rf/gntv_or_sync_fifo.gcx.clkx/gnxpm_cdc.gsync_stage[1].rd_stg_inst/Q_reg_reg[3]
  -------------------------------------------------------------------
                         required time                         10.358    
                         arrival time                          -0.389    
  -------------------------------------------------------------------
                         slack                                  9.969    

Slack (MET) :             10.022ns  (required time - arrival time)
  Source:                 dbg_hub/inst/BSCANID.u_xsdbm_id/CORE_XSDB.UUT_MASTER/U_ICON_INTERFACE/U_CMD6_RD/U_RD_FIFO/SUBCORE_FIFO.xsdbm_v3_0_0_rdfifo_inst/inst_fifo_gen/gconvfifo.rf/grf.rf/gntv_or_sync_fifo.gcx.clkx/gnxpm_cdc.wr_pntr_gc_reg[1]/C
                            (rising edge-triggered cell FDCE clocked by clk_pl_0  {rise@0.000ns fall@5.156ns period=10.312ns})
  Destination:            dbg_hub/inst/BSCANID.u_xsdbm_id/CORE_XSDB.UUT_MASTER/U_ICON_INTERFACE/U_CMD6_RD/U_RD_FIFO/SUBCORE_FIFO.xsdbm_v3_0_0_rdfifo_inst/inst_fifo_gen/gconvfifo.rf/grf.rf/gntv_or_sync_fifo.gcx.clkx/gnxpm_cdc.gsync_stage[1].rd_stg_inst/Q_reg_reg[1]/D
                            (rising edge-triggered cell FDCE clocked by dbg_hub/inst/BSCANID.u_xsdbm_id/SWITCH_N_EXT_BSCAN.bscan_inst/SERIES7_BSCAN.bscan_inst/INTERNAL_TCK  {rise@0.000ns fall@25.000ns period=50.000ns})
  Path Group:             dbg_hub/inst/BSCANID.u_xsdbm_id/SWITCH_N_EXT_BSCAN.bscan_inst/SERIES7_BSCAN.bscan_inst/INTERNAL_TCK
  Path Type:              Setup (Max at Slow Process Corner)
  Requirement:            10.312ns  (MaxDelay Path 10.312ns)
  Data Path Delay:        0.336ns  (logic 0.115ns (34.226%)  route 0.221ns (65.774%))
  Logic Levels:           0  
  Timing Exception:       MaxDelay Path 10.312ns -datapath_only

    Location             Delay type                Incr(ns)  Path(ns)    Netlist Resource(s)
  -------------------------------------------------------------------    -------------------
    SLICE_X56Y100                                     0.000     0.000 r  dbg_hub/inst/BSCANID.u_xsdbm_id/CORE_XSDB.UUT_MASTER/U_ICON_INTERFACE/U_CMD6_RD/U_RD_FIFO/SUBCORE_FIFO.xsdbm_v3_0_0_rdfifo_inst/inst_fifo_gen/gconvfifo.rf/grf.rf/gntv_or_sync_fifo.gcx.clkx/gnxpm_cdc.wr_pntr_gc_reg[1]/C
    SLICE_X56Y100        FDCE (Prop_HFF2_SLICEL_C_Q)
                                                      0.115     0.115 r  dbg_hub/inst/BSCANID.u_xsdbm_id/CORE_XSDB.UUT_MASTER/U_ICON_INTERFACE/U_CMD6_RD/U_RD_FIFO/SUBCORE_FIFO.xsdbm_v3_0_0_rdfifo_inst/inst_fifo_gen/gconvfifo.rf/grf.rf/gntv_or_sync_fifo.gcx.clkx/gnxpm_cdc.wr_pntr_gc_reg[1]/Q
                         net (fo=1, routed)           0.221     0.336    dbg_hub/inst/BSCANID.u_xsdbm_id/CORE_XSDB.UUT_MASTER/U_ICON_INTERFACE/U_CMD6_RD/U_RD_FIFO/SUBCORE_FIFO.xsdbm_v3_0_0_rdfifo_inst/inst_fifo_gen/gconvfifo.rf/grf.rf/gntv_or_sync_fifo.gcx.clkx/gnxpm_cdc.gsync_stage[1].rd_stg_inst/Q[1]
    SLICE_X55Y100        FDCE                                         r  dbg_hub/inst/BSCANID.u_xsdbm_id/CORE_XSDB.UUT_MASTER/U_ICON_INTERFACE/U_CMD6_RD/U_RD_FIFO/SUBCORE_FIFO.xsdbm_v3_0_0_rdfifo_inst/inst_fifo_gen/gconvfifo.rf/grf.rf/gntv_or_sync_fifo.gcx.clkx/gnxpm_cdc.gsync_stage[1].rd_stg_inst/Q_reg_reg[1]/D
  -------------------------------------------------------------------    -------------------

                         max delay                   10.312    10.312    
    SLICE_X55Y100        FDCE (Setup_DFF2_SLICEL_C_D)
                                                      0.046    10.358    dbg_hub/inst/BSCANID.u_xsdbm_id/CORE_XSDB.UUT_MASTER/U_ICON_INTERFACE/U_CMD6_RD/U_RD_FIFO/SUBCORE_FIFO.xsdbm_v3_0_0_rdfifo_inst/inst_fifo_gen/gconvfifo.rf/grf.rf/gntv_or_sync_fifo.gcx.clkx/gnxpm_cdc.gsync_stage[1].rd_stg_inst/Q_reg_reg[1]
  -------------------------------------------------------------------
                         required time                         10.358    
                         arrival time                          -0.336    
  -------------------------------------------------------------------
                         slack                                 10.022    

Slack (MET) :             10.026ns  (required time - arrival time)
  Source:                 dbg_hub/inst/BSCANID.u_xsdbm_id/CORE_XSDB.UUT_MASTER/U_ICON_INTERFACE/U_CMD6_RD/U_RD_FIFO/SUBCORE_FIFO.xsdbm_v3_0_0_rdfifo_inst/inst_fifo_gen/gconvfifo.rf/grf.rf/gntv_or_sync_fifo.gcx.clkx/gnxpm_cdc.wr_pntr_gc_reg[0]/C
                            (rising edge-triggered cell FDCE clocked by clk_pl_0  {rise@0.000ns fall@5.156ns period=10.312ns})
  Destination:            dbg_hub/inst/BSCANID.u_xsdbm_id/CORE_XSDB.UUT_MASTER/U_ICON_INTERFACE/U_CMD6_RD/U_RD_FIFO/SUBCORE_FIFO.xsdbm_v3_0_0_rdfifo_inst/inst_fifo_gen/gconvfifo.rf/grf.rf/gntv_or_sync_fifo.gcx.clkx/gnxpm_cdc.gsync_stage[1].rd_stg_inst/Q_reg_reg[0]/D
                            (rising edge-triggered cell FDCE clocked by dbg_hub/inst/BSCANID.u_xsdbm_id/SWITCH_N_EXT_BSCAN.bscan_inst/SERIES7_BSCAN.bscan_inst/INTERNAL_TCK  {rise@0.000ns fall@25.000ns period=50.000ns})
  Path Group:             dbg_hub/inst/BSCANID.u_xsdbm_id/SWITCH_N_EXT_BSCAN.bscan_inst/SERIES7_BSCAN.bscan_inst/INTERNAL_TCK
  Path Type:              Setup (Max at Slow Process Corner)
  Requirement:            10.312ns  (MaxDelay Path 10.312ns)
  Data Path Delay:        0.332ns  (logic 0.113ns (34.036%)  route 0.219ns (65.964%))
  Logic Levels:           0  
  Timing Exception:       MaxDelay Path 10.312ns -datapath_only

    Location             Delay type                Incr(ns)  Path(ns)    Netlist Resource(s)
  -------------------------------------------------------------------    -------------------
    SLICE_X56Y100                                     0.000     0.000 r  dbg_hub/inst/BSCANID.u_xsdbm_id/CORE_XSDB.UUT_MASTER/U_ICON_INTERFACE/U_CMD6_RD/U_RD_FIFO/SUBCORE_FIFO.xsdbm_v3_0_0_rdfifo_inst/inst_fifo_gen/gconvfifo.rf/grf.rf/gntv_or_sync_fifo.gcx.clkx/gnxpm_cdc.wr_pntr_gc_reg[0]/C
    SLICE_X56Y100        FDCE (Prop_HFF_SLICEL_C_Q)
                                                      0.113     0.113 r  dbg_hub/inst/BSCANID.u_xsdbm_id/CORE_XSDB.UUT_MASTER/U_ICON_INTERFACE/U_CMD6_RD/U_RD_FIFO/SUBCORE_FIFO.xsdbm_v3_0_0_rdfifo_inst/inst_fifo_gen/gconvfifo.rf/grf.rf/gntv_or_sync_fifo.gcx.clkx/gnxpm_cdc.wr_pntr_gc_reg[0]/Q
                         net (fo=1, routed)           0.219     0.332    dbg_hub/inst/BSCANID.u_xsdbm_id/CORE_XSDB.UUT_MASTER/U_ICON_INTERFACE/U_CMD6_RD/U_RD_FIFO/SUBCORE_FIFO.xsdbm_v3_0_0_rdfifo_inst/inst_fifo_gen/gconvfifo.rf/grf.rf/gntv_or_sync_fifo.gcx.clkx/gnxpm_cdc.gsync_stage[1].rd_stg_inst/Q[0]
    SLICE_X55Y100        FDCE                                         r  dbg_hub/inst/BSCANID.u_xsdbm_id/CORE_XSDB.UUT_MASTER/U_ICON_INTERFACE/U_CMD6_RD/U_RD_FIFO/SUBCORE_FIFO.xsdbm_v3_0_0_rdfifo_inst/inst_fifo_gen/gconvfifo.rf/grf.rf/gntv_or_sync_fifo.gcx.clkx/gnxpm_cdc.gsync_stage[1].rd_stg_inst/Q_reg_reg[0]/D
  -------------------------------------------------------------------    -------------------

                         max delay                   10.312    10.312    
    SLICE_X55Y100        FDCE (Setup_HFF2_SLICEL_C_D)
                                                      0.046    10.358    dbg_hub/inst/BSCANID.u_xsdbm_id/CORE_XSDB.UUT_MASTER/U_ICON_INTERFACE/U_CMD6_RD/U_RD_FIFO/SUBCORE_FIFO.xsdbm_v3_0_0_rdfifo_inst/inst_fifo_gen/gconvfifo.rf/grf.rf/gntv_or_sync_fifo.gcx.clkx/gnxpm_cdc.gsync_stage[1].rd_stg_inst/Q_reg_reg[0]
  -------------------------------------------------------------------
                         required time                         10.358    
                         arrival time                          -0.332    
  -------------------------------------------------------------------
                         slack                                 10.026    





---------------------------------------------------------------------------------------------------
Path Group:  **async_default**
From Clock:  clk_pl_0
  To Clock:  clk_pl_0

Setup :            0  Failing Endpoints,  Worst Slack        9.108ns,  Total Violation        0.000ns
Hold  :            0  Failing Endpoints,  Worst Slack        0.129ns,  Total Violation        0.000ns
---------------------------------------------------------------------------------------------------


Max Delay Paths
--------------------------------------------------------------------------------------
Slack (MET) :             9.108ns  (required time - arrival time)
  Source:                 dbg_hub/inst/BSCANID.u_xsdbm_id/CORE_XSDB.UUT_MASTER/U_ICON_INTERFACE/U_CMD6_RD/U_RD_FIFO/SUBCORE_FIFO.xsdbm_v3_0_0_rdfifo_inst/inst_fifo_gen/gconvfifo.rf/grf.rf/rstblk/ngwrdrst.grst.g7serrst.wr_rst_asreg_reg/C
                            (rising edge-triggered cell FDPE clocked by clk_pl_0  {rise@0.000ns fall@5.156ns period=10.312ns})
  Destination:            dbg_hub/inst/BSCANID.u_xsdbm_id/CORE_XSDB.UUT_MASTER/U_ICON_INTERFACE/U_CMD6_RD/U_RD_FIFO/SUBCORE_FIFO.xsdbm_v3_0_0_rdfifo_inst/inst_fifo_gen/gconvfifo.rf/grf.rf/rstblk/ngwrdrst.grst.g7serrst.wr_rst_reg_reg[0]/PRE
                            (recovery check against rising-edge clock clk_pl_0  {rise@0.000ns fall@5.156ns period=10.312ns})
  Path Group:             **async_default**
  Path Type:              Recovery (Max at Slow Process Corner)
  Requirement:            10.312ns  (clk_pl_0 rise@10.312ns - clk_pl_0 rise@0.000ns)
  Data Path Delay:        0.849ns  (logic 0.252ns (29.682%)  route 0.597ns (70.318%))
  Logic Levels:           1  (LUT2=1)
  Clock Path Skew:        -0.103ns (DCD - SCD + CPR)
    Destination Clock Delay (DCD):    3.084ns = ( 13.396 - 10.312 ) 
    Source Clock Delay      (SCD):    3.435ns
    Clock Pessimism Removal (CPR):    0.248ns
  Clock Uncertainty:      0.159ns  ((TSJ^2 + DJ^2)^1/2) / 2 + PE
    Total System Jitter     (TSJ):    0.071ns
    Discrete Jitter          (DJ):    0.310ns
    Phase Error              (PE):    0.000ns
  Clock Net Delay (Source):      3.168ns (routing 1.681ns, distribution 1.487ns)
  Clock Net Delay (Destination): 2.868ns (routing 1.538ns, distribution 1.330ns)

    Location             Delay type                Incr(ns)  Path(ns)    Netlist Resource(s)
  -------------------------------------------------------------------    -------------------
                         (clock clk_pl_0 rise edge)
                                                      0.000     0.000 r  
    PS8_X0Y0             PS8                          0.000     0.000 r  mixer_ddc_i/zynq_ultra_ps_e_0/inst/PS8_i/PLCLK[0]
                         net (fo=1, routed)           0.229     0.229    mixer_ddc_i/zynq_ultra_ps_e_0/inst/pl_clk_unbuffered[0]
    BUFG_PS_X0Y90        BUFG_PS (Prop_BUFG_PS_I_O)
                                                      0.038     0.267 r  mixer_ddc_i/zynq_ultra_ps_e_0/inst/buffer_pl_clk_0.PL_CLK_0_BUFG/O
    X1Y1 (CLOCK_ROOT)    net (fo=19809, routed)       3.168     3.435    dbg_hub/inst/BSCANID.u_xsdbm_id/CORE_XSDB.UUT_MASTER/U_ICON_INTERFACE/U_CMD6_RD/U_RD_FIFO/SUBCORE_FIFO.xsdbm_v3_0_0_rdfifo_inst/inst_fifo_gen/gconvfifo.rf/grf.rf/rstblk/wr_clk
    SLICE_X58Y102        FDPE                                         r  dbg_hub/inst/BSCANID.u_xsdbm_id/CORE_XSDB.UUT_MASTER/U_ICON_INTERFACE/U_CMD6_RD/U_RD_FIFO/SUBCORE_FIFO.xsdbm_v3_0_0_rdfifo_inst/inst_fifo_gen/gconvfifo.rf/grf.rf/rstblk/ngwrdrst.grst.g7serrst.wr_rst_asreg_reg/C
  -------------------------------------------------------------------    -------------------
    SLICE_X58Y102        FDPE (Prop_HFF2_SLICEM_C_Q)
                                                      0.114     3.549 f  dbg_hub/inst/BSCANID.u_xsdbm_id/CORE_XSDB.UUT_MASTER/U_ICON_INTERFACE/U_CMD6_RD/U_RD_FIFO/SUBCORE_FIFO.xsdbm_v3_0_0_rdfifo_inst/inst_fifo_gen/gconvfifo.rf/grf.rf/rstblk/ngwrdrst.grst.g7serrst.wr_rst_asreg_reg/Q
                         net (fo=3, routed)           0.271     3.820    dbg_hub/inst/BSCANID.u_xsdbm_id/CORE_XSDB.UUT_MASTER/U_ICON_INTERFACE/U_CMD6_RD/U_RD_FIFO/SUBCORE_FIFO.xsdbm_v3_0_0_rdfifo_inst/inst_fifo_gen/gconvfifo.rf/grf.rf/rstblk/ngwrdrst.grst.g7serrst.gwrrd_rst_sync_stage[2].wrst_inst/in0[0]
    SLICE_X58Y102        LUT2 (Prop_H6LUT_SLICEM_I0_O)
                                                      0.138     3.958 f  dbg_hub/inst/BSCANID.u_xsdbm_id/CORE_XSDB.UUT_MASTER/U_ICON_INTERFACE/U_CMD6_RD/U_RD_FIFO/SUBCORE_FIFO.xsdbm_v3_0_0_rdfifo_inst/inst_fifo_gen/gconvfifo.rf/grf.rf/rstblk/ngwrdrst.grst.g7serrst.gwrrd_rst_sync_stage[2].wrst_inst/ngwrdrst.grst.g7serrst.wr_rst_reg[2]_i_1/O
                         net (fo=3, routed)           0.326     4.284    dbg_hub/inst/BSCANID.u_xsdbm_id/CORE_XSDB.UUT_MASTER/U_ICON_INTERFACE/U_CMD6_RD/U_RD_FIFO/SUBCORE_FIFO.xsdbm_v3_0_0_rdfifo_inst/inst_fifo_gen/gconvfifo.rf/grf.rf/rstblk/wr_rst_comb
    SLICE_X56Y103        FDPE                                         f  dbg_hub/inst/BSCANID.u_xsdbm_id/CORE_XSDB.UUT_MASTER/U_ICON_INTERFACE/U_CMD6_RD/U_RD_FIFO/SUBCORE_FIFO.xsdbm_v3_0_0_rdfifo_inst/inst_fifo_gen/gconvfifo.rf/grf.rf/rstblk/ngwrdrst.grst.g7serrst.wr_rst_reg_reg[0]/PRE
  -------------------------------------------------------------------    -------------------

                         (clock clk_pl_0 rise edge)
                                                     10.312    10.312 r  
    PS8_X0Y0             PS8                          0.000    10.312 r  mixer_ddc_i/zynq_ultra_ps_e_0/inst/PS8_i/PLCLK[0]
                         net (fo=1, routed)           0.181    10.493    mixer_ddc_i/zynq_ultra_ps_e_0/inst/pl_clk_unbuffered[0]
    BUFG_PS_X0Y90        BUFG_PS (Prop_BUFG_PS_I_O)
                                                      0.035    10.528 r  mixer_ddc_i/zynq_ultra_ps_e_0/inst/buffer_pl_clk_0.PL_CLK_0_BUFG/O
    X1Y1 (CLOCK_ROOT)    net (fo=19809, routed)       2.868    13.396    dbg_hub/inst/BSCANID.u_xsdbm_id/CORE_XSDB.UUT_MASTER/U_ICON_INTERFACE/U_CMD6_RD/U_RD_FIFO/SUBCORE_FIFO.xsdbm_v3_0_0_rdfifo_inst/inst_fifo_gen/gconvfifo.rf/grf.rf/rstblk/wr_clk
    SLICE_X56Y103        FDPE                                         r  dbg_hub/inst/BSCANID.u_xsdbm_id/CORE_XSDB.UUT_MASTER/U_ICON_INTERFACE/U_CMD6_RD/U_RD_FIFO/SUBCORE_FIFO.xsdbm_v3_0_0_rdfifo_inst/inst_fifo_gen/gconvfifo.rf/grf.rf/rstblk/ngwrdrst.grst.g7serrst.wr_rst_reg_reg[0]/C
                         clock pessimism              0.248    13.644    
                         clock uncertainty           -0.159    13.485    
    SLICE_X56Y103        FDPE (Recov_EFF_SLICEL_C_PRE)
                                                     -0.093    13.392    dbg_hub/inst/BSCANID.u_xsdbm_id/CORE_XSDB.UUT_MASTER/U_ICON_INTERFACE/U_CMD6_RD/U_RD_FIFO/SUBCORE_FIFO.xsdbm_v3_0_0_rdfifo_inst/inst_fifo_gen/gconvfifo.rf/grf.rf/rstblk/ngwrdrst.grst.g7serrst.wr_rst_reg_reg[0]
  -------------------------------------------------------------------
                         required time                         13.392    
                         arrival time                          -4.284    
  -------------------------------------------------------------------
                         slack                                  9.108    

Slack (MET) :             9.108ns  (required time - arrival time)
  Source:                 dbg_hub/inst/BSCANID.u_xsdbm_id/CORE_XSDB.UUT_MASTER/U_ICON_INTERFACE/U_CMD6_RD/U_RD_FIFO/SUBCORE_FIFO.xsdbm_v3_0_0_rdfifo_inst/inst_fifo_gen/gconvfifo.rf/grf.rf/rstblk/ngwrdrst.grst.g7serrst.wr_rst_asreg_reg/C
                            (rising edge-triggered cell FDPE clocked by clk_pl_0  {rise@0.000ns fall@5.156ns period=10.312ns})
  Destination:            dbg_hub/inst/BSCANID.u_xsdbm_id/CORE_XSDB.UUT_MASTER/U_ICON_INTERFACE/U_CMD6_RD/U_RD_FIFO/SUBCORE_FIFO.xsdbm_v3_0_0_rdfifo_inst/inst_fifo_gen/gconvfifo.rf/grf.rf/rstblk/ngwrdrst.grst.g7serrst.wr_rst_reg_reg[2]/PRE
                            (recovery check against rising-edge clock clk_pl_0  {rise@0.000ns fall@5.156ns period=10.312ns})
  Path Group:             **async_default**
  Path Type:              Recovery (Max at Slow Process Corner)
  Requirement:            10.312ns  (clk_pl_0 rise@10.312ns - clk_pl_0 rise@0.000ns)
  Data Path Delay:        0.849ns  (logic 0.252ns (29.682%)  route 0.597ns (70.318%))
  Logic Levels:           1  (LUT2=1)
  Clock Path Skew:        -0.103ns (DCD - SCD + CPR)
    Destination Clock Delay (DCD):    3.084ns = ( 13.396 - 10.312 ) 
    Source Clock Delay      (SCD):    3.435ns
    Clock Pessimism Removal (CPR):    0.248ns
  Clock Uncertainty:      0.159ns  ((TSJ^2 + DJ^2)^1/2) / 2 + PE
    Total System Jitter     (TSJ):    0.071ns
    Discrete Jitter          (DJ):    0.310ns
    Phase Error              (PE):    0.000ns
  Clock Net Delay (Source):      3.168ns (routing 1.681ns, distribution 1.487ns)
  Clock Net Delay (Destination): 2.868ns (routing 1.538ns, distribution 1.330ns)

    Location             Delay type                Incr(ns)  Path(ns)    Netlist Resource(s)
  -------------------------------------------------------------------    -------------------
                         (clock clk_pl_0 rise edge)
                                                      0.000     0.000 r  
    PS8_X0Y0             PS8                          0.000     0.000 r  mixer_ddc_i/zynq_ultra_ps_e_0/inst/PS8_i/PLCLK[0]
                         net (fo=1, routed)           0.229     0.229    mixer_ddc_i/zynq_ultra_ps_e_0/inst/pl_clk_unbuffered[0]
    BUFG_PS_X0Y90        BUFG_PS (Prop_BUFG_PS_I_O)
                                                      0.038     0.267 r  mixer_ddc_i/zynq_ultra_ps_e_0/inst/buffer_pl_clk_0.PL_CLK_0_BUFG/O
    X1Y1 (CLOCK_ROOT)    net (fo=19809, routed)       3.168     3.435    dbg_hub/inst/BSCANID.u_xsdbm_id/CORE_XSDB.UUT_MASTER/U_ICON_INTERFACE/U_CMD6_RD/U_RD_FIFO/SUBCORE_FIFO.xsdbm_v3_0_0_rdfifo_inst/inst_fifo_gen/gconvfifo.rf/grf.rf/rstblk/wr_clk
    SLICE_X58Y102        FDPE                                         r  dbg_hub/inst/BSCANID.u_xsdbm_id/CORE_XSDB.UUT_MASTER/U_ICON_INTERFACE/U_CMD6_RD/U_RD_FIFO/SUBCORE_FIFO.xsdbm_v3_0_0_rdfifo_inst/inst_fifo_gen/gconvfifo.rf/grf.rf/rstblk/ngwrdrst.grst.g7serrst.wr_rst_asreg_reg/C
  -------------------------------------------------------------------    -------------------
    SLICE_X58Y102        FDPE (Prop_HFF2_SLICEM_C_Q)
                                                      0.114     3.549 f  dbg_hub/inst/BSCANID.u_xsdbm_id/CORE_XSDB.UUT_MASTER/U_ICON_INTERFACE/U_CMD6_RD/U_RD_FIFO/SUBCORE_FIFO.xsdbm_v3_0_0_rdfifo_inst/inst_fifo_gen/gconvfifo.rf/grf.rf/rstblk/ngwrdrst.grst.g7serrst.wr_rst_asreg_reg/Q
                         net (fo=3, routed)           0.271     3.820    dbg_hub/inst/BSCANID.u_xsdbm_id/CORE_XSDB.UUT_MASTER/U_ICON_INTERFACE/U_CMD6_RD/U_RD_FIFO/SUBCORE_FIFO.xsdbm_v3_0_0_rdfifo_inst/inst_fifo_gen/gconvfifo.rf/grf.rf/rstblk/ngwrdrst.grst.g7serrst.gwrrd_rst_sync_stage[2].wrst_inst/in0[0]
    SLICE_X58Y102        LUT2 (Prop_H6LUT_SLICEM_I0_O)
                                                      0.138     3.958 f  dbg_hub/inst/BSCANID.u_xsdbm_id/CORE_XSDB.UUT_MASTER/U_ICON_INTERFACE/U_CMD6_RD/U_RD_FIFO/SUBCORE_FIFO.xsdbm_v3_0_0_rdfifo_inst/inst_fifo_gen/gconvfifo.rf/grf.rf/rstblk/ngwrdrst.grst.g7serrst.gwrrd_rst_sync_stage[2].wrst_inst/ngwrdrst.grst.g7serrst.wr_rst_reg[2]_i_1/O
                         net (fo=3, routed)           0.326     4.284    dbg_hub/inst/BSCANID.u_xsdbm_id/CORE_XSDB.UUT_MASTER/U_ICON_INTERFACE/U_CMD6_RD/U_RD_FIFO/SUBCORE_FIFO.xsdbm_v3_0_0_rdfifo_inst/inst_fifo_gen/gconvfifo.rf/grf.rf/rstblk/wr_rst_comb
    SLICE_X56Y103        FDPE                                         f  dbg_hub/inst/BSCANID.u_xsdbm_id/CORE_XSDB.UUT_MASTER/U_ICON_INTERFACE/U_CMD6_RD/U_RD_FIFO/SUBCORE_FIFO.xsdbm_v3_0_0_rdfifo_inst/inst_fifo_gen/gconvfifo.rf/grf.rf/rstblk/ngwrdrst.grst.g7serrst.wr_rst_reg_reg[2]/PRE
  -------------------------------------------------------------------    -------------------

                         (clock clk_pl_0 rise edge)
                                                     10.312    10.312 r  
    PS8_X0Y0             PS8                          0.000    10.312 r  mixer_ddc_i/zynq_ultra_ps_e_0/inst/PS8_i/PLCLK[0]
                         net (fo=1, routed)           0.181    10.493    mixer_ddc_i/zynq_ultra_ps_e_0/inst/pl_clk_unbuffered[0]
    BUFG_PS_X0Y90        BUFG_PS (Prop_BUFG_PS_I_O)
                                                      0.035    10.528 r  mixer_ddc_i/zynq_ultra_ps_e_0/inst/buffer_pl_clk_0.PL_CLK_0_BUFG/O
    X1Y1 (CLOCK_ROOT)    net (fo=19809, routed)       2.868    13.396    dbg_hub/inst/BSCANID.u_xsdbm_id/CORE_XSDB.UUT_MASTER/U_ICON_INTERFACE/U_CMD6_RD/U_RD_FIFO/SUBCORE_FIFO.xsdbm_v3_0_0_rdfifo_inst/inst_fifo_gen/gconvfifo.rf/grf.rf/rstblk/wr_clk
    SLICE_X56Y103        FDPE                                         r  dbg_hub/inst/BSCANID.u_xsdbm_id/CORE_XSDB.UUT_MASTER/U_ICON_INTERFACE/U_CMD6_RD/U_RD_FIFO/SUBCORE_FIFO.xsdbm_v3_0_0_rdfifo_inst/inst_fifo_gen/gconvfifo.rf/grf.rf/rstblk/ngwrdrst.grst.g7serrst.wr_rst_reg_reg[2]/C
                         clock pessimism              0.248    13.644    
                         clock uncertainty           -0.159    13.485    
    SLICE_X56Y103        FDPE (Recov_EFF2_SLICEL_C_PRE)
                                                     -0.093    13.392    dbg_hub/inst/BSCANID.u_xsdbm_id/CORE_XSDB.UUT_MASTER/U_ICON_INTERFACE/U_CMD6_RD/U_RD_FIFO/SUBCORE_FIFO.xsdbm_v3_0_0_rdfifo_inst/inst_fifo_gen/gconvfifo.rf/grf.rf/rstblk/ngwrdrst.grst.g7serrst.wr_rst_reg_reg[2]
  -------------------------------------------------------------------
                         required time                         13.392    
                         arrival time                          -4.284    
  -------------------------------------------------------------------
                         slack                                  9.108    

Slack (MET) :             9.123ns  (required time - arrival time)
  Source:                 dbg_hub/inst/BSCANID.u_xsdbm_id/CORE_XSDB.UUT_MASTER/U_ICON_INTERFACE/U_CMD1/ctl_reg_reg[0]/C
                            (rising edge-triggered cell FDRE clocked by clk_pl_0  {rise@0.000ns fall@5.156ns period=10.312ns})
  Destination:            dbg_hub/inst/BSCANID.u_xsdbm_id/CORE_XSDB.UUT_MASTER/U_XSDB_BUS_CONTROLLER/FSM_onehot_current_state_reg[15]/CLR
                            (recovery check against rising-edge clock clk_pl_0  {rise@0.000ns fall@5.156ns period=10.312ns})
  Path Group:             **async_default**
  Path Type:              Recovery (Max at Slow Process Corner)
  Requirement:            10.312ns  (clk_pl_0 rise@10.312ns - clk_pl_0 rise@0.000ns)
  Data Path Delay:        0.817ns  (logic 0.116ns (14.203%)  route 0.701ns (85.797%))
  Logic Levels:           0  
  Clock Path Skew:        -0.120ns (DCD - SCD + CPR)
    Destination Clock Delay (DCD):    3.083ns = ( 13.395 - 10.312 ) 
    Source Clock Delay      (SCD):    3.452ns
    Clock Pessimism Removal (CPR):    0.248ns
  Clock Uncertainty:      0.159ns  ((TSJ^2 + DJ^2)^1/2) / 2 + PE
    Total System Jitter     (TSJ):    0.071ns
    Discrete Jitter          (DJ):    0.310ns
    Phase Error              (PE):    0.000ns
  Clock Net Delay (Source):      3.185ns (routing 1.681ns, distribution 1.504ns)
  Clock Net Delay (Destination): 2.867ns (routing 1.538ns, distribution 1.329ns)

    Location             Delay type                Incr(ns)  Path(ns)    Netlist Resource(s)
  -------------------------------------------------------------------    -------------------
                         (clock clk_pl_0 rise edge)
                                                      0.000     0.000 r  
    PS8_X0Y0             PS8                          0.000     0.000 r  mixer_ddc_i/zynq_ultra_ps_e_0/inst/PS8_i/PLCLK[0]
                         net (fo=1, routed)           0.229     0.229    mixer_ddc_i/zynq_ultra_ps_e_0/inst/pl_clk_unbuffered[0]
    BUFG_PS_X0Y90        BUFG_PS (Prop_BUFG_PS_I_O)
                                                      0.038     0.267 r  mixer_ddc_i/zynq_ultra_ps_e_0/inst/buffer_pl_clk_0.PL_CLK_0_BUFG/O
    X1Y1 (CLOCK_ROOT)    net (fo=19809, routed)       3.185     3.452    dbg_hub/inst/BSCANID.u_xsdbm_id/CORE_XSDB.UUT_MASTER/U_ICON_INTERFACE/U_CMD1/clk
    SLICE_X54Y104        FDRE                                         r  dbg_hub/inst/BSCANID.u_xsdbm_id/CORE_XSDB.UUT_MASTER/U_ICON_INTERFACE/U_CMD1/ctl_reg_reg[0]/C
  -------------------------------------------------------------------    -------------------
    SLICE_X54Y104        FDRE (Prop_DFF_SLICEM_C_Q)
                                                      0.116     3.568 f  dbg_hub/inst/BSCANID.u_xsdbm_id/CORE_XSDB.UUT_MASTER/U_ICON_INTERFACE/U_CMD1/ctl_reg_reg[0]/Q
                         net (fo=182, routed)         0.701     4.268    dbg_hub/inst/BSCANID.u_xsdbm_id/CORE_XSDB.UUT_MASTER/U_XSDB_BUS_CONTROLLER/out[0]
    SLICE_X56Y106        FDCE                                         f  dbg_hub/inst/BSCANID.u_xsdbm_id/CORE_XSDB.UUT_MASTER/U_XSDB_BUS_CONTROLLER/FSM_onehot_current_state_reg[15]/CLR
  -------------------------------------------------------------------    -------------------

                         (clock clk_pl_0 rise edge)
                                                     10.312    10.312 r  
    PS8_X0Y0             PS8                          0.000    10.312 r  mixer_ddc_i/zynq_ultra_ps_e_0/inst/PS8_i/PLCLK[0]
                         net (fo=1, routed)           0.181    10.493    mixer_ddc_i/zynq_ultra_ps_e_0/inst/pl_clk_unbuffered[0]
    BUFG_PS_X0Y90        BUFG_PS (Prop_BUFG_PS_I_O)
                                                      0.035    10.528 r  mixer_ddc_i/zynq_ultra_ps_e_0/inst/buffer_pl_clk_0.PL_CLK_0_BUFG/O
    X1Y1 (CLOCK_ROOT)    net (fo=19809, routed)       2.867    13.395    dbg_hub/inst/BSCANID.u_xsdbm_id/CORE_XSDB.UUT_MASTER/U_XSDB_BUS_CONTROLLER/clk
    SLICE_X56Y106        FDCE                                         r  dbg_hub/inst/BSCANID.u_xsdbm_id/CORE_XSDB.UUT_MASTER/U_XSDB_BUS_CONTROLLER/FSM_onehot_current_state_reg[15]/C
                         clock pessimism              0.248    13.643    
                         clock uncertainty           -0.159    13.484    
    SLICE_X56Y106        FDCE (Recov_CFF_SLICEL_C_CLR)
                                                     -0.093    13.391    dbg_hub/inst/BSCANID.u_xsdbm_id/CORE_XSDB.UUT_MASTER/U_XSDB_BUS_CONTROLLER/FSM_onehot_current_state_reg[15]
  -------------------------------------------------------------------
                         required time                         13.391    
                         arrival time                          -4.268    
  -------------------------------------------------------------------
                         slack                                  9.123    

Slack (MET) :             9.123ns  (required time - arrival time)
  Source:                 dbg_hub/inst/BSCANID.u_xsdbm_id/CORE_XSDB.UUT_MASTER/U_ICON_INTERFACE/U_CMD1/ctl_reg_reg[0]/C
                            (rising edge-triggered cell FDRE clocked by clk_pl_0  {rise@0.000ns fall@5.156ns period=10.312ns})
  Destination:            dbg_hub/inst/BSCANID.u_xsdbm_id/CORE_XSDB.UUT_MASTER/U_XSDB_BUS_CONTROLLER/FSM_onehot_current_state_reg[17]/CLR
                            (recovery check against rising-edge clock clk_pl_0  {rise@0.000ns fall@5.156ns period=10.312ns})
  Path Group:             **async_default**
  Path Type:              Recovery (Max at Slow Process Corner)
  Requirement:            10.312ns  (clk_pl_0 rise@10.312ns - clk_pl_0 rise@0.000ns)
  Data Path Delay:        0.817ns  (logic 0.116ns (14.203%)  route 0.701ns (85.797%))
  Logic Levels:           0  
  Clock Path Skew:        -0.120ns (DCD - SCD + CPR)
    Destination Clock Delay (DCD):    3.083ns = ( 13.395 - 10.312 ) 
    Source Clock Delay      (SCD):    3.452ns
    Clock Pessimism Removal (CPR):    0.248ns
  Clock Uncertainty:      0.159ns  ((TSJ^2 + DJ^2)^1/2) / 2 + PE
    Total System Jitter     (TSJ):    0.071ns
    Discrete Jitter          (DJ):    0.310ns
    Phase Error              (PE):    0.000ns
  Clock Net Delay (Source):      3.185ns (routing 1.681ns, distribution 1.504ns)
  Clock Net Delay (Destination): 2.867ns (routing 1.538ns, distribution 1.329ns)

    Location             Delay type                Incr(ns)  Path(ns)    Netlist Resource(s)
  -------------------------------------------------------------------    -------------------
                         (clock clk_pl_0 rise edge)
                                                      0.000     0.000 r  
    PS8_X0Y0             PS8                          0.000     0.000 r  mixer_ddc_i/zynq_ultra_ps_e_0/inst/PS8_i/PLCLK[0]
                         net (fo=1, routed)           0.229     0.229    mixer_ddc_i/zynq_ultra_ps_e_0/inst/pl_clk_unbuffered[0]
    BUFG_PS_X0Y90        BUFG_PS (Prop_BUFG_PS_I_O)
                                                      0.038     0.267 r  mixer_ddc_i/zynq_ultra_ps_e_0/inst/buffer_pl_clk_0.PL_CLK_0_BUFG/O
    X1Y1 (CLOCK_ROOT)    net (fo=19809, routed)       3.185     3.452    dbg_hub/inst/BSCANID.u_xsdbm_id/CORE_XSDB.UUT_MASTER/U_ICON_INTERFACE/U_CMD1/clk
    SLICE_X54Y104        FDRE                                         r  dbg_hub/inst/BSCANID.u_xsdbm_id/CORE_XSDB.UUT_MASTER/U_ICON_INTERFACE/U_CMD1/ctl_reg_reg[0]/C
  -------------------------------------------------------------------    -------------------
    SLICE_X54Y104        FDRE (Prop_DFF_SLICEM_C_Q)
                                                      0.116     3.568 f  dbg_hub/inst/BSCANID.u_xsdbm_id/CORE_XSDB.UUT_MASTER/U_ICON_INTERFACE/U_CMD1/ctl_reg_reg[0]/Q
                         net (fo=182, routed)         0.701     4.268    dbg_hub/inst/BSCANID.u_xsdbm_id/CORE_XSDB.UUT_MASTER/U_XSDB_BUS_CONTROLLER/out[0]
    SLICE_X56Y106        FDCE                                         f  dbg_hub/inst/BSCANID.u_xsdbm_id/CORE_XSDB.UUT_MASTER/U_XSDB_BUS_CONTROLLER/FSM_onehot_current_state_reg[17]/CLR
  -------------------------------------------------------------------    -------------------

                         (clock clk_pl_0 rise edge)
                                                     10.312    10.312 r  
    PS8_X0Y0             PS8                          0.000    10.312 r  mixer_ddc_i/zynq_ultra_ps_e_0/inst/PS8_i/PLCLK[0]
                         net (fo=1, routed)           0.181    10.493    mixer_ddc_i/zynq_ultra_ps_e_0/inst/pl_clk_unbuffered[0]
    BUFG_PS_X0Y90        BUFG_PS (Prop_BUFG_PS_I_O)
                                                      0.035    10.528 r  mixer_ddc_i/zynq_ultra_ps_e_0/inst/buffer_pl_clk_0.PL_CLK_0_BUFG/O
    X1Y1 (CLOCK_ROOT)    net (fo=19809, routed)       2.867    13.395    dbg_hub/inst/BSCANID.u_xsdbm_id/CORE_XSDB.UUT_MASTER/U_XSDB_BUS_CONTROLLER/clk
    SLICE_X56Y106        FDCE                                         r  dbg_hub/inst/BSCANID.u_xsdbm_id/CORE_XSDB.UUT_MASTER/U_XSDB_BUS_CONTROLLER/FSM_onehot_current_state_reg[17]/C
                         clock pessimism              0.248    13.643    
                         clock uncertainty           -0.159    13.484    
    SLICE_X56Y106        FDCE (Recov_CFF2_SLICEL_C_CLR)
                                                     -0.093    13.391    dbg_hub/inst/BSCANID.u_xsdbm_id/CORE_XSDB.UUT_MASTER/U_XSDB_BUS_CONTROLLER/FSM_onehot_current_state_reg[17]
  -------------------------------------------------------------------
                         required time                         13.391    
                         arrival time                          -4.268    
  -------------------------------------------------------------------
                         slack                                  9.123    

Slack (MET) :             9.123ns  (required time - arrival time)
  Source:                 dbg_hub/inst/BSCANID.u_xsdbm_id/CORE_XSDB.UUT_MASTER/U_ICON_INTERFACE/U_CMD1/ctl_reg_reg[0]/C
                            (rising edge-triggered cell FDRE clocked by clk_pl_0  {rise@0.000ns fall@5.156ns period=10.312ns})
  Destination:            dbg_hub/inst/BSCANID.u_xsdbm_id/CORE_XSDB.UUT_MASTER/U_XSDB_BUS_CONTROLLER/FSM_onehot_current_state_reg[18]/CLR
                            (recovery check against rising-edge clock clk_pl_0  {rise@0.000ns fall@5.156ns period=10.312ns})
  Path Group:             **async_default**
  Path Type:              Recovery (Max at Slow Process Corner)
  Requirement:            10.312ns  (clk_pl_0 rise@10.312ns - clk_pl_0 rise@0.000ns)
  Data Path Delay:        0.817ns  (logic 0.116ns (14.203%)  route 0.701ns (85.797%))
  Logic Levels:           0  
  Clock Path Skew:        -0.120ns (DCD - SCD + CPR)
    Destination Clock Delay (DCD):    3.083ns = ( 13.395 - 10.312 ) 
    Source Clock Delay      (SCD):    3.452ns
    Clock Pessimism Removal (CPR):    0.248ns
  Clock Uncertainty:      0.159ns  ((TSJ^2 + DJ^2)^1/2) / 2 + PE
    Total System Jitter     (TSJ):    0.071ns
    Discrete Jitter          (DJ):    0.310ns
    Phase Error              (PE):    0.000ns
  Clock Net Delay (Source):      3.185ns (routing 1.681ns, distribution 1.504ns)
  Clock Net Delay (Destination): 2.867ns (routing 1.538ns, distribution 1.329ns)

    Location             Delay type                Incr(ns)  Path(ns)    Netlist Resource(s)
  -------------------------------------------------------------------    -------------------
                         (clock clk_pl_0 rise edge)
                                                      0.000     0.000 r  
    PS8_X0Y0             PS8                          0.000     0.000 r  mixer_ddc_i/zynq_ultra_ps_e_0/inst/PS8_i/PLCLK[0]
                         net (fo=1, routed)           0.229     0.229    mixer_ddc_i/zynq_ultra_ps_e_0/inst/pl_clk_unbuffered[0]
    BUFG_PS_X0Y90        BUFG_PS (Prop_BUFG_PS_I_O)
                                                      0.038     0.267 r  mixer_ddc_i/zynq_ultra_ps_e_0/inst/buffer_pl_clk_0.PL_CLK_0_BUFG/O
    X1Y1 (CLOCK_ROOT)    net (fo=19809, routed)       3.185     3.452    dbg_hub/inst/BSCANID.u_xsdbm_id/CORE_XSDB.UUT_MASTER/U_ICON_INTERFACE/U_CMD1/clk
    SLICE_X54Y104        FDRE                                         r  dbg_hub/inst/BSCANID.u_xsdbm_id/CORE_XSDB.UUT_MASTER/U_ICON_INTERFACE/U_CMD1/ctl_reg_reg[0]/C
  -------------------------------------------------------------------    -------------------
    SLICE_X54Y104        FDRE (Prop_DFF_SLICEM_C_Q)
                                                      0.116     3.568 f  dbg_hub/inst/BSCANID.u_xsdbm_id/CORE_XSDB.UUT_MASTER/U_ICON_INTERFACE/U_CMD1/ctl_reg_reg[0]/Q
                         net (fo=182, routed)         0.701     4.268    dbg_hub/inst/BSCANID.u_xsdbm_id/CORE_XSDB.UUT_MASTER/U_XSDB_BUS_CONTROLLER/out[0]
    SLICE_X56Y106        FDCE                                         f  dbg_hub/inst/BSCANID.u_xsdbm_id/CORE_XSDB.UUT_MASTER/U_XSDB_BUS_CONTROLLER/FSM_onehot_current_state_reg[18]/CLR
  -------------------------------------------------------------------    -------------------

                         (clock clk_pl_0 rise edge)
                                                     10.312    10.312 r  
    PS8_X0Y0             PS8                          0.000    10.312 r  mixer_ddc_i/zynq_ultra_ps_e_0/inst/PS8_i/PLCLK[0]
                         net (fo=1, routed)           0.181    10.493    mixer_ddc_i/zynq_ultra_ps_e_0/inst/pl_clk_unbuffered[0]
    BUFG_PS_X0Y90        BUFG_PS (Prop_BUFG_PS_I_O)
                                                      0.035    10.528 r  mixer_ddc_i/zynq_ultra_ps_e_0/inst/buffer_pl_clk_0.PL_CLK_0_BUFG/O
    X1Y1 (CLOCK_ROOT)    net (fo=19809, routed)       2.867    13.395    dbg_hub/inst/BSCANID.u_xsdbm_id/CORE_XSDB.UUT_MASTER/U_XSDB_BUS_CONTROLLER/clk
    SLICE_X56Y106        FDCE                                         r  dbg_hub/inst/BSCANID.u_xsdbm_id/CORE_XSDB.UUT_MASTER/U_XSDB_BUS_CONTROLLER/FSM_onehot_current_state_reg[18]/C
                         clock pessimism              0.248    13.643    
                         clock uncertainty           -0.159    13.484    
    SLICE_X56Y106        FDCE (Recov_DFF2_SLICEL_C_CLR)
                                                     -0.093    13.391    dbg_hub/inst/BSCANID.u_xsdbm_id/CORE_XSDB.UUT_MASTER/U_XSDB_BUS_CONTROLLER/FSM_onehot_current_state_reg[18]
  -------------------------------------------------------------------
                         required time                         13.391    
                         arrival time                          -4.268    
  -------------------------------------------------------------------
                         slack                                  9.123    

Slack (MET) :             9.123ns  (required time - arrival time)
  Source:                 dbg_hub/inst/BSCANID.u_xsdbm_id/CORE_XSDB.UUT_MASTER/U_ICON_INTERFACE/U_CMD1/ctl_reg_reg[0]/C
                            (rising edge-triggered cell FDRE clocked by clk_pl_0  {rise@0.000ns fall@5.156ns period=10.312ns})
  Destination:            dbg_hub/inst/BSCANID.u_xsdbm_id/CORE_XSDB.UUT_MASTER/U_XSDB_BUS_CONTROLLER/clr_rd_req_reg/CLR
                            (recovery check against rising-edge clock clk_pl_0  {rise@0.000ns fall@5.156ns period=10.312ns})
  Path Group:             **async_default**
  Path Type:              Recovery (Max at Slow Process Corner)
  Requirement:            10.312ns  (clk_pl_0 rise@10.312ns - clk_pl_0 rise@0.000ns)
  Data Path Delay:        0.817ns  (logic 0.116ns (14.203%)  route 0.701ns (85.797%))
  Logic Levels:           0  
  Clock Path Skew:        -0.120ns (DCD - SCD + CPR)
    Destination Clock Delay (DCD):    3.083ns = ( 13.395 - 10.312 ) 
    Source Clock Delay      (SCD):    3.452ns
    Clock Pessimism Removal (CPR):    0.248ns
  Clock Uncertainty:      0.159ns  ((TSJ^2 + DJ^2)^1/2) / 2 + PE
    Total System Jitter     (TSJ):    0.071ns
    Discrete Jitter          (DJ):    0.310ns
    Phase Error              (PE):    0.000ns
  Clock Net Delay (Source):      3.185ns (routing 1.681ns, distribution 1.504ns)
  Clock Net Delay (Destination): 2.867ns (routing 1.538ns, distribution 1.329ns)

    Location             Delay type                Incr(ns)  Path(ns)    Netlist Resource(s)
  -------------------------------------------------------------------    -------------------
                         (clock clk_pl_0 rise edge)
                                                      0.000     0.000 r  
    PS8_X0Y0             PS8                          0.000     0.000 r  mixer_ddc_i/zynq_ultra_ps_e_0/inst/PS8_i/PLCLK[0]
                         net (fo=1, routed)           0.229     0.229    mixer_ddc_i/zynq_ultra_ps_e_0/inst/pl_clk_unbuffered[0]
    BUFG_PS_X0Y90        BUFG_PS (Prop_BUFG_PS_I_O)
                                                      0.038     0.267 r  mixer_ddc_i/zynq_ultra_ps_e_0/inst/buffer_pl_clk_0.PL_CLK_0_BUFG/O
    X1Y1 (CLOCK_ROOT)    net (fo=19809, routed)       3.185     3.452    dbg_hub/inst/BSCANID.u_xsdbm_id/CORE_XSDB.UUT_MASTER/U_ICON_INTERFACE/U_CMD1/clk
    SLICE_X54Y104        FDRE                                         r  dbg_hub/inst/BSCANID.u_xsdbm_id/CORE_XSDB.UUT_MASTER/U_ICON_INTERFACE/U_CMD1/ctl_reg_reg[0]/C
  -------------------------------------------------------------------    -------------------
    SLICE_X54Y104        FDRE (Prop_DFF_SLICEM_C_Q)
                                                      0.116     3.568 f  dbg_hub/inst/BSCANID.u_xsdbm_id/CORE_XSDB.UUT_MASTER/U_ICON_INTERFACE/U_CMD1/ctl_reg_reg[0]/Q
                         net (fo=182, routed)         0.701     4.268    dbg_hub/inst/BSCANID.u_xsdbm_id/CORE_XSDB.UUT_MASTER/U_XSDB_BUS_CONTROLLER/out[0]
    SLICE_X56Y106        FDCE                                         f  dbg_hub/inst/BSCANID.u_xsdbm_id/CORE_XSDB.UUT_MASTER/U_XSDB_BUS_CONTROLLER/clr_rd_req_reg/CLR
  -------------------------------------------------------------------    -------------------

                         (clock clk_pl_0 rise edge)
                                                     10.312    10.312 r  
    PS8_X0Y0             PS8                          0.000    10.312 r  mixer_ddc_i/zynq_ultra_ps_e_0/inst/PS8_i/PLCLK[0]
                         net (fo=1, routed)           0.181    10.493    mixer_ddc_i/zynq_ultra_ps_e_0/inst/pl_clk_unbuffered[0]
    BUFG_PS_X0Y90        BUFG_PS (Prop_BUFG_PS_I_O)
                                                      0.035    10.528 r  mixer_ddc_i/zynq_ultra_ps_e_0/inst/buffer_pl_clk_0.PL_CLK_0_BUFG/O
    X1Y1 (CLOCK_ROOT)    net (fo=19809, routed)       2.867    13.395    dbg_hub/inst/BSCANID.u_xsdbm_id/CORE_XSDB.UUT_MASTER/U_XSDB_BUS_CONTROLLER/clk
    SLICE_X56Y106        FDCE                                         r  dbg_hub/inst/BSCANID.u_xsdbm_id/CORE_XSDB.UUT_MASTER/U_XSDB_BUS_CONTROLLER/clr_rd_req_reg/C
                         clock pessimism              0.248    13.643    
                         clock uncertainty           -0.159    13.484    
    SLICE_X56Y106        FDCE (Recov_BFF_SLICEL_C_CLR)
                                                     -0.093    13.391    dbg_hub/inst/BSCANID.u_xsdbm_id/CORE_XSDB.UUT_MASTER/U_XSDB_BUS_CONTROLLER/clr_rd_req_reg
  -------------------------------------------------------------------
                         required time                         13.391    
                         arrival time                          -4.268    
  -------------------------------------------------------------------
                         slack                                  9.123    

Slack (MET) :             9.127ns  (required time - arrival time)
  Source:                 dbg_hub/inst/BSCANID.u_xsdbm_id/CORE_XSDB.UUT_MASTER/U_ICON_INTERFACE/U_CMD6_RD/U_RD_FIFO/SUBCORE_FIFO.xsdbm_v3_0_0_rdfifo_inst/inst_fifo_gen/gconvfifo.rf/grf.rf/rstblk/ngwrdrst.grst.g7serrst.wr_rst_asreg_reg/C
                            (rising edge-triggered cell FDPE clocked by clk_pl_0  {rise@0.000ns fall@5.156ns period=10.312ns})
  Destination:            dbg_hub/inst/BSCANID.u_xsdbm_id/CORE_XSDB.UUT_MASTER/U_ICON_INTERFACE/U_CMD6_RD/U_RD_FIFO/SUBCORE_FIFO.xsdbm_v3_0_0_rdfifo_inst/inst_fifo_gen/gconvfifo.rf/grf.rf/rstblk/ngwrdrst.grst.g7serrst.wr_rst_reg_reg[1]/PRE
                            (recovery check against rising-edge clock clk_pl_0  {rise@0.000ns fall@5.156ns period=10.312ns})
  Path Group:             **async_default**
  Path Type:              Recovery (Max at Slow Process Corner)
  Requirement:            10.312ns  (clk_pl_0 rise@10.312ns - clk_pl_0 rise@0.000ns)
  Data Path Delay:        0.896ns  (logic 0.252ns (28.125%)  route 0.644ns (71.875%))
  Logic Levels:           1  (LUT2=1)
  Clock Path Skew:        -0.037ns (DCD - SCD + CPR)
    Destination Clock Delay (DCD):    3.089ns = ( 13.401 - 10.312 ) 
    Source Clock Delay      (SCD):    3.435ns
    Clock Pessimism Removal (CPR):    0.309ns
  Clock Uncertainty:      0.159ns  ((TSJ^2 + DJ^2)^1/2) / 2 + PE
    Total System Jitter     (TSJ):    0.071ns
    Discrete Jitter          (DJ):    0.310ns
    Phase Error              (PE):    0.000ns
  Clock Net Delay (Source):      3.168ns (routing 1.681ns, distribution 1.487ns)
  Clock Net Delay (Destination): 2.873ns (routing 1.538ns, distribution 1.335ns)

    Location             Delay type                Incr(ns)  Path(ns)    Netlist Resource(s)
  -------------------------------------------------------------------    -------------------
                         (clock clk_pl_0 rise edge)
                                                      0.000     0.000 r  
    PS8_X0Y0             PS8                          0.000     0.000 r  mixer_ddc_i/zynq_ultra_ps_e_0/inst/PS8_i/PLCLK[0]
                         net (fo=1, routed)           0.229     0.229    mixer_ddc_i/zynq_ultra_ps_e_0/inst/pl_clk_unbuffered[0]
    BUFG_PS_X0Y90        BUFG_PS (Prop_BUFG_PS_I_O)
                                                      0.038     0.267 r  mixer_ddc_i/zynq_ultra_ps_e_0/inst/buffer_pl_clk_0.PL_CLK_0_BUFG/O
    X1Y1 (CLOCK_ROOT)    net (fo=19809, routed)       3.168     3.435    dbg_hub/inst/BSCANID.u_xsdbm_id/CORE_XSDB.UUT_MASTER/U_ICON_INTERFACE/U_CMD6_RD/U_RD_FIFO/SUBCORE_FIFO.xsdbm_v3_0_0_rdfifo_inst/inst_fifo_gen/gconvfifo.rf/grf.rf/rstblk/wr_clk
    SLICE_X58Y102        FDPE                                         r  dbg_hub/inst/BSCANID.u_xsdbm_id/CORE_XSDB.UUT_MASTER/U_ICON_INTERFACE/U_CMD6_RD/U_RD_FIFO/SUBCORE_FIFO.xsdbm_v3_0_0_rdfifo_inst/inst_fifo_gen/gconvfifo.rf/grf.rf/rstblk/ngwrdrst.grst.g7serrst.wr_rst_asreg_reg/C
  -------------------------------------------------------------------    -------------------
    SLICE_X58Y102        FDPE (Prop_HFF2_SLICEM_C_Q)
                                                      0.114     3.549 f  dbg_hub/inst/BSCANID.u_xsdbm_id/CORE_XSDB.UUT_MASTER/U_ICON_INTERFACE/U_CMD6_RD/U_RD_FIFO/SUBCORE_FIFO.xsdbm_v3_0_0_rdfifo_inst/inst_fifo_gen/gconvfifo.rf/grf.rf/rstblk/ngwrdrst.grst.g7serrst.wr_rst_asreg_reg/Q
                         net (fo=3, routed)           0.271     3.820    dbg_hub/inst/BSCANID.u_xsdbm_id/CORE_XSDB.UUT_MASTER/U_ICON_INTERFACE/U_CMD6_RD/U_RD_FIFO/SUBCORE_FIFO.xsdbm_v3_0_0_rdfifo_inst/inst_fifo_gen/gconvfifo.rf/grf.rf/rstblk/ngwrdrst.grst.g7serrst.gwrrd_rst_sync_stage[2].wrst_inst/in0[0]
    SLICE_X58Y102        LUT2 (Prop_H6LUT_SLICEM_I0_O)
                                                      0.138     3.958 f  dbg_hub/inst/BSCANID.u_xsdbm_id/CORE_XSDB.UUT_MASTER/U_ICON_INTERFACE/U_CMD6_RD/U_RD_FIFO/SUBCORE_FIFO.xsdbm_v3_0_0_rdfifo_inst/inst_fifo_gen/gconvfifo.rf/grf.rf/rstblk/ngwrdrst.grst.g7serrst.gwrrd_rst_sync_stage[2].wrst_inst/ngwrdrst.grst.g7serrst.wr_rst_reg[2]_i_1/O
                         net (fo=3, routed)           0.373     4.331    dbg_hub/inst/BSCANID.u_xsdbm_id/CORE_XSDB.UUT_MASTER/U_ICON_INTERFACE/U_CMD6_RD/U_RD_FIFO/SUBCORE_FIFO.xsdbm_v3_0_0_rdfifo_inst/inst_fifo_gen/gconvfifo.rf/grf.rf/rstblk/wr_rst_comb
    SLICE_X59Y101        FDPE                                         f  dbg_hub/inst/BSCANID.u_xsdbm_id/CORE_XSDB.UUT_MASTER/U_ICON_INTERFACE/U_CMD6_RD/U_RD_FIFO/SUBCORE_FIFO.xsdbm_v3_0_0_rdfifo_inst/inst_fifo_gen/gconvfifo.rf/grf.rf/rstblk/ngwrdrst.grst.g7serrst.wr_rst_reg_reg[1]/PRE
  -------------------------------------------------------------------    -------------------

                         (clock clk_pl_0 rise edge)
                                                     10.312    10.312 r  
    PS8_X0Y0             PS8                          0.000    10.312 r  mixer_ddc_i/zynq_ultra_ps_e_0/inst/PS8_i/PLCLK[0]
                         net (fo=1, routed)           0.181    10.493    mixer_ddc_i/zynq_ultra_ps_e_0/inst/pl_clk_unbuffered[0]
    BUFG_PS_X0Y90        BUFG_PS (Prop_BUFG_PS_I_O)
                                                      0.035    10.528 r  mixer_ddc_i/zynq_ultra_ps_e_0/inst/buffer_pl_clk_0.PL_CLK_0_BUFG/O
    X1Y1 (CLOCK_ROOT)    net (fo=19809, routed)       2.873    13.401    dbg_hub/inst/BSCANID.u_xsdbm_id/CORE_XSDB.UUT_MASTER/U_ICON_INTERFACE/U_CMD6_RD/U_RD_FIFO/SUBCORE_FIFO.xsdbm_v3_0_0_rdfifo_inst/inst_fifo_gen/gconvfifo.rf/grf.rf/rstblk/wr_clk
    SLICE_X59Y101        FDPE                                         r  dbg_hub/inst/BSCANID.u_xsdbm_id/CORE_XSDB.UUT_MASTER/U_ICON_INTERFACE/U_CMD6_RD/U_RD_FIFO/SUBCORE_FIFO.xsdbm_v3_0_0_rdfifo_inst/inst_fifo_gen/gconvfifo.rf/grf.rf/rstblk/ngwrdrst.grst.g7serrst.wr_rst_reg_reg[1]/C
                         clock pessimism              0.309    13.710    
                         clock uncertainty           -0.159    13.551    
    SLICE_X59Y101        FDPE (Recov_EFF_SLICEL_C_PRE)
                                                     -0.093    13.458    dbg_hub/inst/BSCANID.u_xsdbm_id/CORE_XSDB.UUT_MASTER/U_ICON_INTERFACE/U_CMD6_RD/U_RD_FIFO/SUBCORE_FIFO.xsdbm_v3_0_0_rdfifo_inst/inst_fifo_gen/gconvfifo.rf/grf.rf/rstblk/ngwrdrst.grst.g7serrst.wr_rst_reg_reg[1]
  -------------------------------------------------------------------
                         required time                         13.458    
                         arrival time                          -4.331    
  -------------------------------------------------------------------
                         slack                                  9.127    

Slack (MET) :             9.130ns  (required time - arrival time)
  Source:                 dbg_hub/inst/BSCANID.u_xsdbm_id/CORE_XSDB.UUT_MASTER/U_ICON_INTERFACE/U_CMD1/ctl_reg_reg[0]/C
                            (rising edge-triggered cell FDRE clocked by clk_pl_0  {rise@0.000ns fall@5.156ns period=10.312ns})
  Destination:            dbg_hub/inst/BSCANID.u_xsdbm_id/CORE_XSDB.UUT_MASTER/U_XSDB_BUS_CONTROLLER/ma_wr_pop_r_reg/CLR
                            (recovery check against rising-edge clock clk_pl_0  {rise@0.000ns fall@5.156ns period=10.312ns})
  Path Group:             **async_default**
  Path Type:              Recovery (Max at Slow Process Corner)
  Requirement:            10.312ns  (clk_pl_0 rise@10.312ns - clk_pl_0 rise@0.000ns)
  Data Path Delay:        0.809ns  (logic 0.116ns (14.346%)  route 0.693ns (85.654%))
  Logic Levels:           0  
  Clock Path Skew:        -0.121ns (DCD - SCD + CPR)
    Destination Clock Delay (DCD):    3.082ns = ( 13.394 - 10.312 ) 
    Source Clock Delay      (SCD):    3.452ns
    Clock Pessimism Removal (CPR):    0.248ns
  Clock Uncertainty:      0.159ns  ((TSJ^2 + DJ^2)^1/2) / 2 + PE
    Total System Jitter     (TSJ):    0.071ns
    Discrete Jitter          (DJ):    0.310ns
    Phase Error              (PE):    0.000ns
  Clock Net Delay (Source):      3.185ns (routing 1.681ns, distribution 1.504ns)
  Clock Net Delay (Destination): 2.866ns (routing 1.538ns, distribution 1.328ns)

    Location             Delay type                Incr(ns)  Path(ns)    Netlist Resource(s)
  -------------------------------------------------------------------    -------------------
                         (clock clk_pl_0 rise edge)
                                                      0.000     0.000 r  
    PS8_X0Y0             PS8                          0.000     0.000 r  mixer_ddc_i/zynq_ultra_ps_e_0/inst/PS8_i/PLCLK[0]
                         net (fo=1, routed)           0.229     0.229    mixer_ddc_i/zynq_ultra_ps_e_0/inst/pl_clk_unbuffered[0]
    BUFG_PS_X0Y90        BUFG_PS (Prop_BUFG_PS_I_O)
                                                      0.038     0.267 r  mixer_ddc_i/zynq_ultra_ps_e_0/inst/buffer_pl_clk_0.PL_CLK_0_BUFG/O
    X1Y1 (CLOCK_ROOT)    net (fo=19809, routed)       3.185     3.452    dbg_hub/inst/BSCANID.u_xsdbm_id/CORE_XSDB.UUT_MASTER/U_ICON_INTERFACE/U_CMD1/clk
    SLICE_X54Y104        FDRE                                         r  dbg_hub/inst/BSCANID.u_xsdbm_id/CORE_XSDB.UUT_MASTER/U_ICON_INTERFACE/U_CMD1/ctl_reg_reg[0]/C
  -------------------------------------------------------------------    -------------------
    SLICE_X54Y104        FDRE (Prop_DFF_SLICEM_C_Q)
                                                      0.116     3.568 f  dbg_hub/inst/BSCANID.u_xsdbm_id/CORE_XSDB.UUT_MASTER/U_ICON_INTERFACE/U_CMD1/ctl_reg_reg[0]/Q
                         net (fo=182, routed)         0.693     4.260    dbg_hub/inst/BSCANID.u_xsdbm_id/CORE_XSDB.UUT_MASTER/U_XSDB_BUS_CONTROLLER/out[0]
    SLICE_X56Y105        FDCE                                         f  dbg_hub/inst/BSCANID.u_xsdbm_id/CORE_XSDB.UUT_MASTER/U_XSDB_BUS_CONTROLLER/ma_wr_pop_r_reg/CLR
  -------------------------------------------------------------------    -------------------

                         (clock clk_pl_0 rise edge)
                                                     10.312    10.312 r  
    PS8_X0Y0             PS8                          0.000    10.312 r  mixer_ddc_i/zynq_ultra_ps_e_0/inst/PS8_i/PLCLK[0]
                         net (fo=1, routed)           0.181    10.493    mixer_ddc_i/zynq_ultra_ps_e_0/inst/pl_clk_unbuffered[0]
    BUFG_PS_X0Y90        BUFG_PS (Prop_BUFG_PS_I_O)
                                                      0.035    10.528 r  mixer_ddc_i/zynq_ultra_ps_e_0/inst/buffer_pl_clk_0.PL_CLK_0_BUFG/O
    X1Y1 (CLOCK_ROOT)    net (fo=19809, routed)       2.866    13.394    dbg_hub/inst/BSCANID.u_xsdbm_id/CORE_XSDB.UUT_MASTER/U_XSDB_BUS_CONTROLLER/clk
    SLICE_X56Y105        FDCE                                         r  dbg_hub/inst/BSCANID.u_xsdbm_id/CORE_XSDB.UUT_MASTER/U_XSDB_BUS_CONTROLLER/ma_wr_pop_r_reg/C
                         clock pessimism              0.248    13.642    
                         clock uncertainty           -0.159    13.483    
    SLICE_X56Y105        FDCE (Recov_DFF_SLICEL_C_CLR)
                                                     -0.093    13.390    dbg_hub/inst/BSCANID.u_xsdbm_id/CORE_XSDB.UUT_MASTER/U_XSDB_BUS_CONTROLLER/ma_wr_pop_r_reg
  -------------------------------------------------------------------
                         required time                         13.390    
                         arrival time                          -4.260    
  -------------------------------------------------------------------
                         slack                                  9.130    

Slack (MET) :             9.130ns  (required time - arrival time)
  Source:                 dbg_hub/inst/BSCANID.u_xsdbm_id/CORE_XSDB.UUT_MASTER/U_ICON_INTERFACE/U_CMD1/ctl_reg_reg[0]/C
                            (rising edge-triggered cell FDRE clocked by clk_pl_0  {rise@0.000ns fall@5.156ns period=10.312ns})
  Destination:            dbg_hub/inst/BSCANID.u_xsdbm_id/CORE_XSDB.UUT_MASTER/U_XSDB_BUS_CONTROLLER/timer_rst_reg/PRE
                            (recovery check against rising-edge clock clk_pl_0  {rise@0.000ns fall@5.156ns period=10.312ns})
  Path Group:             **async_default**
  Path Type:              Recovery (Max at Slow Process Corner)
  Requirement:            10.312ns  (clk_pl_0 rise@10.312ns - clk_pl_0 rise@0.000ns)
  Data Path Delay:        0.809ns  (logic 0.116ns (14.346%)  route 0.693ns (85.654%))
  Logic Levels:           0  
  Clock Path Skew:        -0.121ns (DCD - SCD + CPR)
    Destination Clock Delay (DCD):    3.082ns = ( 13.394 - 10.312 ) 
    Source Clock Delay      (SCD):    3.452ns
    Clock Pessimism Removal (CPR):    0.248ns
  Clock Uncertainty:      0.159ns  ((TSJ^2 + DJ^2)^1/2) / 2 + PE
    Total System Jitter     (TSJ):    0.071ns
    Discrete Jitter          (DJ):    0.310ns
    Phase Error              (PE):    0.000ns
  Clock Net Delay (Source):      3.185ns (routing 1.681ns, distribution 1.504ns)
  Clock Net Delay (Destination): 2.866ns (routing 1.538ns, distribution 1.328ns)

    Location             Delay type                Incr(ns)  Path(ns)    Netlist Resource(s)
  -------------------------------------------------------------------    -------------------
                         (clock clk_pl_0 rise edge)
                                                      0.000     0.000 r  
    PS8_X0Y0             PS8                          0.000     0.000 r  mixer_ddc_i/zynq_ultra_ps_e_0/inst/PS8_i/PLCLK[0]
                         net (fo=1, routed)           0.229     0.229    mixer_ddc_i/zynq_ultra_ps_e_0/inst/pl_clk_unbuffered[0]
    BUFG_PS_X0Y90        BUFG_PS (Prop_BUFG_PS_I_O)
                                                      0.038     0.267 r  mixer_ddc_i/zynq_ultra_ps_e_0/inst/buffer_pl_clk_0.PL_CLK_0_BUFG/O
    X1Y1 (CLOCK_ROOT)    net (fo=19809, routed)       3.185     3.452    dbg_hub/inst/BSCANID.u_xsdbm_id/CORE_XSDB.UUT_MASTER/U_ICON_INTERFACE/U_CMD1/clk
    SLICE_X54Y104        FDRE                                         r  dbg_hub/inst/BSCANID.u_xsdbm_id/CORE_XSDB.UUT_MASTER/U_ICON_INTERFACE/U_CMD1/ctl_reg_reg[0]/C
  -------------------------------------------------------------------    -------------------
    SLICE_X54Y104        FDRE (Prop_DFF_SLICEM_C_Q)
                                                      0.116     3.568 f  dbg_hub/inst/BSCANID.u_xsdbm_id/CORE_XSDB.UUT_MASTER/U_ICON_INTERFACE/U_CMD1/ctl_reg_reg[0]/Q
                         net (fo=182, routed)         0.693     4.260    dbg_hub/inst/BSCANID.u_xsdbm_id/CORE_XSDB.UUT_MASTER/U_XSDB_BUS_CONTROLLER/out[0]
    SLICE_X56Y105        FDPE                                         f  dbg_hub/inst/BSCANID.u_xsdbm_id/CORE_XSDB.UUT_MASTER/U_XSDB_BUS_CONTROLLER/timer_rst_reg/PRE
  -------------------------------------------------------------------    -------------------

                         (clock clk_pl_0 rise edge)
                                                     10.312    10.312 r  
    PS8_X0Y0             PS8                          0.000    10.312 r  mixer_ddc_i/zynq_ultra_ps_e_0/inst/PS8_i/PLCLK[0]
                         net (fo=1, routed)           0.181    10.493    mixer_ddc_i/zynq_ultra_ps_e_0/inst/pl_clk_unbuffered[0]
    BUFG_PS_X0Y90        BUFG_PS (Prop_BUFG_PS_I_O)
                                                      0.035    10.528 r  mixer_ddc_i/zynq_ultra_ps_e_0/inst/buffer_pl_clk_0.PL_CLK_0_BUFG/O
    X1Y1 (CLOCK_ROOT)    net (fo=19809, routed)       2.866    13.394    dbg_hub/inst/BSCANID.u_xsdbm_id/CORE_XSDB.UUT_MASTER/U_XSDB_BUS_CONTROLLER/clk
    SLICE_X56Y105        FDPE                                         r  dbg_hub/inst/BSCANID.u_xsdbm_id/CORE_XSDB.UUT_MASTER/U_XSDB_BUS_CONTROLLER/timer_rst_reg/C
                         clock pessimism              0.248    13.642    
                         clock uncertainty           -0.159    13.483    
    SLICE_X56Y105        FDPE (Recov_CFF_SLICEL_C_PRE)
                                                     -0.093    13.390    dbg_hub/inst/BSCANID.u_xsdbm_id/CORE_XSDB.UUT_MASTER/U_XSDB_BUS_CONTROLLER/timer_rst_reg
  -------------------------------------------------------------------
                         required time                         13.390    
                         arrival time                          -4.260    
  -------------------------------------------------------------------
                         slack                                  9.130    

Slack (MET) :             9.131ns  (required time - arrival time)
  Source:                 dbg_hub/inst/BSCANID.u_xsdbm_id/CORE_XSDB.UUT_MASTER/U_ICON_INTERFACE/U_CMD6_WR/U_WR_FIFO/SUBCORE_FIFO.xsdbm_v3_0_0_wrfifo_inst/inst_fifo_gen/gconvfifo.rf/grf.rf/rstblk/ngwrdrst.grst.g7serrst.rd_rst_asreg_reg/C
                            (rising edge-triggered cell FDPE clocked by clk_pl_0  {rise@0.000ns fall@5.156ns period=10.312ns})
  Destination:            dbg_hub/inst/BSCANID.u_xsdbm_id/CORE_XSDB.UUT_MASTER/U_ICON_INTERFACE/U_CMD6_WR/U_WR_FIFO/SUBCORE_FIFO.xsdbm_v3_0_0_wrfifo_inst/inst_fifo_gen/gconvfifo.rf/grf.rf/rstblk/ngwrdrst.grst.g7serrst.rd_rst_reg_reg[0]/PRE
                            (recovery check against rising-edge clock clk_pl_0  {rise@0.000ns fall@5.156ns period=10.312ns})
  Path Group:             **async_default**
  Path Type:              Recovery (Max at Slow Process Corner)
  Requirement:            10.312ns  (clk_pl_0 rise@10.312ns - clk_pl_0 rise@0.000ns)
  Data Path Delay:        0.834ns  (logic 0.252ns (30.219%)  route 0.582ns (69.781%))
  Logic Levels:           1  (LUT2=1)
  Clock Path Skew:        -0.095ns (DCD - SCD + CPR)
    Destination Clock Delay (DCD):    3.087ns = ( 13.399 - 10.312 ) 
    Source Clock Delay      (SCD):    3.431ns
    Clock Pessimism Removal (CPR):    0.248ns
  Clock Uncertainty:      0.159ns  ((TSJ^2 + DJ^2)^1/2) / 2 + PE
    Total System Jitter     (TSJ):    0.071ns
    Discrete Jitter          (DJ):    0.310ns
    Phase Error              (PE):    0.000ns
  Clock Net Delay (Source):      3.164ns (routing 1.681ns, distribution 1.483ns)
  Clock Net Delay (Destination): 2.871ns (routing 1.538ns, distribution 1.333ns)

    Location             Delay type                Incr(ns)  Path(ns)    Netlist Resource(s)
  -------------------------------------------------------------------    -------------------
                         (clock clk_pl_0 rise edge)
                                                      0.000     0.000 r  
    PS8_X0Y0             PS8                          0.000     0.000 r  mixer_ddc_i/zynq_ultra_ps_e_0/inst/PS8_i/PLCLK[0]
                         net (fo=1, routed)           0.229     0.229    mixer_ddc_i/zynq_ultra_ps_e_0/inst/pl_clk_unbuffered[0]
    BUFG_PS_X0Y90        BUFG_PS (Prop_BUFG_PS_I_O)
                                                      0.038     0.267 r  mixer_ddc_i/zynq_ultra_ps_e_0/inst/buffer_pl_clk_0.PL_CLK_0_BUFG/O
    X1Y1 (CLOCK_ROOT)    net (fo=19809, routed)       3.164     3.431    dbg_hub/inst/BSCANID.u_xsdbm_id/CORE_XSDB.UUT_MASTER/U_ICON_INTERFACE/U_CMD6_WR/U_WR_FIFO/SUBCORE_FIFO.xsdbm_v3_0_0_wrfifo_inst/inst_fifo_gen/gconvfifo.rf/grf.rf/rstblk/rd_clk
    SLICE_X56Y99         FDPE                                         r  dbg_hub/inst/BSCANID.u_xsdbm_id/CORE_XSDB.UUT_MASTER/U_ICON_INTERFACE/U_CMD6_WR/U_WR_FIFO/SUBCORE_FIFO.xsdbm_v3_0_0_wrfifo_inst/inst_fifo_gen/gconvfifo.rf/grf.rf/rstblk/ngwrdrst.grst.g7serrst.rd_rst_asreg_reg/C
  -------------------------------------------------------------------    -------------------
    SLICE_X56Y99         FDPE (Prop_HFF2_SLICEL_C_Q)
                                                      0.115     3.546 f  dbg_hub/inst/BSCANID.u_xsdbm_id/CORE_XSDB.UUT_MASTER/U_ICON_INTERFACE/U_CMD6_WR/U_WR_FIFO/SUBCORE_FIFO.xsdbm_v3_0_0_wrfifo_inst/inst_fifo_gen/gconvfifo.rf/grf.rf/rstblk/ngwrdrst.grst.g7serrst.rd_rst_asreg_reg/Q
                         net (fo=3, routed)           0.266     3.812    dbg_hub/inst/BSCANID.u_xsdbm_id/CORE_XSDB.UUT_MASTER/U_ICON_INTERFACE/U_CMD6_WR/U_WR_FIFO/SUBCORE_FIFO.xsdbm_v3_0_0_wrfifo_inst/inst_fifo_gen/gconvfifo.rf/grf.rf/rstblk/ngwrdrst.grst.g7serrst.gwrrd_rst_sync_stage[2].rrst_inst/in0[0]
    SLICE_X56Y99         LUT2 (Prop_H6LUT_SLICEL_I0_O)
                                                      0.137     3.949 f  dbg_hub/inst/BSCANID.u_xsdbm_id/CORE_XSDB.UUT_MASTER/U_ICON_INTERFACE/U_CMD6_WR/U_WR_FIFO/SUBCORE_FIFO.xsdbm_v3_0_0_wrfifo_inst/inst_fifo_gen/gconvfifo.rf/grf.rf/rstblk/ngwrdrst.grst.g7serrst.gwrrd_rst_sync_stage[2].rrst_inst/ngwrdrst.grst.g7serrst.rd_rst_reg[2]_i_1/O
                         net (fo=3, routed)           0.316     4.265    dbg_hub/inst/BSCANID.u_xsdbm_id/CORE_XSDB.UUT_MASTER/U_ICON_INTERFACE/U_CMD6_WR/U_WR_FIFO/SUBCORE_FIFO.xsdbm_v3_0_0_wrfifo_inst/inst_fifo_gen/gconvfifo.rf/grf.rf/rstblk/rd_rst_comb
    SLICE_X55Y97         FDPE                                         f  dbg_hub/inst/BSCANID.u_xsdbm_id/CORE_XSDB.UUT_MASTER/U_ICON_INTERFACE/U_CMD6_WR/U_WR_FIFO/SUBCORE_FIFO.xsdbm_v3_0_0_wrfifo_inst/inst_fifo_gen/gconvfifo.rf/grf.rf/rstblk/ngwrdrst.grst.g7serrst.rd_rst_reg_reg[0]/PRE
  -------------------------------------------------------------------    -------------------

                         (clock clk_pl_0 rise edge)
                                                     10.312    10.312 r  
    PS8_X0Y0             PS8                          0.000    10.312 r  mixer_ddc_i/zynq_ultra_ps_e_0/inst/PS8_i/PLCLK[0]
                         net (fo=1, routed)           0.181    10.493    mixer_ddc_i/zynq_ultra_ps_e_0/inst/pl_clk_unbuffered[0]
    BUFG_PS_X0Y90        BUFG_PS (Prop_BUFG_PS_I_O)
                                                      0.035    10.528 r  mixer_ddc_i/zynq_ultra_ps_e_0/inst/buffer_pl_clk_0.PL_CLK_0_BUFG/O
    X1Y1 (CLOCK_ROOT)    net (fo=19809, routed)       2.871    13.399    dbg_hub/inst/BSCANID.u_xsdbm_id/CORE_XSDB.UUT_MASTER/U_ICON_INTERFACE/U_CMD6_WR/U_WR_FIFO/SUBCORE_FIFO.xsdbm_v3_0_0_wrfifo_inst/inst_fifo_gen/gconvfifo.rf/grf.rf/rstblk/rd_clk
    SLICE_X55Y97         FDPE                                         r  dbg_hub/inst/BSCANID.u_xsdbm_id/CORE_XSDB.UUT_MASTER/U_ICON_INTERFACE/U_CMD6_WR/U_WR_FIFO/SUBCORE_FIFO.xsdbm_v3_0_0_wrfifo_inst/inst_fifo_gen/gconvfifo.rf/grf.rf/rstblk/ngwrdrst.grst.g7serrst.rd_rst_reg_reg[0]/C
                         clock pessimism              0.248    13.647    
                         clock uncertainty           -0.159    13.488    
    SLICE_X55Y97         FDPE (Recov_AFF_SLICEL_C_PRE)
                                                     -0.093    13.395    dbg_hub/inst/BSCANID.u_xsdbm_id/CORE_XSDB.UUT_MASTER/U_ICON_INTERFACE/U_CMD6_WR/U_WR_FIFO/SUBCORE_FIFO.xsdbm_v3_0_0_wrfifo_inst/inst_fifo_gen/gconvfifo.rf/grf.rf/rstblk/ngwrdrst.grst.g7serrst.rd_rst_reg_reg[0]
  -------------------------------------------------------------------
                         required time                         13.395    
                         arrival time                          -4.265    
  -------------------------------------------------------------------
                         slack                                  9.131    





Min Delay Paths
--------------------------------------------------------------------------------------
Slack (MET) :             0.129ns  (arrival time - required time)
  Source:                 dbg_hub/inst/BSCANID.u_xsdbm_id/CORE_XSDB.UUT_MASTER/U_XSDB_BUS_CONTROLLER/clr_rd_req_reg/C
                            (rising edge-triggered cell FDCE clocked by clk_pl_0  {rise@0.000ns fall@5.156ns period=10.312ns})
  Destination:            dbg_hub/inst/BSCANID.u_xsdbm_id/CORE_XSDB.UUT_MASTER/U_XSDB_BUS_CONTROLLER/U_RD_REQ_FLAG/G_POS_EDGE.flag_reg/CLR
                            (removal check against rising-edge clock clk_pl_0  {rise@0.000ns fall@5.156ns period=10.312ns})
  Path Group:             **async_default**
  Path Type:              Removal (Min at Fast Process Corner)
  Requirement:            0.000ns  (clk_pl_0 rise@0.000ns - clk_pl_0 rise@0.000ns)
  Data Path Delay:        0.171ns  (logic 0.084ns (49.228%)  route 0.087ns (50.772%))
  Logic Levels:           0  
  Clock Path Skew:        0.059ns (DCD - SCD - CPR)
    Destination Clock Delay (DCD):    2.108ns
    Source Clock Delay      (SCD):    1.895ns
    Clock Pessimism Removal (CPR):    0.154ns
  Clock Net Delay (Source):      1.744ns (routing 0.940ns, distribution 0.804ns)
  Clock Net Delay (Destination): 1.921ns (routing 1.033ns, distribution 0.888ns)

    Location             Delay type                Incr(ns)  Path(ns)    Netlist Resource(s)
  -------------------------------------------------------------------    -------------------
                         (clock clk_pl_0 rise edge)
                                                      0.000     0.000 r  
    PS8_X0Y0             PS8                          0.000     0.000 r  mixer_ddc_i/zynq_ultra_ps_e_0/inst/PS8_i/PLCLK[0]
                         net (fo=1, routed)           0.129     0.129    mixer_ddc_i/zynq_ultra_ps_e_0/inst/pl_clk_unbuffered[0]
    BUFG_PS_X0Y90        BUFG_PS (Prop_BUFG_PS_I_O)
                                                      0.022     0.151 r  mixer_ddc_i/zynq_ultra_ps_e_0/inst/buffer_pl_clk_0.PL_CLK_0_BUFG/O
    X1Y1 (CLOCK_ROOT)    net (fo=19809, routed)       1.744     1.895    dbg_hub/inst/BSCANID.u_xsdbm_id/CORE_XSDB.UUT_MASTER/U_XSDB_BUS_CONTROLLER/clk
    SLICE_X56Y106        FDCE                                         r  dbg_hub/inst/BSCANID.u_xsdbm_id/CORE_XSDB.UUT_MASTER/U_XSDB_BUS_CONTROLLER/clr_rd_req_reg/C
  -------------------------------------------------------------------    -------------------
    SLICE_X56Y106        FDCE (Prop_BFF_SLICEL_C_Q)
                                                      0.084     1.979 f  dbg_hub/inst/BSCANID.u_xsdbm_id/CORE_XSDB.UUT_MASTER/U_XSDB_BUS_CONTROLLER/clr_rd_req_reg/Q
                         net (fo=2, routed)           0.087     2.065    dbg_hub/inst/BSCANID.u_xsdbm_id/CORE_XSDB.UUT_MASTER/U_XSDB_BUS_CONTROLLER/U_RD_REQ_FLAG/clr_rd_req
    SLICE_X55Y106        FDCE                                         f  dbg_hub/inst/BSCANID.u_xsdbm_id/CORE_XSDB.UUT_MASTER/U_XSDB_BUS_CONTROLLER/U_RD_REQ_FLAG/G_POS_EDGE.flag_reg/CLR
  -------------------------------------------------------------------    -------------------

                         (clock clk_pl_0 rise edge)
                                                      0.000     0.000 r  
    PS8_X0Y0             PS8                          0.000     0.000 r  mixer_ddc_i/zynq_ultra_ps_e_0/inst/PS8_i/PLCLK[0]
                         net (fo=1, routed)           0.164     0.164    mixer_ddc_i/zynq_ultra_ps_e_0/inst/pl_clk_unbuffered[0]
    BUFG_PS_X0Y90        BUFG_PS (Prop_BUFG_PS_I_O)
                                                      0.023     0.187 r  mixer_ddc_i/zynq_ultra_ps_e_0/inst/buffer_pl_clk_0.PL_CLK_0_BUFG/O
    X1Y1 (CLOCK_ROOT)    net (fo=19809, routed)       1.921     2.108    dbg_hub/inst/BSCANID.u_xsdbm_id/CORE_XSDB.UUT_MASTER/U_XSDB_BUS_CONTROLLER/U_RD_REQ_FLAG/clk
    SLICE_X55Y106        FDCE                                         r  dbg_hub/inst/BSCANID.u_xsdbm_id/CORE_XSDB.UUT_MASTER/U_XSDB_BUS_CONTROLLER/U_RD_REQ_FLAG/G_POS_EDGE.flag_reg/C
                         clock pessimism             -0.154     1.954    
    SLICE_X55Y106        FDCE (Remov_HFF2_SLICEL_C_CLR)
                                                     -0.018     1.936    dbg_hub/inst/BSCANID.u_xsdbm_id/CORE_XSDB.UUT_MASTER/U_XSDB_BUS_CONTROLLER/U_RD_REQ_FLAG/G_POS_EDGE.flag_reg
  -------------------------------------------------------------------
                         required time                         -1.936    
                         arrival time                           2.065    
  -------------------------------------------------------------------
                         slack                                  0.129    

Slack (MET) :             0.141ns  (arrival time - required time)
  Source:                 dbg_hub/inst/BSCANID.u_xsdbm_id/CORE_XSDB.UUT_MASTER/U_ICON_INTERFACE/U_CMD6_RD/U_RD_FIFO/SUBCORE_FIFO.xsdbm_v3_0_0_rdfifo_inst/inst_fifo_gen/gconvfifo.rf/grf.rf/rstblk/ngwrdrst.grst.g7serrst.rst_wr_reg2_reg/C
                            (rising edge-triggered cell FDPE clocked by clk_pl_0  {rise@0.000ns fall@5.156ns period=10.312ns})
  Destination:            dbg_hub/inst/BSCANID.u_xsdbm_id/CORE_XSDB.UUT_MASTER/U_ICON_INTERFACE/U_CMD6_RD/U_RD_FIFO/SUBCORE_FIFO.xsdbm_v3_0_0_rdfifo_inst/inst_fifo_gen/gconvfifo.rf/grf.rf/rstblk/ngwrdrst.grst.g7serrst.wr_rst_asreg_reg/PRE
                            (removal check against rising-edge clock clk_pl_0  {rise@0.000ns fall@5.156ns period=10.312ns})
  Path Group:             **async_default**
  Path Type:              Removal (Min at Fast Process Corner)
  Requirement:            0.000ns  (clk_pl_0 rise@0.000ns - clk_pl_0 rise@0.000ns)
  Data Path Delay:        0.175ns  (logic 0.085ns (48.571%)  route 0.090ns (51.429%))
  Logic Levels:           0  
  Clock Path Skew:        0.052ns (DCD - SCD - CPR)
    Destination Clock Delay (DCD):    2.096ns
    Source Clock Delay      (SCD):    1.890ns
    Clock Pessimism Removal (CPR):    0.154ns
  Clock Net Delay (Source):      1.739ns (routing 0.940ns, distribution 0.799ns)
  Clock Net Delay (Destination): 1.909ns (routing 1.033ns, distribution 0.876ns)

    Location             Delay type                Incr(ns)  Path(ns)    Netlist Resource(s)
  -------------------------------------------------------------------    -------------------
                         (clock clk_pl_0 rise edge)
                                                      0.000     0.000 r  
    PS8_X0Y0             PS8                          0.000     0.000 r  mixer_ddc_i/zynq_ultra_ps_e_0/inst/PS8_i/PLCLK[0]
                         net (fo=1, routed)           0.129     0.129    mixer_ddc_i/zynq_ultra_ps_e_0/inst/pl_clk_unbuffered[0]
    BUFG_PS_X0Y90        BUFG_PS (Prop_BUFG_PS_I_O)
                                                      0.022     0.151 r  mixer_ddc_i/zynq_ultra_ps_e_0/inst/buffer_pl_clk_0.PL_CLK_0_BUFG/O
    X1Y1 (CLOCK_ROOT)    net (fo=19809, routed)       1.739     1.890    dbg_hub/inst/BSCANID.u_xsdbm_id/CORE_XSDB.UUT_MASTER/U_ICON_INTERFACE/U_CMD6_RD/U_RD_FIFO/SUBCORE_FIFO.xsdbm_v3_0_0_rdfifo_inst/inst_fifo_gen/gconvfifo.rf/grf.rf/rstblk/wr_clk
    SLICE_X57Y102        FDPE                                         r  dbg_hub/inst/BSCANID.u_xsdbm_id/CORE_XSDB.UUT_MASTER/U_ICON_INTERFACE/U_CMD6_RD/U_RD_FIFO/SUBCORE_FIFO.xsdbm_v3_0_0_rdfifo_inst/inst_fifo_gen/gconvfifo.rf/grf.rf/rstblk/ngwrdrst.grst.g7serrst.rst_wr_reg2_reg/C
  -------------------------------------------------------------------    -------------------
    SLICE_X57Y102        FDPE (Prop_EFF2_SLICEL_C_Q)
                                                      0.085     1.975 f  dbg_hub/inst/BSCANID.u_xsdbm_id/CORE_XSDB.UUT_MASTER/U_ICON_INTERFACE/U_CMD6_RD/U_RD_FIFO/SUBCORE_FIFO.xsdbm_v3_0_0_rdfifo_inst/inst_fifo_gen/gconvfifo.rf/grf.rf/rstblk/ngwrdrst.grst.g7serrst.rst_wr_reg2_reg/Q
                         net (fo=1, routed)           0.090     2.065    dbg_hub/inst/BSCANID.u_xsdbm_id/CORE_XSDB.UUT_MASTER/U_ICON_INTERFACE/U_CMD6_RD/U_RD_FIFO/SUBCORE_FIFO.xsdbm_v3_0_0_rdfifo_inst/inst_fifo_gen/gconvfifo.rf/grf.rf/rstblk/ngwrdrst.rst_wr_reg2
    SLICE_X58Y102        FDPE                                         f  dbg_hub/inst/BSCANID.u_xsdbm_id/CORE_XSDB.UUT_MASTER/U_ICON_INTERFACE/U_CMD6_RD/U_RD_FIFO/SUBCORE_FIFO.xsdbm_v3_0_0_rdfifo_inst/inst_fifo_gen/gconvfifo.rf/grf.rf/rstblk/ngwrdrst.grst.g7serrst.wr_rst_asreg_reg/PRE
  -------------------------------------------------------------------    -------------------

                         (clock clk_pl_0 rise edge)
                                                      0.000     0.000 r  
    PS8_X0Y0             PS8                          0.000     0.000 r  mixer_ddc_i/zynq_ultra_ps_e_0/inst/PS8_i/PLCLK[0]
                         net (fo=1, routed)           0.164     0.164    mixer_ddc_i/zynq_ultra_ps_e_0/inst/pl_clk_unbuffered[0]
    BUFG_PS_X0Y90        BUFG_PS (Prop_BUFG_PS_I_O)
                                                      0.023     0.187 r  mixer_ddc_i/zynq_ultra_ps_e_0/inst/buffer_pl_clk_0.PL_CLK_0_BUFG/O
    X1Y1 (CLOCK_ROOT)    net (fo=19809, routed)       1.909     2.096    dbg_hub/inst/BSCANID.u_xsdbm_id/CORE_XSDB.UUT_MASTER/U_ICON_INTERFACE/U_CMD6_RD/U_RD_FIFO/SUBCORE_FIFO.xsdbm_v3_0_0_rdfifo_inst/inst_fifo_gen/gconvfifo.rf/grf.rf/rstblk/wr_clk
    SLICE_X58Y102        FDPE                                         r  dbg_hub/inst/BSCANID.u_xsdbm_id/CORE_XSDB.UUT_MASTER/U_ICON_INTERFACE/U_CMD6_RD/U_RD_FIFO/SUBCORE_FIFO.xsdbm_v3_0_0_rdfifo_inst/inst_fifo_gen/gconvfifo.rf/grf.rf/rstblk/ngwrdrst.grst.g7serrst.wr_rst_asreg_reg/C
                         clock pessimism             -0.154     1.942    
    SLICE_X58Y102        FDPE (Remov_HFF2_SLICEM_C_PRE)
                                                     -0.018     1.924    dbg_hub/inst/BSCANID.u_xsdbm_id/CORE_XSDB.UUT_MASTER/U_ICON_INTERFACE/U_CMD6_RD/U_RD_FIFO/SUBCORE_FIFO.xsdbm_v3_0_0_rdfifo_inst/inst_fifo_gen/gconvfifo.rf/grf.rf/rstblk/ngwrdrst.grst.g7serrst.wr_rst_asreg_reg
  -------------------------------------------------------------------
                         required time                         -1.924    
                         arrival time                           2.065    
  -------------------------------------------------------------------
                         slack                                  0.141    

Slack (MET) :             0.166ns  (arrival time - required time)
  Source:                 dbg_hub/inst/BSCANID.u_xsdbm_id/CORE_XSDB.UUT_MASTER/U_ICON_INTERFACE/U_CMD6_WR/U_WR_FIFO/SUBCORE_FIFO.xsdbm_v3_0_0_wrfifo_inst/inst_fifo_gen/gconvfifo.rf/grf.rf/rstblk/ngwrdrst.grst.g7serrst.rd_rst_reg_reg[1]/C
                            (rising edge-triggered cell FDPE clocked by clk_pl_0  {rise@0.000ns fall@5.156ns period=10.312ns})
  Destination:            dbg_hub/inst/BSCANID.u_xsdbm_id/CORE_XSDB.UUT_MASTER/U_ICON_INTERFACE/U_CMD6_WR/U_WR_FIFO/SUBCORE_FIFO.xsdbm_v3_0_0_wrfifo_inst/inst_fifo_gen/gconvfifo.rf/grf.rf/gntv_or_sync_fifo.gcx.clkx/gnxpm_cdc.rd_pntr_gc_reg[0]/CLR
                            (removal check against rising-edge clock clk_pl_0  {rise@0.000ns fall@5.156ns period=10.312ns})
  Path Group:             **async_default**
  Path Type:              Removal (Min at Fast Process Corner)
  Requirement:            0.000ns  (clk_pl_0 rise@0.000ns - clk_pl_0 rise@0.000ns)
  Data Path Delay:        0.165ns  (logic 0.085ns (51.554%)  route 0.080ns (48.446%))
  Logic Levels:           0  
  Clock Path Skew:        0.016ns (DCD - SCD - CPR)
    Destination Clock Delay (DCD):    2.103ns
    Source Clock Delay      (SCD):    1.899ns
    Clock Pessimism Removal (CPR):    0.188ns
  Clock Net Delay (Source):      1.748ns (routing 0.940ns, distribution 0.808ns)
  Clock Net Delay (Destination): 1.916ns (routing 1.033ns, distribution 0.883ns)

    Location             Delay type                Incr(ns)  Path(ns)    Netlist Resource(s)
  -------------------------------------------------------------------    -------------------
                         (clock clk_pl_0 rise edge)
                                                      0.000     0.000 r  
    PS8_X0Y0             PS8                          0.000     0.000 r  mixer_ddc_i/zynq_ultra_ps_e_0/inst/PS8_i/PLCLK[0]
                         net (fo=1, routed)           0.129     0.129    mixer_ddc_i/zynq_ultra_ps_e_0/inst/pl_clk_unbuffered[0]
    BUFG_PS_X0Y90        BUFG_PS (Prop_BUFG_PS_I_O)
                                                      0.022     0.151 r  mixer_ddc_i/zynq_ultra_ps_e_0/inst/buffer_pl_clk_0.PL_CLK_0_BUFG/O
    X1Y1 (CLOCK_ROOT)    net (fo=19809, routed)       1.748     1.899    dbg_hub/inst/BSCANID.u_xsdbm_id/CORE_XSDB.UUT_MASTER/U_ICON_INTERFACE/U_CMD6_WR/U_WR_FIFO/SUBCORE_FIFO.xsdbm_v3_0_0_wrfifo_inst/inst_fifo_gen/gconvfifo.rf/grf.rf/rstblk/rd_clk
    SLICE_X55Y97         FDPE                                         r  dbg_hub/inst/BSCANID.u_xsdbm_id/CORE_XSDB.UUT_MASTER/U_ICON_INTERFACE/U_CMD6_WR/U_WR_FIFO/SUBCORE_FIFO.xsdbm_v3_0_0_wrfifo_inst/inst_fifo_gen/gconvfifo.rf/grf.rf/rstblk/ngwrdrst.grst.g7serrst.rd_rst_reg_reg[1]/C
  -------------------------------------------------------------------    -------------------
    SLICE_X55Y97         FDPE (Prop_AFF2_SLICEL_C_Q)
                                                      0.085     1.984 f  dbg_hub/inst/BSCANID.u_xsdbm_id/CORE_XSDB.UUT_MASTER/U_ICON_INTERFACE/U_CMD6_WR/U_WR_FIFO/SUBCORE_FIFO.xsdbm_v3_0_0_wrfifo_inst/inst_fifo_gen/gconvfifo.rf/grf.rf/rstblk/ngwrdrst.grst.g7serrst.rd_rst_reg_reg[1]/Q
                         net (fo=16, routed)          0.080     2.063    dbg_hub/inst/BSCANID.u_xsdbm_id/CORE_XSDB.UUT_MASTER/U_ICON_INTERFACE/U_CMD6_WR/U_WR_FIFO/SUBCORE_FIFO.xsdbm_v3_0_0_wrfifo_inst/inst_fifo_gen/gconvfifo.rf/grf.rf/gntv_or_sync_fifo.gcx.clkx/Q_reg_reg[0][0]
    SLICE_X55Y97         FDCE                                         f  dbg_hub/inst/BSCANID.u_xsdbm_id/CORE_XSDB.UUT_MASTER/U_ICON_INTERFACE/U_CMD6_WR/U_WR_FIFO/SUBCORE_FIFO.xsdbm_v3_0_0_wrfifo_inst/inst_fifo_gen/gconvfifo.rf/grf.rf/gntv_or_sync_fifo.gcx.clkx/gnxpm_cdc.rd_pntr_gc_reg[0]/CLR
  -------------------------------------------------------------------    -------------------

                         (clock clk_pl_0 rise edge)
                                                      0.000     0.000 r  
    PS8_X0Y0             PS8                          0.000     0.000 r  mixer_ddc_i/zynq_ultra_ps_e_0/inst/PS8_i/PLCLK[0]
                         net (fo=1, routed)           0.164     0.164    mixer_ddc_i/zynq_ultra_ps_e_0/inst/pl_clk_unbuffered[0]
    BUFG_PS_X0Y90        BUFG_PS (Prop_BUFG_PS_I_O)
                                                      0.023     0.187 r  mixer_ddc_i/zynq_ultra_ps_e_0/inst/buffer_pl_clk_0.PL_CLK_0_BUFG/O
    X1Y1 (CLOCK_ROOT)    net (fo=19809, routed)       1.916     2.103    dbg_hub/inst/BSCANID.u_xsdbm_id/CORE_XSDB.UUT_MASTER/U_ICON_INTERFACE/U_CMD6_WR/U_WR_FIFO/SUBCORE_FIFO.xsdbm_v3_0_0_wrfifo_inst/inst_fifo_gen/gconvfifo.rf/grf.rf/gntv_or_sync_fifo.gcx.clkx/rd_clk
    SLICE_X55Y97         FDCE                                         r  dbg_hub/inst/BSCANID.u_xsdbm_id/CORE_XSDB.UUT_MASTER/U_ICON_INTERFACE/U_CMD6_WR/U_WR_FIFO/SUBCORE_FIFO.xsdbm_v3_0_0_wrfifo_inst/inst_fifo_gen/gconvfifo.rf/grf.rf/gntv_or_sync_fifo.gcx.clkx/gnxpm_cdc.rd_pntr_gc_reg[0]/C
                         clock pessimism             -0.188     1.915    
    SLICE_X55Y97         FDCE (Remov_EFF_SLICEL_C_CLR)
                                                     -0.018     1.897    dbg_hub/inst/BSCANID.u_xsdbm_id/CORE_XSDB.UUT_MASTER/U_ICON_INTERFACE/U_CMD6_WR/U_WR_FIFO/SUBCORE_FIFO.xsdbm_v3_0_0_wrfifo_inst/inst_fifo_gen/gconvfifo.rf/grf.rf/gntv_or_sync_fifo.gcx.clkx/gnxpm_cdc.rd_pntr_gc_reg[0]
  -------------------------------------------------------------------
                         required time                         -1.897    
                         arrival time                           2.063    
  -------------------------------------------------------------------
                         slack                                  0.166    

Slack (MET) :             0.167ns  (arrival time - required time)
  Source:                 dbg_hub/inst/BSCANID.u_xsdbm_id/CORE_XSDB.UUT_MASTER/U_XSDB_BUS_CONTROLLER/clr_abort_rd_reg/C
                            (rising edge-triggered cell FDCE clocked by clk_pl_0  {rise@0.000ns fall@5.156ns period=10.312ns})
  Destination:            dbg_hub/inst/BSCANID.u_xsdbm_id/CORE_XSDB.UUT_MASTER/U_XSDB_BUS_CONTROLLER/U_RD_ABORT_FLAG/G_NEG_EDGE.flag_reg/CLR
                            (removal check against rising-edge clock clk_pl_0  {rise@0.000ns fall@5.156ns period=10.312ns})
  Path Group:             **async_default**
  Path Type:              Removal (Min at Fast Process Corner)
  Requirement:            0.000ns  (clk_pl_0 rise@0.000ns - clk_pl_0 rise@0.000ns)
  Data Path Delay:        0.163ns  (logic 0.083ns (51.039%)  route 0.080ns (48.961%))
  Logic Levels:           0  
  Clock Path Skew:        0.014ns (DCD - SCD - CPR)
    Destination Clock Delay (DCD):    2.102ns
    Source Clock Delay      (SCD):    1.900ns
    Clock Pessimism Removal (CPR):    0.189ns
  Clock Net Delay (Source):      1.749ns (routing 0.940ns, distribution 0.809ns)
  Clock Net Delay (Destination): 1.915ns (routing 1.033ns, distribution 0.882ns)

    Location             Delay type                Incr(ns)  Path(ns)    Netlist Resource(s)
  -------------------------------------------------------------------    -------------------
                         (clock clk_pl_0 rise edge)
                                                      0.000     0.000 r  
    PS8_X0Y0             PS8                          0.000     0.000 r  mixer_ddc_i/zynq_ultra_ps_e_0/inst/PS8_i/PLCLK[0]
                         net (fo=1, routed)           0.129     0.129    mixer_ddc_i/zynq_ultra_ps_e_0/inst/pl_clk_unbuffered[0]
    BUFG_PS_X0Y90        BUFG_PS (Prop_BUFG_PS_I_O)
                                                      0.022     0.151 r  mixer_ddc_i/zynq_ultra_ps_e_0/inst/buffer_pl_clk_0.PL_CLK_0_BUFG/O
    X1Y1 (CLOCK_ROOT)    net (fo=19809, routed)       1.749     1.900    dbg_hub/inst/BSCANID.u_xsdbm_id/CORE_XSDB.UUT_MASTER/U_XSDB_BUS_CONTROLLER/clk
    SLICE_X54Y105        FDCE                                         r  dbg_hub/inst/BSCANID.u_xsdbm_id/CORE_XSDB.UUT_MASTER/U_XSDB_BUS_CONTROLLER/clr_abort_rd_reg/C
  -------------------------------------------------------------------    -------------------
    SLICE_X54Y105        FDCE (Prop_CFF_SLICEM_C_Q)
                                                      0.083     1.983 f  dbg_hub/inst/BSCANID.u_xsdbm_id/CORE_XSDB.UUT_MASTER/U_XSDB_BUS_CONTROLLER/clr_abort_rd_reg/Q
                         net (fo=2, routed)           0.080     2.063    dbg_hub/inst/BSCANID.u_xsdbm_id/CORE_XSDB.UUT_MASTER/U_XSDB_BUS_CONTROLLER/U_RD_ABORT_FLAG/clr_abort_rd
    SLICE_X54Y105        FDCE                                         f  dbg_hub/inst/BSCANID.u_xsdbm_id/CORE_XSDB.UUT_MASTER/U_XSDB_BUS_CONTROLLER/U_RD_ABORT_FLAG/G_NEG_EDGE.flag_reg/CLR
  -------------------------------------------------------------------    -------------------

                         (clock clk_pl_0 rise edge)
                                                      0.000     0.000 r  
    PS8_X0Y0             PS8                          0.000     0.000 r  mixer_ddc_i/zynq_ultra_ps_e_0/inst/PS8_i/PLCLK[0]
                         net (fo=1, routed)           0.164     0.164    mixer_ddc_i/zynq_ultra_ps_e_0/inst/pl_clk_unbuffered[0]
    BUFG_PS_X0Y90        BUFG_PS (Prop_BUFG_PS_I_O)
                                                      0.023     0.187 r  mixer_ddc_i/zynq_ultra_ps_e_0/inst/buffer_pl_clk_0.PL_CLK_0_BUFG/O
    X1Y1 (CLOCK_ROOT)    net (fo=19809, routed)       1.915     2.102    dbg_hub/inst/BSCANID.u_xsdbm_id/CORE_XSDB.UUT_MASTER/U_XSDB_BUS_CONTROLLER/U_RD_ABORT_FLAG/clk
    SLICE_X54Y105        FDCE                                         r  dbg_hub/inst/BSCANID.u_xsdbm_id/CORE_XSDB.UUT_MASTER/U_XSDB_BUS_CONTROLLER/U_RD_ABORT_FLAG/G_NEG_EDGE.flag_reg/C
                         clock pessimism             -0.189     1.914    
    SLICE_X54Y105        FDCE (Remov_HFF2_SLICEM_C_CLR)
                                                     -0.018     1.896    dbg_hub/inst/BSCANID.u_xsdbm_id/CORE_XSDB.UUT_MASTER/U_XSDB_BUS_CONTROLLER/U_RD_ABORT_FLAG/G_NEG_EDGE.flag_reg
  -------------------------------------------------------------------
                         required time                         -1.896    
                         arrival time                           2.063    
  -------------------------------------------------------------------
                         slack                                  0.167    

Slack (MET) :             0.171ns  (arrival time - required time)
  Source:                 dbg_hub/inst/BSCANID.u_xsdbm_id/CORE_XSDB.UUT_MASTER/U_ICON_INTERFACE/U_CMD6_WR/U_WR_FIFO/SUBCORE_FIFO.xsdbm_v3_0_0_wrfifo_inst/inst_fifo_gen/gconvfifo.rf/grf.rf/rstblk/ngwrdrst.grst.g7serrst.rd_rst_reg_reg[1]/C
                            (rising edge-triggered cell FDPE clocked by clk_pl_0  {rise@0.000ns fall@5.156ns period=10.312ns})
  Destination:            dbg_hub/inst/BSCANID.u_xsdbm_id/CORE_XSDB.UUT_MASTER/U_ICON_INTERFACE/U_CMD6_WR/U_WR_FIFO/SUBCORE_FIFO.xsdbm_v3_0_0_wrfifo_inst/inst_fifo_gen/gconvfifo.rf/grf.rf/gntv_or_sync_fifo.gcx.clkx/gnxpm_cdc.gsync_stage[1].rd_stg_inst/Q_reg_reg[1]/CLR
                            (removal check against rising-edge clock clk_pl_0  {rise@0.000ns fall@5.156ns period=10.312ns})
  Path Group:             **async_default**
  Path Type:              Removal (Min at Fast Process Corner)
  Requirement:            0.000ns  (clk_pl_0 rise@0.000ns - clk_pl_0 rise@0.000ns)
  Data Path Delay:        0.172ns  (logic 0.085ns (49.454%)  route 0.087ns (50.546%))
  Logic Levels:           0  
  Clock Path Skew:        0.019ns (DCD - SCD - CPR)
    Destination Clock Delay (DCD):    2.105ns
    Source Clock Delay      (SCD):    1.899ns
    Clock Pessimism Removal (CPR):    0.188ns
  Clock Net Delay (Source):      1.748ns (routing 0.940ns, distribution 0.808ns)
  Clock Net Delay (Destination): 1.918ns (routing 1.033ns, distribution 0.885ns)

    Location             Delay type                Incr(ns)  Path(ns)    Netlist Resource(s)
  -------------------------------------------------------------------    -------------------
                         (clock clk_pl_0 rise edge)
                                                      0.000     0.000 r  
    PS8_X0Y0             PS8                          0.000     0.000 r  mixer_ddc_i/zynq_ultra_ps_e_0/inst/PS8_i/PLCLK[0]
                         net (fo=1, routed)           0.129     0.129    mixer_ddc_i/zynq_ultra_ps_e_0/inst/pl_clk_unbuffered[0]
    BUFG_PS_X0Y90        BUFG_PS (Prop_BUFG_PS_I_O)
                                                      0.022     0.151 r  mixer_ddc_i/zynq_ultra_ps_e_0/inst/buffer_pl_clk_0.PL_CLK_0_BUFG/O
    X1Y1 (CLOCK_ROOT)    net (fo=19809, routed)       1.748     1.899    dbg_hub/inst/BSCANID.u_xsdbm_id/CORE_XSDB.UUT_MASTER/U_ICON_INTERFACE/U_CMD6_WR/U_WR_FIFO/SUBCORE_FIFO.xsdbm_v3_0_0_wrfifo_inst/inst_fifo_gen/gconvfifo.rf/grf.rf/rstblk/rd_clk
    SLICE_X55Y97         FDPE                                         r  dbg_hub/inst/BSCANID.u_xsdbm_id/CORE_XSDB.UUT_MASTER/U_ICON_INTERFACE/U_CMD6_WR/U_WR_FIFO/SUBCORE_FIFO.xsdbm_v3_0_0_wrfifo_inst/inst_fifo_gen/gconvfifo.rf/grf.rf/rstblk/ngwrdrst.grst.g7serrst.rd_rst_reg_reg[1]/C
  -------------------------------------------------------------------    -------------------
    SLICE_X55Y97         FDPE (Prop_AFF2_SLICEL_C_Q)
                                                      0.085     1.984 f  dbg_hub/inst/BSCANID.u_xsdbm_id/CORE_XSDB.UUT_MASTER/U_ICON_INTERFACE/U_CMD6_WR/U_WR_FIFO/SUBCORE_FIFO.xsdbm_v3_0_0_wrfifo_inst/inst_fifo_gen/gconvfifo.rf/grf.rf/rstblk/ngwrdrst.grst.g7serrst.rd_rst_reg_reg[1]/Q
                         net (fo=16, routed)          0.087     2.070    dbg_hub/inst/BSCANID.u_xsdbm_id/CORE_XSDB.UUT_MASTER/U_ICON_INTERFACE/U_CMD6_WR/U_WR_FIFO/SUBCORE_FIFO.xsdbm_v3_0_0_wrfifo_inst/inst_fifo_gen/gconvfifo.rf/grf.rf/gntv_or_sync_fifo.gcx.clkx/gnxpm_cdc.gsync_stage[1].rd_stg_inst/Q_reg_reg[0]_0[0]
    SLICE_X54Y97         FDCE                                         f  dbg_hub/inst/BSCANID.u_xsdbm_id/CORE_XSDB.UUT_MASTER/U_ICON_INTERFACE/U_CMD6_WR/U_WR_FIFO/SUBCORE_FIFO.xsdbm_v3_0_0_wrfifo_inst/inst_fifo_gen/gconvfifo.rf/grf.rf/gntv_or_sync_fifo.gcx.clkx/gnxpm_cdc.gsync_stage[1].rd_stg_inst/Q_reg_reg[1]/CLR
  -------------------------------------------------------------------    -------------------

                         (clock clk_pl_0 rise edge)
                                                      0.000     0.000 r  
    PS8_X0Y0             PS8                          0.000     0.000 r  mixer_ddc_i/zynq_ultra_ps_e_0/inst/PS8_i/PLCLK[0]
                         net (fo=1, routed)           0.164     0.164    mixer_ddc_i/zynq_ultra_ps_e_0/inst/pl_clk_unbuffered[0]
    BUFG_PS_X0Y90        BUFG_PS (Prop_BUFG_PS_I_O)
                                                      0.023     0.187 r  mixer_ddc_i/zynq_ultra_ps_e_0/inst/buffer_pl_clk_0.PL_CLK_0_BUFG/O
    X1Y1 (CLOCK_ROOT)    net (fo=19809, routed)       1.918     2.105    dbg_hub/inst/BSCANID.u_xsdbm_id/CORE_XSDB.UUT_MASTER/U_ICON_INTERFACE/U_CMD6_WR/U_WR_FIFO/SUBCORE_FIFO.xsdbm_v3_0_0_wrfifo_inst/inst_fifo_gen/gconvfifo.rf/grf.rf/gntv_or_sync_fifo.gcx.clkx/gnxpm_cdc.gsync_stage[1].rd_stg_inst/rd_clk
    SLICE_X54Y97         FDCE                                         r  dbg_hub/inst/BSCANID.u_xsdbm_id/CORE_XSDB.UUT_MASTER/U_ICON_INTERFACE/U_CMD6_WR/U_WR_FIFO/SUBCORE_FIFO.xsdbm_v3_0_0_wrfifo_inst/inst_fifo_gen/gconvfifo.rf/grf.rf/gntv_or_sync_fifo.gcx.clkx/gnxpm_cdc.gsync_stage[1].rd_stg_inst/Q_reg_reg[1]/C
                         clock pessimism             -0.188     1.917    
    SLICE_X54Y97         FDCE (Remov_CFF2_SLICEM_C_CLR)
                                                     -0.018     1.899    dbg_hub/inst/BSCANID.u_xsdbm_id/CORE_XSDB.UUT_MASTER/U_ICON_INTERFACE/U_CMD6_WR/U_WR_FIFO/SUBCORE_FIFO.xsdbm_v3_0_0_wrfifo_inst/inst_fifo_gen/gconvfifo.rf/grf.rf/gntv_or_sync_fifo.gcx.clkx/gnxpm_cdc.gsync_stage[1].rd_stg_inst/Q_reg_reg[1]
  -------------------------------------------------------------------
                         required time                         -1.899    
                         arrival time                           2.070    
  -------------------------------------------------------------------
                         slack                                  0.171    

Slack (MET) :             0.171ns  (arrival time - required time)
  Source:                 dbg_hub/inst/BSCANID.u_xsdbm_id/CORE_XSDB.UUT_MASTER/U_ICON_INTERFACE/U_CMD6_WR/U_WR_FIFO/SUBCORE_FIFO.xsdbm_v3_0_0_wrfifo_inst/inst_fifo_gen/gconvfifo.rf/grf.rf/rstblk/ngwrdrst.grst.g7serrst.rd_rst_reg_reg[1]/C
                            (rising edge-triggered cell FDPE clocked by clk_pl_0  {rise@0.000ns fall@5.156ns period=10.312ns})
  Destination:            dbg_hub/inst/BSCANID.u_xsdbm_id/CORE_XSDB.UUT_MASTER/U_ICON_INTERFACE/U_CMD6_WR/U_WR_FIFO/SUBCORE_FIFO.xsdbm_v3_0_0_wrfifo_inst/inst_fifo_gen/gconvfifo.rf/grf.rf/gntv_or_sync_fifo.gcx.clkx/gnxpm_cdc.gsync_stage[1].rd_stg_inst/Q_reg_reg[2]/CLR
                            (removal check against rising-edge clock clk_pl_0  {rise@0.000ns fall@5.156ns period=10.312ns})
  Path Group:             **async_default**
  Path Type:              Removal (Min at Fast Process Corner)
  Requirement:            0.000ns  (clk_pl_0 rise@0.000ns - clk_pl_0 rise@0.000ns)
  Data Path Delay:        0.172ns  (logic 0.085ns (49.454%)  route 0.087ns (50.546%))
  Logic Levels:           0  
  Clock Path Skew:        0.019ns (DCD - SCD - CPR)
    Destination Clock Delay (DCD):    2.105ns
    Source Clock Delay      (SCD):    1.899ns
    Clock Pessimism Removal (CPR):    0.188ns
  Clock Net Delay (Source):      1.748ns (routing 0.940ns, distribution 0.808ns)
  Clock Net Delay (Destination): 1.918ns (routing 1.033ns, distribution 0.885ns)

    Location             Delay type                Incr(ns)  Path(ns)    Netlist Resource(s)
  -------------------------------------------------------------------    -------------------
                         (clock clk_pl_0 rise edge)
                                                      0.000     0.000 r  
    PS8_X0Y0             PS8                          0.000     0.000 r  mixer_ddc_i/zynq_ultra_ps_e_0/inst/PS8_i/PLCLK[0]
                         net (fo=1, routed)           0.129     0.129    mixer_ddc_i/zynq_ultra_ps_e_0/inst/pl_clk_unbuffered[0]
    BUFG_PS_X0Y90        BUFG_PS (Prop_BUFG_PS_I_O)
                                                      0.022     0.151 r  mixer_ddc_i/zynq_ultra_ps_e_0/inst/buffer_pl_clk_0.PL_CLK_0_BUFG/O
    X1Y1 (CLOCK_ROOT)    net (fo=19809, routed)       1.748     1.899    dbg_hub/inst/BSCANID.u_xsdbm_id/CORE_XSDB.UUT_MASTER/U_ICON_INTERFACE/U_CMD6_WR/U_WR_FIFO/SUBCORE_FIFO.xsdbm_v3_0_0_wrfifo_inst/inst_fifo_gen/gconvfifo.rf/grf.rf/rstblk/rd_clk
    SLICE_X55Y97         FDPE                                         r  dbg_hub/inst/BSCANID.u_xsdbm_id/CORE_XSDB.UUT_MASTER/U_ICON_INTERFACE/U_CMD6_WR/U_WR_FIFO/SUBCORE_FIFO.xsdbm_v3_0_0_wrfifo_inst/inst_fifo_gen/gconvfifo.rf/grf.rf/rstblk/ngwrdrst.grst.g7serrst.rd_rst_reg_reg[1]/C
  -------------------------------------------------------------------    -------------------
    SLICE_X55Y97         FDPE (Prop_AFF2_SLICEL_C_Q)
                                                      0.085     1.984 f  dbg_hub/inst/BSCANID.u_xsdbm_id/CORE_XSDB.UUT_MASTER/U_ICON_INTERFACE/U_CMD6_WR/U_WR_FIFO/SUBCORE_FIFO.xsdbm_v3_0_0_wrfifo_inst/inst_fifo_gen/gconvfifo.rf/grf.rf/rstblk/ngwrdrst.grst.g7serrst.rd_rst_reg_reg[1]/Q
                         net (fo=16, routed)          0.087     2.070    dbg_hub/inst/BSCANID.u_xsdbm_id/CORE_XSDB.UUT_MASTER/U_ICON_INTERFACE/U_CMD6_WR/U_WR_FIFO/SUBCORE_FIFO.xsdbm_v3_0_0_wrfifo_inst/inst_fifo_gen/gconvfifo.rf/grf.rf/gntv_or_sync_fifo.gcx.clkx/gnxpm_cdc.gsync_stage[1].rd_stg_inst/Q_reg_reg[0]_0[0]
    SLICE_X54Y97         FDCE                                         f  dbg_hub/inst/BSCANID.u_xsdbm_id/CORE_XSDB.UUT_MASTER/U_ICON_INTERFACE/U_CMD6_WR/U_WR_FIFO/SUBCORE_FIFO.xsdbm_v3_0_0_wrfifo_inst/inst_fifo_gen/gconvfifo.rf/grf.rf/gntv_or_sync_fifo.gcx.clkx/gnxpm_cdc.gsync_stage[1].rd_stg_inst/Q_reg_reg[2]/CLR
  -------------------------------------------------------------------    -------------------

                         (clock clk_pl_0 rise edge)
                                                      0.000     0.000 r  
    PS8_X0Y0             PS8                          0.000     0.000 r  mixer_ddc_i/zynq_ultra_ps_e_0/inst/PS8_i/PLCLK[0]
                         net (fo=1, routed)           0.164     0.164    mixer_ddc_i/zynq_ultra_ps_e_0/inst/pl_clk_unbuffered[0]
    BUFG_PS_X0Y90        BUFG_PS (Prop_BUFG_PS_I_O)
                                                      0.023     0.187 r  mixer_ddc_i/zynq_ultra_ps_e_0/inst/buffer_pl_clk_0.PL_CLK_0_BUFG/O
    X1Y1 (CLOCK_ROOT)    net (fo=19809, routed)       1.918     2.105    dbg_hub/inst/BSCANID.u_xsdbm_id/CORE_XSDB.UUT_MASTER/U_ICON_INTERFACE/U_CMD6_WR/U_WR_FIFO/SUBCORE_FIFO.xsdbm_v3_0_0_wrfifo_inst/inst_fifo_gen/gconvfifo.rf/grf.rf/gntv_or_sync_fifo.gcx.clkx/gnxpm_cdc.gsync_stage[1].rd_stg_inst/rd_clk
    SLICE_X54Y97         FDCE                                         r  dbg_hub/inst/BSCANID.u_xsdbm_id/CORE_XSDB.UUT_MASTER/U_ICON_INTERFACE/U_CMD6_WR/U_WR_FIFO/SUBCORE_FIFO.xsdbm_v3_0_0_wrfifo_inst/inst_fifo_gen/gconvfifo.rf/grf.rf/gntv_or_sync_fifo.gcx.clkx/gnxpm_cdc.gsync_stage[1].rd_stg_inst/Q_reg_reg[2]/C
                         clock pessimism             -0.188     1.917    
    SLICE_X54Y97         FDCE (Remov_BFF2_SLICEM_C_CLR)
                                                     -0.018     1.899    dbg_hub/inst/BSCANID.u_xsdbm_id/CORE_XSDB.UUT_MASTER/U_ICON_INTERFACE/U_CMD6_WR/U_WR_FIFO/SUBCORE_FIFO.xsdbm_v3_0_0_wrfifo_inst/inst_fifo_gen/gconvfifo.rf/grf.rf/gntv_or_sync_fifo.gcx.clkx/gnxpm_cdc.gsync_stage[1].rd_stg_inst/Q_reg_reg[2]
  -------------------------------------------------------------------
                         required time                         -1.899    
                         arrival time                           2.070    
  -------------------------------------------------------------------
                         slack                                  0.171    

Slack (MET) :             0.171ns  (arrival time - required time)
  Source:                 dbg_hub/inst/BSCANID.u_xsdbm_id/CORE_XSDB.UUT_MASTER/U_ICON_INTERFACE/U_CMD6_WR/U_WR_FIFO/SUBCORE_FIFO.xsdbm_v3_0_0_wrfifo_inst/inst_fifo_gen/gconvfifo.rf/grf.rf/rstblk/ngwrdrst.grst.g7serrst.rd_rst_reg_reg[1]/C
                            (rising edge-triggered cell FDPE clocked by clk_pl_0  {rise@0.000ns fall@5.156ns period=10.312ns})
  Destination:            dbg_hub/inst/BSCANID.u_xsdbm_id/CORE_XSDB.UUT_MASTER/U_ICON_INTERFACE/U_CMD6_WR/U_WR_FIFO/SUBCORE_FIFO.xsdbm_v3_0_0_wrfifo_inst/inst_fifo_gen/gconvfifo.rf/grf.rf/gntv_or_sync_fifo.gcx.clkx/gnxpm_cdc.gsync_stage[2].rd_stg_inst/Q_reg_reg[1]/CLR
                            (removal check against rising-edge clock clk_pl_0  {rise@0.000ns fall@5.156ns period=10.312ns})
  Path Group:             **async_default**
  Path Type:              Removal (Min at Fast Process Corner)
  Requirement:            0.000ns  (clk_pl_0 rise@0.000ns - clk_pl_0 rise@0.000ns)
  Data Path Delay:        0.172ns  (logic 0.085ns (49.454%)  route 0.087ns (50.546%))
  Logic Levels:           0  
  Clock Path Skew:        0.019ns (DCD - SCD - CPR)
    Destination Clock Delay (DCD):    2.105ns
    Source Clock Delay      (SCD):    1.899ns
    Clock Pessimism Removal (CPR):    0.188ns
  Clock Net Delay (Source):      1.748ns (routing 0.940ns, distribution 0.808ns)
  Clock Net Delay (Destination): 1.918ns (routing 1.033ns, distribution 0.885ns)

    Location             Delay type                Incr(ns)  Path(ns)    Netlist Resource(s)
  -------------------------------------------------------------------    -------------------
                         (clock clk_pl_0 rise edge)
                                                      0.000     0.000 r  
    PS8_X0Y0             PS8                          0.000     0.000 r  mixer_ddc_i/zynq_ultra_ps_e_0/inst/PS8_i/PLCLK[0]
                         net (fo=1, routed)           0.129     0.129    mixer_ddc_i/zynq_ultra_ps_e_0/inst/pl_clk_unbuffered[0]
    BUFG_PS_X0Y90        BUFG_PS (Prop_BUFG_PS_I_O)
                                                      0.022     0.151 r  mixer_ddc_i/zynq_ultra_ps_e_0/inst/buffer_pl_clk_0.PL_CLK_0_BUFG/O
    X1Y1 (CLOCK_ROOT)    net (fo=19809, routed)       1.748     1.899    dbg_hub/inst/BSCANID.u_xsdbm_id/CORE_XSDB.UUT_MASTER/U_ICON_INTERFACE/U_CMD6_WR/U_WR_FIFO/SUBCORE_FIFO.xsdbm_v3_0_0_wrfifo_inst/inst_fifo_gen/gconvfifo.rf/grf.rf/rstblk/rd_clk
    SLICE_X55Y97         FDPE                                         r  dbg_hub/inst/BSCANID.u_xsdbm_id/CORE_XSDB.UUT_MASTER/U_ICON_INTERFACE/U_CMD6_WR/U_WR_FIFO/SUBCORE_FIFO.xsdbm_v3_0_0_wrfifo_inst/inst_fifo_gen/gconvfifo.rf/grf.rf/rstblk/ngwrdrst.grst.g7serrst.rd_rst_reg_reg[1]/C
  -------------------------------------------------------------------    -------------------
    SLICE_X55Y97         FDPE (Prop_AFF2_SLICEL_C_Q)
                                                      0.085     1.984 f  dbg_hub/inst/BSCANID.u_xsdbm_id/CORE_XSDB.UUT_MASTER/U_ICON_INTERFACE/U_CMD6_WR/U_WR_FIFO/SUBCORE_FIFO.xsdbm_v3_0_0_wrfifo_inst/inst_fifo_gen/gconvfifo.rf/grf.rf/rstblk/ngwrdrst.grst.g7serrst.rd_rst_reg_reg[1]/Q
                         net (fo=16, routed)          0.087     2.070    dbg_hub/inst/BSCANID.u_xsdbm_id/CORE_XSDB.UUT_MASTER/U_ICON_INTERFACE/U_CMD6_WR/U_WR_FIFO/SUBCORE_FIFO.xsdbm_v3_0_0_wrfifo_inst/inst_fifo_gen/gconvfifo.rf/grf.rf/gntv_or_sync_fifo.gcx.clkx/gnxpm_cdc.gsync_stage[2].rd_stg_inst/Q_reg_reg[0]_0[0]
    SLICE_X54Y97         FDCE                                         f  dbg_hub/inst/BSCANID.u_xsdbm_id/CORE_XSDB.UUT_MASTER/U_ICON_INTERFACE/U_CMD6_WR/U_WR_FIFO/SUBCORE_FIFO.xsdbm_v3_0_0_wrfifo_inst/inst_fifo_gen/gconvfifo.rf/grf.rf/gntv_or_sync_fifo.gcx.clkx/gnxpm_cdc.gsync_stage[2].rd_stg_inst/Q_reg_reg[1]/CLR
  -------------------------------------------------------------------    -------------------

                         (clock clk_pl_0 rise edge)
                                                      0.000     0.000 r  
    PS8_X0Y0             PS8                          0.000     0.000 r  mixer_ddc_i/zynq_ultra_ps_e_0/inst/PS8_i/PLCLK[0]
                         net (fo=1, routed)           0.164     0.164    mixer_ddc_i/zynq_ultra_ps_e_0/inst/pl_clk_unbuffered[0]
    BUFG_PS_X0Y90        BUFG_PS (Prop_BUFG_PS_I_O)
                                                      0.023     0.187 r  mixer_ddc_i/zynq_ultra_ps_e_0/inst/buffer_pl_clk_0.PL_CLK_0_BUFG/O
    X1Y1 (CLOCK_ROOT)    net (fo=19809, routed)       1.918     2.105    dbg_hub/inst/BSCANID.u_xsdbm_id/CORE_XSDB.UUT_MASTER/U_ICON_INTERFACE/U_CMD6_WR/U_WR_FIFO/SUBCORE_FIFO.xsdbm_v3_0_0_wrfifo_inst/inst_fifo_gen/gconvfifo.rf/grf.rf/gntv_or_sync_fifo.gcx.clkx/gnxpm_cdc.gsync_stage[2].rd_stg_inst/rd_clk
    SLICE_X54Y97         FDCE                                         r  dbg_hub/inst/BSCANID.u_xsdbm_id/CORE_XSDB.UUT_MASTER/U_ICON_INTERFACE/U_CMD6_WR/U_WR_FIFO/SUBCORE_FIFO.xsdbm_v3_0_0_wrfifo_inst/inst_fifo_gen/gconvfifo.rf/grf.rf/gntv_or_sync_fifo.gcx.clkx/gnxpm_cdc.gsync_stage[2].rd_stg_inst/Q_reg_reg[1]/C
                         clock pessimism             -0.188     1.917    
    SLICE_X54Y97         FDCE (Remov_AFF2_SLICEM_C_CLR)
                                                     -0.018     1.899    dbg_hub/inst/BSCANID.u_xsdbm_id/CORE_XSDB.UUT_MASTER/U_ICON_INTERFACE/U_CMD6_WR/U_WR_FIFO/SUBCORE_FIFO.xsdbm_v3_0_0_wrfifo_inst/inst_fifo_gen/gconvfifo.rf/grf.rf/gntv_or_sync_fifo.gcx.clkx/gnxpm_cdc.gsync_stage[2].rd_stg_inst/Q_reg_reg[1]
  -------------------------------------------------------------------
                         required time                         -1.899    
                         arrival time                           2.070    
  -------------------------------------------------------------------
                         slack                                  0.171    

Slack (MET) :             0.171ns  (arrival time - required time)
  Source:                 dbg_hub/inst/BSCANID.u_xsdbm_id/CORE_XSDB.UUT_MASTER/U_ICON_INTERFACE/U_CMD6_WR/U_WR_FIFO/SUBCORE_FIFO.xsdbm_v3_0_0_wrfifo_inst/inst_fifo_gen/gconvfifo.rf/grf.rf/rstblk/ngwrdrst.grst.g7serrst.rd_rst_reg_reg[1]/C
                            (rising edge-triggered cell FDPE clocked by clk_pl_0  {rise@0.000ns fall@5.156ns period=10.312ns})
  Destination:            dbg_hub/inst/BSCANID.u_xsdbm_id/CORE_XSDB.UUT_MASTER/U_ICON_INTERFACE/U_CMD6_WR/U_WR_FIFO/SUBCORE_FIFO.xsdbm_v3_0_0_wrfifo_inst/inst_fifo_gen/gconvfifo.rf/grf.rf/gntv_or_sync_fifo.gcx.clkx/gnxpm_cdc.gsync_stage[2].rd_stg_inst/Q_reg_reg[2]/CLR
                            (removal check against rising-edge clock clk_pl_0  {rise@0.000ns fall@5.156ns period=10.312ns})
  Path Group:             **async_default**
  Path Type:              Removal (Min at Fast Process Corner)
  Requirement:            0.000ns  (clk_pl_0 rise@0.000ns - clk_pl_0 rise@0.000ns)
  Data Path Delay:        0.172ns  (logic 0.085ns (49.454%)  route 0.087ns (50.546%))
  Logic Levels:           0  
  Clock Path Skew:        0.019ns (DCD - SCD - CPR)
    Destination Clock Delay (DCD):    2.105ns
    Source Clock Delay      (SCD):    1.899ns
    Clock Pessimism Removal (CPR):    0.188ns
  Clock Net Delay (Source):      1.748ns (routing 0.940ns, distribution 0.808ns)
  Clock Net Delay (Destination): 1.918ns (routing 1.033ns, distribution 0.885ns)

    Location             Delay type                Incr(ns)  Path(ns)    Netlist Resource(s)
  -------------------------------------------------------------------    -------------------
                         (clock clk_pl_0 rise edge)
                                                      0.000     0.000 r  
    PS8_X0Y0             PS8                          0.000     0.000 r  mixer_ddc_i/zynq_ultra_ps_e_0/inst/PS8_i/PLCLK[0]
                         net (fo=1, routed)           0.129     0.129    mixer_ddc_i/zynq_ultra_ps_e_0/inst/pl_clk_unbuffered[0]
    BUFG_PS_X0Y90        BUFG_PS (Prop_BUFG_PS_I_O)
                                                      0.022     0.151 r  mixer_ddc_i/zynq_ultra_ps_e_0/inst/buffer_pl_clk_0.PL_CLK_0_BUFG/O
    X1Y1 (CLOCK_ROOT)    net (fo=19809, routed)       1.748     1.899    dbg_hub/inst/BSCANID.u_xsdbm_id/CORE_XSDB.UUT_MASTER/U_ICON_INTERFACE/U_CMD6_WR/U_WR_FIFO/SUBCORE_FIFO.xsdbm_v3_0_0_wrfifo_inst/inst_fifo_gen/gconvfifo.rf/grf.rf/rstblk/rd_clk
    SLICE_X55Y97         FDPE                                         r  dbg_hub/inst/BSCANID.u_xsdbm_id/CORE_XSDB.UUT_MASTER/U_ICON_INTERFACE/U_CMD6_WR/U_WR_FIFO/SUBCORE_FIFO.xsdbm_v3_0_0_wrfifo_inst/inst_fifo_gen/gconvfifo.rf/grf.rf/rstblk/ngwrdrst.grst.g7serrst.rd_rst_reg_reg[1]/C
  -------------------------------------------------------------------    -------------------
    SLICE_X55Y97         FDPE (Prop_AFF2_SLICEL_C_Q)
                                                      0.085     1.984 f  dbg_hub/inst/BSCANID.u_xsdbm_id/CORE_XSDB.UUT_MASTER/U_ICON_INTERFACE/U_CMD6_WR/U_WR_FIFO/SUBCORE_FIFO.xsdbm_v3_0_0_wrfifo_inst/inst_fifo_gen/gconvfifo.rf/grf.rf/rstblk/ngwrdrst.grst.g7serrst.rd_rst_reg_reg[1]/Q
                         net (fo=16, routed)          0.087     2.070    dbg_hub/inst/BSCANID.u_xsdbm_id/CORE_XSDB.UUT_MASTER/U_ICON_INTERFACE/U_CMD6_WR/U_WR_FIFO/SUBCORE_FIFO.xsdbm_v3_0_0_wrfifo_inst/inst_fifo_gen/gconvfifo.rf/grf.rf/gntv_or_sync_fifo.gcx.clkx/gnxpm_cdc.gsync_stage[2].rd_stg_inst/Q_reg_reg[0]_0[0]
    SLICE_X54Y97         FDCE                                         f  dbg_hub/inst/BSCANID.u_xsdbm_id/CORE_XSDB.UUT_MASTER/U_ICON_INTERFACE/U_CMD6_WR/U_WR_FIFO/SUBCORE_FIFO.xsdbm_v3_0_0_wrfifo_inst/inst_fifo_gen/gconvfifo.rf/grf.rf/gntv_or_sync_fifo.gcx.clkx/gnxpm_cdc.gsync_stage[2].rd_stg_inst/Q_reg_reg[2]/CLR
  -------------------------------------------------------------------    -------------------

                         (clock clk_pl_0 rise edge)
                                                      0.000     0.000 r  
    PS8_X0Y0             PS8                          0.000     0.000 r  mixer_ddc_i/zynq_ultra_ps_e_0/inst/PS8_i/PLCLK[0]
                         net (fo=1, routed)           0.164     0.164    mixer_ddc_i/zynq_ultra_ps_e_0/inst/pl_clk_unbuffered[0]
    BUFG_PS_X0Y90        BUFG_PS (Prop_BUFG_PS_I_O)
                                                      0.023     0.187 r  mixer_ddc_i/zynq_ultra_ps_e_0/inst/buffer_pl_clk_0.PL_CLK_0_BUFG/O
    X1Y1 (CLOCK_ROOT)    net (fo=19809, routed)       1.918     2.105    dbg_hub/inst/BSCANID.u_xsdbm_id/CORE_XSDB.UUT_MASTER/U_ICON_INTERFACE/U_CMD6_WR/U_WR_FIFO/SUBCORE_FIFO.xsdbm_v3_0_0_wrfifo_inst/inst_fifo_gen/gconvfifo.rf/grf.rf/gntv_or_sync_fifo.gcx.clkx/gnxpm_cdc.gsync_stage[2].rd_stg_inst/rd_clk
    SLICE_X54Y97         FDCE                                         r  dbg_hub/inst/BSCANID.u_xsdbm_id/CORE_XSDB.UUT_MASTER/U_ICON_INTERFACE/U_CMD6_WR/U_WR_FIFO/SUBCORE_FIFO.xsdbm_v3_0_0_wrfifo_inst/inst_fifo_gen/gconvfifo.rf/grf.rf/gntv_or_sync_fifo.gcx.clkx/gnxpm_cdc.gsync_stage[2].rd_stg_inst/Q_reg_reg[2]/C
                         clock pessimism             -0.188     1.917    
    SLICE_X54Y97         FDCE (Remov_AFF_SLICEM_C_CLR)
                                                     -0.018     1.899    dbg_hub/inst/BSCANID.u_xsdbm_id/CORE_XSDB.UUT_MASTER/U_ICON_INTERFACE/U_CMD6_WR/U_WR_FIFO/SUBCORE_FIFO.xsdbm_v3_0_0_wrfifo_inst/inst_fifo_gen/gconvfifo.rf/grf.rf/gntv_or_sync_fifo.gcx.clkx/gnxpm_cdc.gsync_stage[2].rd_stg_inst/Q_reg_reg[2]
  -------------------------------------------------------------------
                         required time                         -1.899    
                         arrival time                           2.070    
  -------------------------------------------------------------------
                         slack                                  0.171    

Slack (MET) :             0.171ns  (arrival time - required time)
  Source:                 dbg_hub/inst/BSCANID.u_xsdbm_id/CORE_XSDB.UUT_MASTER/U_ICON_INTERFACE/U_CMD6_WR/U_WR_FIFO/SUBCORE_FIFO.xsdbm_v3_0_0_wrfifo_inst/inst_fifo_gen/gconvfifo.rf/grf.rf/rstblk/ngwrdrst.grst.g7serrst.rd_rst_reg_reg[1]/C
                            (rising edge-triggered cell FDPE clocked by clk_pl_0  {rise@0.000ns fall@5.156ns period=10.312ns})
  Destination:            dbg_hub/inst/BSCANID.u_xsdbm_id/CORE_XSDB.UUT_MASTER/U_ICON_INTERFACE/U_CMD6_WR/U_WR_FIFO/SUBCORE_FIFO.xsdbm_v3_0_0_wrfifo_inst/inst_fifo_gen/gconvfifo.rf/grf.rf/gntv_or_sync_fifo.gcx.clkx/gnxpm_cdc.rd_pntr_gc_reg[1]/CLR
                            (removal check against rising-edge clock clk_pl_0  {rise@0.000ns fall@5.156ns period=10.312ns})
  Path Group:             **async_default**
  Path Type:              Removal (Min at Fast Process Corner)
  Requirement:            0.000ns  (clk_pl_0 rise@0.000ns - clk_pl_0 rise@0.000ns)
  Data Path Delay:        0.172ns  (logic 0.085ns (49.454%)  route 0.087ns (50.546%))
  Logic Levels:           0  
  Clock Path Skew:        0.019ns (DCD - SCD - CPR)
    Destination Clock Delay (DCD):    2.105ns
    Source Clock Delay      (SCD):    1.899ns
    Clock Pessimism Removal (CPR):    0.188ns
  Clock Net Delay (Source):      1.748ns (routing 0.940ns, distribution 0.808ns)
  Clock Net Delay (Destination): 1.918ns (routing 1.033ns, distribution 0.885ns)

    Location             Delay type                Incr(ns)  Path(ns)    Netlist Resource(s)
  -------------------------------------------------------------------    -------------------
                         (clock clk_pl_0 rise edge)
                                                      0.000     0.000 r  
    PS8_X0Y0             PS8                          0.000     0.000 r  mixer_ddc_i/zynq_ultra_ps_e_0/inst/PS8_i/PLCLK[0]
                         net (fo=1, routed)           0.129     0.129    mixer_ddc_i/zynq_ultra_ps_e_0/inst/pl_clk_unbuffered[0]
    BUFG_PS_X0Y90        BUFG_PS (Prop_BUFG_PS_I_O)
                                                      0.022     0.151 r  mixer_ddc_i/zynq_ultra_ps_e_0/inst/buffer_pl_clk_0.PL_CLK_0_BUFG/O
    X1Y1 (CLOCK_ROOT)    net (fo=19809, routed)       1.748     1.899    dbg_hub/inst/BSCANID.u_xsdbm_id/CORE_XSDB.UUT_MASTER/U_ICON_INTERFACE/U_CMD6_WR/U_WR_FIFO/SUBCORE_FIFO.xsdbm_v3_0_0_wrfifo_inst/inst_fifo_gen/gconvfifo.rf/grf.rf/rstblk/rd_clk
    SLICE_X55Y97         FDPE                                         r  dbg_hub/inst/BSCANID.u_xsdbm_id/CORE_XSDB.UUT_MASTER/U_ICON_INTERFACE/U_CMD6_WR/U_WR_FIFO/SUBCORE_FIFO.xsdbm_v3_0_0_wrfifo_inst/inst_fifo_gen/gconvfifo.rf/grf.rf/rstblk/ngwrdrst.grst.g7serrst.rd_rst_reg_reg[1]/C
  -------------------------------------------------------------------    -------------------
    SLICE_X55Y97         FDPE (Prop_AFF2_SLICEL_C_Q)
                                                      0.085     1.984 f  dbg_hub/inst/BSCANID.u_xsdbm_id/CORE_XSDB.UUT_MASTER/U_ICON_INTERFACE/U_CMD6_WR/U_WR_FIFO/SUBCORE_FIFO.xsdbm_v3_0_0_wrfifo_inst/inst_fifo_gen/gconvfifo.rf/grf.rf/rstblk/ngwrdrst.grst.g7serrst.rd_rst_reg_reg[1]/Q
                         net (fo=16, routed)          0.087     2.070    dbg_hub/inst/BSCANID.u_xsdbm_id/CORE_XSDB.UUT_MASTER/U_ICON_INTERFACE/U_CMD6_WR/U_WR_FIFO/SUBCORE_FIFO.xsdbm_v3_0_0_wrfifo_inst/inst_fifo_gen/gconvfifo.rf/grf.rf/gntv_or_sync_fifo.gcx.clkx/Q_reg_reg[0][0]
    SLICE_X54Y97         FDCE                                         f  dbg_hub/inst/BSCANID.u_xsdbm_id/CORE_XSDB.UUT_MASTER/U_ICON_INTERFACE/U_CMD6_WR/U_WR_FIFO/SUBCORE_FIFO.xsdbm_v3_0_0_wrfifo_inst/inst_fifo_gen/gconvfifo.rf/grf.rf/gntv_or_sync_fifo.gcx.clkx/gnxpm_cdc.rd_pntr_gc_reg[1]/CLR
  -------------------------------------------------------------------    -------------------

                         (clock clk_pl_0 rise edge)
                                                      0.000     0.000 r  
    PS8_X0Y0             PS8                          0.000     0.000 r  mixer_ddc_i/zynq_ultra_ps_e_0/inst/PS8_i/PLCLK[0]
                         net (fo=1, routed)           0.164     0.164    mixer_ddc_i/zynq_ultra_ps_e_0/inst/pl_clk_unbuffered[0]
    BUFG_PS_X0Y90        BUFG_PS (Prop_BUFG_PS_I_O)
                                                      0.023     0.187 r  mixer_ddc_i/zynq_ultra_ps_e_0/inst/buffer_pl_clk_0.PL_CLK_0_BUFG/O
    X1Y1 (CLOCK_ROOT)    net (fo=19809, routed)       1.918     2.105    dbg_hub/inst/BSCANID.u_xsdbm_id/CORE_XSDB.UUT_MASTER/U_ICON_INTERFACE/U_CMD6_WR/U_WR_FIFO/SUBCORE_FIFO.xsdbm_v3_0_0_wrfifo_inst/inst_fifo_gen/gconvfifo.rf/grf.rf/gntv_or_sync_fifo.gcx.clkx/rd_clk
    SLICE_X54Y97         FDCE                                         r  dbg_hub/inst/BSCANID.u_xsdbm_id/CORE_XSDB.UUT_MASTER/U_ICON_INTERFACE/U_CMD6_WR/U_WR_FIFO/SUBCORE_FIFO.xsdbm_v3_0_0_wrfifo_inst/inst_fifo_gen/gconvfifo.rf/grf.rf/gntv_or_sync_fifo.gcx.clkx/gnxpm_cdc.rd_pntr_gc_reg[1]/C
                         clock pessimism             -0.188     1.917    
    SLICE_X54Y97         FDCE (Remov_DFF2_SLICEM_C_CLR)
                                                     -0.018     1.899    dbg_hub/inst/BSCANID.u_xsdbm_id/CORE_XSDB.UUT_MASTER/U_ICON_INTERFACE/U_CMD6_WR/U_WR_FIFO/SUBCORE_FIFO.xsdbm_v3_0_0_wrfifo_inst/inst_fifo_gen/gconvfifo.rf/grf.rf/gntv_or_sync_fifo.gcx.clkx/gnxpm_cdc.rd_pntr_gc_reg[1]
  -------------------------------------------------------------------
                         required time                         -1.899    
                         arrival time                           2.070    
  -------------------------------------------------------------------
                         slack                                  0.171    

Slack (MET) :             0.171ns  (arrival time - required time)
  Source:                 dbg_hub/inst/BSCANID.u_xsdbm_id/CORE_XSDB.UUT_MASTER/U_ICON_INTERFACE/U_CMD6_WR/U_WR_FIFO/SUBCORE_FIFO.xsdbm_v3_0_0_wrfifo_inst/inst_fifo_gen/gconvfifo.rf/grf.rf/rstblk/ngwrdrst.grst.g7serrst.rd_rst_reg_reg[1]/C
                            (rising edge-triggered cell FDPE clocked by clk_pl_0  {rise@0.000ns fall@5.156ns period=10.312ns})
  Destination:            dbg_hub/inst/BSCANID.u_xsdbm_id/CORE_XSDB.UUT_MASTER/U_ICON_INTERFACE/U_CMD6_WR/U_WR_FIFO/SUBCORE_FIFO.xsdbm_v3_0_0_wrfifo_inst/inst_fifo_gen/gconvfifo.rf/grf.rf/gntv_or_sync_fifo.gcx.clkx/gnxpm_cdc.wr_pntr_bin_reg[2]/CLR
                            (removal check against rising-edge clock clk_pl_0  {rise@0.000ns fall@5.156ns period=10.312ns})
  Path Group:             **async_default**
  Path Type:              Removal (Min at Fast Process Corner)
  Requirement:            0.000ns  (clk_pl_0 rise@0.000ns - clk_pl_0 rise@0.000ns)
  Data Path Delay:        0.172ns  (logic 0.085ns (49.454%)  route 0.087ns (50.546%))
  Logic Levels:           0  
  Clock Path Skew:        0.019ns (DCD - SCD - CPR)
    Destination Clock Delay (DCD):    2.105ns
    Source Clock Delay      (SCD):    1.899ns
    Clock Pessimism Removal (CPR):    0.188ns
  Clock Net Delay (Source):      1.748ns (routing 0.940ns, distribution 0.808ns)
  Clock Net Delay (Destination): 1.918ns (routing 1.033ns, distribution 0.885ns)

    Location             Delay type                Incr(ns)  Path(ns)    Netlist Resource(s)
  -------------------------------------------------------------------    -------------------
                         (clock clk_pl_0 rise edge)
                                                      0.000     0.000 r  
    PS8_X0Y0             PS8                          0.000     0.000 r  mixer_ddc_i/zynq_ultra_ps_e_0/inst/PS8_i/PLCLK[0]
                         net (fo=1, routed)           0.129     0.129    mixer_ddc_i/zynq_ultra_ps_e_0/inst/pl_clk_unbuffered[0]
    BUFG_PS_X0Y90        BUFG_PS (Prop_BUFG_PS_I_O)
                                                      0.022     0.151 r  mixer_ddc_i/zynq_ultra_ps_e_0/inst/buffer_pl_clk_0.PL_CLK_0_BUFG/O
    X1Y1 (CLOCK_ROOT)    net (fo=19809, routed)       1.748     1.899    dbg_hub/inst/BSCANID.u_xsdbm_id/CORE_XSDB.UUT_MASTER/U_ICON_INTERFACE/U_CMD6_WR/U_WR_FIFO/SUBCORE_FIFO.xsdbm_v3_0_0_wrfifo_inst/inst_fifo_gen/gconvfifo.rf/grf.rf/rstblk/rd_clk
    SLICE_X55Y97         FDPE                                         r  dbg_hub/inst/BSCANID.u_xsdbm_id/CORE_XSDB.UUT_MASTER/U_ICON_INTERFACE/U_CMD6_WR/U_WR_FIFO/SUBCORE_FIFO.xsdbm_v3_0_0_wrfifo_inst/inst_fifo_gen/gconvfifo.rf/grf.rf/rstblk/ngwrdrst.grst.g7serrst.rd_rst_reg_reg[1]/C
  -------------------------------------------------------------------    -------------------
    SLICE_X55Y97         FDPE (Prop_AFF2_SLICEL_C_Q)
                                                      0.085     1.984 f  dbg_hub/inst/BSCANID.u_xsdbm_id/CORE_XSDB.UUT_MASTER/U_ICON_INTERFACE/U_CMD6_WR/U_WR_FIFO/SUBCORE_FIFO.xsdbm_v3_0_0_wrfifo_inst/inst_fifo_gen/gconvfifo.rf/grf.rf/rstblk/ngwrdrst.grst.g7serrst.rd_rst_reg_reg[1]/Q
                         net (fo=16, routed)          0.087     2.070    dbg_hub/inst/BSCANID.u_xsdbm_id/CORE_XSDB.UUT_MASTER/U_ICON_INTERFACE/U_CMD6_WR/U_WR_FIFO/SUBCORE_FIFO.xsdbm_v3_0_0_wrfifo_inst/inst_fifo_gen/gconvfifo.rf/grf.rf/gntv_or_sync_fifo.gcx.clkx/Q_reg_reg[0][0]
    SLICE_X54Y97         FDCE                                         f  dbg_hub/inst/BSCANID.u_xsdbm_id/CORE_XSDB.UUT_MASTER/U_ICON_INTERFACE/U_CMD6_WR/U_WR_FIFO/SUBCORE_FIFO.xsdbm_v3_0_0_wrfifo_inst/inst_fifo_gen/gconvfifo.rf/grf.rf/gntv_or_sync_fifo.gcx.clkx/gnxpm_cdc.wr_pntr_bin_reg[2]/CLR
  -------------------------------------------------------------------    -------------------

                         (clock clk_pl_0 rise edge)
                                                      0.000     0.000 r  
    PS8_X0Y0             PS8                          0.000     0.000 r  mixer_ddc_i/zynq_ultra_ps_e_0/inst/PS8_i/PLCLK[0]
                         net (fo=1, routed)           0.164     0.164    mixer_ddc_i/zynq_ultra_ps_e_0/inst/pl_clk_unbuffered[0]
    BUFG_PS_X0Y90        BUFG_PS (Prop_BUFG_PS_I_O)
                                                      0.023     0.187 r  mixer_ddc_i/zynq_ultra_ps_e_0/inst/buffer_pl_clk_0.PL_CLK_0_BUFG/O
    X1Y1 (CLOCK_ROOT)    net (fo=19809, routed)       1.918     2.105    dbg_hub/inst/BSCANID.u_xsdbm_id/CORE_XSDB.UUT_MASTER/U_ICON_INTERFACE/U_CMD6_WR/U_WR_FIFO/SUBCORE_FIFO.xsdbm_v3_0_0_wrfifo_inst/inst_fifo_gen/gconvfifo.rf/grf.rf/gntv_or_sync_fifo.gcx.clkx/rd_clk
    SLICE_X54Y97         FDCE                                         r  dbg_hub/inst/BSCANID.u_xsdbm_id/CORE_XSDB.UUT_MASTER/U_ICON_INTERFACE/U_CMD6_WR/U_WR_FIFO/SUBCORE_FIFO.xsdbm_v3_0_0_wrfifo_inst/inst_fifo_gen/gconvfifo.rf/grf.rf/gntv_or_sync_fifo.gcx.clkx/gnxpm_cdc.wr_pntr_bin_reg[2]/C
                         clock pessimism             -0.188     1.917    
    SLICE_X54Y97         FDCE (Remov_DFF_SLICEM_C_CLR)
                                                     -0.018     1.899    dbg_hub/inst/BSCANID.u_xsdbm_id/CORE_XSDB.UUT_MASTER/U_ICON_INTERFACE/U_CMD6_WR/U_WR_FIFO/SUBCORE_FIFO.xsdbm_v3_0_0_wrfifo_inst/inst_fifo_gen/gconvfifo.rf/grf.rf/gntv_or_sync_fifo.gcx.clkx/gnxpm_cdc.wr_pntr_bin_reg[2]
  -------------------------------------------------------------------
                         required time                         -1.899    
                         arrival time                           2.070    
  -------------------------------------------------------------------
                         slack                                  0.171    





---------------------------------------------------------------------------------------------------
Path Group:  **async_default**
From Clock:  dbg_hub/inst/BSCANID.u_xsdbm_id/SWITCH_N_EXT_BSCAN.bscan_inst/SERIES7_BSCAN.bscan_inst/INTERNAL_TCK
  To Clock:  dbg_hub/inst/BSCANID.u_xsdbm_id/SWITCH_N_EXT_BSCAN.bscan_inst/SERIES7_BSCAN.bscan_inst/INTERNAL_TCK

Setup :            0  Failing Endpoints,  Worst Slack       47.711ns,  Total Violation        0.000ns
Hold  :            0  Failing Endpoints,  Worst Slack        0.160ns,  Total Violation        0.000ns
---------------------------------------------------------------------------------------------------


Max Delay Paths
--------------------------------------------------------------------------------------
Slack (MET) :             47.711ns  (required time - arrival time)
  Source:                 dbg_hub/inst/BSCANID.u_xsdbm_id/SWITCH_N_EXT_BSCAN.bscan_switch/portno_reg[5]/C
                            (rising edge-triggered cell FDRE clocked by dbg_hub/inst/BSCANID.u_xsdbm_id/SWITCH_N_EXT_BSCAN.bscan_inst/SERIES7_BSCAN.bscan_inst/INTERNAL_TCK  {rise@0.000ns fall@25.000ns period=50.000ns})
  Destination:            dbg_hub/inst/BSCANID.u_xsdbm_id/CORE_XSDB.U_ICON/U_CMD/iTARGET_reg[12]/CLR
                            (recovery check against rising-edge clock dbg_hub/inst/BSCANID.u_xsdbm_id/SWITCH_N_EXT_BSCAN.bscan_inst/SERIES7_BSCAN.bscan_inst/INTERNAL_TCK  {rise@0.000ns fall@25.000ns period=50.000ns})
  Path Group:             **async_default**
  Path Type:              Recovery (Max at Slow Process Corner)
  Requirement:            50.000ns  (dbg_hub/inst/BSCANID.u_xsdbm_id/SWITCH_N_EXT_BSCAN.bscan_inst/SERIES7_BSCAN.bscan_inst/INTERNAL_TCK rise@50.000ns - dbg_hub/inst/BSCANID.u_xsdbm_id/SWITCH_N_EXT_BSCAN.bscan_inst/SERIES7_BSCAN.bscan_inst/INTERNAL_TCK rise@0.000ns)
  Data Path Delay:        1.994ns  (logic 0.530ns (26.582%)  route 1.464ns (73.418%))
  Logic Levels:           2  (LUT4=1 LUT6=1)
  Clock Path Skew:        -0.167ns (DCD - SCD + CPR)
    Destination Clock Delay (DCD):    3.958ns = ( 53.958 - 50.000 ) 
    Source Clock Delay      (SCD):    9.103ns
    Clock Pessimism Removal (CPR):    4.978ns
  Clock Uncertainty:      0.035ns  ((TSJ^2 + TIJ^2)^1/2 + DJ) / 2 + PE
    Total System Jitter     (TSJ):    0.071ns
    Total Input Jitter      (TIJ):    0.000ns
    Discrete Jitter          (DJ):    0.000ns
    Phase Error              (PE):    0.000ns
  Clock Net Delay (Source):      2.628ns (routing 1.467ns, distribution 1.161ns)
  Clock Net Delay (Destination): 2.334ns (routing 1.340ns, distribution 0.994ns)

    Location             Delay type                Incr(ns)  Path(ns)    Netlist Resource(s)
  -------------------------------------------------------------------    -------------------
                         (clock dbg_hub/inst/BSCANID.u_xsdbm_id/SWITCH_N_EXT_BSCAN.bscan_inst/SERIES7_BSCAN.bscan_inst/INTERNAL_TCK rise edge)
                                                      0.000     0.000 r  
    CONFIG_SITE_X0Y0     BSCANE2                      0.000     0.000 r  dbg_hub/inst/BSCANID.u_xsdbm_id/SWITCH_N_EXT_BSCAN.bscan_inst/SERIES7_BSCAN.bscan_inst/INTERNAL_TCK
    CONFIG_SITE_X0Y0     BSCANE2 (Prop_BSCAN1_CONFIG_SITE_INTERNAL_TCK_TCK)
                                                      4.800     4.800 r  dbg_hub/inst/BSCANID.u_xsdbm_id/SWITCH_N_EXT_BSCAN.bscan_inst/SERIES7_BSCAN.bscan_inst/TCK
                         net (fo=1, routed)           1.631     6.431    dbg_hub/inst/BSCANID.u_xsdbm_id/tck_bs
    BUFGCE_X0Y76         BUFGCE (Prop_BUFCE_BUFGCE_I_O)
                                                      0.044     6.475 r  dbg_hub/inst/BSCANID.u_xsdbm_id/SWITCH_N_EXT_BSCAN.u_bufg_icon_tck/O
    X2Y1 (CLOCK_ROOT)    net (fo=482, routed)         2.628     9.103    dbg_hub/inst/BSCANID.u_xsdbm_id/SWITCH_N_EXT_BSCAN.bscan_switch/s_bscan_tck
    SLICE_X50Y169        FDRE                                         r  dbg_hub/inst/BSCANID.u_xsdbm_id/SWITCH_N_EXT_BSCAN.bscan_switch/portno_reg[5]/C
  -------------------------------------------------------------------    -------------------
    SLICE_X50Y169        FDRE (Prop_GFF2_SLICEL_C_Q)
                                                      0.116     9.219 f  dbg_hub/inst/BSCANID.u_xsdbm_id/SWITCH_N_EXT_BSCAN.bscan_switch/portno_reg[5]/Q
                         net (fo=1, routed)           0.235     9.454    dbg_hub/inst/BSCANID.u_xsdbm_id/SWITCH_N_EXT_BSCAN.bscan_switch/portno[5]
    SLICE_X50Y169        LUT6 (Prop_H6LUT_SLICEL_I5_O)
                                                      0.227     9.681 f  dbg_hub/inst/BSCANID.u_xsdbm_id/SWITCH_N_EXT_BSCAN.bscan_switch/m_bscan_drck[0]_INST_0_i_1/O
                         net (fo=5, routed)           0.127     9.808    dbg_hub/inst/BSCANID.u_xsdbm_id/SWITCH_N_EXT_BSCAN.bscan_switch/m_bscan_drck[0]_INST_0_i_1_n_0
    SLICE_X50Y167        LUT4 (Prop_D5LUT_SLICEL_I3_O)
                                                      0.187     9.995 r  dbg_hub/inst/BSCANID.u_xsdbm_id/SWITCH_N_EXT_BSCAN.bscan_switch/m_bscan_sel[0]_INST_0/O
                         net (fo=11, routed)          1.102    11.097    dbg_hub/inst/BSCANID.u_xsdbm_id/CORE_XSDB.U_ICON/U_CMD/iTARGET_reg[6]_0
    SLICE_X55Y111        FDCE                                         f  dbg_hub/inst/BSCANID.u_xsdbm_id/CORE_XSDB.U_ICON/U_CMD/iTARGET_reg[12]/CLR  (IS_INVERTED)
  -------------------------------------------------------------------    -------------------

                         (clock dbg_hub/inst/BSCANID.u_xsdbm_id/SWITCH_N_EXT_BSCAN.bscan_inst/SERIES7_BSCAN.bscan_inst/INTERNAL_TCK rise edge)
                                                     50.000    50.000 r  
    CONFIG_SITE_X0Y0     BSCANE2                      0.000    50.000 r  dbg_hub/inst/BSCANID.u_xsdbm_id/SWITCH_N_EXT_BSCAN.bscan_inst/SERIES7_BSCAN.bscan_inst/INTERNAL_TCK
    CONFIG_SITE_X0Y0     BSCANE2 (Prop_BSCAN1_CONFIG_SITE_INTERNAL_TCK_TCK)
                                                      0.465    50.465 r  dbg_hub/inst/BSCANID.u_xsdbm_id/SWITCH_N_EXT_BSCAN.bscan_inst/SERIES7_BSCAN.bscan_inst/TCK
                         net (fo=1, routed)           1.120    51.585    dbg_hub/inst/BSCANID.u_xsdbm_id/tck_bs
    BUFGCE_X0Y76         BUFGCE (Prop_BUFCE_BUFGCE_I_O)
                                                      0.039    51.624 r  dbg_hub/inst/BSCANID.u_xsdbm_id/SWITCH_N_EXT_BSCAN.u_bufg_icon_tck/O
    X2Y1 (CLOCK_ROOT)    net (fo=482, routed)         2.334    53.958    dbg_hub/inst/BSCANID.u_xsdbm_id/CORE_XSDB.U_ICON/U_CMD/m_bscan_tck[0]
    SLICE_X55Y111        FDCE                                         r  dbg_hub/inst/BSCANID.u_xsdbm_id/CORE_XSDB.U_ICON/U_CMD/iTARGET_reg[12]/C
                         clock pessimism              4.978    58.936    
                         clock uncertainty           -0.035    58.901    
    SLICE_X55Y111        FDCE (Recov_EFF_SLICEL_C_CLR)
                                                     -0.093    58.808    dbg_hub/inst/BSCANID.u_xsdbm_id/CORE_XSDB.U_ICON/U_CMD/iTARGET_reg[12]
  -------------------------------------------------------------------
                         required time                         58.808    
                         arrival time                         -11.097    
  -------------------------------------------------------------------
                         slack                                 47.711    

Slack (MET) :             47.711ns  (required time - arrival time)
  Source:                 dbg_hub/inst/BSCANID.u_xsdbm_id/SWITCH_N_EXT_BSCAN.bscan_switch/portno_reg[5]/C
                            (rising edge-triggered cell FDRE clocked by dbg_hub/inst/BSCANID.u_xsdbm_id/SWITCH_N_EXT_BSCAN.bscan_inst/SERIES7_BSCAN.bscan_inst/INTERNAL_TCK  {rise@0.000ns fall@25.000ns period=50.000ns})
  Destination:            dbg_hub/inst/BSCANID.u_xsdbm_id/CORE_XSDB.U_ICON/U_CMD/iTARGET_reg[13]/CLR
                            (recovery check against rising-edge clock dbg_hub/inst/BSCANID.u_xsdbm_id/SWITCH_N_EXT_BSCAN.bscan_inst/SERIES7_BSCAN.bscan_inst/INTERNAL_TCK  {rise@0.000ns fall@25.000ns period=50.000ns})
  Path Group:             **async_default**
  Path Type:              Recovery (Max at Slow Process Corner)
  Requirement:            50.000ns  (dbg_hub/inst/BSCANID.u_xsdbm_id/SWITCH_N_EXT_BSCAN.bscan_inst/SERIES7_BSCAN.bscan_inst/INTERNAL_TCK rise@50.000ns - dbg_hub/inst/BSCANID.u_xsdbm_id/SWITCH_N_EXT_BSCAN.bscan_inst/SERIES7_BSCAN.bscan_inst/INTERNAL_TCK rise@0.000ns)
  Data Path Delay:        1.994ns  (logic 0.530ns (26.582%)  route 1.464ns (73.418%))
  Logic Levels:           2  (LUT4=1 LUT6=1)
  Clock Path Skew:        -0.167ns (DCD - SCD + CPR)
    Destination Clock Delay (DCD):    3.958ns = ( 53.958 - 50.000 ) 
    Source Clock Delay      (SCD):    9.103ns
    Clock Pessimism Removal (CPR):    4.978ns
  Clock Uncertainty:      0.035ns  ((TSJ^2 + TIJ^2)^1/2 + DJ) / 2 + PE
    Total System Jitter     (TSJ):    0.071ns
    Total Input Jitter      (TIJ):    0.000ns
    Discrete Jitter          (DJ):    0.000ns
    Phase Error              (PE):    0.000ns
  Clock Net Delay (Source):      2.628ns (routing 1.467ns, distribution 1.161ns)
  Clock Net Delay (Destination): 2.334ns (routing 1.340ns, distribution 0.994ns)

    Location             Delay type                Incr(ns)  Path(ns)    Netlist Resource(s)
  -------------------------------------------------------------------    -------------------
                         (clock dbg_hub/inst/BSCANID.u_xsdbm_id/SWITCH_N_EXT_BSCAN.bscan_inst/SERIES7_BSCAN.bscan_inst/INTERNAL_TCK rise edge)
                                                      0.000     0.000 r  
    CONFIG_SITE_X0Y0     BSCANE2                      0.000     0.000 r  dbg_hub/inst/BSCANID.u_xsdbm_id/SWITCH_N_EXT_BSCAN.bscan_inst/SERIES7_BSCAN.bscan_inst/INTERNAL_TCK
    CONFIG_SITE_X0Y0     BSCANE2 (Prop_BSCAN1_CONFIG_SITE_INTERNAL_TCK_TCK)
                                                      4.800     4.800 r  dbg_hub/inst/BSCANID.u_xsdbm_id/SWITCH_N_EXT_BSCAN.bscan_inst/SERIES7_BSCAN.bscan_inst/TCK
                         net (fo=1, routed)           1.631     6.431    dbg_hub/inst/BSCANID.u_xsdbm_id/tck_bs
    BUFGCE_X0Y76         BUFGCE (Prop_BUFCE_BUFGCE_I_O)
                                                      0.044     6.475 r  dbg_hub/inst/BSCANID.u_xsdbm_id/SWITCH_N_EXT_BSCAN.u_bufg_icon_tck/O
    X2Y1 (CLOCK_ROOT)    net (fo=482, routed)         2.628     9.103    dbg_hub/inst/BSCANID.u_xsdbm_id/SWITCH_N_EXT_BSCAN.bscan_switch/s_bscan_tck
    SLICE_X50Y169        FDRE                                         r  dbg_hub/inst/BSCANID.u_xsdbm_id/SWITCH_N_EXT_BSCAN.bscan_switch/portno_reg[5]/C
  -------------------------------------------------------------------    -------------------
    SLICE_X50Y169        FDRE (Prop_GFF2_SLICEL_C_Q)
                                                      0.116     9.219 f  dbg_hub/inst/BSCANID.u_xsdbm_id/SWITCH_N_EXT_BSCAN.bscan_switch/portno_reg[5]/Q
                         net (fo=1, routed)           0.235     9.454    dbg_hub/inst/BSCANID.u_xsdbm_id/SWITCH_N_EXT_BSCAN.bscan_switch/portno[5]
    SLICE_X50Y169        LUT6 (Prop_H6LUT_SLICEL_I5_O)
                                                      0.227     9.681 f  dbg_hub/inst/BSCANID.u_xsdbm_id/SWITCH_N_EXT_BSCAN.bscan_switch/m_bscan_drck[0]_INST_0_i_1/O
                         net (fo=5, routed)           0.127     9.808    dbg_hub/inst/BSCANID.u_xsdbm_id/SWITCH_N_EXT_BSCAN.bscan_switch/m_bscan_drck[0]_INST_0_i_1_n_0
    SLICE_X50Y167        LUT4 (Prop_D5LUT_SLICEL_I3_O)
                                                      0.187     9.995 r  dbg_hub/inst/BSCANID.u_xsdbm_id/SWITCH_N_EXT_BSCAN.bscan_switch/m_bscan_sel[0]_INST_0/O
                         net (fo=11, routed)          1.102    11.097    dbg_hub/inst/BSCANID.u_xsdbm_id/CORE_XSDB.U_ICON/U_CMD/iTARGET_reg[6]_0
    SLICE_X55Y111        FDCE                                         f  dbg_hub/inst/BSCANID.u_xsdbm_id/CORE_XSDB.U_ICON/U_CMD/iTARGET_reg[13]/CLR  (IS_INVERTED)
  -------------------------------------------------------------------    -------------------

                         (clock dbg_hub/inst/BSCANID.u_xsdbm_id/SWITCH_N_EXT_BSCAN.bscan_inst/SERIES7_BSCAN.bscan_inst/INTERNAL_TCK rise edge)
                                                     50.000    50.000 r  
    CONFIG_SITE_X0Y0     BSCANE2                      0.000    50.000 r  dbg_hub/inst/BSCANID.u_xsdbm_id/SWITCH_N_EXT_BSCAN.bscan_inst/SERIES7_BSCAN.bscan_inst/INTERNAL_TCK
    CONFIG_SITE_X0Y0     BSCANE2 (Prop_BSCAN1_CONFIG_SITE_INTERNAL_TCK_TCK)
                                                      0.465    50.465 r  dbg_hub/inst/BSCANID.u_xsdbm_id/SWITCH_N_EXT_BSCAN.bscan_inst/SERIES7_BSCAN.bscan_inst/TCK
                         net (fo=1, routed)           1.120    51.585    dbg_hub/inst/BSCANID.u_xsdbm_id/tck_bs
    BUFGCE_X0Y76         BUFGCE (Prop_BUFCE_BUFGCE_I_O)
                                                      0.039    51.624 r  dbg_hub/inst/BSCANID.u_xsdbm_id/SWITCH_N_EXT_BSCAN.u_bufg_icon_tck/O
    X2Y1 (CLOCK_ROOT)    net (fo=482, routed)         2.334    53.958    dbg_hub/inst/BSCANID.u_xsdbm_id/CORE_XSDB.U_ICON/U_CMD/m_bscan_tck[0]
    SLICE_X55Y111        FDCE                                         r  dbg_hub/inst/BSCANID.u_xsdbm_id/CORE_XSDB.U_ICON/U_CMD/iTARGET_reg[13]/C
                         clock pessimism              4.978    58.936    
                         clock uncertainty           -0.035    58.901    
    SLICE_X55Y111        FDCE (Recov_EFF2_SLICEL_C_CLR)
                                                     -0.093    58.808    dbg_hub/inst/BSCANID.u_xsdbm_id/CORE_XSDB.U_ICON/U_CMD/iTARGET_reg[13]
  -------------------------------------------------------------------
                         required time                         58.808    
                         arrival time                         -11.097    
  -------------------------------------------------------------------
                         slack                                 47.711    

Slack (MET) :             47.711ns  (required time - arrival time)
  Source:                 dbg_hub/inst/BSCANID.u_xsdbm_id/SWITCH_N_EXT_BSCAN.bscan_switch/portno_reg[5]/C
                            (rising edge-triggered cell FDRE clocked by dbg_hub/inst/BSCANID.u_xsdbm_id/SWITCH_N_EXT_BSCAN.bscan_inst/SERIES7_BSCAN.bscan_inst/INTERNAL_TCK  {rise@0.000ns fall@25.000ns period=50.000ns})
  Destination:            dbg_hub/inst/BSCANID.u_xsdbm_id/CORE_XSDB.U_ICON/U_CMD/iTARGET_reg[14]/CLR
                            (recovery check against rising-edge clock dbg_hub/inst/BSCANID.u_xsdbm_id/SWITCH_N_EXT_BSCAN.bscan_inst/SERIES7_BSCAN.bscan_inst/INTERNAL_TCK  {rise@0.000ns fall@25.000ns period=50.000ns})
  Path Group:             **async_default**
  Path Type:              Recovery (Max at Slow Process Corner)
  Requirement:            50.000ns  (dbg_hub/inst/BSCANID.u_xsdbm_id/SWITCH_N_EXT_BSCAN.bscan_inst/SERIES7_BSCAN.bscan_inst/INTERNAL_TCK rise@50.000ns - dbg_hub/inst/BSCANID.u_xsdbm_id/SWITCH_N_EXT_BSCAN.bscan_inst/SERIES7_BSCAN.bscan_inst/INTERNAL_TCK rise@0.000ns)
  Data Path Delay:        1.994ns  (logic 0.530ns (26.582%)  route 1.464ns (73.418%))
  Logic Levels:           2  (LUT4=1 LUT6=1)
  Clock Path Skew:        -0.167ns (DCD - SCD + CPR)
    Destination Clock Delay (DCD):    3.958ns = ( 53.958 - 50.000 ) 
    Source Clock Delay      (SCD):    9.103ns
    Clock Pessimism Removal (CPR):    4.978ns
  Clock Uncertainty:      0.035ns  ((TSJ^2 + TIJ^2)^1/2 + DJ) / 2 + PE
    Total System Jitter     (TSJ):    0.071ns
    Total Input Jitter      (TIJ):    0.000ns
    Discrete Jitter          (DJ):    0.000ns
    Phase Error              (PE):    0.000ns
  Clock Net Delay (Source):      2.628ns (routing 1.467ns, distribution 1.161ns)
  Clock Net Delay (Destination): 2.334ns (routing 1.340ns, distribution 0.994ns)

    Location             Delay type                Incr(ns)  Path(ns)    Netlist Resource(s)
  -------------------------------------------------------------------    -------------------
                         (clock dbg_hub/inst/BSCANID.u_xsdbm_id/SWITCH_N_EXT_BSCAN.bscan_inst/SERIES7_BSCAN.bscan_inst/INTERNAL_TCK rise edge)
                                                      0.000     0.000 r  
    CONFIG_SITE_X0Y0     BSCANE2                      0.000     0.000 r  dbg_hub/inst/BSCANID.u_xsdbm_id/SWITCH_N_EXT_BSCAN.bscan_inst/SERIES7_BSCAN.bscan_inst/INTERNAL_TCK
    CONFIG_SITE_X0Y0     BSCANE2 (Prop_BSCAN1_CONFIG_SITE_INTERNAL_TCK_TCK)
                                                      4.800     4.800 r  dbg_hub/inst/BSCANID.u_xsdbm_id/SWITCH_N_EXT_BSCAN.bscan_inst/SERIES7_BSCAN.bscan_inst/TCK
                         net (fo=1, routed)           1.631     6.431    dbg_hub/inst/BSCANID.u_xsdbm_id/tck_bs
    BUFGCE_X0Y76         BUFGCE (Prop_BUFCE_BUFGCE_I_O)
                                                      0.044     6.475 r  dbg_hub/inst/BSCANID.u_xsdbm_id/SWITCH_N_EXT_BSCAN.u_bufg_icon_tck/O
    X2Y1 (CLOCK_ROOT)    net (fo=482, routed)         2.628     9.103    dbg_hub/inst/BSCANID.u_xsdbm_id/SWITCH_N_EXT_BSCAN.bscan_switch/s_bscan_tck
    SLICE_X50Y169        FDRE                                         r  dbg_hub/inst/BSCANID.u_xsdbm_id/SWITCH_N_EXT_BSCAN.bscan_switch/portno_reg[5]/C
  -------------------------------------------------------------------    -------------------
    SLICE_X50Y169        FDRE (Prop_GFF2_SLICEL_C_Q)
                                                      0.116     9.219 f  dbg_hub/inst/BSCANID.u_xsdbm_id/SWITCH_N_EXT_BSCAN.bscan_switch/portno_reg[5]/Q
                         net (fo=1, routed)           0.235     9.454    dbg_hub/inst/BSCANID.u_xsdbm_id/SWITCH_N_EXT_BSCAN.bscan_switch/portno[5]
    SLICE_X50Y169        LUT6 (Prop_H6LUT_SLICEL_I5_O)
                                                      0.227     9.681 f  dbg_hub/inst/BSCANID.u_xsdbm_id/SWITCH_N_EXT_BSCAN.bscan_switch/m_bscan_drck[0]_INST_0_i_1/O
                         net (fo=5, routed)           0.127     9.808    dbg_hub/inst/BSCANID.u_xsdbm_id/SWITCH_N_EXT_BSCAN.bscan_switch/m_bscan_drck[0]_INST_0_i_1_n_0
    SLICE_X50Y167        LUT4 (Prop_D5LUT_SLICEL_I3_O)
                                                      0.187     9.995 r  dbg_hub/inst/BSCANID.u_xsdbm_id/SWITCH_N_EXT_BSCAN.bscan_switch/m_bscan_sel[0]_INST_0/O
                         net (fo=11, routed)          1.102    11.097    dbg_hub/inst/BSCANID.u_xsdbm_id/CORE_XSDB.U_ICON/U_CMD/iTARGET_reg[6]_0
    SLICE_X55Y111        FDCE                                         f  dbg_hub/inst/BSCANID.u_xsdbm_id/CORE_XSDB.U_ICON/U_CMD/iTARGET_reg[14]/CLR  (IS_INVERTED)
  -------------------------------------------------------------------    -------------------

                         (clock dbg_hub/inst/BSCANID.u_xsdbm_id/SWITCH_N_EXT_BSCAN.bscan_inst/SERIES7_BSCAN.bscan_inst/INTERNAL_TCK rise edge)
                                                     50.000    50.000 r  
    CONFIG_SITE_X0Y0     BSCANE2                      0.000    50.000 r  dbg_hub/inst/BSCANID.u_xsdbm_id/SWITCH_N_EXT_BSCAN.bscan_inst/SERIES7_BSCAN.bscan_inst/INTERNAL_TCK
    CONFIG_SITE_X0Y0     BSCANE2 (Prop_BSCAN1_CONFIG_SITE_INTERNAL_TCK_TCK)
                                                      0.465    50.465 r  dbg_hub/inst/BSCANID.u_xsdbm_id/SWITCH_N_EXT_BSCAN.bscan_inst/SERIES7_BSCAN.bscan_inst/TCK
                         net (fo=1, routed)           1.120    51.585    dbg_hub/inst/BSCANID.u_xsdbm_id/tck_bs
    BUFGCE_X0Y76         BUFGCE (Prop_BUFCE_BUFGCE_I_O)
                                                      0.039    51.624 r  dbg_hub/inst/BSCANID.u_xsdbm_id/SWITCH_N_EXT_BSCAN.u_bufg_icon_tck/O
    X2Y1 (CLOCK_ROOT)    net (fo=482, routed)         2.334    53.958    dbg_hub/inst/BSCANID.u_xsdbm_id/CORE_XSDB.U_ICON/U_CMD/m_bscan_tck[0]
    SLICE_X55Y111        FDCE                                         r  dbg_hub/inst/BSCANID.u_xsdbm_id/CORE_XSDB.U_ICON/U_CMD/iTARGET_reg[14]/C
                         clock pessimism              4.978    58.936    
                         clock uncertainty           -0.035    58.901    
    SLICE_X55Y111        FDCE (Recov_FFF_SLICEL_C_CLR)
                                                     -0.093    58.808    dbg_hub/inst/BSCANID.u_xsdbm_id/CORE_XSDB.U_ICON/U_CMD/iTARGET_reg[14]
  -------------------------------------------------------------------
                         required time                         58.808    
                         arrival time                         -11.097    
  -------------------------------------------------------------------
                         slack                                 47.711    

Slack (MET) :             47.711ns  (required time - arrival time)
  Source:                 dbg_hub/inst/BSCANID.u_xsdbm_id/SWITCH_N_EXT_BSCAN.bscan_switch/portno_reg[5]/C
                            (rising edge-triggered cell FDRE clocked by dbg_hub/inst/BSCANID.u_xsdbm_id/SWITCH_N_EXT_BSCAN.bscan_inst/SERIES7_BSCAN.bscan_inst/INTERNAL_TCK  {rise@0.000ns fall@25.000ns period=50.000ns})
  Destination:            dbg_hub/inst/BSCANID.u_xsdbm_id/CORE_XSDB.U_ICON/U_CMD/iTARGET_reg[15]/CLR
                            (recovery check against rising-edge clock dbg_hub/inst/BSCANID.u_xsdbm_id/SWITCH_N_EXT_BSCAN.bscan_inst/SERIES7_BSCAN.bscan_inst/INTERNAL_TCK  {rise@0.000ns fall@25.000ns period=50.000ns})
  Path Group:             **async_default**
  Path Type:              Recovery (Max at Slow Process Corner)
  Requirement:            50.000ns  (dbg_hub/inst/BSCANID.u_xsdbm_id/SWITCH_N_EXT_BSCAN.bscan_inst/SERIES7_BSCAN.bscan_inst/INTERNAL_TCK rise@50.000ns - dbg_hub/inst/BSCANID.u_xsdbm_id/SWITCH_N_EXT_BSCAN.bscan_inst/SERIES7_BSCAN.bscan_inst/INTERNAL_TCK rise@0.000ns)
  Data Path Delay:        1.994ns  (logic 0.530ns (26.582%)  route 1.464ns (73.418%))
  Logic Levels:           2  (LUT4=1 LUT6=1)
  Clock Path Skew:        -0.167ns (DCD - SCD + CPR)
    Destination Clock Delay (DCD):    3.958ns = ( 53.958 - 50.000 ) 
    Source Clock Delay      (SCD):    9.103ns
    Clock Pessimism Removal (CPR):    4.978ns
  Clock Uncertainty:      0.035ns  ((TSJ^2 + TIJ^2)^1/2 + DJ) / 2 + PE
    Total System Jitter     (TSJ):    0.071ns
    Total Input Jitter      (TIJ):    0.000ns
    Discrete Jitter          (DJ):    0.000ns
    Phase Error              (PE):    0.000ns
  Clock Net Delay (Source):      2.628ns (routing 1.467ns, distribution 1.161ns)
  Clock Net Delay (Destination): 2.334ns (routing 1.340ns, distribution 0.994ns)

    Location             Delay type                Incr(ns)  Path(ns)    Netlist Resource(s)
  -------------------------------------------------------------------    -------------------
                         (clock dbg_hub/inst/BSCANID.u_xsdbm_id/SWITCH_N_EXT_BSCAN.bscan_inst/SERIES7_BSCAN.bscan_inst/INTERNAL_TCK rise edge)
                                                      0.000     0.000 r  
    CONFIG_SITE_X0Y0     BSCANE2                      0.000     0.000 r  dbg_hub/inst/BSCANID.u_xsdbm_id/SWITCH_N_EXT_BSCAN.bscan_inst/SERIES7_BSCAN.bscan_inst/INTERNAL_TCK
    CONFIG_SITE_X0Y0     BSCANE2 (Prop_BSCAN1_CONFIG_SITE_INTERNAL_TCK_TCK)
                                                      4.800     4.800 r  dbg_hub/inst/BSCANID.u_xsdbm_id/SWITCH_N_EXT_BSCAN.bscan_inst/SERIES7_BSCAN.bscan_inst/TCK
                         net (fo=1, routed)           1.631     6.431    dbg_hub/inst/BSCANID.u_xsdbm_id/tck_bs
    BUFGCE_X0Y76         BUFGCE (Prop_BUFCE_BUFGCE_I_O)
                                                      0.044     6.475 r  dbg_hub/inst/BSCANID.u_xsdbm_id/SWITCH_N_EXT_BSCAN.u_bufg_icon_tck/O
    X2Y1 (CLOCK_ROOT)    net (fo=482, routed)         2.628     9.103    dbg_hub/inst/BSCANID.u_xsdbm_id/SWITCH_N_EXT_BSCAN.bscan_switch/s_bscan_tck
    SLICE_X50Y169        FDRE                                         r  dbg_hub/inst/BSCANID.u_xsdbm_id/SWITCH_N_EXT_BSCAN.bscan_switch/portno_reg[5]/C
  -------------------------------------------------------------------    -------------------
    SLICE_X50Y169        FDRE (Prop_GFF2_SLICEL_C_Q)
                                                      0.116     9.219 f  dbg_hub/inst/BSCANID.u_xsdbm_id/SWITCH_N_EXT_BSCAN.bscan_switch/portno_reg[5]/Q
                         net (fo=1, routed)           0.235     9.454    dbg_hub/inst/BSCANID.u_xsdbm_id/SWITCH_N_EXT_BSCAN.bscan_switch/portno[5]
    SLICE_X50Y169        LUT6 (Prop_H6LUT_SLICEL_I5_O)
                                                      0.227     9.681 f  dbg_hub/inst/BSCANID.u_xsdbm_id/SWITCH_N_EXT_BSCAN.bscan_switch/m_bscan_drck[0]_INST_0_i_1/O
                         net (fo=5, routed)           0.127     9.808    dbg_hub/inst/BSCANID.u_xsdbm_id/SWITCH_N_EXT_BSCAN.bscan_switch/m_bscan_drck[0]_INST_0_i_1_n_0
    SLICE_X50Y167        LUT4 (Prop_D5LUT_SLICEL_I3_O)
                                                      0.187     9.995 r  dbg_hub/inst/BSCANID.u_xsdbm_id/SWITCH_N_EXT_BSCAN.bscan_switch/m_bscan_sel[0]_INST_0/O
                         net (fo=11, routed)          1.102    11.097    dbg_hub/inst/BSCANID.u_xsdbm_id/CORE_XSDB.U_ICON/U_CMD/iTARGET_reg[6]_0
    SLICE_X55Y111        FDCE                                         f  dbg_hub/inst/BSCANID.u_xsdbm_id/CORE_XSDB.U_ICON/U_CMD/iTARGET_reg[15]/CLR  (IS_INVERTED)
  -------------------------------------------------------------------    -------------------

                         (clock dbg_hub/inst/BSCANID.u_xsdbm_id/SWITCH_N_EXT_BSCAN.bscan_inst/SERIES7_BSCAN.bscan_inst/INTERNAL_TCK rise edge)
                                                     50.000    50.000 r  
    CONFIG_SITE_X0Y0     BSCANE2                      0.000    50.000 r  dbg_hub/inst/BSCANID.u_xsdbm_id/SWITCH_N_EXT_BSCAN.bscan_inst/SERIES7_BSCAN.bscan_inst/INTERNAL_TCK
    CONFIG_SITE_X0Y0     BSCANE2 (Prop_BSCAN1_CONFIG_SITE_INTERNAL_TCK_TCK)
                                                      0.465    50.465 r  dbg_hub/inst/BSCANID.u_xsdbm_id/SWITCH_N_EXT_BSCAN.bscan_inst/SERIES7_BSCAN.bscan_inst/TCK
                         net (fo=1, routed)           1.120    51.585    dbg_hub/inst/BSCANID.u_xsdbm_id/tck_bs
    BUFGCE_X0Y76         BUFGCE (Prop_BUFCE_BUFGCE_I_O)
                                                      0.039    51.624 r  dbg_hub/inst/BSCANID.u_xsdbm_id/SWITCH_N_EXT_BSCAN.u_bufg_icon_tck/O
    X2Y1 (CLOCK_ROOT)    net (fo=482, routed)         2.334    53.958    dbg_hub/inst/BSCANID.u_xsdbm_id/CORE_XSDB.U_ICON/U_CMD/m_bscan_tck[0]
    SLICE_X55Y111        FDCE                                         r  dbg_hub/inst/BSCANID.u_xsdbm_id/CORE_XSDB.U_ICON/U_CMD/iTARGET_reg[15]/C
                         clock pessimism              4.978    58.936    
                         clock uncertainty           -0.035    58.901    
    SLICE_X55Y111        FDCE (Recov_FFF2_SLICEL_C_CLR)
                                                     -0.093    58.808    dbg_hub/inst/BSCANID.u_xsdbm_id/CORE_XSDB.U_ICON/U_CMD/iTARGET_reg[15]
  -------------------------------------------------------------------
                         required time                         58.808    
                         arrival time                         -11.097    
  -------------------------------------------------------------------
                         slack                                 47.711    

Slack (MET) :             47.711ns  (required time - arrival time)
  Source:                 dbg_hub/inst/BSCANID.u_xsdbm_id/SWITCH_N_EXT_BSCAN.bscan_switch/portno_reg[5]/C
                            (rising edge-triggered cell FDRE clocked by dbg_hub/inst/BSCANID.u_xsdbm_id/SWITCH_N_EXT_BSCAN.bscan_inst/SERIES7_BSCAN.bscan_inst/INTERNAL_TCK  {rise@0.000ns fall@25.000ns period=50.000ns})
  Destination:            dbg_hub/inst/BSCANID.u_xsdbm_id/CORE_XSDB.U_ICON/U_CMD/iTARGET_reg[6]/CLR
                            (recovery check against rising-edge clock dbg_hub/inst/BSCANID.u_xsdbm_id/SWITCH_N_EXT_BSCAN.bscan_inst/SERIES7_BSCAN.bscan_inst/INTERNAL_TCK  {rise@0.000ns fall@25.000ns period=50.000ns})
  Path Group:             **async_default**
  Path Type:              Recovery (Max at Slow Process Corner)
  Requirement:            50.000ns  (dbg_hub/inst/BSCANID.u_xsdbm_id/SWITCH_N_EXT_BSCAN.bscan_inst/SERIES7_BSCAN.bscan_inst/INTERNAL_TCK rise@50.000ns - dbg_hub/inst/BSCANID.u_xsdbm_id/SWITCH_N_EXT_BSCAN.bscan_inst/SERIES7_BSCAN.bscan_inst/INTERNAL_TCK rise@0.000ns)
  Data Path Delay:        1.994ns  (logic 0.530ns (26.582%)  route 1.464ns (73.418%))
  Logic Levels:           2  (LUT4=1 LUT6=1)
  Clock Path Skew:        -0.167ns (DCD - SCD + CPR)
    Destination Clock Delay (DCD):    3.958ns = ( 53.958 - 50.000 ) 
    Source Clock Delay      (SCD):    9.103ns
    Clock Pessimism Removal (CPR):    4.978ns
  Clock Uncertainty:      0.035ns  ((TSJ^2 + TIJ^2)^1/2 + DJ) / 2 + PE
    Total System Jitter     (TSJ):    0.071ns
    Total Input Jitter      (TIJ):    0.000ns
    Discrete Jitter          (DJ):    0.000ns
    Phase Error              (PE):    0.000ns
  Clock Net Delay (Source):      2.628ns (routing 1.467ns, distribution 1.161ns)
  Clock Net Delay (Destination): 2.334ns (routing 1.340ns, distribution 0.994ns)

    Location             Delay type                Incr(ns)  Path(ns)    Netlist Resource(s)
  -------------------------------------------------------------------    -------------------
                         (clock dbg_hub/inst/BSCANID.u_xsdbm_id/SWITCH_N_EXT_BSCAN.bscan_inst/SERIES7_BSCAN.bscan_inst/INTERNAL_TCK rise edge)
                                                      0.000     0.000 r  
    CONFIG_SITE_X0Y0     BSCANE2                      0.000     0.000 r  dbg_hub/inst/BSCANID.u_xsdbm_id/SWITCH_N_EXT_BSCAN.bscan_inst/SERIES7_BSCAN.bscan_inst/INTERNAL_TCK
    CONFIG_SITE_X0Y0     BSCANE2 (Prop_BSCAN1_CONFIG_SITE_INTERNAL_TCK_TCK)
                                                      4.800     4.800 r  dbg_hub/inst/BSCANID.u_xsdbm_id/SWITCH_N_EXT_BSCAN.bscan_inst/SERIES7_BSCAN.bscan_inst/TCK
                         net (fo=1, routed)           1.631     6.431    dbg_hub/inst/BSCANID.u_xsdbm_id/tck_bs
    BUFGCE_X0Y76         BUFGCE (Prop_BUFCE_BUFGCE_I_O)
                                                      0.044     6.475 r  dbg_hub/inst/BSCANID.u_xsdbm_id/SWITCH_N_EXT_BSCAN.u_bufg_icon_tck/O
    X2Y1 (CLOCK_ROOT)    net (fo=482, routed)         2.628     9.103    dbg_hub/inst/BSCANID.u_xsdbm_id/SWITCH_N_EXT_BSCAN.bscan_switch/s_bscan_tck
    SLICE_X50Y169        FDRE                                         r  dbg_hub/inst/BSCANID.u_xsdbm_id/SWITCH_N_EXT_BSCAN.bscan_switch/portno_reg[5]/C
  -------------------------------------------------------------------    -------------------
    SLICE_X50Y169        FDRE (Prop_GFF2_SLICEL_C_Q)
                                                      0.116     9.219 f  dbg_hub/inst/BSCANID.u_xsdbm_id/SWITCH_N_EXT_BSCAN.bscan_switch/portno_reg[5]/Q
                         net (fo=1, routed)           0.235     9.454    dbg_hub/inst/BSCANID.u_xsdbm_id/SWITCH_N_EXT_BSCAN.bscan_switch/portno[5]
    SLICE_X50Y169        LUT6 (Prop_H6LUT_SLICEL_I5_O)
                                                      0.227     9.681 f  dbg_hub/inst/BSCANID.u_xsdbm_id/SWITCH_N_EXT_BSCAN.bscan_switch/m_bscan_drck[0]_INST_0_i_1/O
                         net (fo=5, routed)           0.127     9.808    dbg_hub/inst/BSCANID.u_xsdbm_id/SWITCH_N_EXT_BSCAN.bscan_switch/m_bscan_drck[0]_INST_0_i_1_n_0
    SLICE_X50Y167        LUT4 (Prop_D5LUT_SLICEL_I3_O)
                                                      0.187     9.995 r  dbg_hub/inst/BSCANID.u_xsdbm_id/SWITCH_N_EXT_BSCAN.bscan_switch/m_bscan_sel[0]_INST_0/O
                         net (fo=11, routed)          1.102    11.097    dbg_hub/inst/BSCANID.u_xsdbm_id/CORE_XSDB.U_ICON/U_CMD/iTARGET_reg[6]_0
    SLICE_X55Y111        FDCE                                         f  dbg_hub/inst/BSCANID.u_xsdbm_id/CORE_XSDB.U_ICON/U_CMD/iTARGET_reg[6]/CLR  (IS_INVERTED)
  -------------------------------------------------------------------    -------------------

                         (clock dbg_hub/inst/BSCANID.u_xsdbm_id/SWITCH_N_EXT_BSCAN.bscan_inst/SERIES7_BSCAN.bscan_inst/INTERNAL_TCK rise edge)
                                                     50.000    50.000 r  
    CONFIG_SITE_X0Y0     BSCANE2                      0.000    50.000 r  dbg_hub/inst/BSCANID.u_xsdbm_id/SWITCH_N_EXT_BSCAN.bscan_inst/SERIES7_BSCAN.bscan_inst/INTERNAL_TCK
    CONFIG_SITE_X0Y0     BSCANE2 (Prop_BSCAN1_CONFIG_SITE_INTERNAL_TCK_TCK)
                                                      0.465    50.465 r  dbg_hub/inst/BSCANID.u_xsdbm_id/SWITCH_N_EXT_BSCAN.bscan_inst/SERIES7_BSCAN.bscan_inst/TCK
                         net (fo=1, routed)           1.120    51.585    dbg_hub/inst/BSCANID.u_xsdbm_id/tck_bs
    BUFGCE_X0Y76         BUFGCE (Prop_BUFCE_BUFGCE_I_O)
                                                      0.039    51.624 r  dbg_hub/inst/BSCANID.u_xsdbm_id/SWITCH_N_EXT_BSCAN.u_bufg_icon_tck/O
    X2Y1 (CLOCK_ROOT)    net (fo=482, routed)         2.334    53.958    dbg_hub/inst/BSCANID.u_xsdbm_id/CORE_XSDB.U_ICON/U_CMD/m_bscan_tck[0]
    SLICE_X55Y111        FDCE                                         r  dbg_hub/inst/BSCANID.u_xsdbm_id/CORE_XSDB.U_ICON/U_CMD/iTARGET_reg[6]/C
                         clock pessimism              4.978    58.936    
                         clock uncertainty           -0.035    58.901    
    SLICE_X55Y111        FDCE (Recov_GFF_SLICEL_C_CLR)
                                                     -0.093    58.808    dbg_hub/inst/BSCANID.u_xsdbm_id/CORE_XSDB.U_ICON/U_CMD/iTARGET_reg[6]
  -------------------------------------------------------------------
                         required time                         58.808    
                         arrival time                         -11.097    
  -------------------------------------------------------------------
                         slack                                 47.711    

Slack (MET) :             47.711ns  (required time - arrival time)
  Source:                 dbg_hub/inst/BSCANID.u_xsdbm_id/SWITCH_N_EXT_BSCAN.bscan_switch/portno_reg[5]/C
                            (rising edge-triggered cell FDRE clocked by dbg_hub/inst/BSCANID.u_xsdbm_id/SWITCH_N_EXT_BSCAN.bscan_inst/SERIES7_BSCAN.bscan_inst/INTERNAL_TCK  {rise@0.000ns fall@25.000ns period=50.000ns})
  Destination:            dbg_hub/inst/BSCANID.u_xsdbm_id/CORE_XSDB.U_ICON/U_CMD/iTARGET_reg[7]/CLR
                            (recovery check against rising-edge clock dbg_hub/inst/BSCANID.u_xsdbm_id/SWITCH_N_EXT_BSCAN.bscan_inst/SERIES7_BSCAN.bscan_inst/INTERNAL_TCK  {rise@0.000ns fall@25.000ns period=50.000ns})
  Path Group:             **async_default**
  Path Type:              Recovery (Max at Slow Process Corner)
  Requirement:            50.000ns  (dbg_hub/inst/BSCANID.u_xsdbm_id/SWITCH_N_EXT_BSCAN.bscan_inst/SERIES7_BSCAN.bscan_inst/INTERNAL_TCK rise@50.000ns - dbg_hub/inst/BSCANID.u_xsdbm_id/SWITCH_N_EXT_BSCAN.bscan_inst/SERIES7_BSCAN.bscan_inst/INTERNAL_TCK rise@0.000ns)
  Data Path Delay:        1.994ns  (logic 0.530ns (26.582%)  route 1.464ns (73.418%))
  Logic Levels:           2  (LUT4=1 LUT6=1)
  Clock Path Skew:        -0.167ns (DCD - SCD + CPR)
    Destination Clock Delay (DCD):    3.958ns = ( 53.958 - 50.000 ) 
    Source Clock Delay      (SCD):    9.103ns
    Clock Pessimism Removal (CPR):    4.978ns
  Clock Uncertainty:      0.035ns  ((TSJ^2 + TIJ^2)^1/2 + DJ) / 2 + PE
    Total System Jitter     (TSJ):    0.071ns
    Total Input Jitter      (TIJ):    0.000ns
    Discrete Jitter          (DJ):    0.000ns
    Phase Error              (PE):    0.000ns
  Clock Net Delay (Source):      2.628ns (routing 1.467ns, distribution 1.161ns)
  Clock Net Delay (Destination): 2.334ns (routing 1.340ns, distribution 0.994ns)

    Location             Delay type                Incr(ns)  Path(ns)    Netlist Resource(s)
  -------------------------------------------------------------------    -------------------
                         (clock dbg_hub/inst/BSCANID.u_xsdbm_id/SWITCH_N_EXT_BSCAN.bscan_inst/SERIES7_BSCAN.bscan_inst/INTERNAL_TCK rise edge)
                                                      0.000     0.000 r  
    CONFIG_SITE_X0Y0     BSCANE2                      0.000     0.000 r  dbg_hub/inst/BSCANID.u_xsdbm_id/SWITCH_N_EXT_BSCAN.bscan_inst/SERIES7_BSCAN.bscan_inst/INTERNAL_TCK
    CONFIG_SITE_X0Y0     BSCANE2 (Prop_BSCAN1_CONFIG_SITE_INTERNAL_TCK_TCK)
                                                      4.800     4.800 r  dbg_hub/inst/BSCANID.u_xsdbm_id/SWITCH_N_EXT_BSCAN.bscan_inst/SERIES7_BSCAN.bscan_inst/TCK
                         net (fo=1, routed)           1.631     6.431    dbg_hub/inst/BSCANID.u_xsdbm_id/tck_bs
    BUFGCE_X0Y76         BUFGCE (Prop_BUFCE_BUFGCE_I_O)
                                                      0.044     6.475 r  dbg_hub/inst/BSCANID.u_xsdbm_id/SWITCH_N_EXT_BSCAN.u_bufg_icon_tck/O
    X2Y1 (CLOCK_ROOT)    net (fo=482, routed)         2.628     9.103    dbg_hub/inst/BSCANID.u_xsdbm_id/SWITCH_N_EXT_BSCAN.bscan_switch/s_bscan_tck
    SLICE_X50Y169        FDRE                                         r  dbg_hub/inst/BSCANID.u_xsdbm_id/SWITCH_N_EXT_BSCAN.bscan_switch/portno_reg[5]/C
  -------------------------------------------------------------------    -------------------
    SLICE_X50Y169        FDRE (Prop_GFF2_SLICEL_C_Q)
                                                      0.116     9.219 f  dbg_hub/inst/BSCANID.u_xsdbm_id/SWITCH_N_EXT_BSCAN.bscan_switch/portno_reg[5]/Q
                         net (fo=1, routed)           0.235     9.454    dbg_hub/inst/BSCANID.u_xsdbm_id/SWITCH_N_EXT_BSCAN.bscan_switch/portno[5]
    SLICE_X50Y169        LUT6 (Prop_H6LUT_SLICEL_I5_O)
                                                      0.227     9.681 f  dbg_hub/inst/BSCANID.u_xsdbm_id/SWITCH_N_EXT_BSCAN.bscan_switch/m_bscan_drck[0]_INST_0_i_1/O
                         net (fo=5, routed)           0.127     9.808    dbg_hub/inst/BSCANID.u_xsdbm_id/SWITCH_N_EXT_BSCAN.bscan_switch/m_bscan_drck[0]_INST_0_i_1_n_0
    SLICE_X50Y167        LUT4 (Prop_D5LUT_SLICEL_I3_O)
                                                      0.187     9.995 r  dbg_hub/inst/BSCANID.u_xsdbm_id/SWITCH_N_EXT_BSCAN.bscan_switch/m_bscan_sel[0]_INST_0/O
                         net (fo=11, routed)          1.102    11.097    dbg_hub/inst/BSCANID.u_xsdbm_id/CORE_XSDB.U_ICON/U_CMD/iTARGET_reg[6]_0
    SLICE_X55Y111        FDCE                                         f  dbg_hub/inst/BSCANID.u_xsdbm_id/CORE_XSDB.U_ICON/U_CMD/iTARGET_reg[7]/CLR  (IS_INVERTED)
  -------------------------------------------------------------------    -------------------

                         (clock dbg_hub/inst/BSCANID.u_xsdbm_id/SWITCH_N_EXT_BSCAN.bscan_inst/SERIES7_BSCAN.bscan_inst/INTERNAL_TCK rise edge)
                                                     50.000    50.000 r  
    CONFIG_SITE_X0Y0     BSCANE2                      0.000    50.000 r  dbg_hub/inst/BSCANID.u_xsdbm_id/SWITCH_N_EXT_BSCAN.bscan_inst/SERIES7_BSCAN.bscan_inst/INTERNAL_TCK
    CONFIG_SITE_X0Y0     BSCANE2 (Prop_BSCAN1_CONFIG_SITE_INTERNAL_TCK_TCK)
                                                      0.465    50.465 r  dbg_hub/inst/BSCANID.u_xsdbm_id/SWITCH_N_EXT_BSCAN.bscan_inst/SERIES7_BSCAN.bscan_inst/TCK
                         net (fo=1, routed)           1.120    51.585    dbg_hub/inst/BSCANID.u_xsdbm_id/tck_bs
    BUFGCE_X0Y76         BUFGCE (Prop_BUFCE_BUFGCE_I_O)
                                                      0.039    51.624 r  dbg_hub/inst/BSCANID.u_xsdbm_id/SWITCH_N_EXT_BSCAN.u_bufg_icon_tck/O
    X2Y1 (CLOCK_ROOT)    net (fo=482, routed)         2.334    53.958    dbg_hub/inst/BSCANID.u_xsdbm_id/CORE_XSDB.U_ICON/U_CMD/m_bscan_tck[0]
    SLICE_X55Y111        FDCE                                         r  dbg_hub/inst/BSCANID.u_xsdbm_id/CORE_XSDB.U_ICON/U_CMD/iTARGET_reg[7]/C
                         clock pessimism              4.978    58.936    
                         clock uncertainty           -0.035    58.901    
    SLICE_X55Y111        FDCE (Recov_GFF2_SLICEL_C_CLR)
                                                     -0.093    58.808    dbg_hub/inst/BSCANID.u_xsdbm_id/CORE_XSDB.U_ICON/U_CMD/iTARGET_reg[7]
  -------------------------------------------------------------------
                         required time                         58.808    
                         arrival time                         -11.097    
  -------------------------------------------------------------------
                         slack                                 47.711    

Slack (MET) :             47.711ns  (required time - arrival time)
  Source:                 dbg_hub/inst/BSCANID.u_xsdbm_id/SWITCH_N_EXT_BSCAN.bscan_switch/portno_reg[5]/C
                            (rising edge-triggered cell FDRE clocked by dbg_hub/inst/BSCANID.u_xsdbm_id/SWITCH_N_EXT_BSCAN.bscan_inst/SERIES7_BSCAN.bscan_inst/INTERNAL_TCK  {rise@0.000ns fall@25.000ns period=50.000ns})
  Destination:            dbg_hub/inst/BSCANID.u_xsdbm_id/CORE_XSDB.U_ICON/U_CMD/iTARGET_reg[8]/CLR
                            (recovery check against rising-edge clock dbg_hub/inst/BSCANID.u_xsdbm_id/SWITCH_N_EXT_BSCAN.bscan_inst/SERIES7_BSCAN.bscan_inst/INTERNAL_TCK  {rise@0.000ns fall@25.000ns period=50.000ns})
  Path Group:             **async_default**
  Path Type:              Recovery (Max at Slow Process Corner)
  Requirement:            50.000ns  (dbg_hub/inst/BSCANID.u_xsdbm_id/SWITCH_N_EXT_BSCAN.bscan_inst/SERIES7_BSCAN.bscan_inst/INTERNAL_TCK rise@50.000ns - dbg_hub/inst/BSCANID.u_xsdbm_id/SWITCH_N_EXT_BSCAN.bscan_inst/SERIES7_BSCAN.bscan_inst/INTERNAL_TCK rise@0.000ns)
  Data Path Delay:        1.994ns  (logic 0.530ns (26.582%)  route 1.464ns (73.418%))
  Logic Levels:           2  (LUT4=1 LUT6=1)
  Clock Path Skew:        -0.167ns (DCD - SCD + CPR)
    Destination Clock Delay (DCD):    3.958ns = ( 53.958 - 50.000 ) 
    Source Clock Delay      (SCD):    9.103ns
    Clock Pessimism Removal (CPR):    4.978ns
  Clock Uncertainty:      0.035ns  ((TSJ^2 + TIJ^2)^1/2 + DJ) / 2 + PE
    Total System Jitter     (TSJ):    0.071ns
    Total Input Jitter      (TIJ):    0.000ns
    Discrete Jitter          (DJ):    0.000ns
    Phase Error              (PE):    0.000ns
  Clock Net Delay (Source):      2.628ns (routing 1.467ns, distribution 1.161ns)
  Clock Net Delay (Destination): 2.334ns (routing 1.340ns, distribution 0.994ns)

    Location             Delay type                Incr(ns)  Path(ns)    Netlist Resource(s)
  -------------------------------------------------------------------    -------------------
                         (clock dbg_hub/inst/BSCANID.u_xsdbm_id/SWITCH_N_EXT_BSCAN.bscan_inst/SERIES7_BSCAN.bscan_inst/INTERNAL_TCK rise edge)
                                                      0.000     0.000 r  
    CONFIG_SITE_X0Y0     BSCANE2                      0.000     0.000 r  dbg_hub/inst/BSCANID.u_xsdbm_id/SWITCH_N_EXT_BSCAN.bscan_inst/SERIES7_BSCAN.bscan_inst/INTERNAL_TCK
    CONFIG_SITE_X0Y0     BSCANE2 (Prop_BSCAN1_CONFIG_SITE_INTERNAL_TCK_TCK)
                                                      4.800     4.800 r  dbg_hub/inst/BSCANID.u_xsdbm_id/SWITCH_N_EXT_BSCAN.bscan_inst/SERIES7_BSCAN.bscan_inst/TCK
                         net (fo=1, routed)           1.631     6.431    dbg_hub/inst/BSCANID.u_xsdbm_id/tck_bs
    BUFGCE_X0Y76         BUFGCE (Prop_BUFCE_BUFGCE_I_O)
                                                      0.044     6.475 r  dbg_hub/inst/BSCANID.u_xsdbm_id/SWITCH_N_EXT_BSCAN.u_bufg_icon_tck/O
    X2Y1 (CLOCK_ROOT)    net (fo=482, routed)         2.628     9.103    dbg_hub/inst/BSCANID.u_xsdbm_id/SWITCH_N_EXT_BSCAN.bscan_switch/s_bscan_tck
    SLICE_X50Y169        FDRE                                         r  dbg_hub/inst/BSCANID.u_xsdbm_id/SWITCH_N_EXT_BSCAN.bscan_switch/portno_reg[5]/C
  -------------------------------------------------------------------    -------------------
    SLICE_X50Y169        FDRE (Prop_GFF2_SLICEL_C_Q)
                                                      0.116     9.219 f  dbg_hub/inst/BSCANID.u_xsdbm_id/SWITCH_N_EXT_BSCAN.bscan_switch/portno_reg[5]/Q
                         net (fo=1, routed)           0.235     9.454    dbg_hub/inst/BSCANID.u_xsdbm_id/SWITCH_N_EXT_BSCAN.bscan_switch/portno[5]
    SLICE_X50Y169        LUT6 (Prop_H6LUT_SLICEL_I5_O)
                                                      0.227     9.681 f  dbg_hub/inst/BSCANID.u_xsdbm_id/SWITCH_N_EXT_BSCAN.bscan_switch/m_bscan_drck[0]_INST_0_i_1/O
                         net (fo=5, routed)           0.127     9.808    dbg_hub/inst/BSCANID.u_xsdbm_id/SWITCH_N_EXT_BSCAN.bscan_switch/m_bscan_drck[0]_INST_0_i_1_n_0
    SLICE_X50Y167        LUT4 (Prop_D5LUT_SLICEL_I3_O)
                                                      0.187     9.995 r  dbg_hub/inst/BSCANID.u_xsdbm_id/SWITCH_N_EXT_BSCAN.bscan_switch/m_bscan_sel[0]_INST_0/O
                         net (fo=11, routed)          1.102    11.097    dbg_hub/inst/BSCANID.u_xsdbm_id/CORE_XSDB.U_ICON/U_CMD/iTARGET_reg[6]_0
    SLICE_X55Y111        FDCE                                         f  dbg_hub/inst/BSCANID.u_xsdbm_id/CORE_XSDB.U_ICON/U_CMD/iTARGET_reg[8]/CLR  (IS_INVERTED)
  -------------------------------------------------------------------    -------------------

                         (clock dbg_hub/inst/BSCANID.u_xsdbm_id/SWITCH_N_EXT_BSCAN.bscan_inst/SERIES7_BSCAN.bscan_inst/INTERNAL_TCK rise edge)
                                                     50.000    50.000 r  
    CONFIG_SITE_X0Y0     BSCANE2                      0.000    50.000 r  dbg_hub/inst/BSCANID.u_xsdbm_id/SWITCH_N_EXT_BSCAN.bscan_inst/SERIES7_BSCAN.bscan_inst/INTERNAL_TCK
    CONFIG_SITE_X0Y0     BSCANE2 (Prop_BSCAN1_CONFIG_SITE_INTERNAL_TCK_TCK)
                                                      0.465    50.465 r  dbg_hub/inst/BSCANID.u_xsdbm_id/SWITCH_N_EXT_BSCAN.bscan_inst/SERIES7_BSCAN.bscan_inst/TCK
                         net (fo=1, routed)           1.120    51.585    dbg_hub/inst/BSCANID.u_xsdbm_id/tck_bs
    BUFGCE_X0Y76         BUFGCE (Prop_BUFCE_BUFGCE_I_O)
                                                      0.039    51.624 r  dbg_hub/inst/BSCANID.u_xsdbm_id/SWITCH_N_EXT_BSCAN.u_bufg_icon_tck/O
    X2Y1 (CLOCK_ROOT)    net (fo=482, routed)         2.334    53.958    dbg_hub/inst/BSCANID.u_xsdbm_id/CORE_XSDB.U_ICON/U_CMD/m_bscan_tck[0]
    SLICE_X55Y111        FDCE                                         r  dbg_hub/inst/BSCANID.u_xsdbm_id/CORE_XSDB.U_ICON/U_CMD/iTARGET_reg[8]/C
                         clock pessimism              4.978    58.936    
                         clock uncertainty           -0.035    58.901    
    SLICE_X55Y111        FDCE (Recov_HFF_SLICEL_C_CLR)
                                                     -0.093    58.808    dbg_hub/inst/BSCANID.u_xsdbm_id/CORE_XSDB.U_ICON/U_CMD/iTARGET_reg[8]
  -------------------------------------------------------------------
                         required time                         58.808    
                         arrival time                         -11.097    
  -------------------------------------------------------------------
                         slack                                 47.711    

Slack (MET) :             47.752ns  (required time - arrival time)
  Source:                 dbg_hub/inst/BSCANID.u_xsdbm_id/SWITCH_N_EXT_BSCAN.bscan_switch/portno_reg[5]/C
                            (rising edge-triggered cell FDRE clocked by dbg_hub/inst/BSCANID.u_xsdbm_id/SWITCH_N_EXT_BSCAN.bscan_inst/SERIES7_BSCAN.bscan_inst/INTERNAL_TCK  {rise@0.000ns fall@25.000ns period=50.000ns})
  Destination:            dbg_hub/inst/BSCANID.u_xsdbm_id/CORE_XSDB.U_ICON/U_CMD/iTARGET_reg[10]/CLR
                            (recovery check against rising-edge clock dbg_hub/inst/BSCANID.u_xsdbm_id/SWITCH_N_EXT_BSCAN.bscan_inst/SERIES7_BSCAN.bscan_inst/INTERNAL_TCK  {rise@0.000ns fall@25.000ns period=50.000ns})
  Path Group:             **async_default**
  Path Type:              Recovery (Max at Slow Process Corner)
  Requirement:            50.000ns  (dbg_hub/inst/BSCANID.u_xsdbm_id/SWITCH_N_EXT_BSCAN.bscan_inst/SERIES7_BSCAN.bscan_inst/INTERNAL_TCK rise@50.000ns - dbg_hub/inst/BSCANID.u_xsdbm_id/SWITCH_N_EXT_BSCAN.bscan_inst/SERIES7_BSCAN.bscan_inst/INTERNAL_TCK rise@0.000ns)
  Data Path Delay:        1.954ns  (logic 0.530ns (27.127%)  route 1.424ns (72.873%))
  Logic Levels:           2  (LUT4=1 LUT6=1)
  Clock Path Skew:        -0.166ns (DCD - SCD + CPR)
    Destination Clock Delay (DCD):    3.959ns = ( 53.959 - 50.000 ) 
    Source Clock Delay      (SCD):    9.103ns
    Clock Pessimism Removal (CPR):    4.978ns
  Clock Uncertainty:      0.035ns  ((TSJ^2 + TIJ^2)^1/2 + DJ) / 2 + PE
    Total System Jitter     (TSJ):    0.071ns
    Total Input Jitter      (TIJ):    0.000ns
    Discrete Jitter          (DJ):    0.000ns
    Phase Error              (PE):    0.000ns
  Clock Net Delay (Source):      2.628ns (routing 1.467ns, distribution 1.161ns)
  Clock Net Delay (Destination): 2.335ns (routing 1.340ns, distribution 0.995ns)

    Location             Delay type                Incr(ns)  Path(ns)    Netlist Resource(s)
  -------------------------------------------------------------------    -------------------
                         (clock dbg_hub/inst/BSCANID.u_xsdbm_id/SWITCH_N_EXT_BSCAN.bscan_inst/SERIES7_BSCAN.bscan_inst/INTERNAL_TCK rise edge)
                                                      0.000     0.000 r  
    CONFIG_SITE_X0Y0     BSCANE2                      0.000     0.000 r  dbg_hub/inst/BSCANID.u_xsdbm_id/SWITCH_N_EXT_BSCAN.bscan_inst/SERIES7_BSCAN.bscan_inst/INTERNAL_TCK
    CONFIG_SITE_X0Y0     BSCANE2 (Prop_BSCAN1_CONFIG_SITE_INTERNAL_TCK_TCK)
                                                      4.800     4.800 r  dbg_hub/inst/BSCANID.u_xsdbm_id/SWITCH_N_EXT_BSCAN.bscan_inst/SERIES7_BSCAN.bscan_inst/TCK
                         net (fo=1, routed)           1.631     6.431    dbg_hub/inst/BSCANID.u_xsdbm_id/tck_bs
    BUFGCE_X0Y76         BUFGCE (Prop_BUFCE_BUFGCE_I_O)
                                                      0.044     6.475 r  dbg_hub/inst/BSCANID.u_xsdbm_id/SWITCH_N_EXT_BSCAN.u_bufg_icon_tck/O
    X2Y1 (CLOCK_ROOT)    net (fo=482, routed)         2.628     9.103    dbg_hub/inst/BSCANID.u_xsdbm_id/SWITCH_N_EXT_BSCAN.bscan_switch/s_bscan_tck
    SLICE_X50Y169        FDRE                                         r  dbg_hub/inst/BSCANID.u_xsdbm_id/SWITCH_N_EXT_BSCAN.bscan_switch/portno_reg[5]/C
  -------------------------------------------------------------------    -------------------
    SLICE_X50Y169        FDRE (Prop_GFF2_SLICEL_C_Q)
                                                      0.116     9.219 f  dbg_hub/inst/BSCANID.u_xsdbm_id/SWITCH_N_EXT_BSCAN.bscan_switch/portno_reg[5]/Q
                         net (fo=1, routed)           0.235     9.454    dbg_hub/inst/BSCANID.u_xsdbm_id/SWITCH_N_EXT_BSCAN.bscan_switch/portno[5]
    SLICE_X50Y169        LUT6 (Prop_H6LUT_SLICEL_I5_O)
                                                      0.227     9.681 f  dbg_hub/inst/BSCANID.u_xsdbm_id/SWITCH_N_EXT_BSCAN.bscan_switch/m_bscan_drck[0]_INST_0_i_1/O
                         net (fo=5, routed)           0.127     9.808    dbg_hub/inst/BSCANID.u_xsdbm_id/SWITCH_N_EXT_BSCAN.bscan_switch/m_bscan_drck[0]_INST_0_i_1_n_0
    SLICE_X50Y167        LUT4 (Prop_D5LUT_SLICEL_I3_O)
                                                      0.187     9.995 r  dbg_hub/inst/BSCANID.u_xsdbm_id/SWITCH_N_EXT_BSCAN.bscan_switch/m_bscan_sel[0]_INST_0/O
                         net (fo=11, routed)          1.062    11.057    dbg_hub/inst/BSCANID.u_xsdbm_id/CORE_XSDB.U_ICON/U_CMD/iTARGET_reg[6]_0
    SLICE_X54Y113        FDCE                                         f  dbg_hub/inst/BSCANID.u_xsdbm_id/CORE_XSDB.U_ICON/U_CMD/iTARGET_reg[10]/CLR  (IS_INVERTED)
  -------------------------------------------------------------------    -------------------

                         (clock dbg_hub/inst/BSCANID.u_xsdbm_id/SWITCH_N_EXT_BSCAN.bscan_inst/SERIES7_BSCAN.bscan_inst/INTERNAL_TCK rise edge)
                                                     50.000    50.000 r  
    CONFIG_SITE_X0Y0     BSCANE2                      0.000    50.000 r  dbg_hub/inst/BSCANID.u_xsdbm_id/SWITCH_N_EXT_BSCAN.bscan_inst/SERIES7_BSCAN.bscan_inst/INTERNAL_TCK
    CONFIG_SITE_X0Y0     BSCANE2 (Prop_BSCAN1_CONFIG_SITE_INTERNAL_TCK_TCK)
                                                      0.465    50.465 r  dbg_hub/inst/BSCANID.u_xsdbm_id/SWITCH_N_EXT_BSCAN.bscan_inst/SERIES7_BSCAN.bscan_inst/TCK
                         net (fo=1, routed)           1.120    51.585    dbg_hub/inst/BSCANID.u_xsdbm_id/tck_bs
    BUFGCE_X0Y76         BUFGCE (Prop_BUFCE_BUFGCE_I_O)
                                                      0.039    51.624 r  dbg_hub/inst/BSCANID.u_xsdbm_id/SWITCH_N_EXT_BSCAN.u_bufg_icon_tck/O
    X2Y1 (CLOCK_ROOT)    net (fo=482, routed)         2.335    53.959    dbg_hub/inst/BSCANID.u_xsdbm_id/CORE_XSDB.U_ICON/U_CMD/m_bscan_tck[0]
    SLICE_X54Y113        FDCE                                         r  dbg_hub/inst/BSCANID.u_xsdbm_id/CORE_XSDB.U_ICON/U_CMD/iTARGET_reg[10]/C
                         clock pessimism              4.978    58.937    
                         clock uncertainty           -0.035    58.902    
    SLICE_X54Y113        FDCE (Recov_EFF_SLICEM_C_CLR)
                                                     -0.093    58.809    dbg_hub/inst/BSCANID.u_xsdbm_id/CORE_XSDB.U_ICON/U_CMD/iTARGET_reg[10]
  -------------------------------------------------------------------
                         required time                         58.809    
                         arrival time                         -11.057    
  -------------------------------------------------------------------
                         slack                                 47.752    

Slack (MET) :             47.752ns  (required time - arrival time)
  Source:                 dbg_hub/inst/BSCANID.u_xsdbm_id/SWITCH_N_EXT_BSCAN.bscan_switch/portno_reg[5]/C
                            (rising edge-triggered cell FDRE clocked by dbg_hub/inst/BSCANID.u_xsdbm_id/SWITCH_N_EXT_BSCAN.bscan_inst/SERIES7_BSCAN.bscan_inst/INTERNAL_TCK  {rise@0.000ns fall@25.000ns period=50.000ns})
  Destination:            dbg_hub/inst/BSCANID.u_xsdbm_id/CORE_XSDB.U_ICON/U_CMD/iTARGET_reg[11]/CLR
                            (recovery check against rising-edge clock dbg_hub/inst/BSCANID.u_xsdbm_id/SWITCH_N_EXT_BSCAN.bscan_inst/SERIES7_BSCAN.bscan_inst/INTERNAL_TCK  {rise@0.000ns fall@25.000ns period=50.000ns})
  Path Group:             **async_default**
  Path Type:              Recovery (Max at Slow Process Corner)
  Requirement:            50.000ns  (dbg_hub/inst/BSCANID.u_xsdbm_id/SWITCH_N_EXT_BSCAN.bscan_inst/SERIES7_BSCAN.bscan_inst/INTERNAL_TCK rise@50.000ns - dbg_hub/inst/BSCANID.u_xsdbm_id/SWITCH_N_EXT_BSCAN.bscan_inst/SERIES7_BSCAN.bscan_inst/INTERNAL_TCK rise@0.000ns)
  Data Path Delay:        1.954ns  (logic 0.530ns (27.127%)  route 1.424ns (72.873%))
  Logic Levels:           2  (LUT4=1 LUT6=1)
  Clock Path Skew:        -0.166ns (DCD - SCD + CPR)
    Destination Clock Delay (DCD):    3.959ns = ( 53.959 - 50.000 ) 
    Source Clock Delay      (SCD):    9.103ns
    Clock Pessimism Removal (CPR):    4.978ns
  Clock Uncertainty:      0.035ns  ((TSJ^2 + TIJ^2)^1/2 + DJ) / 2 + PE
    Total System Jitter     (TSJ):    0.071ns
    Total Input Jitter      (TIJ):    0.000ns
    Discrete Jitter          (DJ):    0.000ns
    Phase Error              (PE):    0.000ns
  Clock Net Delay (Source):      2.628ns (routing 1.467ns, distribution 1.161ns)
  Clock Net Delay (Destination): 2.335ns (routing 1.340ns, distribution 0.995ns)

    Location             Delay type                Incr(ns)  Path(ns)    Netlist Resource(s)
  -------------------------------------------------------------------    -------------------
                         (clock dbg_hub/inst/BSCANID.u_xsdbm_id/SWITCH_N_EXT_BSCAN.bscan_inst/SERIES7_BSCAN.bscan_inst/INTERNAL_TCK rise edge)
                                                      0.000     0.000 r  
    CONFIG_SITE_X0Y0     BSCANE2                      0.000     0.000 r  dbg_hub/inst/BSCANID.u_xsdbm_id/SWITCH_N_EXT_BSCAN.bscan_inst/SERIES7_BSCAN.bscan_inst/INTERNAL_TCK
    CONFIG_SITE_X0Y0     BSCANE2 (Prop_BSCAN1_CONFIG_SITE_INTERNAL_TCK_TCK)
                                                      4.800     4.800 r  dbg_hub/inst/BSCANID.u_xsdbm_id/SWITCH_N_EXT_BSCAN.bscan_inst/SERIES7_BSCAN.bscan_inst/TCK
                         net (fo=1, routed)           1.631     6.431    dbg_hub/inst/BSCANID.u_xsdbm_id/tck_bs
    BUFGCE_X0Y76         BUFGCE (Prop_BUFCE_BUFGCE_I_O)
                                                      0.044     6.475 r  dbg_hub/inst/BSCANID.u_xsdbm_id/SWITCH_N_EXT_BSCAN.u_bufg_icon_tck/O
    X2Y1 (CLOCK_ROOT)    net (fo=482, routed)         2.628     9.103    dbg_hub/inst/BSCANID.u_xsdbm_id/SWITCH_N_EXT_BSCAN.bscan_switch/s_bscan_tck
    SLICE_X50Y169        FDRE                                         r  dbg_hub/inst/BSCANID.u_xsdbm_id/SWITCH_N_EXT_BSCAN.bscan_switch/portno_reg[5]/C
  -------------------------------------------------------------------    -------------------
    SLICE_X50Y169        FDRE (Prop_GFF2_SLICEL_C_Q)
                                                      0.116     9.219 f  dbg_hub/inst/BSCANID.u_xsdbm_id/SWITCH_N_EXT_BSCAN.bscan_switch/portno_reg[5]/Q
                         net (fo=1, routed)           0.235     9.454    dbg_hub/inst/BSCANID.u_xsdbm_id/SWITCH_N_EXT_BSCAN.bscan_switch/portno[5]
    SLICE_X50Y169        LUT6 (Prop_H6LUT_SLICEL_I5_O)
                                                      0.227     9.681 f  dbg_hub/inst/BSCANID.u_xsdbm_id/SWITCH_N_EXT_BSCAN.bscan_switch/m_bscan_drck[0]_INST_0_i_1/O
                         net (fo=5, routed)           0.127     9.808    dbg_hub/inst/BSCANID.u_xsdbm_id/SWITCH_N_EXT_BSCAN.bscan_switch/m_bscan_drck[0]_INST_0_i_1_n_0
    SLICE_X50Y167        LUT4 (Prop_D5LUT_SLICEL_I3_O)
                                                      0.187     9.995 r  dbg_hub/inst/BSCANID.u_xsdbm_id/SWITCH_N_EXT_BSCAN.bscan_switch/m_bscan_sel[0]_INST_0/O
                         net (fo=11, routed)          1.062    11.057    dbg_hub/inst/BSCANID.u_xsdbm_id/CORE_XSDB.U_ICON/U_CMD/iTARGET_reg[6]_0
    SLICE_X54Y113        FDCE                                         f  dbg_hub/inst/BSCANID.u_xsdbm_id/CORE_XSDB.U_ICON/U_CMD/iTARGET_reg[11]/CLR  (IS_INVERTED)
  -------------------------------------------------------------------    -------------------

                         (clock dbg_hub/inst/BSCANID.u_xsdbm_id/SWITCH_N_EXT_BSCAN.bscan_inst/SERIES7_BSCAN.bscan_inst/INTERNAL_TCK rise edge)
                                                     50.000    50.000 r  
    CONFIG_SITE_X0Y0     BSCANE2                      0.000    50.000 r  dbg_hub/inst/BSCANID.u_xsdbm_id/SWITCH_N_EXT_BSCAN.bscan_inst/SERIES7_BSCAN.bscan_inst/INTERNAL_TCK
    CONFIG_SITE_X0Y0     BSCANE2 (Prop_BSCAN1_CONFIG_SITE_INTERNAL_TCK_TCK)
                                                      0.465    50.465 r  dbg_hub/inst/BSCANID.u_xsdbm_id/SWITCH_N_EXT_BSCAN.bscan_inst/SERIES7_BSCAN.bscan_inst/TCK
                         net (fo=1, routed)           1.120    51.585    dbg_hub/inst/BSCANID.u_xsdbm_id/tck_bs
    BUFGCE_X0Y76         BUFGCE (Prop_BUFCE_BUFGCE_I_O)
                                                      0.039    51.624 r  dbg_hub/inst/BSCANID.u_xsdbm_id/SWITCH_N_EXT_BSCAN.u_bufg_icon_tck/O
    X2Y1 (CLOCK_ROOT)    net (fo=482, routed)         2.335    53.959    dbg_hub/inst/BSCANID.u_xsdbm_id/CORE_XSDB.U_ICON/U_CMD/m_bscan_tck[0]
    SLICE_X54Y113        FDCE                                         r  dbg_hub/inst/BSCANID.u_xsdbm_id/CORE_XSDB.U_ICON/U_CMD/iTARGET_reg[11]/C
                         clock pessimism              4.978    58.937    
                         clock uncertainty           -0.035    58.902    
    SLICE_X54Y113        FDCE (Recov_EFF2_SLICEM_C_CLR)
                                                     -0.093    58.809    dbg_hub/inst/BSCANID.u_xsdbm_id/CORE_XSDB.U_ICON/U_CMD/iTARGET_reg[11]
  -------------------------------------------------------------------
                         required time                         58.809    
                         arrival time                         -11.057    
  -------------------------------------------------------------------
                         slack                                 47.752    

Slack (MET) :             47.752ns  (required time - arrival time)
  Source:                 dbg_hub/inst/BSCANID.u_xsdbm_id/SWITCH_N_EXT_BSCAN.bscan_switch/portno_reg[5]/C
                            (rising edge-triggered cell FDRE clocked by dbg_hub/inst/BSCANID.u_xsdbm_id/SWITCH_N_EXT_BSCAN.bscan_inst/SERIES7_BSCAN.bscan_inst/INTERNAL_TCK  {rise@0.000ns fall@25.000ns period=50.000ns})
  Destination:            dbg_hub/inst/BSCANID.u_xsdbm_id/CORE_XSDB.U_ICON/U_CMD/iTARGET_reg[9]/CLR
                            (recovery check against rising-edge clock dbg_hub/inst/BSCANID.u_xsdbm_id/SWITCH_N_EXT_BSCAN.bscan_inst/SERIES7_BSCAN.bscan_inst/INTERNAL_TCK  {rise@0.000ns fall@25.000ns period=50.000ns})
  Path Group:             **async_default**
  Path Type:              Recovery (Max at Slow Process Corner)
  Requirement:            50.000ns  (dbg_hub/inst/BSCANID.u_xsdbm_id/SWITCH_N_EXT_BSCAN.bscan_inst/SERIES7_BSCAN.bscan_inst/INTERNAL_TCK rise@50.000ns - dbg_hub/inst/BSCANID.u_xsdbm_id/SWITCH_N_EXT_BSCAN.bscan_inst/SERIES7_BSCAN.bscan_inst/INTERNAL_TCK rise@0.000ns)
  Data Path Delay:        1.954ns  (logic 0.530ns (27.127%)  route 1.424ns (72.873%))
  Logic Levels:           2  (LUT4=1 LUT6=1)
  Clock Path Skew:        -0.166ns (DCD - SCD + CPR)
    Destination Clock Delay (DCD):    3.959ns = ( 53.959 - 50.000 ) 
    Source Clock Delay      (SCD):    9.103ns
    Clock Pessimism Removal (CPR):    4.978ns
  Clock Uncertainty:      0.035ns  ((TSJ^2 + TIJ^2)^1/2 + DJ) / 2 + PE
    Total System Jitter     (TSJ):    0.071ns
    Total Input Jitter      (TIJ):    0.000ns
    Discrete Jitter          (DJ):    0.000ns
    Phase Error              (PE):    0.000ns
  Clock Net Delay (Source):      2.628ns (routing 1.467ns, distribution 1.161ns)
  Clock Net Delay (Destination): 2.335ns (routing 1.340ns, distribution 0.995ns)

    Location             Delay type                Incr(ns)  Path(ns)    Netlist Resource(s)
  -------------------------------------------------------------------    -------------------
                         (clock dbg_hub/inst/BSCANID.u_xsdbm_id/SWITCH_N_EXT_BSCAN.bscan_inst/SERIES7_BSCAN.bscan_inst/INTERNAL_TCK rise edge)
                                                      0.000     0.000 r  
    CONFIG_SITE_X0Y0     BSCANE2                      0.000     0.000 r  dbg_hub/inst/BSCANID.u_xsdbm_id/SWITCH_N_EXT_BSCAN.bscan_inst/SERIES7_BSCAN.bscan_inst/INTERNAL_TCK
    CONFIG_SITE_X0Y0     BSCANE2 (Prop_BSCAN1_CONFIG_SITE_INTERNAL_TCK_TCK)
                                                      4.800     4.800 r  dbg_hub/inst/BSCANID.u_xsdbm_id/SWITCH_N_EXT_BSCAN.bscan_inst/SERIES7_BSCAN.bscan_inst/TCK
                         net (fo=1, routed)           1.631     6.431    dbg_hub/inst/BSCANID.u_xsdbm_id/tck_bs
    BUFGCE_X0Y76         BUFGCE (Prop_BUFCE_BUFGCE_I_O)
                                                      0.044     6.475 r  dbg_hub/inst/BSCANID.u_xsdbm_id/SWITCH_N_EXT_BSCAN.u_bufg_icon_tck/O
    X2Y1 (CLOCK_ROOT)    net (fo=482, routed)         2.628     9.103    dbg_hub/inst/BSCANID.u_xsdbm_id/SWITCH_N_EXT_BSCAN.bscan_switch/s_bscan_tck
    SLICE_X50Y169        FDRE                                         r  dbg_hub/inst/BSCANID.u_xsdbm_id/SWITCH_N_EXT_BSCAN.bscan_switch/portno_reg[5]/C
  -------------------------------------------------------------------    -------------------
    SLICE_X50Y169        FDRE (Prop_GFF2_SLICEL_C_Q)
                                                      0.116     9.219 f  dbg_hub/inst/BSCANID.u_xsdbm_id/SWITCH_N_EXT_BSCAN.bscan_switch/portno_reg[5]/Q
                         net (fo=1, routed)           0.235     9.454    dbg_hub/inst/BSCANID.u_xsdbm_id/SWITCH_N_EXT_BSCAN.bscan_switch/portno[5]
    SLICE_X50Y169        LUT6 (Prop_H6LUT_SLICEL_I5_O)
                                                      0.227     9.681 f  dbg_hub/inst/BSCANID.u_xsdbm_id/SWITCH_N_EXT_BSCAN.bscan_switch/m_bscan_drck[0]_INST_0_i_1/O
                         net (fo=5, routed)           0.127     9.808    dbg_hub/inst/BSCANID.u_xsdbm_id/SWITCH_N_EXT_BSCAN.bscan_switch/m_bscan_drck[0]_INST_0_i_1_n_0
    SLICE_X50Y167        LUT4 (Prop_D5LUT_SLICEL_I3_O)
                                                      0.187     9.995 r  dbg_hub/inst/BSCANID.u_xsdbm_id/SWITCH_N_EXT_BSCAN.bscan_switch/m_bscan_sel[0]_INST_0/O
                         net (fo=11, routed)          1.062    11.057    dbg_hub/inst/BSCANID.u_xsdbm_id/CORE_XSDB.U_ICON/U_CMD/iTARGET_reg[6]_0
    SLICE_X54Y113        FDCE                                         f  dbg_hub/inst/BSCANID.u_xsdbm_id/CORE_XSDB.U_ICON/U_CMD/iTARGET_reg[9]/CLR  (IS_INVERTED)
  -------------------------------------------------------------------    -------------------

                         (clock dbg_hub/inst/BSCANID.u_xsdbm_id/SWITCH_N_EXT_BSCAN.bscan_inst/SERIES7_BSCAN.bscan_inst/INTERNAL_TCK rise edge)
                                                     50.000    50.000 r  
    CONFIG_SITE_X0Y0     BSCANE2                      0.000    50.000 r  dbg_hub/inst/BSCANID.u_xsdbm_id/SWITCH_N_EXT_BSCAN.bscan_inst/SERIES7_BSCAN.bscan_inst/INTERNAL_TCK
    CONFIG_SITE_X0Y0     BSCANE2 (Prop_BSCAN1_CONFIG_SITE_INTERNAL_TCK_TCK)
                                                      0.465    50.465 r  dbg_hub/inst/BSCANID.u_xsdbm_id/SWITCH_N_EXT_BSCAN.bscan_inst/SERIES7_BSCAN.bscan_inst/TCK
                         net (fo=1, routed)           1.120    51.585    dbg_hub/inst/BSCANID.u_xsdbm_id/tck_bs
    BUFGCE_X0Y76         BUFGCE (Prop_BUFCE_BUFGCE_I_O)
                                                      0.039    51.624 r  dbg_hub/inst/BSCANID.u_xsdbm_id/SWITCH_N_EXT_BSCAN.u_bufg_icon_tck/O
    X2Y1 (CLOCK_ROOT)    net (fo=482, routed)         2.335    53.959    dbg_hub/inst/BSCANID.u_xsdbm_id/CORE_XSDB.U_ICON/U_CMD/m_bscan_tck[0]
    SLICE_X54Y113        FDCE                                         r  dbg_hub/inst/BSCANID.u_xsdbm_id/CORE_XSDB.U_ICON/U_CMD/iTARGET_reg[9]/C
                         clock pessimism              4.978    58.937    
                         clock uncertainty           -0.035    58.902    
    SLICE_X54Y113        FDCE (Recov_FFF_SLICEM_C_CLR)
                                                     -0.093    58.809    dbg_hub/inst/BSCANID.u_xsdbm_id/CORE_XSDB.U_ICON/U_CMD/iTARGET_reg[9]
  -------------------------------------------------------------------
                         required time                         58.809    
                         arrival time                         -11.057    
  -------------------------------------------------------------------
                         slack                                 47.752    





Min Delay Paths
--------------------------------------------------------------------------------------
Slack (MET) :             0.160ns  (arrival time - required time)
  Source:                 dbg_hub/inst/BSCANID.u_xsdbm_id/CORE_XSDB.UUT_MASTER/U_ICON_INTERFACE/U_CMD6_RD/U_RD_FIFO/SUBCORE_FIFO.xsdbm_v3_0_0_rdfifo_inst/inst_fifo_gen/gconvfifo.rf/grf.rf/rstblk/ngwrdrst.grst.g7serrst.rst_rd_reg2_reg/C
                            (rising edge-triggered cell FDPE clocked by dbg_hub/inst/BSCANID.u_xsdbm_id/SWITCH_N_EXT_BSCAN.bscan_inst/SERIES7_BSCAN.bscan_inst/INTERNAL_TCK  {rise@0.000ns fall@25.000ns period=50.000ns})
  Destination:            dbg_hub/inst/BSCANID.u_xsdbm_id/CORE_XSDB.UUT_MASTER/U_ICON_INTERFACE/U_CMD6_RD/U_RD_FIFO/SUBCORE_FIFO.xsdbm_v3_0_0_rdfifo_inst/inst_fifo_gen/gconvfifo.rf/grf.rf/rstblk/ngwrdrst.grst.g7serrst.rd_rst_asreg_reg/PRE
                            (removal check against rising-edge clock dbg_hub/inst/BSCANID.u_xsdbm_id/SWITCH_N_EXT_BSCAN.bscan_inst/SERIES7_BSCAN.bscan_inst/INTERNAL_TCK  {rise@0.000ns fall@25.000ns period=50.000ns})
  Path Group:             **async_default**
  Path Type:              Removal (Min at Fast Process Corner)
  Requirement:            0.000ns  (dbg_hub/inst/BSCANID.u_xsdbm_id/SWITCH_N_EXT_BSCAN.bscan_inst/SERIES7_BSCAN.bscan_inst/INTERNAL_TCK rise@0.000ns - dbg_hub/inst/BSCANID.u_xsdbm_id/SWITCH_N_EXT_BSCAN.bscan_inst/SERIES7_BSCAN.bscan_inst/INTERNAL_TCK rise@0.000ns)
  Data Path Delay:        0.154ns  (logic 0.085ns (55.195%)  route 0.069ns (44.805%))
  Logic Levels:           0  
  Clock Path Skew:        0.012ns (DCD - SCD - CPR)
    Destination Clock Delay (DCD):    7.593ns
    Source Clock Delay      (SCD):    2.625ns
    Clock Pessimism Removal (CPR):    4.957ns
  Clock Net Delay (Source):      1.409ns (routing 0.805ns, distribution 0.604ns)
  Clock Net Delay (Destination): 1.542ns (routing 0.880ns, distribution 0.662ns)

    Location             Delay type                Incr(ns)  Path(ns)    Netlist Resource(s)
  -------------------------------------------------------------------    -------------------
                         (clock dbg_hub/inst/BSCANID.u_xsdbm_id/SWITCH_N_EXT_BSCAN.bscan_inst/SERIES7_BSCAN.bscan_inst/INTERNAL_TCK rise edge)
                                                      0.000     0.000 r  
    CONFIG_SITE_X0Y0     BSCANE2                      0.000     0.000 r  dbg_hub/inst/BSCANID.u_xsdbm_id/SWITCH_N_EXT_BSCAN.bscan_inst/SERIES7_BSCAN.bscan_inst/INTERNAL_TCK
    CONFIG_SITE_X0Y0     BSCANE2 (Prop_BSCAN1_CONFIG_SITE_INTERNAL_TCK_TCK)
                                                      0.465     0.465 r  dbg_hub/inst/BSCANID.u_xsdbm_id/SWITCH_N_EXT_BSCAN.bscan_inst/SERIES7_BSCAN.bscan_inst/TCK
                         net (fo=1, routed)           0.728     1.193    dbg_hub/inst/BSCANID.u_xsdbm_id/tck_bs
    BUFGCE_X0Y76         BUFGCE (Prop_BUFCE_BUFGCE_I_O)
                                                      0.023     1.216 r  dbg_hub/inst/BSCANID.u_xsdbm_id/SWITCH_N_EXT_BSCAN.u_bufg_icon_tck/O
    X2Y1 (CLOCK_ROOT)    net (fo=482, routed)         1.409     2.625    dbg_hub/inst/BSCANID.u_xsdbm_id/CORE_XSDB.UUT_MASTER/U_ICON_INTERFACE/U_CMD6_RD/U_RD_FIFO/SUBCORE_FIFO.xsdbm_v3_0_0_rdfifo_inst/inst_fifo_gen/gconvfifo.rf/grf.rf/rstblk/rd_clk
    SLICE_X57Y102        FDPE                                         r  dbg_hub/inst/BSCANID.u_xsdbm_id/CORE_XSDB.UUT_MASTER/U_ICON_INTERFACE/U_CMD6_RD/U_RD_FIFO/SUBCORE_FIFO.xsdbm_v3_0_0_rdfifo_inst/inst_fifo_gen/gconvfifo.rf/grf.rf/rstblk/ngwrdrst.grst.g7serrst.rst_rd_reg2_reg/C
  -------------------------------------------------------------------    -------------------
    SLICE_X57Y102        FDPE (Prop_AFF2_SLICEL_C_Q)
                                                      0.085     2.710 f  dbg_hub/inst/BSCANID.u_xsdbm_id/CORE_XSDB.UUT_MASTER/U_ICON_INTERFACE/U_CMD6_RD/U_RD_FIFO/SUBCORE_FIFO.xsdbm_v3_0_0_rdfifo_inst/inst_fifo_gen/gconvfifo.rf/grf.rf/rstblk/ngwrdrst.grst.g7serrst.rst_rd_reg2_reg/Q
                         net (fo=1, routed)           0.069     2.779    dbg_hub/inst/BSCANID.u_xsdbm_id/CORE_XSDB.UUT_MASTER/U_ICON_INTERFACE/U_CMD6_RD/U_RD_FIFO/SUBCORE_FIFO.xsdbm_v3_0_0_rdfifo_inst/inst_fifo_gen/gconvfifo.rf/grf.rf/rstblk/ngwrdrst.grst.rst_rd_reg2
    SLICE_X56Y102        FDPE                                         f  dbg_hub/inst/BSCANID.u_xsdbm_id/CORE_XSDB.UUT_MASTER/U_ICON_INTERFACE/U_CMD6_RD/U_RD_FIFO/SUBCORE_FIFO.xsdbm_v3_0_0_rdfifo_inst/inst_fifo_gen/gconvfifo.rf/grf.rf/rstblk/ngwrdrst.grst.g7serrst.rd_rst_asreg_reg/PRE
  -------------------------------------------------------------------    -------------------

                         (clock dbg_hub/inst/BSCANID.u_xsdbm_id/SWITCH_N_EXT_BSCAN.bscan_inst/SERIES7_BSCAN.bscan_inst/INTERNAL_TCK rise edge)
                                                      0.000     0.000 r  
    CONFIG_SITE_X0Y0     BSCANE2                      0.000     0.000 r  dbg_hub/inst/BSCANID.u_xsdbm_id/SWITCH_N_EXT_BSCAN.bscan_inst/SERIES7_BSCAN.bscan_inst/INTERNAL_TCK
    CONFIG_SITE_X0Y0     BSCANE2 (Prop_BSCAN1_CONFIG_SITE_INTERNAL_TCK_TCK)
                                                      4.800     4.800 r  dbg_hub/inst/BSCANID.u_xsdbm_id/SWITCH_N_EXT_BSCAN.bscan_inst/SERIES7_BSCAN.bscan_inst/TCK
                         net (fo=1, routed)           1.225     6.025    dbg_hub/inst/BSCANID.u_xsdbm_id/tck_bs
    BUFGCE_X0Y76         BUFGCE (Prop_BUFCE_BUFGCE_I_O)
                                                      0.026     6.051 r  dbg_hub/inst/BSCANID.u_xsdbm_id/SWITCH_N_EXT_BSCAN.u_bufg_icon_tck/O
    X2Y1 (CLOCK_ROOT)    net (fo=482, routed)         1.542     7.593    dbg_hub/inst/BSCANID.u_xsdbm_id/CORE_XSDB.UUT_MASTER/U_ICON_INTERFACE/U_CMD6_RD/U_RD_FIFO/SUBCORE_FIFO.xsdbm_v3_0_0_rdfifo_inst/inst_fifo_gen/gconvfifo.rf/grf.rf/rstblk/rd_clk
    SLICE_X56Y102        FDPE                                         r  dbg_hub/inst/BSCANID.u_xsdbm_id/CORE_XSDB.UUT_MASTER/U_ICON_INTERFACE/U_CMD6_RD/U_RD_FIFO/SUBCORE_FIFO.xsdbm_v3_0_0_rdfifo_inst/inst_fifo_gen/gconvfifo.rf/grf.rf/rstblk/ngwrdrst.grst.g7serrst.rd_rst_asreg_reg/C
                         clock pessimism             -4.957     2.637    
    SLICE_X56Y102        FDPE (Remov_DFF2_SLICEL_C_PRE)
                                                     -0.018     2.619    dbg_hub/inst/BSCANID.u_xsdbm_id/CORE_XSDB.UUT_MASTER/U_ICON_INTERFACE/U_CMD6_RD/U_RD_FIFO/SUBCORE_FIFO.xsdbm_v3_0_0_rdfifo_inst/inst_fifo_gen/gconvfifo.rf/grf.rf/rstblk/ngwrdrst.grst.g7serrst.rd_rst_asreg_reg
  -------------------------------------------------------------------
                         required time                         -2.619    
                         arrival time                           2.779    
  -------------------------------------------------------------------
                         slack                                  0.160    

Slack (MET) :             0.163ns  (arrival time - required time)
  Source:                 dbg_hub/inst/BSCANID.u_xsdbm_id/CORE_XSDB.UUT_MASTER/U_ICON_INTERFACE/U_CMD6_WR/U_WR_FIFO/SUBCORE_FIFO.xsdbm_v3_0_0_wrfifo_inst/inst_fifo_gen/gconvfifo.rf/grf.rf/rstblk/ngwrdrst.grst.g7serrst.wr_rst_reg_reg[0]/C
                            (rising edge-triggered cell FDPE clocked by dbg_hub/inst/BSCANID.u_xsdbm_id/SWITCH_N_EXT_BSCAN.bscan_inst/SERIES7_BSCAN.bscan_inst/INTERNAL_TCK  {rise@0.000ns fall@25.000ns period=50.000ns})
  Destination:            dbg_hub/inst/BSCANID.u_xsdbm_id/CORE_XSDB.UUT_MASTER/U_ICON_INTERFACE/U_CMD6_WR/U_WR_FIFO/SUBCORE_FIFO.xsdbm_v3_0_0_wrfifo_inst/inst_fifo_gen/gconvfifo.rf/grf.rf/gntv_or_sync_fifo.gcx.clkx/gnxpm_cdc.rd_pntr_bin_reg[3]/CLR
                            (removal check against rising-edge clock dbg_hub/inst/BSCANID.u_xsdbm_id/SWITCH_N_EXT_BSCAN.bscan_inst/SERIES7_BSCAN.bscan_inst/INTERNAL_TCK  {rise@0.000ns fall@25.000ns period=50.000ns})
  Path Group:             **async_default**
  Path Type:              Removal (Min at Fast Process Corner)
  Requirement:            0.000ns  (dbg_hub/inst/BSCANID.u_xsdbm_id/SWITCH_N_EXT_BSCAN.bscan_inst/SERIES7_BSCAN.bscan_inst/INTERNAL_TCK rise@0.000ns - dbg_hub/inst/BSCANID.u_xsdbm_id/SWITCH_N_EXT_BSCAN.bscan_inst/SERIES7_BSCAN.bscan_inst/INTERNAL_TCK rise@0.000ns)
  Data Path Delay:        0.198ns  (logic 0.082ns (41.512%)  route 0.116ns (58.488%))
  Logic Levels:           0  
  Clock Path Skew:        0.052ns (DCD - SCD - CPR)
    Destination Clock Delay (DCD):    7.587ns
    Source Clock Delay      (SCD):    2.612ns
    Clock Pessimism Removal (CPR):    4.923ns
  Clock Net Delay (Source):      1.396ns (routing 0.805ns, distribution 0.591ns)
  Clock Net Delay (Destination): 1.536ns (routing 0.880ns, distribution 0.656ns)

    Location             Delay type                Incr(ns)  Path(ns)    Netlist Resource(s)
  -------------------------------------------------------------------    -------------------
                         (clock dbg_hub/inst/BSCANID.u_xsdbm_id/SWITCH_N_EXT_BSCAN.bscan_inst/SERIES7_BSCAN.bscan_inst/INTERNAL_TCK rise edge)
                                                      0.000     0.000 r  
    CONFIG_SITE_X0Y0     BSCANE2                      0.000     0.000 r  dbg_hub/inst/BSCANID.u_xsdbm_id/SWITCH_N_EXT_BSCAN.bscan_inst/SERIES7_BSCAN.bscan_inst/INTERNAL_TCK
    CONFIG_SITE_X0Y0     BSCANE2 (Prop_BSCAN1_CONFIG_SITE_INTERNAL_TCK_TCK)
                                                      0.465     0.465 r  dbg_hub/inst/BSCANID.u_xsdbm_id/SWITCH_N_EXT_BSCAN.bscan_inst/SERIES7_BSCAN.bscan_inst/TCK
                         net (fo=1, routed)           0.728     1.193    dbg_hub/inst/BSCANID.u_xsdbm_id/tck_bs
    BUFGCE_X0Y76         BUFGCE (Prop_BUFCE_BUFGCE_I_O)
                                                      0.023     1.216 r  dbg_hub/inst/BSCANID.u_xsdbm_id/SWITCH_N_EXT_BSCAN.u_bufg_icon_tck/O
    X2Y1 (CLOCK_ROOT)    net (fo=482, routed)         1.396     2.612    dbg_hub/inst/BSCANID.u_xsdbm_id/CORE_XSDB.UUT_MASTER/U_ICON_INTERFACE/U_CMD6_WR/U_WR_FIFO/SUBCORE_FIFO.xsdbm_v3_0_0_wrfifo_inst/inst_fifo_gen/gconvfifo.rf/grf.rf/rstblk/wr_clk
    SLICE_X53Y96         FDPE                                         r  dbg_hub/inst/BSCANID.u_xsdbm_id/CORE_XSDB.UUT_MASTER/U_ICON_INTERFACE/U_CMD6_WR/U_WR_FIFO/SUBCORE_FIFO.xsdbm_v3_0_0_wrfifo_inst/inst_fifo_gen/gconvfifo.rf/grf.rf/rstblk/ngwrdrst.grst.g7serrst.wr_rst_reg_reg[0]/C
  -------------------------------------------------------------------    -------------------
    SLICE_X53Y96         FDPE (Prop_EFF_SLICEM_C_Q)
                                                      0.082     2.694 f  dbg_hub/inst/BSCANID.u_xsdbm_id/CORE_XSDB.UUT_MASTER/U_ICON_INTERFACE/U_CMD6_WR/U_WR_FIFO/SUBCORE_FIFO.xsdbm_v3_0_0_wrfifo_inst/inst_fifo_gen/gconvfifo.rf/grf.rf/rstblk/ngwrdrst.grst.g7serrst.wr_rst_reg_reg[0]/Q
                         net (fo=18, routed)          0.116     2.810    dbg_hub/inst/BSCANID.u_xsdbm_id/CORE_XSDB.UUT_MASTER/U_ICON_INTERFACE/U_CMD6_WR/U_WR_FIFO/SUBCORE_FIFO.xsdbm_v3_0_0_wrfifo_inst/inst_fifo_gen/gconvfifo.rf/grf.rf/gntv_or_sync_fifo.gcx.clkx/AR[0]
    SLICE_X52Y98         FDCE                                         f  dbg_hub/inst/BSCANID.u_xsdbm_id/CORE_XSDB.UUT_MASTER/U_ICON_INTERFACE/U_CMD6_WR/U_WR_FIFO/SUBCORE_FIFO.xsdbm_v3_0_0_wrfifo_inst/inst_fifo_gen/gconvfifo.rf/grf.rf/gntv_or_sync_fifo.gcx.clkx/gnxpm_cdc.rd_pntr_bin_reg[3]/CLR
  -------------------------------------------------------------------    -------------------

                         (clock dbg_hub/inst/BSCANID.u_xsdbm_id/SWITCH_N_EXT_BSCAN.bscan_inst/SERIES7_BSCAN.bscan_inst/INTERNAL_TCK rise edge)
                                                      0.000     0.000 r  
    CONFIG_SITE_X0Y0     BSCANE2                      0.000     0.000 r  dbg_hub/inst/BSCANID.u_xsdbm_id/SWITCH_N_EXT_BSCAN.bscan_inst/SERIES7_BSCAN.bscan_inst/INTERNAL_TCK
    CONFIG_SITE_X0Y0     BSCANE2 (Prop_BSCAN1_CONFIG_SITE_INTERNAL_TCK_TCK)
                                                      4.800     4.800 r  dbg_hub/inst/BSCANID.u_xsdbm_id/SWITCH_N_EXT_BSCAN.bscan_inst/SERIES7_BSCAN.bscan_inst/TCK
                         net (fo=1, routed)           1.225     6.025    dbg_hub/inst/BSCANID.u_xsdbm_id/tck_bs
    BUFGCE_X0Y76         BUFGCE (Prop_BUFCE_BUFGCE_I_O)
                                                      0.026     6.051 r  dbg_hub/inst/BSCANID.u_xsdbm_id/SWITCH_N_EXT_BSCAN.u_bufg_icon_tck/O
    X2Y1 (CLOCK_ROOT)    net (fo=482, routed)         1.536     7.587    dbg_hub/inst/BSCANID.u_xsdbm_id/CORE_XSDB.UUT_MASTER/U_ICON_INTERFACE/U_CMD6_WR/U_WR_FIFO/SUBCORE_FIFO.xsdbm_v3_0_0_wrfifo_inst/inst_fifo_gen/gconvfifo.rf/grf.rf/gntv_or_sync_fifo.gcx.clkx/wr_clk
    SLICE_X52Y98         FDCE                                         r  dbg_hub/inst/BSCANID.u_xsdbm_id/CORE_XSDB.UUT_MASTER/U_ICON_INTERFACE/U_CMD6_WR/U_WR_FIFO/SUBCORE_FIFO.xsdbm_v3_0_0_wrfifo_inst/inst_fifo_gen/gconvfifo.rf/grf.rf/gntv_or_sync_fifo.gcx.clkx/gnxpm_cdc.rd_pntr_bin_reg[3]/C
                         clock pessimism             -4.923     2.664    
    SLICE_X52Y98         FDCE (Remov_EFF_SLICEL_C_CLR)
                                                     -0.018     2.646    dbg_hub/inst/BSCANID.u_xsdbm_id/CORE_XSDB.UUT_MASTER/U_ICON_INTERFACE/U_CMD6_WR/U_WR_FIFO/SUBCORE_FIFO.xsdbm_v3_0_0_wrfifo_inst/inst_fifo_gen/gconvfifo.rf/grf.rf/gntv_or_sync_fifo.gcx.clkx/gnxpm_cdc.rd_pntr_bin_reg[3]
  -------------------------------------------------------------------
                         required time                         -2.646    
                         arrival time                           2.810    
  -------------------------------------------------------------------
                         slack                                  0.163    

Slack (MET) :             0.163ns  (arrival time - required time)
  Source:                 dbg_hub/inst/BSCANID.u_xsdbm_id/CORE_XSDB.UUT_MASTER/U_ICON_INTERFACE/U_CMD6_WR/U_WR_FIFO/SUBCORE_FIFO.xsdbm_v3_0_0_wrfifo_inst/inst_fifo_gen/gconvfifo.rf/grf.rf/rstblk/ngwrdrst.grst.g7serrst.wr_rst_reg_reg[0]/C
                            (rising edge-triggered cell FDPE clocked by dbg_hub/inst/BSCANID.u_xsdbm_id/SWITCH_N_EXT_BSCAN.bscan_inst/SERIES7_BSCAN.bscan_inst/INTERNAL_TCK  {rise@0.000ns fall@25.000ns period=50.000ns})
  Destination:            dbg_hub/inst/BSCANID.u_xsdbm_id/CORE_XSDB.UUT_MASTER/U_ICON_INTERFACE/U_CMD6_WR/U_WR_FIFO/SUBCORE_FIFO.xsdbm_v3_0_0_wrfifo_inst/inst_fifo_gen/gconvfifo.rf/grf.rf/gntv_or_sync_fifo.gl0.wr/gwas.wsts/ram_full_fb_i_reg/CLR
                            (removal check against rising-edge clock dbg_hub/inst/BSCANID.u_xsdbm_id/SWITCH_N_EXT_BSCAN.bscan_inst/SERIES7_BSCAN.bscan_inst/INTERNAL_TCK  {rise@0.000ns fall@25.000ns period=50.000ns})
  Path Group:             **async_default**
  Path Type:              Removal (Min at Fast Process Corner)
  Requirement:            0.000ns  (dbg_hub/inst/BSCANID.u_xsdbm_id/SWITCH_N_EXT_BSCAN.bscan_inst/SERIES7_BSCAN.bscan_inst/INTERNAL_TCK rise@0.000ns - dbg_hub/inst/BSCANID.u_xsdbm_id/SWITCH_N_EXT_BSCAN.bscan_inst/SERIES7_BSCAN.bscan_inst/INTERNAL_TCK rise@0.000ns)
  Data Path Delay:        0.198ns  (logic 0.082ns (41.512%)  route 0.116ns (58.488%))
  Logic Levels:           0  
  Clock Path Skew:        0.052ns (DCD - SCD - CPR)
    Destination Clock Delay (DCD):    7.587ns
    Source Clock Delay      (SCD):    2.612ns
    Clock Pessimism Removal (CPR):    4.923ns
  Clock Net Delay (Source):      1.396ns (routing 0.805ns, distribution 0.591ns)
  Clock Net Delay (Destination): 1.536ns (routing 0.880ns, distribution 0.656ns)

    Location             Delay type                Incr(ns)  Path(ns)    Netlist Resource(s)
  -------------------------------------------------------------------    -------------------
                         (clock dbg_hub/inst/BSCANID.u_xsdbm_id/SWITCH_N_EXT_BSCAN.bscan_inst/SERIES7_BSCAN.bscan_inst/INTERNAL_TCK rise edge)
                                                      0.000     0.000 r  
    CONFIG_SITE_X0Y0     BSCANE2                      0.000     0.000 r  dbg_hub/inst/BSCANID.u_xsdbm_id/SWITCH_N_EXT_BSCAN.bscan_inst/SERIES7_BSCAN.bscan_inst/INTERNAL_TCK
    CONFIG_SITE_X0Y0     BSCANE2 (Prop_BSCAN1_CONFIG_SITE_INTERNAL_TCK_TCK)
                                                      0.465     0.465 r  dbg_hub/inst/BSCANID.u_xsdbm_id/SWITCH_N_EXT_BSCAN.bscan_inst/SERIES7_BSCAN.bscan_inst/TCK
                         net (fo=1, routed)           0.728     1.193    dbg_hub/inst/BSCANID.u_xsdbm_id/tck_bs
    BUFGCE_X0Y76         BUFGCE (Prop_BUFCE_BUFGCE_I_O)
                                                      0.023     1.216 r  dbg_hub/inst/BSCANID.u_xsdbm_id/SWITCH_N_EXT_BSCAN.u_bufg_icon_tck/O
    X2Y1 (CLOCK_ROOT)    net (fo=482, routed)         1.396     2.612    dbg_hub/inst/BSCANID.u_xsdbm_id/CORE_XSDB.UUT_MASTER/U_ICON_INTERFACE/U_CMD6_WR/U_WR_FIFO/SUBCORE_FIFO.xsdbm_v3_0_0_wrfifo_inst/inst_fifo_gen/gconvfifo.rf/grf.rf/rstblk/wr_clk
    SLICE_X53Y96         FDPE                                         r  dbg_hub/inst/BSCANID.u_xsdbm_id/CORE_XSDB.UUT_MASTER/U_ICON_INTERFACE/U_CMD6_WR/U_WR_FIFO/SUBCORE_FIFO.xsdbm_v3_0_0_wrfifo_inst/inst_fifo_gen/gconvfifo.rf/grf.rf/rstblk/ngwrdrst.grst.g7serrst.wr_rst_reg_reg[0]/C
  -------------------------------------------------------------------    -------------------
    SLICE_X53Y96         FDPE (Prop_EFF_SLICEM_C_Q)
                                                      0.082     2.694 f  dbg_hub/inst/BSCANID.u_xsdbm_id/CORE_XSDB.UUT_MASTER/U_ICON_INTERFACE/U_CMD6_WR/U_WR_FIFO/SUBCORE_FIFO.xsdbm_v3_0_0_wrfifo_inst/inst_fifo_gen/gconvfifo.rf/grf.rf/rstblk/ngwrdrst.grst.g7serrst.wr_rst_reg_reg[0]/Q
                         net (fo=18, routed)          0.116     2.810    dbg_hub/inst/BSCANID.u_xsdbm_id/CORE_XSDB.UUT_MASTER/U_ICON_INTERFACE/U_CMD6_WR/U_WR_FIFO/SUBCORE_FIFO.xsdbm_v3_0_0_wrfifo_inst/inst_fifo_gen/gconvfifo.rf/grf.rf/gntv_or_sync_fifo.gl0.wr/gwas.wsts/ram_full_fb_i_reg_2[0]
    SLICE_X52Y98         FDCE                                         f  dbg_hub/inst/BSCANID.u_xsdbm_id/CORE_XSDB.UUT_MASTER/U_ICON_INTERFACE/U_CMD6_WR/U_WR_FIFO/SUBCORE_FIFO.xsdbm_v3_0_0_wrfifo_inst/inst_fifo_gen/gconvfifo.rf/grf.rf/gntv_or_sync_fifo.gl0.wr/gwas.wsts/ram_full_fb_i_reg/CLR
  -------------------------------------------------------------------    -------------------

                         (clock dbg_hub/inst/BSCANID.u_xsdbm_id/SWITCH_N_EXT_BSCAN.bscan_inst/SERIES7_BSCAN.bscan_inst/INTERNAL_TCK rise edge)
                                                      0.000     0.000 r  
    CONFIG_SITE_X0Y0     BSCANE2                      0.000     0.000 r  dbg_hub/inst/BSCANID.u_xsdbm_id/SWITCH_N_EXT_BSCAN.bscan_inst/SERIES7_BSCAN.bscan_inst/INTERNAL_TCK
    CONFIG_SITE_X0Y0     BSCANE2 (Prop_BSCAN1_CONFIG_SITE_INTERNAL_TCK_TCK)
                                                      4.800     4.800 r  dbg_hub/inst/BSCANID.u_xsdbm_id/SWITCH_N_EXT_BSCAN.bscan_inst/SERIES7_BSCAN.bscan_inst/TCK
                         net (fo=1, routed)           1.225     6.025    dbg_hub/inst/BSCANID.u_xsdbm_id/tck_bs
    BUFGCE_X0Y76         BUFGCE (Prop_BUFCE_BUFGCE_I_O)
                                                      0.026     6.051 r  dbg_hub/inst/BSCANID.u_xsdbm_id/SWITCH_N_EXT_BSCAN.u_bufg_icon_tck/O
    X2Y1 (CLOCK_ROOT)    net (fo=482, routed)         1.536     7.587    dbg_hub/inst/BSCANID.u_xsdbm_id/CORE_XSDB.UUT_MASTER/U_ICON_INTERFACE/U_CMD6_WR/U_WR_FIFO/SUBCORE_FIFO.xsdbm_v3_0_0_wrfifo_inst/inst_fifo_gen/gconvfifo.rf/grf.rf/gntv_or_sync_fifo.gl0.wr/gwas.wsts/wr_clk
    SLICE_X52Y98         FDCE                                         r  dbg_hub/inst/BSCANID.u_xsdbm_id/CORE_XSDB.UUT_MASTER/U_ICON_INTERFACE/U_CMD6_WR/U_WR_FIFO/SUBCORE_FIFO.xsdbm_v3_0_0_wrfifo_inst/inst_fifo_gen/gconvfifo.rf/grf.rf/gntv_or_sync_fifo.gl0.wr/gwas.wsts/ram_full_fb_i_reg/C
                         clock pessimism             -4.923     2.664    
    SLICE_X52Y98         FDCE (Remov_EFF2_SLICEL_C_CLR)
                                                     -0.018     2.646    dbg_hub/inst/BSCANID.u_xsdbm_id/CORE_XSDB.UUT_MASTER/U_ICON_INTERFACE/U_CMD6_WR/U_WR_FIFO/SUBCORE_FIFO.xsdbm_v3_0_0_wrfifo_inst/inst_fifo_gen/gconvfifo.rf/grf.rf/gntv_or_sync_fifo.gl0.wr/gwas.wsts/ram_full_fb_i_reg
  -------------------------------------------------------------------
                         required time                         -2.646    
                         arrival time                           2.810    
  -------------------------------------------------------------------
                         slack                                  0.163    

Slack (MET) :             0.163ns  (arrival time - required time)
  Source:                 dbg_hub/inst/BSCANID.u_xsdbm_id/CORE_XSDB.UUT_MASTER/U_ICON_INTERFACE/U_CMD6_WR/U_WR_FIFO/SUBCORE_FIFO.xsdbm_v3_0_0_wrfifo_inst/inst_fifo_gen/gconvfifo.rf/grf.rf/rstblk/ngwrdrst.grst.g7serrst.wr_rst_reg_reg[0]/C
                            (rising edge-triggered cell FDPE clocked by dbg_hub/inst/BSCANID.u_xsdbm_id/SWITCH_N_EXT_BSCAN.bscan_inst/SERIES7_BSCAN.bscan_inst/INTERNAL_TCK  {rise@0.000ns fall@25.000ns period=50.000ns})
  Destination:            dbg_hub/inst/BSCANID.u_xsdbm_id/CORE_XSDB.UUT_MASTER/U_ICON_INTERFACE/U_CMD6_WR/U_WR_FIFO/SUBCORE_FIFO.xsdbm_v3_0_0_wrfifo_inst/inst_fifo_gen/gconvfifo.rf/grf.rf/gntv_or_sync_fifo.gl0.wr/gwas.wsts/ram_full_i_reg/CLR
                            (removal check against rising-edge clock dbg_hub/inst/BSCANID.u_xsdbm_id/SWITCH_N_EXT_BSCAN.bscan_inst/SERIES7_BSCAN.bscan_inst/INTERNAL_TCK  {rise@0.000ns fall@25.000ns period=50.000ns})
  Path Group:             **async_default**
  Path Type:              Removal (Min at Fast Process Corner)
  Requirement:            0.000ns  (dbg_hub/inst/BSCANID.u_xsdbm_id/SWITCH_N_EXT_BSCAN.bscan_inst/SERIES7_BSCAN.bscan_inst/INTERNAL_TCK rise@0.000ns - dbg_hub/inst/BSCANID.u_xsdbm_id/SWITCH_N_EXT_BSCAN.bscan_inst/SERIES7_BSCAN.bscan_inst/INTERNAL_TCK rise@0.000ns)
  Data Path Delay:        0.198ns  (logic 0.082ns (41.512%)  route 0.116ns (58.488%))
  Logic Levels:           0  
  Clock Path Skew:        0.052ns (DCD - SCD - CPR)
    Destination Clock Delay (DCD):    7.587ns
    Source Clock Delay      (SCD):    2.612ns
    Clock Pessimism Removal (CPR):    4.923ns
  Clock Net Delay (Source):      1.396ns (routing 0.805ns, distribution 0.591ns)
  Clock Net Delay (Destination): 1.536ns (routing 0.880ns, distribution 0.656ns)

    Location             Delay type                Incr(ns)  Path(ns)    Netlist Resource(s)
  -------------------------------------------------------------------    -------------------
                         (clock dbg_hub/inst/BSCANID.u_xsdbm_id/SWITCH_N_EXT_BSCAN.bscan_inst/SERIES7_BSCAN.bscan_inst/INTERNAL_TCK rise edge)
                                                      0.000     0.000 r  
    CONFIG_SITE_X0Y0     BSCANE2                      0.000     0.000 r  dbg_hub/inst/BSCANID.u_xsdbm_id/SWITCH_N_EXT_BSCAN.bscan_inst/SERIES7_BSCAN.bscan_inst/INTERNAL_TCK
    CONFIG_SITE_X0Y0     BSCANE2 (Prop_BSCAN1_CONFIG_SITE_INTERNAL_TCK_TCK)
                                                      0.465     0.465 r  dbg_hub/inst/BSCANID.u_xsdbm_id/SWITCH_N_EXT_BSCAN.bscan_inst/SERIES7_BSCAN.bscan_inst/TCK
                         net (fo=1, routed)           0.728     1.193    dbg_hub/inst/BSCANID.u_xsdbm_id/tck_bs
    BUFGCE_X0Y76         BUFGCE (Prop_BUFCE_BUFGCE_I_O)
                                                      0.023     1.216 r  dbg_hub/inst/BSCANID.u_xsdbm_id/SWITCH_N_EXT_BSCAN.u_bufg_icon_tck/O
    X2Y1 (CLOCK_ROOT)    net (fo=482, routed)         1.396     2.612    dbg_hub/inst/BSCANID.u_xsdbm_id/CORE_XSDB.UUT_MASTER/U_ICON_INTERFACE/U_CMD6_WR/U_WR_FIFO/SUBCORE_FIFO.xsdbm_v3_0_0_wrfifo_inst/inst_fifo_gen/gconvfifo.rf/grf.rf/rstblk/wr_clk
    SLICE_X53Y96         FDPE                                         r  dbg_hub/inst/BSCANID.u_xsdbm_id/CORE_XSDB.UUT_MASTER/U_ICON_INTERFACE/U_CMD6_WR/U_WR_FIFO/SUBCORE_FIFO.xsdbm_v3_0_0_wrfifo_inst/inst_fifo_gen/gconvfifo.rf/grf.rf/rstblk/ngwrdrst.grst.g7serrst.wr_rst_reg_reg[0]/C
  -------------------------------------------------------------------    -------------------
    SLICE_X53Y96         FDPE (Prop_EFF_SLICEM_C_Q)
                                                      0.082     2.694 f  dbg_hub/inst/BSCANID.u_xsdbm_id/CORE_XSDB.UUT_MASTER/U_ICON_INTERFACE/U_CMD6_WR/U_WR_FIFO/SUBCORE_FIFO.xsdbm_v3_0_0_wrfifo_inst/inst_fifo_gen/gconvfifo.rf/grf.rf/rstblk/ngwrdrst.grst.g7serrst.wr_rst_reg_reg[0]/Q
                         net (fo=18, routed)          0.116     2.810    dbg_hub/inst/BSCANID.u_xsdbm_id/CORE_XSDB.UUT_MASTER/U_ICON_INTERFACE/U_CMD6_WR/U_WR_FIFO/SUBCORE_FIFO.xsdbm_v3_0_0_wrfifo_inst/inst_fifo_gen/gconvfifo.rf/grf.rf/gntv_or_sync_fifo.gl0.wr/gwas.wsts/ram_full_fb_i_reg_2[0]
    SLICE_X52Y98         FDCE                                         f  dbg_hub/inst/BSCANID.u_xsdbm_id/CORE_XSDB.UUT_MASTER/U_ICON_INTERFACE/U_CMD6_WR/U_WR_FIFO/SUBCORE_FIFO.xsdbm_v3_0_0_wrfifo_inst/inst_fifo_gen/gconvfifo.rf/grf.rf/gntv_or_sync_fifo.gl0.wr/gwas.wsts/ram_full_i_reg/CLR
  -------------------------------------------------------------------    -------------------

                         (clock dbg_hub/inst/BSCANID.u_xsdbm_id/SWITCH_N_EXT_BSCAN.bscan_inst/SERIES7_BSCAN.bscan_inst/INTERNAL_TCK rise edge)
                                                      0.000     0.000 r  
    CONFIG_SITE_X0Y0     BSCANE2                      0.000     0.000 r  dbg_hub/inst/BSCANID.u_xsdbm_id/SWITCH_N_EXT_BSCAN.bscan_inst/SERIES7_BSCAN.bscan_inst/INTERNAL_TCK
    CONFIG_SITE_X0Y0     BSCANE2 (Prop_BSCAN1_CONFIG_SITE_INTERNAL_TCK_TCK)
                                                      4.800     4.800 r  dbg_hub/inst/BSCANID.u_xsdbm_id/SWITCH_N_EXT_BSCAN.bscan_inst/SERIES7_BSCAN.bscan_inst/TCK
                         net (fo=1, routed)           1.225     6.025    dbg_hub/inst/BSCANID.u_xsdbm_id/tck_bs
    BUFGCE_X0Y76         BUFGCE (Prop_BUFCE_BUFGCE_I_O)
                                                      0.026     6.051 r  dbg_hub/inst/BSCANID.u_xsdbm_id/SWITCH_N_EXT_BSCAN.u_bufg_icon_tck/O
    X2Y1 (CLOCK_ROOT)    net (fo=482, routed)         1.536     7.587    dbg_hub/inst/BSCANID.u_xsdbm_id/CORE_XSDB.UUT_MASTER/U_ICON_INTERFACE/U_CMD6_WR/U_WR_FIFO/SUBCORE_FIFO.xsdbm_v3_0_0_wrfifo_inst/inst_fifo_gen/gconvfifo.rf/grf.rf/gntv_or_sync_fifo.gl0.wr/gwas.wsts/wr_clk
    SLICE_X52Y98         FDCE                                         r  dbg_hub/inst/BSCANID.u_xsdbm_id/CORE_XSDB.UUT_MASTER/U_ICON_INTERFACE/U_CMD6_WR/U_WR_FIFO/SUBCORE_FIFO.xsdbm_v3_0_0_wrfifo_inst/inst_fifo_gen/gconvfifo.rf/grf.rf/gntv_or_sync_fifo.gl0.wr/gwas.wsts/ram_full_i_reg/C
                         clock pessimism             -4.923     2.664    
    SLICE_X52Y98         FDCE (Remov_FFF_SLICEL_C_CLR)
                                                     -0.018     2.646    dbg_hub/inst/BSCANID.u_xsdbm_id/CORE_XSDB.UUT_MASTER/U_ICON_INTERFACE/U_CMD6_WR/U_WR_FIFO/SUBCORE_FIFO.xsdbm_v3_0_0_wrfifo_inst/inst_fifo_gen/gconvfifo.rf/grf.rf/gntv_or_sync_fifo.gl0.wr/gwas.wsts/ram_full_i_reg
  -------------------------------------------------------------------
                         required time                         -2.646    
                         arrival time                           2.810    
  -------------------------------------------------------------------
                         slack                                  0.163    

Slack (MET) :             0.167ns  (arrival time - required time)
  Source:                 dbg_hub/inst/BSCANID.u_xsdbm_id/CORE_XSDB.UUT_MASTER/U_ICON_INTERFACE/U_CMD6_RD/U_RD_FIFO/SUBCORE_FIFO.xsdbm_v3_0_0_rdfifo_inst/inst_fifo_gen/gconvfifo.rf/grf.rf/rstblk/ngwrdrst.grst.g7serrst.rd_rst_reg_reg[1]/C
                            (rising edge-triggered cell FDPE clocked by dbg_hub/inst/BSCANID.u_xsdbm_id/SWITCH_N_EXT_BSCAN.bscan_inst/SERIES7_BSCAN.bscan_inst/INTERNAL_TCK  {rise@0.000ns fall@25.000ns period=50.000ns})
  Destination:            dbg_hub/inst/BSCANID.u_xsdbm_id/CORE_XSDB.UUT_MASTER/U_ICON_INTERFACE/U_CMD6_RD/U_RD_FIFO/SUBCORE_FIFO.xsdbm_v3_0_0_rdfifo_inst/inst_fifo_gen/gconvfifo.rf/grf.rf/gntv_or_sync_fifo.gcx.clkx/gnxpm_cdc.wr_pntr_bin_reg[3]/CLR
                            (removal check against rising-edge clock dbg_hub/inst/BSCANID.u_xsdbm_id/SWITCH_N_EXT_BSCAN.bscan_inst/SERIES7_BSCAN.bscan_inst/INTERNAL_TCK  {rise@0.000ns fall@25.000ns period=50.000ns})
  Path Group:             **async_default**
  Path Type:              Removal (Min at Fast Process Corner)
  Requirement:            0.000ns  (dbg_hub/inst/BSCANID.u_xsdbm_id/SWITCH_N_EXT_BSCAN.bscan_inst/SERIES7_BSCAN.bscan_inst/INTERNAL_TCK rise@0.000ns - dbg_hub/inst/BSCANID.u_xsdbm_id/SWITCH_N_EXT_BSCAN.bscan_inst/SERIES7_BSCAN.bscan_inst/INTERNAL_TCK rise@0.000ns)
  Data Path Delay:        0.175ns  (logic 0.085ns (48.668%)  route 0.090ns (51.332%))
  Logic Levels:           0  
  Clock Path Skew:        0.025ns (DCD - SCD - CPR)
    Destination Clock Delay (DCD):    7.601ns
    Source Clock Delay      (SCD):    2.625ns
    Clock Pessimism Removal (CPR):    4.950ns
  Clock Net Delay (Source):      1.409ns (routing 0.805ns, distribution 0.604ns)
  Clock Net Delay (Destination): 1.550ns (routing 0.880ns, distribution 0.670ns)

    Location             Delay type                Incr(ns)  Path(ns)    Netlist Resource(s)
  -------------------------------------------------------------------    -------------------
                         (clock dbg_hub/inst/BSCANID.u_xsdbm_id/SWITCH_N_EXT_BSCAN.bscan_inst/SERIES7_BSCAN.bscan_inst/INTERNAL_TCK rise edge)
                                                      0.000     0.000 r  
    CONFIG_SITE_X0Y0     BSCANE2                      0.000     0.000 r  dbg_hub/inst/BSCANID.u_xsdbm_id/SWITCH_N_EXT_BSCAN.bscan_inst/SERIES7_BSCAN.bscan_inst/INTERNAL_TCK
    CONFIG_SITE_X0Y0     BSCANE2 (Prop_BSCAN1_CONFIG_SITE_INTERNAL_TCK_TCK)
                                                      0.465     0.465 r  dbg_hub/inst/BSCANID.u_xsdbm_id/SWITCH_N_EXT_BSCAN.bscan_inst/SERIES7_BSCAN.bscan_inst/TCK
                         net (fo=1, routed)           0.728     1.193    dbg_hub/inst/BSCANID.u_xsdbm_id/tck_bs
    BUFGCE_X0Y76         BUFGCE (Prop_BUFCE_BUFGCE_I_O)
                                                      0.023     1.216 r  dbg_hub/inst/BSCANID.u_xsdbm_id/SWITCH_N_EXT_BSCAN.u_bufg_icon_tck/O
    X2Y1 (CLOCK_ROOT)    net (fo=482, routed)         1.409     2.625    dbg_hub/inst/BSCANID.u_xsdbm_id/CORE_XSDB.UUT_MASTER/U_ICON_INTERFACE/U_CMD6_RD/U_RD_FIFO/SUBCORE_FIFO.xsdbm_v3_0_0_rdfifo_inst/inst_fifo_gen/gconvfifo.rf/grf.rf/rstblk/rd_clk
    SLICE_X55Y102        FDPE                                         r  dbg_hub/inst/BSCANID.u_xsdbm_id/CORE_XSDB.UUT_MASTER/U_ICON_INTERFACE/U_CMD6_RD/U_RD_FIFO/SUBCORE_FIFO.xsdbm_v3_0_0_rdfifo_inst/inst_fifo_gen/gconvfifo.rf/grf.rf/rstblk/ngwrdrst.grst.g7serrst.rd_rst_reg_reg[1]/C
  -------------------------------------------------------------------    -------------------
    SLICE_X55Y102        FDPE (Prop_AFF2_SLICEL_C_Q)
                                                      0.085     2.710 f  dbg_hub/inst/BSCANID.u_xsdbm_id/CORE_XSDB.UUT_MASTER/U_ICON_INTERFACE/U_CMD6_RD/U_RD_FIFO/SUBCORE_FIFO.xsdbm_v3_0_0_rdfifo_inst/inst_fifo_gen/gconvfifo.rf/grf.rf/rstblk/ngwrdrst.grst.g7serrst.rd_rst_reg_reg[1]/Q
                         net (fo=16, routed)          0.090     2.800    dbg_hub/inst/BSCANID.u_xsdbm_id/CORE_XSDB.UUT_MASTER/U_ICON_INTERFACE/U_CMD6_RD/U_RD_FIFO/SUBCORE_FIFO.xsdbm_v3_0_0_rdfifo_inst/inst_fifo_gen/gconvfifo.rf/grf.rf/gntv_or_sync_fifo.gcx.clkx/Q_reg_reg[0][0]
    SLICE_X55Y101        FDCE                                         f  dbg_hub/inst/BSCANID.u_xsdbm_id/CORE_XSDB.UUT_MASTER/U_ICON_INTERFACE/U_CMD6_RD/U_RD_FIFO/SUBCORE_FIFO.xsdbm_v3_0_0_rdfifo_inst/inst_fifo_gen/gconvfifo.rf/grf.rf/gntv_or_sync_fifo.gcx.clkx/gnxpm_cdc.wr_pntr_bin_reg[3]/CLR
  -------------------------------------------------------------------    -------------------

                         (clock dbg_hub/inst/BSCANID.u_xsdbm_id/SWITCH_N_EXT_BSCAN.bscan_inst/SERIES7_BSCAN.bscan_inst/INTERNAL_TCK rise edge)
                                                      0.000     0.000 r  
    CONFIG_SITE_X0Y0     BSCANE2                      0.000     0.000 r  dbg_hub/inst/BSCANID.u_xsdbm_id/SWITCH_N_EXT_BSCAN.bscan_inst/SERIES7_BSCAN.bscan_inst/INTERNAL_TCK
    CONFIG_SITE_X0Y0     BSCANE2 (Prop_BSCAN1_CONFIG_SITE_INTERNAL_TCK_TCK)
                                                      4.800     4.800 r  dbg_hub/inst/BSCANID.u_xsdbm_id/SWITCH_N_EXT_BSCAN.bscan_inst/SERIES7_BSCAN.bscan_inst/TCK
                         net (fo=1, routed)           1.225     6.025    dbg_hub/inst/BSCANID.u_xsdbm_id/tck_bs
    BUFGCE_X0Y76         BUFGCE (Prop_BUFCE_BUFGCE_I_O)
                                                      0.026     6.051 r  dbg_hub/inst/BSCANID.u_xsdbm_id/SWITCH_N_EXT_BSCAN.u_bufg_icon_tck/O
    X2Y1 (CLOCK_ROOT)    net (fo=482, routed)         1.550     7.601    dbg_hub/inst/BSCANID.u_xsdbm_id/CORE_XSDB.UUT_MASTER/U_ICON_INTERFACE/U_CMD6_RD/U_RD_FIFO/SUBCORE_FIFO.xsdbm_v3_0_0_rdfifo_inst/inst_fifo_gen/gconvfifo.rf/grf.rf/gntv_or_sync_fifo.gcx.clkx/rd_clk
    SLICE_X55Y101        FDCE                                         r  dbg_hub/inst/BSCANID.u_xsdbm_id/CORE_XSDB.UUT_MASTER/U_ICON_INTERFACE/U_CMD6_RD/U_RD_FIFO/SUBCORE_FIFO.xsdbm_v3_0_0_rdfifo_inst/inst_fifo_gen/gconvfifo.rf/grf.rf/gntv_or_sync_fifo.gcx.clkx/gnxpm_cdc.wr_pntr_bin_reg[3]/C
                         clock pessimism             -4.950     2.650    
    SLICE_X55Y101        FDCE (Remov_EFF_SLICEL_C_CLR)
                                                     -0.018     2.632    dbg_hub/inst/BSCANID.u_xsdbm_id/CORE_XSDB.UUT_MASTER/U_ICON_INTERFACE/U_CMD6_RD/U_RD_FIFO/SUBCORE_FIFO.xsdbm_v3_0_0_rdfifo_inst/inst_fifo_gen/gconvfifo.rf/grf.rf/gntv_or_sync_fifo.gcx.clkx/gnxpm_cdc.wr_pntr_bin_reg[3]
  -------------------------------------------------------------------
                         required time                         -2.632    
                         arrival time                           2.800    
  -------------------------------------------------------------------
                         slack                                  0.167    

Slack (MET) :             0.171ns  (arrival time - required time)
  Source:                 dbg_hub/inst/BSCANID.u_xsdbm_id/CORE_XSDB.UUT_MASTER/U_ICON_INTERFACE/U_CMD6_RD/U_RD_FIFO/SUBCORE_FIFO.xsdbm_v3_0_0_rdfifo_inst/inst_fifo_gen/gconvfifo.rf/grf.rf/rstblk/ngwrdrst.grst.g7serrst.rd_rst_reg_reg[1]/C
                            (rising edge-triggered cell FDPE clocked by dbg_hub/inst/BSCANID.u_xsdbm_id/SWITCH_N_EXT_BSCAN.bscan_inst/SERIES7_BSCAN.bscan_inst/INTERNAL_TCK  {rise@0.000ns fall@25.000ns period=50.000ns})
  Destination:            dbg_hub/inst/BSCANID.u_xsdbm_id/CORE_XSDB.UUT_MASTER/U_ICON_INTERFACE/U_CMD6_RD/U_RD_FIFO/SUBCORE_FIFO.xsdbm_v3_0_0_rdfifo_inst/inst_fifo_gen/gconvfifo.rf/grf.rf/gntv_or_sync_fifo.gcx.clkx/gnxpm_cdc.rd_pntr_gc_reg[1]/CLR
                            (removal check against rising-edge clock dbg_hub/inst/BSCANID.u_xsdbm_id/SWITCH_N_EXT_BSCAN.bscan_inst/SERIES7_BSCAN.bscan_inst/INTERNAL_TCK  {rise@0.000ns fall@25.000ns period=50.000ns})
  Path Group:             **async_default**
  Path Type:              Removal (Min at Fast Process Corner)
  Requirement:            0.000ns  (dbg_hub/inst/BSCANID.u_xsdbm_id/SWITCH_N_EXT_BSCAN.bscan_inst/SERIES7_BSCAN.bscan_inst/INTERNAL_TCK rise@0.000ns - dbg_hub/inst/BSCANID.u_xsdbm_id/SWITCH_N_EXT_BSCAN.bscan_inst/SERIES7_BSCAN.bscan_inst/INTERNAL_TCK rise@0.000ns)
  Data Path Delay:        0.175ns  (logic 0.085ns (48.668%)  route 0.090ns (51.332%))
  Logic Levels:           0  
  Clock Path Skew:        0.021ns (DCD - SCD - CPR)
    Destination Clock Delay (DCD):    7.597ns
    Source Clock Delay      (SCD):    2.625ns
    Clock Pessimism Removal (CPR):    4.950ns
  Clock Net Delay (Source):      1.409ns (routing 0.805ns, distribution 0.604ns)
  Clock Net Delay (Destination): 1.546ns (routing 0.880ns, distribution 0.666ns)

    Location             Delay type                Incr(ns)  Path(ns)    Netlist Resource(s)
  -------------------------------------------------------------------    -------------------
                         (clock dbg_hub/inst/BSCANID.u_xsdbm_id/SWITCH_N_EXT_BSCAN.bscan_inst/SERIES7_BSCAN.bscan_inst/INTERNAL_TCK rise edge)
                                                      0.000     0.000 r  
    CONFIG_SITE_X0Y0     BSCANE2                      0.000     0.000 r  dbg_hub/inst/BSCANID.u_xsdbm_id/SWITCH_N_EXT_BSCAN.bscan_inst/SERIES7_BSCAN.bscan_inst/INTERNAL_TCK
    CONFIG_SITE_X0Y0     BSCANE2 (Prop_BSCAN1_CONFIG_SITE_INTERNAL_TCK_TCK)
                                                      0.465     0.465 r  dbg_hub/inst/BSCANID.u_xsdbm_id/SWITCH_N_EXT_BSCAN.bscan_inst/SERIES7_BSCAN.bscan_inst/TCK
                         net (fo=1, routed)           0.728     1.193    dbg_hub/inst/BSCANID.u_xsdbm_id/tck_bs
    BUFGCE_X0Y76         BUFGCE (Prop_BUFCE_BUFGCE_I_O)
                                                      0.023     1.216 r  dbg_hub/inst/BSCANID.u_xsdbm_id/SWITCH_N_EXT_BSCAN.u_bufg_icon_tck/O
    X2Y1 (CLOCK_ROOT)    net (fo=482, routed)         1.409     2.625    dbg_hub/inst/BSCANID.u_xsdbm_id/CORE_XSDB.UUT_MASTER/U_ICON_INTERFACE/U_CMD6_RD/U_RD_FIFO/SUBCORE_FIFO.xsdbm_v3_0_0_rdfifo_inst/inst_fifo_gen/gconvfifo.rf/grf.rf/rstblk/rd_clk
    SLICE_X55Y102        FDPE                                         r  dbg_hub/inst/BSCANID.u_xsdbm_id/CORE_XSDB.UUT_MASTER/U_ICON_INTERFACE/U_CMD6_RD/U_RD_FIFO/SUBCORE_FIFO.xsdbm_v3_0_0_rdfifo_inst/inst_fifo_gen/gconvfifo.rf/grf.rf/rstblk/ngwrdrst.grst.g7serrst.rd_rst_reg_reg[1]/C
  -------------------------------------------------------------------    -------------------
    SLICE_X55Y102        FDPE (Prop_AFF2_SLICEL_C_Q)
                                                      0.085     2.710 f  dbg_hub/inst/BSCANID.u_xsdbm_id/CORE_XSDB.UUT_MASTER/U_ICON_INTERFACE/U_CMD6_RD/U_RD_FIFO/SUBCORE_FIFO.xsdbm_v3_0_0_rdfifo_inst/inst_fifo_gen/gconvfifo.rf/grf.rf/rstblk/ngwrdrst.grst.g7serrst.rd_rst_reg_reg[1]/Q
                         net (fo=16, routed)          0.090     2.800    dbg_hub/inst/BSCANID.u_xsdbm_id/CORE_XSDB.UUT_MASTER/U_ICON_INTERFACE/U_CMD6_RD/U_RD_FIFO/SUBCORE_FIFO.xsdbm_v3_0_0_rdfifo_inst/inst_fifo_gen/gconvfifo.rf/grf.rf/gntv_or_sync_fifo.gcx.clkx/Q_reg_reg[0][0]
    SLICE_X55Y101        FDCE                                         f  dbg_hub/inst/BSCANID.u_xsdbm_id/CORE_XSDB.UUT_MASTER/U_ICON_INTERFACE/U_CMD6_RD/U_RD_FIFO/SUBCORE_FIFO.xsdbm_v3_0_0_rdfifo_inst/inst_fifo_gen/gconvfifo.rf/grf.rf/gntv_or_sync_fifo.gcx.clkx/gnxpm_cdc.rd_pntr_gc_reg[1]/CLR
  -------------------------------------------------------------------    -------------------

                         (clock dbg_hub/inst/BSCANID.u_xsdbm_id/SWITCH_N_EXT_BSCAN.bscan_inst/SERIES7_BSCAN.bscan_inst/INTERNAL_TCK rise edge)
                                                      0.000     0.000 r  
    CONFIG_SITE_X0Y0     BSCANE2                      0.000     0.000 r  dbg_hub/inst/BSCANID.u_xsdbm_id/SWITCH_N_EXT_BSCAN.bscan_inst/SERIES7_BSCAN.bscan_inst/INTERNAL_TCK
    CONFIG_SITE_X0Y0     BSCANE2 (Prop_BSCAN1_CONFIG_SITE_INTERNAL_TCK_TCK)
                                                      4.800     4.800 r  dbg_hub/inst/BSCANID.u_xsdbm_id/SWITCH_N_EXT_BSCAN.bscan_inst/SERIES7_BSCAN.bscan_inst/TCK
                         net (fo=1, routed)           1.225     6.025    dbg_hub/inst/BSCANID.u_xsdbm_id/tck_bs
    BUFGCE_X0Y76         BUFGCE (Prop_BUFCE_BUFGCE_I_O)
                                                      0.026     6.051 r  dbg_hub/inst/BSCANID.u_xsdbm_id/SWITCH_N_EXT_BSCAN.u_bufg_icon_tck/O
    X2Y1 (CLOCK_ROOT)    net (fo=482, routed)         1.546     7.597    dbg_hub/inst/BSCANID.u_xsdbm_id/CORE_XSDB.UUT_MASTER/U_ICON_INTERFACE/U_CMD6_RD/U_RD_FIFO/SUBCORE_FIFO.xsdbm_v3_0_0_rdfifo_inst/inst_fifo_gen/gconvfifo.rf/grf.rf/gntv_or_sync_fifo.gcx.clkx/rd_clk
    SLICE_X55Y101        FDCE                                         r  dbg_hub/inst/BSCANID.u_xsdbm_id/CORE_XSDB.UUT_MASTER/U_ICON_INTERFACE/U_CMD6_RD/U_RD_FIFO/SUBCORE_FIFO.xsdbm_v3_0_0_rdfifo_inst/inst_fifo_gen/gconvfifo.rf/grf.rf/gntv_or_sync_fifo.gcx.clkx/gnxpm_cdc.rd_pntr_gc_reg[1]/C
                         clock pessimism             -4.950     2.646    
    SLICE_X55Y101        FDCE (Remov_DFF2_SLICEL_C_CLR)
                                                     -0.018     2.628    dbg_hub/inst/BSCANID.u_xsdbm_id/CORE_XSDB.UUT_MASTER/U_ICON_INTERFACE/U_CMD6_RD/U_RD_FIFO/SUBCORE_FIFO.xsdbm_v3_0_0_rdfifo_inst/inst_fifo_gen/gconvfifo.rf/grf.rf/gntv_or_sync_fifo.gcx.clkx/gnxpm_cdc.rd_pntr_gc_reg[1]
  -------------------------------------------------------------------
                         required time                         -2.628    
                         arrival time                           2.800    
  -------------------------------------------------------------------
                         slack                                  0.171    

Slack (MET) :             0.171ns  (arrival time - required time)
  Source:                 dbg_hub/inst/BSCANID.u_xsdbm_id/CORE_XSDB.UUT_MASTER/U_ICON_INTERFACE/U_CMD6_WR/U_WR_FIFO/SUBCORE_FIFO.xsdbm_v3_0_0_wrfifo_inst/inst_fifo_gen/gconvfifo.rf/grf.rf/rstblk/ngwrdrst.grst.g7serrst.wr_rst_reg_reg[1]/C
                            (rising edge-triggered cell FDPE clocked by dbg_hub/inst/BSCANID.u_xsdbm_id/SWITCH_N_EXT_BSCAN.bscan_inst/SERIES7_BSCAN.bscan_inst/INTERNAL_TCK  {rise@0.000ns fall@25.000ns period=50.000ns})
  Destination:            dbg_hub/inst/BSCANID.u_xsdbm_id/CORE_XSDB.UUT_MASTER/U_ICON_INTERFACE/U_CMD6_WR/U_WR_FIFO/SUBCORE_FIFO.xsdbm_v3_0_0_wrfifo_inst/inst_fifo_gen/gconvfifo.rf/grf.rf/gntv_or_sync_fifo.gl0.wr/wpntr/gic0.gc0.count_d1_reg[2]/CLR
                            (removal check against rising-edge clock dbg_hub/inst/BSCANID.u_xsdbm_id/SWITCH_N_EXT_BSCAN.bscan_inst/SERIES7_BSCAN.bscan_inst/INTERNAL_TCK  {rise@0.000ns fall@25.000ns period=50.000ns})
  Path Group:             **async_default**
  Path Type:              Removal (Min at Fast Process Corner)
  Requirement:            0.000ns  (dbg_hub/inst/BSCANID.u_xsdbm_id/SWITCH_N_EXT_BSCAN.bscan_inst/SERIES7_BSCAN.bscan_inst/INTERNAL_TCK rise@0.000ns - dbg_hub/inst/BSCANID.u_xsdbm_id/SWITCH_N_EXT_BSCAN.bscan_inst/SERIES7_BSCAN.bscan_inst/INTERNAL_TCK rise@0.000ns)
  Data Path Delay:        0.202ns  (logic 0.084ns (41.677%)  route 0.118ns (58.323%))
  Logic Levels:           0  
  Clock Path Skew:        0.048ns (DCD - SCD - CPR)
    Destination Clock Delay (DCD):    7.583ns
    Source Clock Delay      (SCD):    2.612ns
    Clock Pessimism Removal (CPR):    4.923ns
  Clock Net Delay (Source):      1.396ns (routing 0.805ns, distribution 0.591ns)
  Clock Net Delay (Destination): 1.532ns (routing 0.880ns, distribution 0.652ns)

    Location             Delay type                Incr(ns)  Path(ns)    Netlist Resource(s)
  -------------------------------------------------------------------    -------------------
                         (clock dbg_hub/inst/BSCANID.u_xsdbm_id/SWITCH_N_EXT_BSCAN.bscan_inst/SERIES7_BSCAN.bscan_inst/INTERNAL_TCK rise edge)
                                                      0.000     0.000 r  
    CONFIG_SITE_X0Y0     BSCANE2                      0.000     0.000 r  dbg_hub/inst/BSCANID.u_xsdbm_id/SWITCH_N_EXT_BSCAN.bscan_inst/SERIES7_BSCAN.bscan_inst/INTERNAL_TCK
    CONFIG_SITE_X0Y0     BSCANE2 (Prop_BSCAN1_CONFIG_SITE_INTERNAL_TCK_TCK)
                                                      0.465     0.465 r  dbg_hub/inst/BSCANID.u_xsdbm_id/SWITCH_N_EXT_BSCAN.bscan_inst/SERIES7_BSCAN.bscan_inst/TCK
                         net (fo=1, routed)           0.728     1.193    dbg_hub/inst/BSCANID.u_xsdbm_id/tck_bs
    BUFGCE_X0Y76         BUFGCE (Prop_BUFCE_BUFGCE_I_O)
                                                      0.023     1.216 r  dbg_hub/inst/BSCANID.u_xsdbm_id/SWITCH_N_EXT_BSCAN.u_bufg_icon_tck/O
    X2Y1 (CLOCK_ROOT)    net (fo=482, routed)         1.396     2.612    dbg_hub/inst/BSCANID.u_xsdbm_id/CORE_XSDB.UUT_MASTER/U_ICON_INTERFACE/U_CMD6_WR/U_WR_FIFO/SUBCORE_FIFO.xsdbm_v3_0_0_wrfifo_inst/inst_fifo_gen/gconvfifo.rf/grf.rf/rstblk/wr_clk
    SLICE_X53Y96         FDPE                                         r  dbg_hub/inst/BSCANID.u_xsdbm_id/CORE_XSDB.UUT_MASTER/U_ICON_INTERFACE/U_CMD6_WR/U_WR_FIFO/SUBCORE_FIFO.xsdbm_v3_0_0_wrfifo_inst/inst_fifo_gen/gconvfifo.rf/grf.rf/rstblk/ngwrdrst.grst.g7serrst.wr_rst_reg_reg[1]/C
  -------------------------------------------------------------------    -------------------
    SLICE_X53Y96         FDPE (Prop_EFF2_SLICEM_C_Q)
                                                      0.084     2.696 f  dbg_hub/inst/BSCANID.u_xsdbm_id/CORE_XSDB.UUT_MASTER/U_ICON_INTERFACE/U_CMD6_WR/U_WR_FIFO/SUBCORE_FIFO.xsdbm_v3_0_0_wrfifo_inst/inst_fifo_gen/gconvfifo.rf/grf.rf/rstblk/ngwrdrst.grst.g7serrst.wr_rst_reg_reg[1]/Q
                         net (fo=12, routed)          0.118     2.814    dbg_hub/inst/BSCANID.u_xsdbm_id/CORE_XSDB.UUT_MASTER/U_ICON_INTERFACE/U_CMD6_WR/U_WR_FIFO/SUBCORE_FIFO.xsdbm_v3_0_0_wrfifo_inst/inst_fifo_gen/gconvfifo.rf/grf.rf/gntv_or_sync_fifo.gl0.wr/wpntr/gic0.gc0.count_reg[0]_0[0]
    SLICE_X52Y98         FDCE                                         f  dbg_hub/inst/BSCANID.u_xsdbm_id/CORE_XSDB.UUT_MASTER/U_ICON_INTERFACE/U_CMD6_WR/U_WR_FIFO/SUBCORE_FIFO.xsdbm_v3_0_0_wrfifo_inst/inst_fifo_gen/gconvfifo.rf/grf.rf/gntv_or_sync_fifo.gl0.wr/wpntr/gic0.gc0.count_d1_reg[2]/CLR
  -------------------------------------------------------------------    -------------------

                         (clock dbg_hub/inst/BSCANID.u_xsdbm_id/SWITCH_N_EXT_BSCAN.bscan_inst/SERIES7_BSCAN.bscan_inst/INTERNAL_TCK rise edge)
                                                      0.000     0.000 r  
    CONFIG_SITE_X0Y0     BSCANE2                      0.000     0.000 r  dbg_hub/inst/BSCANID.u_xsdbm_id/SWITCH_N_EXT_BSCAN.bscan_inst/SERIES7_BSCAN.bscan_inst/INTERNAL_TCK
    CONFIG_SITE_X0Y0     BSCANE2 (Prop_BSCAN1_CONFIG_SITE_INTERNAL_TCK_TCK)
                                                      4.800     4.800 r  dbg_hub/inst/BSCANID.u_xsdbm_id/SWITCH_N_EXT_BSCAN.bscan_inst/SERIES7_BSCAN.bscan_inst/TCK
                         net (fo=1, routed)           1.225     6.025    dbg_hub/inst/BSCANID.u_xsdbm_id/tck_bs
    BUFGCE_X0Y76         BUFGCE (Prop_BUFCE_BUFGCE_I_O)
                                                      0.026     6.051 r  dbg_hub/inst/BSCANID.u_xsdbm_id/SWITCH_N_EXT_BSCAN.u_bufg_icon_tck/O
    X2Y1 (CLOCK_ROOT)    net (fo=482, routed)         1.532     7.583    dbg_hub/inst/BSCANID.u_xsdbm_id/CORE_XSDB.UUT_MASTER/U_ICON_INTERFACE/U_CMD6_WR/U_WR_FIFO/SUBCORE_FIFO.xsdbm_v3_0_0_wrfifo_inst/inst_fifo_gen/gconvfifo.rf/grf.rf/gntv_or_sync_fifo.gl0.wr/wpntr/wr_clk
    SLICE_X52Y98         FDCE                                         r  dbg_hub/inst/BSCANID.u_xsdbm_id/CORE_XSDB.UUT_MASTER/U_ICON_INTERFACE/U_CMD6_WR/U_WR_FIFO/SUBCORE_FIFO.xsdbm_v3_0_0_wrfifo_inst/inst_fifo_gen/gconvfifo.rf/grf.rf/gntv_or_sync_fifo.gl0.wr/wpntr/gic0.gc0.count_d1_reg[2]/C
                         clock pessimism             -4.923     2.660    
    SLICE_X52Y98         FDCE (Remov_AFF_SLICEL_C_CLR)
                                                     -0.018     2.642    dbg_hub/inst/BSCANID.u_xsdbm_id/CORE_XSDB.UUT_MASTER/U_ICON_INTERFACE/U_CMD6_WR/U_WR_FIFO/SUBCORE_FIFO.xsdbm_v3_0_0_wrfifo_inst/inst_fifo_gen/gconvfifo.rf/grf.rf/gntv_or_sync_fifo.gl0.wr/wpntr/gic0.gc0.count_d1_reg[2]
  -------------------------------------------------------------------
                         required time                         -2.642    
                         arrival time                           2.814    
  -------------------------------------------------------------------
                         slack                                  0.171    

Slack (MET) :             0.171ns  (arrival time - required time)
  Source:                 dbg_hub/inst/BSCANID.u_xsdbm_id/CORE_XSDB.UUT_MASTER/U_ICON_INTERFACE/U_CMD6_WR/U_WR_FIFO/SUBCORE_FIFO.xsdbm_v3_0_0_wrfifo_inst/inst_fifo_gen/gconvfifo.rf/grf.rf/rstblk/ngwrdrst.grst.g7serrst.wr_rst_reg_reg[1]/C
                            (rising edge-triggered cell FDPE clocked by dbg_hub/inst/BSCANID.u_xsdbm_id/SWITCH_N_EXT_BSCAN.bscan_inst/SERIES7_BSCAN.bscan_inst/INTERNAL_TCK  {rise@0.000ns fall@25.000ns period=50.000ns})
  Destination:            dbg_hub/inst/BSCANID.u_xsdbm_id/CORE_XSDB.UUT_MASTER/U_ICON_INTERFACE/U_CMD6_WR/U_WR_FIFO/SUBCORE_FIFO.xsdbm_v3_0_0_wrfifo_inst/inst_fifo_gen/gconvfifo.rf/grf.rf/gntv_or_sync_fifo.gl0.wr/wpntr/gic0.gc0.count_d1_reg[3]/CLR
                            (removal check against rising-edge clock dbg_hub/inst/BSCANID.u_xsdbm_id/SWITCH_N_EXT_BSCAN.bscan_inst/SERIES7_BSCAN.bscan_inst/INTERNAL_TCK  {rise@0.000ns fall@25.000ns period=50.000ns})
  Path Group:             **async_default**
  Path Type:              Removal (Min at Fast Process Corner)
  Requirement:            0.000ns  (dbg_hub/inst/BSCANID.u_xsdbm_id/SWITCH_N_EXT_BSCAN.bscan_inst/SERIES7_BSCAN.bscan_inst/INTERNAL_TCK rise@0.000ns - dbg_hub/inst/BSCANID.u_xsdbm_id/SWITCH_N_EXT_BSCAN.bscan_inst/SERIES7_BSCAN.bscan_inst/INTERNAL_TCK rise@0.000ns)
  Data Path Delay:        0.202ns  (logic 0.084ns (41.677%)  route 0.118ns (58.323%))
  Logic Levels:           0  
  Clock Path Skew:        0.048ns (DCD - SCD - CPR)
    Destination Clock Delay (DCD):    7.583ns
    Source Clock Delay      (SCD):    2.612ns
    Clock Pessimism Removal (CPR):    4.923ns
  Clock Net Delay (Source):      1.396ns (routing 0.805ns, distribution 0.591ns)
  Clock Net Delay (Destination): 1.532ns (routing 0.880ns, distribution 0.652ns)

    Location             Delay type                Incr(ns)  Path(ns)    Netlist Resource(s)
  -------------------------------------------------------------------    -------------------
                         (clock dbg_hub/inst/BSCANID.u_xsdbm_id/SWITCH_N_EXT_BSCAN.bscan_inst/SERIES7_BSCAN.bscan_inst/INTERNAL_TCK rise edge)
                                                      0.000     0.000 r  
    CONFIG_SITE_X0Y0     BSCANE2                      0.000     0.000 r  dbg_hub/inst/BSCANID.u_xsdbm_id/SWITCH_N_EXT_BSCAN.bscan_inst/SERIES7_BSCAN.bscan_inst/INTERNAL_TCK
    CONFIG_SITE_X0Y0     BSCANE2 (Prop_BSCAN1_CONFIG_SITE_INTERNAL_TCK_TCK)
                                                      0.465     0.465 r  dbg_hub/inst/BSCANID.u_xsdbm_id/SWITCH_N_EXT_BSCAN.bscan_inst/SERIES7_BSCAN.bscan_inst/TCK
                         net (fo=1, routed)           0.728     1.193    dbg_hub/inst/BSCANID.u_xsdbm_id/tck_bs
    BUFGCE_X0Y76         BUFGCE (Prop_BUFCE_BUFGCE_I_O)
                                                      0.023     1.216 r  dbg_hub/inst/BSCANID.u_xsdbm_id/SWITCH_N_EXT_BSCAN.u_bufg_icon_tck/O
    X2Y1 (CLOCK_ROOT)    net (fo=482, routed)         1.396     2.612    dbg_hub/inst/BSCANID.u_xsdbm_id/CORE_XSDB.UUT_MASTER/U_ICON_INTERFACE/U_CMD6_WR/U_WR_FIFO/SUBCORE_FIFO.xsdbm_v3_0_0_wrfifo_inst/inst_fifo_gen/gconvfifo.rf/grf.rf/rstblk/wr_clk
    SLICE_X53Y96         FDPE                                         r  dbg_hub/inst/BSCANID.u_xsdbm_id/CORE_XSDB.UUT_MASTER/U_ICON_INTERFACE/U_CMD6_WR/U_WR_FIFO/SUBCORE_FIFO.xsdbm_v3_0_0_wrfifo_inst/inst_fifo_gen/gconvfifo.rf/grf.rf/rstblk/ngwrdrst.grst.g7serrst.wr_rst_reg_reg[1]/C
  -------------------------------------------------------------------    -------------------
    SLICE_X53Y96         FDPE (Prop_EFF2_SLICEM_C_Q)
                                                      0.084     2.696 f  dbg_hub/inst/BSCANID.u_xsdbm_id/CORE_XSDB.UUT_MASTER/U_ICON_INTERFACE/U_CMD6_WR/U_WR_FIFO/SUBCORE_FIFO.xsdbm_v3_0_0_wrfifo_inst/inst_fifo_gen/gconvfifo.rf/grf.rf/rstblk/ngwrdrst.grst.g7serrst.wr_rst_reg_reg[1]/Q
                         net (fo=12, routed)          0.118     2.814    dbg_hub/inst/BSCANID.u_xsdbm_id/CORE_XSDB.UUT_MASTER/U_ICON_INTERFACE/U_CMD6_WR/U_WR_FIFO/SUBCORE_FIFO.xsdbm_v3_0_0_wrfifo_inst/inst_fifo_gen/gconvfifo.rf/grf.rf/gntv_or_sync_fifo.gl0.wr/wpntr/gic0.gc0.count_reg[0]_0[0]
    SLICE_X52Y98         FDCE                                         f  dbg_hub/inst/BSCANID.u_xsdbm_id/CORE_XSDB.UUT_MASTER/U_ICON_INTERFACE/U_CMD6_WR/U_WR_FIFO/SUBCORE_FIFO.xsdbm_v3_0_0_wrfifo_inst/inst_fifo_gen/gconvfifo.rf/grf.rf/gntv_or_sync_fifo.gl0.wr/wpntr/gic0.gc0.count_d1_reg[3]/CLR
  -------------------------------------------------------------------    -------------------

                         (clock dbg_hub/inst/BSCANID.u_xsdbm_id/SWITCH_N_EXT_BSCAN.bscan_inst/SERIES7_BSCAN.bscan_inst/INTERNAL_TCK rise edge)
                                                      0.000     0.000 r  
    CONFIG_SITE_X0Y0     BSCANE2                      0.000     0.000 r  dbg_hub/inst/BSCANID.u_xsdbm_id/SWITCH_N_EXT_BSCAN.bscan_inst/SERIES7_BSCAN.bscan_inst/INTERNAL_TCK
    CONFIG_SITE_X0Y0     BSCANE2 (Prop_BSCAN1_CONFIG_SITE_INTERNAL_TCK_TCK)
                                                      4.800     4.800 r  dbg_hub/inst/BSCANID.u_xsdbm_id/SWITCH_N_EXT_BSCAN.bscan_inst/SERIES7_BSCAN.bscan_inst/TCK
                         net (fo=1, routed)           1.225     6.025    dbg_hub/inst/BSCANID.u_xsdbm_id/tck_bs
    BUFGCE_X0Y76         BUFGCE (Prop_BUFCE_BUFGCE_I_O)
                                                      0.026     6.051 r  dbg_hub/inst/BSCANID.u_xsdbm_id/SWITCH_N_EXT_BSCAN.u_bufg_icon_tck/O
    X2Y1 (CLOCK_ROOT)    net (fo=482, routed)         1.532     7.583    dbg_hub/inst/BSCANID.u_xsdbm_id/CORE_XSDB.UUT_MASTER/U_ICON_INTERFACE/U_CMD6_WR/U_WR_FIFO/SUBCORE_FIFO.xsdbm_v3_0_0_wrfifo_inst/inst_fifo_gen/gconvfifo.rf/grf.rf/gntv_or_sync_fifo.gl0.wr/wpntr/wr_clk
    SLICE_X52Y98         FDCE                                         r  dbg_hub/inst/BSCANID.u_xsdbm_id/CORE_XSDB.UUT_MASTER/U_ICON_INTERFACE/U_CMD6_WR/U_WR_FIFO/SUBCORE_FIFO.xsdbm_v3_0_0_wrfifo_inst/inst_fifo_gen/gconvfifo.rf/grf.rf/gntv_or_sync_fifo.gl0.wr/wpntr/gic0.gc0.count_d1_reg[3]/C
                         clock pessimism             -4.923     2.660    
    SLICE_X52Y98         FDCE (Remov_AFF2_SLICEL_C_CLR)
                                                     -0.018     2.642    dbg_hub/inst/BSCANID.u_xsdbm_id/CORE_XSDB.UUT_MASTER/U_ICON_INTERFACE/U_CMD6_WR/U_WR_FIFO/SUBCORE_FIFO.xsdbm_v3_0_0_wrfifo_inst/inst_fifo_gen/gconvfifo.rf/grf.rf/gntv_or_sync_fifo.gl0.wr/wpntr/gic0.gc0.count_d1_reg[3]
  -------------------------------------------------------------------
                         required time                         -2.642    
                         arrival time                           2.814    
  -------------------------------------------------------------------
                         slack                                  0.171    

Slack (MET) :             0.171ns  (arrival time - required time)
  Source:                 dbg_hub/inst/BSCANID.u_xsdbm_id/CORE_XSDB.UUT_MASTER/U_ICON_INTERFACE/U_CMD6_WR/U_WR_FIFO/SUBCORE_FIFO.xsdbm_v3_0_0_wrfifo_inst/inst_fifo_gen/gconvfifo.rf/grf.rf/rstblk/ngwrdrst.grst.g7serrst.wr_rst_reg_reg[1]/C
                            (rising edge-triggered cell FDPE clocked by dbg_hub/inst/BSCANID.u_xsdbm_id/SWITCH_N_EXT_BSCAN.bscan_inst/SERIES7_BSCAN.bscan_inst/INTERNAL_TCK  {rise@0.000ns fall@25.000ns period=50.000ns})
  Destination:            dbg_hub/inst/BSCANID.u_xsdbm_id/CORE_XSDB.UUT_MASTER/U_ICON_INTERFACE/U_CMD6_WR/U_WR_FIFO/SUBCORE_FIFO.xsdbm_v3_0_0_wrfifo_inst/inst_fifo_gen/gconvfifo.rf/grf.rf/gntv_or_sync_fifo.gl0.wr/wpntr/gic0.gc0.count_d2_reg[2]/CLR
                            (removal check against rising-edge clock dbg_hub/inst/BSCANID.u_xsdbm_id/SWITCH_N_EXT_BSCAN.bscan_inst/SERIES7_BSCAN.bscan_inst/INTERNAL_TCK  {rise@0.000ns fall@25.000ns period=50.000ns})
  Path Group:             **async_default**
  Path Type:              Removal (Min at Fast Process Corner)
  Requirement:            0.000ns  (dbg_hub/inst/BSCANID.u_xsdbm_id/SWITCH_N_EXT_BSCAN.bscan_inst/SERIES7_BSCAN.bscan_inst/INTERNAL_TCK rise@0.000ns - dbg_hub/inst/BSCANID.u_xsdbm_id/SWITCH_N_EXT_BSCAN.bscan_inst/SERIES7_BSCAN.bscan_inst/INTERNAL_TCK rise@0.000ns)
  Data Path Delay:        0.202ns  (logic 0.084ns (41.677%)  route 0.118ns (58.323%))
  Logic Levels:           0  
  Clock Path Skew:        0.048ns (DCD - SCD - CPR)
    Destination Clock Delay (DCD):    7.583ns
    Source Clock Delay      (SCD):    2.612ns
    Clock Pessimism Removal (CPR):    4.923ns
  Clock Net Delay (Source):      1.396ns (routing 0.805ns, distribution 0.591ns)
  Clock Net Delay (Destination): 1.532ns (routing 0.880ns, distribution 0.652ns)

    Location             Delay type                Incr(ns)  Path(ns)    Netlist Resource(s)
  -------------------------------------------------------------------    -------------------
                         (clock dbg_hub/inst/BSCANID.u_xsdbm_id/SWITCH_N_EXT_BSCAN.bscan_inst/SERIES7_BSCAN.bscan_inst/INTERNAL_TCK rise edge)
                                                      0.000     0.000 r  
    CONFIG_SITE_X0Y0     BSCANE2                      0.000     0.000 r  dbg_hub/inst/BSCANID.u_xsdbm_id/SWITCH_N_EXT_BSCAN.bscan_inst/SERIES7_BSCAN.bscan_inst/INTERNAL_TCK
    CONFIG_SITE_X0Y0     BSCANE2 (Prop_BSCAN1_CONFIG_SITE_INTERNAL_TCK_TCK)
                                                      0.465     0.465 r  dbg_hub/inst/BSCANID.u_xsdbm_id/SWITCH_N_EXT_BSCAN.bscan_inst/SERIES7_BSCAN.bscan_inst/TCK
                         net (fo=1, routed)           0.728     1.193    dbg_hub/inst/BSCANID.u_xsdbm_id/tck_bs
    BUFGCE_X0Y76         BUFGCE (Prop_BUFCE_BUFGCE_I_O)
                                                      0.023     1.216 r  dbg_hub/inst/BSCANID.u_xsdbm_id/SWITCH_N_EXT_BSCAN.u_bufg_icon_tck/O
    X2Y1 (CLOCK_ROOT)    net (fo=482, routed)         1.396     2.612    dbg_hub/inst/BSCANID.u_xsdbm_id/CORE_XSDB.UUT_MASTER/U_ICON_INTERFACE/U_CMD6_WR/U_WR_FIFO/SUBCORE_FIFO.xsdbm_v3_0_0_wrfifo_inst/inst_fifo_gen/gconvfifo.rf/grf.rf/rstblk/wr_clk
    SLICE_X53Y96         FDPE                                         r  dbg_hub/inst/BSCANID.u_xsdbm_id/CORE_XSDB.UUT_MASTER/U_ICON_INTERFACE/U_CMD6_WR/U_WR_FIFO/SUBCORE_FIFO.xsdbm_v3_0_0_wrfifo_inst/inst_fifo_gen/gconvfifo.rf/grf.rf/rstblk/ngwrdrst.grst.g7serrst.wr_rst_reg_reg[1]/C
  -------------------------------------------------------------------    -------------------
    SLICE_X53Y96         FDPE (Prop_EFF2_SLICEM_C_Q)
                                                      0.084     2.696 f  dbg_hub/inst/BSCANID.u_xsdbm_id/CORE_XSDB.UUT_MASTER/U_ICON_INTERFACE/U_CMD6_WR/U_WR_FIFO/SUBCORE_FIFO.xsdbm_v3_0_0_wrfifo_inst/inst_fifo_gen/gconvfifo.rf/grf.rf/rstblk/ngwrdrst.grst.g7serrst.wr_rst_reg_reg[1]/Q
                         net (fo=12, routed)          0.118     2.814    dbg_hub/inst/BSCANID.u_xsdbm_id/CORE_XSDB.UUT_MASTER/U_ICON_INTERFACE/U_CMD6_WR/U_WR_FIFO/SUBCORE_FIFO.xsdbm_v3_0_0_wrfifo_inst/inst_fifo_gen/gconvfifo.rf/grf.rf/gntv_or_sync_fifo.gl0.wr/wpntr/gic0.gc0.count_reg[0]_0[0]
    SLICE_X52Y98         FDCE                                         f  dbg_hub/inst/BSCANID.u_xsdbm_id/CORE_XSDB.UUT_MASTER/U_ICON_INTERFACE/U_CMD6_WR/U_WR_FIFO/SUBCORE_FIFO.xsdbm_v3_0_0_wrfifo_inst/inst_fifo_gen/gconvfifo.rf/grf.rf/gntv_or_sync_fifo.gl0.wr/wpntr/gic0.gc0.count_d2_reg[2]/CLR
  -------------------------------------------------------------------    -------------------

                         (clock dbg_hub/inst/BSCANID.u_xsdbm_id/SWITCH_N_EXT_BSCAN.bscan_inst/SERIES7_BSCAN.bscan_inst/INTERNAL_TCK rise edge)
                                                      0.000     0.000 r  
    CONFIG_SITE_X0Y0     BSCANE2                      0.000     0.000 r  dbg_hub/inst/BSCANID.u_xsdbm_id/SWITCH_N_EXT_BSCAN.bscan_inst/SERIES7_BSCAN.bscan_inst/INTERNAL_TCK
    CONFIG_SITE_X0Y0     BSCANE2 (Prop_BSCAN1_CONFIG_SITE_INTERNAL_TCK_TCK)
                                                      4.800     4.800 r  dbg_hub/inst/BSCANID.u_xsdbm_id/SWITCH_N_EXT_BSCAN.bscan_inst/SERIES7_BSCAN.bscan_inst/TCK
                         net (fo=1, routed)           1.225     6.025    dbg_hub/inst/BSCANID.u_xsdbm_id/tck_bs
    BUFGCE_X0Y76         BUFGCE (Prop_BUFCE_BUFGCE_I_O)
                                                      0.026     6.051 r  dbg_hub/inst/BSCANID.u_xsdbm_id/SWITCH_N_EXT_BSCAN.u_bufg_icon_tck/O
    X2Y1 (CLOCK_ROOT)    net (fo=482, routed)         1.532     7.583    dbg_hub/inst/BSCANID.u_xsdbm_id/CORE_XSDB.UUT_MASTER/U_ICON_INTERFACE/U_CMD6_WR/U_WR_FIFO/SUBCORE_FIFO.xsdbm_v3_0_0_wrfifo_inst/inst_fifo_gen/gconvfifo.rf/grf.rf/gntv_or_sync_fifo.gl0.wr/wpntr/wr_clk
    SLICE_X52Y98         FDCE                                         r  dbg_hub/inst/BSCANID.u_xsdbm_id/CORE_XSDB.UUT_MASTER/U_ICON_INTERFACE/U_CMD6_WR/U_WR_FIFO/SUBCORE_FIFO.xsdbm_v3_0_0_wrfifo_inst/inst_fifo_gen/gconvfifo.rf/grf.rf/gntv_or_sync_fifo.gl0.wr/wpntr/gic0.gc0.count_d2_reg[2]/C
                         clock pessimism             -4.923     2.660    
    SLICE_X52Y98         FDCE (Remov_BFF_SLICEL_C_CLR)
                                                     -0.018     2.642    dbg_hub/inst/BSCANID.u_xsdbm_id/CORE_XSDB.UUT_MASTER/U_ICON_INTERFACE/U_CMD6_WR/U_WR_FIFO/SUBCORE_FIFO.xsdbm_v3_0_0_wrfifo_inst/inst_fifo_gen/gconvfifo.rf/grf.rf/gntv_or_sync_fifo.gl0.wr/wpntr/gic0.gc0.count_d2_reg[2]
  -------------------------------------------------------------------
                         required time                         -2.642    
                         arrival time                           2.814    
  -------------------------------------------------------------------
                         slack                                  0.171    

Slack (MET) :             0.171ns  (arrival time - required time)
  Source:                 dbg_hub/inst/BSCANID.u_xsdbm_id/CORE_XSDB.UUT_MASTER/U_ICON_INTERFACE/U_CMD6_WR/U_WR_FIFO/SUBCORE_FIFO.xsdbm_v3_0_0_wrfifo_inst/inst_fifo_gen/gconvfifo.rf/grf.rf/rstblk/ngwrdrst.grst.g7serrst.wr_rst_reg_reg[1]/C
                            (rising edge-triggered cell FDPE clocked by dbg_hub/inst/BSCANID.u_xsdbm_id/SWITCH_N_EXT_BSCAN.bscan_inst/SERIES7_BSCAN.bscan_inst/INTERNAL_TCK  {rise@0.000ns fall@25.000ns period=50.000ns})
  Destination:            dbg_hub/inst/BSCANID.u_xsdbm_id/CORE_XSDB.UUT_MASTER/U_ICON_INTERFACE/U_CMD6_WR/U_WR_FIFO/SUBCORE_FIFO.xsdbm_v3_0_0_wrfifo_inst/inst_fifo_gen/gconvfifo.rf/grf.rf/gntv_or_sync_fifo.gl0.wr/wpntr/gic0.gc0.count_reg[2]/CLR
                            (removal check against rising-edge clock dbg_hub/inst/BSCANID.u_xsdbm_id/SWITCH_N_EXT_BSCAN.bscan_inst/SERIES7_BSCAN.bscan_inst/INTERNAL_TCK  {rise@0.000ns fall@25.000ns period=50.000ns})
  Path Group:             **async_default**
  Path Type:              Removal (Min at Fast Process Corner)
  Requirement:            0.000ns  (dbg_hub/inst/BSCANID.u_xsdbm_id/SWITCH_N_EXT_BSCAN.bscan_inst/SERIES7_BSCAN.bscan_inst/INTERNAL_TCK rise@0.000ns - dbg_hub/inst/BSCANID.u_xsdbm_id/SWITCH_N_EXT_BSCAN.bscan_inst/SERIES7_BSCAN.bscan_inst/INTERNAL_TCK rise@0.000ns)
  Data Path Delay:        0.202ns  (logic 0.084ns (41.677%)  route 0.118ns (58.323%))
  Logic Levels:           0  
  Clock Path Skew:        0.048ns (DCD - SCD - CPR)
    Destination Clock Delay (DCD):    7.583ns
    Source Clock Delay      (SCD):    2.612ns
    Clock Pessimism Removal (CPR):    4.923ns
  Clock Net Delay (Source):      1.396ns (routing 0.805ns, distribution 0.591ns)
  Clock Net Delay (Destination): 1.532ns (routing 0.880ns, distribution 0.652ns)

    Location             Delay type                Incr(ns)  Path(ns)    Netlist Resource(s)
  -------------------------------------------------------------------    -------------------
                         (clock dbg_hub/inst/BSCANID.u_xsdbm_id/SWITCH_N_EXT_BSCAN.bscan_inst/SERIES7_BSCAN.bscan_inst/INTERNAL_TCK rise edge)
                                                      0.000     0.000 r  
    CONFIG_SITE_X0Y0     BSCANE2                      0.000     0.000 r  dbg_hub/inst/BSCANID.u_xsdbm_id/SWITCH_N_EXT_BSCAN.bscan_inst/SERIES7_BSCAN.bscan_inst/INTERNAL_TCK
    CONFIG_SITE_X0Y0     BSCANE2 (Prop_BSCAN1_CONFIG_SITE_INTERNAL_TCK_TCK)
                                                      0.465     0.465 r  dbg_hub/inst/BSCANID.u_xsdbm_id/SWITCH_N_EXT_BSCAN.bscan_inst/SERIES7_BSCAN.bscan_inst/TCK
                         net (fo=1, routed)           0.728     1.193    dbg_hub/inst/BSCANID.u_xsdbm_id/tck_bs
    BUFGCE_X0Y76         BUFGCE (Prop_BUFCE_BUFGCE_I_O)
                                                      0.023     1.216 r  dbg_hub/inst/BSCANID.u_xsdbm_id/SWITCH_N_EXT_BSCAN.u_bufg_icon_tck/O
    X2Y1 (CLOCK_ROOT)    net (fo=482, routed)         1.396     2.612    dbg_hub/inst/BSCANID.u_xsdbm_id/CORE_XSDB.UUT_MASTER/U_ICON_INTERFACE/U_CMD6_WR/U_WR_FIFO/SUBCORE_FIFO.xsdbm_v3_0_0_wrfifo_inst/inst_fifo_gen/gconvfifo.rf/grf.rf/rstblk/wr_clk
    SLICE_X53Y96         FDPE                                         r  dbg_hub/inst/BSCANID.u_xsdbm_id/CORE_XSDB.UUT_MASTER/U_ICON_INTERFACE/U_CMD6_WR/U_WR_FIFO/SUBCORE_FIFO.xsdbm_v3_0_0_wrfifo_inst/inst_fifo_gen/gconvfifo.rf/grf.rf/rstblk/ngwrdrst.grst.g7serrst.wr_rst_reg_reg[1]/C
  -------------------------------------------------------------------    -------------------
    SLICE_X53Y96         FDPE (Prop_EFF2_SLICEM_C_Q)
                                                      0.084     2.696 f  dbg_hub/inst/BSCANID.u_xsdbm_id/CORE_XSDB.UUT_MASTER/U_ICON_INTERFACE/U_CMD6_WR/U_WR_FIFO/SUBCORE_FIFO.xsdbm_v3_0_0_wrfifo_inst/inst_fifo_gen/gconvfifo.rf/grf.rf/rstblk/ngwrdrst.grst.g7serrst.wr_rst_reg_reg[1]/Q
                         net (fo=12, routed)          0.118     2.814    dbg_hub/inst/BSCANID.u_xsdbm_id/CORE_XSDB.UUT_MASTER/U_ICON_INTERFACE/U_CMD6_WR/U_WR_FIFO/SUBCORE_FIFO.xsdbm_v3_0_0_wrfifo_inst/inst_fifo_gen/gconvfifo.rf/grf.rf/gntv_or_sync_fifo.gl0.wr/wpntr/gic0.gc0.count_reg[0]_0[0]
    SLICE_X52Y98         FDCE                                         f  dbg_hub/inst/BSCANID.u_xsdbm_id/CORE_XSDB.UUT_MASTER/U_ICON_INTERFACE/U_CMD6_WR/U_WR_FIFO/SUBCORE_FIFO.xsdbm_v3_0_0_wrfifo_inst/inst_fifo_gen/gconvfifo.rf/grf.rf/gntv_or_sync_fifo.gl0.wr/wpntr/gic0.gc0.count_reg[2]/CLR
  -------------------------------------------------------------------    -------------------

                         (clock dbg_hub/inst/BSCANID.u_xsdbm_id/SWITCH_N_EXT_BSCAN.bscan_inst/SERIES7_BSCAN.bscan_inst/INTERNAL_TCK rise edge)
                                                      0.000     0.000 r  
    CONFIG_SITE_X0Y0     BSCANE2                      0.000     0.000 r  dbg_hub/inst/BSCANID.u_xsdbm_id/SWITCH_N_EXT_BSCAN.bscan_inst/SERIES7_BSCAN.bscan_inst/INTERNAL_TCK
    CONFIG_SITE_X0Y0     BSCANE2 (Prop_BSCAN1_CONFIG_SITE_INTERNAL_TCK_TCK)
                                                      4.800     4.800 r  dbg_hub/inst/BSCANID.u_xsdbm_id/SWITCH_N_EXT_BSCAN.bscan_inst/SERIES7_BSCAN.bscan_inst/TCK
                         net (fo=1, routed)           1.225     6.025    dbg_hub/inst/BSCANID.u_xsdbm_id/tck_bs
    BUFGCE_X0Y76         BUFGCE (Prop_BUFCE_BUFGCE_I_O)
                                                      0.026     6.051 r  dbg_hub/inst/BSCANID.u_xsdbm_id/SWITCH_N_EXT_BSCAN.u_bufg_icon_tck/O
    X2Y1 (CLOCK_ROOT)    net (fo=482, routed)         1.532     7.583    dbg_hub/inst/BSCANID.u_xsdbm_id/CORE_XSDB.UUT_MASTER/U_ICON_INTERFACE/U_CMD6_WR/U_WR_FIFO/SUBCORE_FIFO.xsdbm_v3_0_0_wrfifo_inst/inst_fifo_gen/gconvfifo.rf/grf.rf/gntv_or_sync_fifo.gl0.wr/wpntr/wr_clk
    SLICE_X52Y98         FDCE                                         r  dbg_hub/inst/BSCANID.u_xsdbm_id/CORE_XSDB.UUT_MASTER/U_ICON_INTERFACE/U_CMD6_WR/U_WR_FIFO/SUBCORE_FIFO.xsdbm_v3_0_0_wrfifo_inst/inst_fifo_gen/gconvfifo.rf/grf.rf/gntv_or_sync_fifo.gl0.wr/wpntr/gic0.gc0.count_reg[2]/C
                         clock pessimism             -4.923     2.660    
    SLICE_X52Y98         FDCE (Remov_DFF_SLICEL_C_CLR)
                                                     -0.018     2.642    dbg_hub/inst/BSCANID.u_xsdbm_id/CORE_XSDB.UUT_MASTER/U_ICON_INTERFACE/U_CMD6_WR/U_WR_FIFO/SUBCORE_FIFO.xsdbm_v3_0_0_wrfifo_inst/inst_fifo_gen/gconvfifo.rf/grf.rf/gntv_or_sync_fifo.gl0.wr/wpntr/gic0.gc0.count_reg[2]
  -------------------------------------------------------------------
                         required time                         -2.642    
                         arrival time                           2.814    
  -------------------------------------------------------------------
                         slack                                  0.171    





--------------------------------------------------------------------------------------
Path Group:  (none)
From Clock:  
  To Clock:  clk_pl_0

Max Delay             1 Endpoint
Min Delay             1 Endpoint
--------------------------------------------------------------------------------------


Max Delay Paths
--------------------------------------------------------------------------------------
Slack:                    inf
  Source:                 mixer_ddc_i/zynq_ultra_ps_e_0/inst/PS8_i/EMIOGPIOO[95]
                            (internal pin)
  Destination:            mixer_ddc_i/proc_sys_reset_0/U0/EXT_LPF/ACTIVE_LOW_EXT.ACT_LO_EXT/GENERATE_LEVEL_P_S_CDC.SINGLE_BIT.CROSS_PLEVEL_IN2SCNDRY_IN_cdc_to/D
                            (rising edge-triggered cell FDRE clocked by clk_pl_0  {rise@0.000ns fall@5.156ns period=10.312ns})
  Path Group:             (none)
  Path Type:              Setup (Max at Slow Process Corner)
  Data Path Delay:        2.770ns  (logic 0.228ns (8.231%)  route 2.542ns (91.769%))
  Logic Levels:           1  (LUT1=1)
  Clock Uncertainty:      0.157ns  ((TSJ^2 + DJ^2)^1/2) / 2 + PE
    Total System Jitter     (TSJ):    0.050ns
    Discrete Jitter          (DJ):    0.310ns
    Phase Error              (PE):    0.000ns
  Clock Net Delay (Destination): 2.727ns (routing 1.538ns, distribution 1.189ns)
  Timing Exception:       False Path

    Location             Delay type                Incr(ns)  Path(ns)    Netlist Resource(s)
  -------------------------------------------------------------------    -------------------
    PS8_X0Y0             PS8                          0.000     0.000 f  mixer_ddc_i/zynq_ultra_ps_e_0/inst/PS8_i/EMIOGPIOO[95]
                         net (fo=1, routed)           2.167     2.167    mixer_ddc_i/proc_sys_reset_0/U0/EXT_LPF/ACTIVE_LOW_EXT.ACT_LO_EXT/ext_reset_in
    SLICE_X24Y101        LUT1 (Prop_H6LUT_SLICEM_I0_O)
                                                      0.228     2.395 r  mixer_ddc_i/proc_sys_reset_0/U0/EXT_LPF/ACTIVE_LOW_EXT.ACT_LO_EXT/GENERATE_LEVEL_P_S_CDC.SINGLE_BIT.CROSS_PLEVEL_IN2SCNDRY_IN_cdc_to_i_1/O
                         net (fo=1, routed)           0.375     2.770    mixer_ddc_i/proc_sys_reset_0/U0/EXT_LPF/ACTIVE_LOW_EXT.ACT_LO_EXT/exr_d1
    SLICE_X24Y101        FDRE                                         r  mixer_ddc_i/proc_sys_reset_0/U0/EXT_LPF/ACTIVE_LOW_EXT.ACT_LO_EXT/GENERATE_LEVEL_P_S_CDC.SINGLE_BIT.CROSS_PLEVEL_IN2SCNDRY_IN_cdc_to/D
  -------------------------------------------------------------------    -------------------

                         (clock clk_pl_0 rise edge)
                                                      0.000     0.000 r  
    PS8_X0Y0             PS8                          0.000     0.000 r  mixer_ddc_i/zynq_ultra_ps_e_0/inst/PS8_i/PLCLK[0]
                         net (fo=1, routed)           0.181     0.181    mixer_ddc_i/zynq_ultra_ps_e_0/inst/pl_clk_unbuffered[0]
    BUFG_PS_X0Y90        BUFG_PS (Prop_BUFG_PS_I_O)
                                                      0.035     0.216 r  mixer_ddc_i/zynq_ultra_ps_e_0/inst/buffer_pl_clk_0.PL_CLK_0_BUFG/O
    X1Y1 (CLOCK_ROOT)    net (fo=19809, routed)       2.727     2.943    mixer_ddc_i/proc_sys_reset_0/U0/EXT_LPF/ACTIVE_LOW_EXT.ACT_LO_EXT/slowest_sync_clk
    SLICE_X24Y101        FDRE                                         r  mixer_ddc_i/proc_sys_reset_0/U0/EXT_LPF/ACTIVE_LOW_EXT.ACT_LO_EXT/GENERATE_LEVEL_P_S_CDC.SINGLE_BIT.CROSS_PLEVEL_IN2SCNDRY_IN_cdc_to/C





Min Delay Paths
--------------------------------------------------------------------------------------
Slack:                    inf
  Source:                 mixer_ddc_i/zynq_ultra_ps_e_0/inst/PS8_i/EMIOGPIOO[95]
                            (internal pin)
  Destination:            mixer_ddc_i/proc_sys_reset_0/U0/EXT_LPF/ACTIVE_LOW_EXT.ACT_LO_EXT/GENERATE_LEVEL_P_S_CDC.SINGLE_BIT.CROSS_PLEVEL_IN2SCNDRY_IN_cdc_to/D
                            (rising edge-triggered cell FDRE clocked by clk_pl_0  {rise@0.000ns fall@5.156ns period=10.312ns})
  Path Group:             (none)
  Path Type:              Hold (Min at Fast Process Corner)
  Data Path Delay:        1.132ns  (logic 0.106ns (9.364%)  route 1.026ns (90.636%))
  Logic Levels:           1  (LUT1=1)
  Clock Uncertainty:      0.157ns  ((TSJ^2 + DJ^2)^1/2) / 2 + PE
    Total System Jitter     (TSJ):    0.050ns
    Discrete Jitter          (DJ):    0.310ns
    Phase Error              (PE):    0.000ns
  Clock Net Delay (Destination): 1.823ns (routing 1.033ns, distribution 0.790ns)
  Timing Exception:       False Path

    Location             Delay type                Incr(ns)  Path(ns)    Netlist Resource(s)
  -------------------------------------------------------------------    -------------------
    PS8_X0Y0             PS8                          0.000     0.000 f  mixer_ddc_i/zynq_ultra_ps_e_0/inst/PS8_i/EMIOGPIOO[95]
                         net (fo=1, routed)           0.909     0.909    mixer_ddc_i/proc_sys_reset_0/U0/EXT_LPF/ACTIVE_LOW_EXT.ACT_LO_EXT/ext_reset_in
    SLICE_X24Y101        LUT1 (Prop_H6LUT_SLICEM_I0_O)
                                                      0.106     1.015 r  mixer_ddc_i/proc_sys_reset_0/U0/EXT_LPF/ACTIVE_LOW_EXT.ACT_LO_EXT/GENERATE_LEVEL_P_S_CDC.SINGLE_BIT.CROSS_PLEVEL_IN2SCNDRY_IN_cdc_to_i_1/O
                         net (fo=1, routed)           0.117     1.132    mixer_ddc_i/proc_sys_reset_0/U0/EXT_LPF/ACTIVE_LOW_EXT.ACT_LO_EXT/exr_d1
    SLICE_X24Y101        FDRE                                         r  mixer_ddc_i/proc_sys_reset_0/U0/EXT_LPF/ACTIVE_LOW_EXT.ACT_LO_EXT/GENERATE_LEVEL_P_S_CDC.SINGLE_BIT.CROSS_PLEVEL_IN2SCNDRY_IN_cdc_to/D
  -------------------------------------------------------------------    -------------------

                         (clock clk_pl_0 rise edge)
                                                      0.000     0.000 r  
    PS8_X0Y0             PS8                          0.000     0.000 r  mixer_ddc_i/zynq_ultra_ps_e_0/inst/PS8_i/PLCLK[0]
                         net (fo=1, routed)           0.164     0.164    mixer_ddc_i/zynq_ultra_ps_e_0/inst/pl_clk_unbuffered[0]
    BUFG_PS_X0Y90        BUFG_PS (Prop_BUFG_PS_I_O)
                                                      0.023     0.187 r  mixer_ddc_i/zynq_ultra_ps_e_0/inst/buffer_pl_clk_0.PL_CLK_0_BUFG/O
    X1Y1 (CLOCK_ROOT)    net (fo=19809, routed)       1.823     2.010    mixer_ddc_i/proc_sys_reset_0/U0/EXT_LPF/ACTIVE_LOW_EXT.ACT_LO_EXT/slowest_sync_clk
    SLICE_X24Y101        FDRE                                         r  mixer_ddc_i/proc_sys_reset_0/U0/EXT_LPF/ACTIVE_LOW_EXT.ACT_LO_EXT/GENERATE_LEVEL_P_S_CDC.SINGLE_BIT.CROSS_PLEVEL_IN2SCNDRY_IN_cdc_to/C





--------------------------------------------------------------------------------------
Path Group:  (none)
From Clock:  clk_pl_0
  To Clock:  clk_pl_0

Max Delay           298 Endpoints
Min Delay           298 Endpoints
--------------------------------------------------------------------------------------


Max Delay Paths
--------------------------------------------------------------------------------------
Slack:                    inf
  Source:                 mixer_ddc_i/smartconnect_0/inst/clk_map/psr_aclk/U0/ACTIVE_LOW_BSR_OUT_DFF[0].FDRE_BSR_N/C
                            (rising edge-triggered cell FDRE clocked by clk_pl_0  {rise@0.000ns fall@5.156ns period=10.312ns})
  Destination:            mixer_ddc_i/smartconnect_0/inst/s01_entry_pipeline/s01_si_converter/inst/xpm_cdc_async_rst_inst/arststages_ff_reg[0]/CLR
                            (recovery check against rising-edge clock clk_pl_0  {rise@0.000ns fall@5.156ns period=10.312ns})
  Path Group:             (none)
  Path Type:              Recovery (Max at Slow Process Corner)
  Data Path Delay:        3.550ns  (logic 0.113ns (3.183%)  route 3.437ns (96.817%))
  Logic Levels:           0  
  Clock Path Skew:        -0.571ns (DCD - SCD + CPR)
    Destination Clock Delay (DCD):    2.939ns
    Source Clock Delay      (SCD):    3.511ns
    Clock Pessimism Removal (CPR):    0.000ns
  Clock Uncertainty:      0.159ns  ((TSJ^2 + DJ^2)^1/2) / 2 + PE
    Total System Jitter     (TSJ):    0.071ns
    Discrete Jitter          (DJ):    0.310ns
    Phase Error              (PE):    0.000ns
  Clock Net Delay (Source):      3.244ns (routing 1.681ns, distribution 1.563ns)
  Clock Net Delay (Destination): 2.723ns (routing 1.538ns, distribution 1.185ns)
  Timing Exception:       False Path

    Location             Delay type                Incr(ns)  Path(ns)    Netlist Resource(s)
  -------------------------------------------------------------------    -------------------
                         (clock clk_pl_0 rise edge)
                                                      0.000     0.000 r  
    PS8_X0Y0             PS8                          0.000     0.000 r  mixer_ddc_i/zynq_ultra_ps_e_0/inst/PS8_i/PLCLK[0]
                         net (fo=1, routed)           0.229     0.229    mixer_ddc_i/zynq_ultra_ps_e_0/inst/pl_clk_unbuffered[0]
    BUFG_PS_X0Y90        BUFG_PS (Prop_BUFG_PS_I_O)
                                                      0.038     0.267 r  mixer_ddc_i/zynq_ultra_ps_e_0/inst/buffer_pl_clk_0.PL_CLK_0_BUFG/O
    X1Y1 (CLOCK_ROOT)    net (fo=19809, routed)       3.244     3.511    mixer_ddc_i/smartconnect_0/inst/clk_map/psr_aclk/U0/aclk
    SLICE_X16Y57         FDRE                                         r  mixer_ddc_i/smartconnect_0/inst/clk_map/psr_aclk/U0/ACTIVE_LOW_BSR_OUT_DFF[0].FDRE_BSR_N/C
  -------------------------------------------------------------------    -------------------
    SLICE_X16Y57         FDRE (Prop_HFF_SLICEL_C_Q)
                                                      0.113     3.624 r  mixer_ddc_i/smartconnect_0/inst/clk_map/psr_aclk/U0/ACTIVE_LOW_BSR_OUT_DFF[0].FDRE_BSR_N/Q
                         net (fo=87, routed)          3.437     7.060    mixer_ddc_i/smartconnect_0/inst/s01_entry_pipeline/s01_si_converter/inst/xpm_cdc_async_rst_inst/src_arst
    SLICE_X23Y87         FDCE                                         f  mixer_ddc_i/smartconnect_0/inst/s01_entry_pipeline/s01_si_converter/inst/xpm_cdc_async_rst_inst/arststages_ff_reg[0]/CLR  (IS_INVERTED)
  -------------------------------------------------------------------    -------------------

                         (clock clk_pl_0 rise edge)
                                                      0.000     0.000 r  
    PS8_X0Y0             PS8                          0.000     0.000 r  mixer_ddc_i/zynq_ultra_ps_e_0/inst/PS8_i/PLCLK[0]
                         net (fo=1, routed)           0.181     0.181    mixer_ddc_i/zynq_ultra_ps_e_0/inst/pl_clk_unbuffered[0]
    BUFG_PS_X0Y90        BUFG_PS (Prop_BUFG_PS_I_O)
                                                      0.035     0.216 r  mixer_ddc_i/zynq_ultra_ps_e_0/inst/buffer_pl_clk_0.PL_CLK_0_BUFG/O
    X1Y1 (CLOCK_ROOT)    net (fo=19809, routed)       2.723     2.939    mixer_ddc_i/smartconnect_0/inst/s01_entry_pipeline/s01_si_converter/inst/xpm_cdc_async_rst_inst/dest_clk
    SLICE_X23Y87         FDCE                                         r  mixer_ddc_i/smartconnect_0/inst/s01_entry_pipeline/s01_si_converter/inst/xpm_cdc_async_rst_inst/arststages_ff_reg[0]/C

Slack:                    inf
  Source:                 mixer_ddc_i/smartconnect_0/inst/clk_map/psr_aclk/U0/ACTIVE_LOW_BSR_OUT_DFF[0].FDRE_BSR_N/C
                            (rising edge-triggered cell FDRE clocked by clk_pl_0  {rise@0.000ns fall@5.156ns period=10.312ns})
  Destination:            mixer_ddc_i/smartconnect_0/inst/s01_entry_pipeline/s01_si_converter/inst/xpm_cdc_async_rst_inst/arststages_ff_reg[1]/CLR
                            (recovery check against rising-edge clock clk_pl_0  {rise@0.000ns fall@5.156ns period=10.312ns})
  Path Group:             (none)
  Path Type:              Recovery (Max at Slow Process Corner)
  Data Path Delay:        3.550ns  (logic 0.113ns (3.183%)  route 3.437ns (96.817%))
  Logic Levels:           0  
  Clock Path Skew:        -0.571ns (DCD - SCD + CPR)
    Destination Clock Delay (DCD):    2.939ns
    Source Clock Delay      (SCD):    3.511ns
    Clock Pessimism Removal (CPR):    0.000ns
  Clock Uncertainty:      0.159ns  ((TSJ^2 + DJ^2)^1/2) / 2 + PE
    Total System Jitter     (TSJ):    0.071ns
    Discrete Jitter          (DJ):    0.310ns
    Phase Error              (PE):    0.000ns
  Clock Net Delay (Source):      3.244ns (routing 1.681ns, distribution 1.563ns)
  Clock Net Delay (Destination): 2.723ns (routing 1.538ns, distribution 1.185ns)
  Timing Exception:       False Path

    Location             Delay type                Incr(ns)  Path(ns)    Netlist Resource(s)
  -------------------------------------------------------------------    -------------------
                         (clock clk_pl_0 rise edge)
                                                      0.000     0.000 r  
    PS8_X0Y0             PS8                          0.000     0.000 r  mixer_ddc_i/zynq_ultra_ps_e_0/inst/PS8_i/PLCLK[0]
                         net (fo=1, routed)           0.229     0.229    mixer_ddc_i/zynq_ultra_ps_e_0/inst/pl_clk_unbuffered[0]
    BUFG_PS_X0Y90        BUFG_PS (Prop_BUFG_PS_I_O)
                                                      0.038     0.267 r  mixer_ddc_i/zynq_ultra_ps_e_0/inst/buffer_pl_clk_0.PL_CLK_0_BUFG/O
    X1Y1 (CLOCK_ROOT)    net (fo=19809, routed)       3.244     3.511    mixer_ddc_i/smartconnect_0/inst/clk_map/psr_aclk/U0/aclk
    SLICE_X16Y57         FDRE                                         r  mixer_ddc_i/smartconnect_0/inst/clk_map/psr_aclk/U0/ACTIVE_LOW_BSR_OUT_DFF[0].FDRE_BSR_N/C
  -------------------------------------------------------------------    -------------------
    SLICE_X16Y57         FDRE (Prop_HFF_SLICEL_C_Q)
                                                      0.113     3.624 r  mixer_ddc_i/smartconnect_0/inst/clk_map/psr_aclk/U0/ACTIVE_LOW_BSR_OUT_DFF[0].FDRE_BSR_N/Q
                         net (fo=87, routed)          3.437     7.060    mixer_ddc_i/smartconnect_0/inst/s01_entry_pipeline/s01_si_converter/inst/xpm_cdc_async_rst_inst/src_arst
    SLICE_X23Y87         FDCE                                         f  mixer_ddc_i/smartconnect_0/inst/s01_entry_pipeline/s01_si_converter/inst/xpm_cdc_async_rst_inst/arststages_ff_reg[1]/CLR  (IS_INVERTED)
  -------------------------------------------------------------------    -------------------

                         (clock clk_pl_0 rise edge)
                                                      0.000     0.000 r  
    PS8_X0Y0             PS8                          0.000     0.000 r  mixer_ddc_i/zynq_ultra_ps_e_0/inst/PS8_i/PLCLK[0]
                         net (fo=1, routed)           0.181     0.181    mixer_ddc_i/zynq_ultra_ps_e_0/inst/pl_clk_unbuffered[0]
    BUFG_PS_X0Y90        BUFG_PS (Prop_BUFG_PS_I_O)
                                                      0.035     0.216 r  mixer_ddc_i/zynq_ultra_ps_e_0/inst/buffer_pl_clk_0.PL_CLK_0_BUFG/O
    X1Y1 (CLOCK_ROOT)    net (fo=19809, routed)       2.723     2.939    mixer_ddc_i/smartconnect_0/inst/s01_entry_pipeline/s01_si_converter/inst/xpm_cdc_async_rst_inst/dest_clk
    SLICE_X23Y87         FDCE                                         r  mixer_ddc_i/smartconnect_0/inst/s01_entry_pipeline/s01_si_converter/inst/xpm_cdc_async_rst_inst/arststages_ff_reg[1]/C

Slack:                    inf
  Source:                 mixer_ddc_i/smartconnect_0/inst/clk_map/psr_aclk/U0/ACTIVE_LOW_BSR_OUT_DFF[0].FDRE_BSR_N/C
                            (rising edge-triggered cell FDRE clocked by clk_pl_0  {rise@0.000ns fall@5.156ns period=10.312ns})
  Destination:            mixer_ddc_i/smartconnect_0/inst/s01_entry_pipeline/s01_si_converter/inst/xpm_cdc_async_rst_inst/arststages_ff_reg[2]/CLR
                            (recovery check against rising-edge clock clk_pl_0  {rise@0.000ns fall@5.156ns period=10.312ns})
  Path Group:             (none)
  Path Type:              Recovery (Max at Slow Process Corner)
  Data Path Delay:        3.550ns  (logic 0.113ns (3.183%)  route 3.437ns (96.817%))
  Logic Levels:           0  
  Clock Path Skew:        -0.571ns (DCD - SCD + CPR)
    Destination Clock Delay (DCD):    2.939ns
    Source Clock Delay      (SCD):    3.511ns
    Clock Pessimism Removal (CPR):    0.000ns
  Clock Uncertainty:      0.159ns  ((TSJ^2 + DJ^2)^1/2) / 2 + PE
    Total System Jitter     (TSJ):    0.071ns
    Discrete Jitter          (DJ):    0.310ns
    Phase Error              (PE):    0.000ns
  Clock Net Delay (Source):      3.244ns (routing 1.681ns, distribution 1.563ns)
  Clock Net Delay (Destination): 2.723ns (routing 1.538ns, distribution 1.185ns)
  Timing Exception:       False Path

    Location             Delay type                Incr(ns)  Path(ns)    Netlist Resource(s)
  -------------------------------------------------------------------    -------------------
                         (clock clk_pl_0 rise edge)
                                                      0.000     0.000 r  
    PS8_X0Y0             PS8                          0.000     0.000 r  mixer_ddc_i/zynq_ultra_ps_e_0/inst/PS8_i/PLCLK[0]
                         net (fo=1, routed)           0.229     0.229    mixer_ddc_i/zynq_ultra_ps_e_0/inst/pl_clk_unbuffered[0]
    BUFG_PS_X0Y90        BUFG_PS (Prop_BUFG_PS_I_O)
                                                      0.038     0.267 r  mixer_ddc_i/zynq_ultra_ps_e_0/inst/buffer_pl_clk_0.PL_CLK_0_BUFG/O
    X1Y1 (CLOCK_ROOT)    net (fo=19809, routed)       3.244     3.511    mixer_ddc_i/smartconnect_0/inst/clk_map/psr_aclk/U0/aclk
    SLICE_X16Y57         FDRE                                         r  mixer_ddc_i/smartconnect_0/inst/clk_map/psr_aclk/U0/ACTIVE_LOW_BSR_OUT_DFF[0].FDRE_BSR_N/C
  -------------------------------------------------------------------    -------------------
    SLICE_X16Y57         FDRE (Prop_HFF_SLICEL_C_Q)
                                                      0.113     3.624 r  mixer_ddc_i/smartconnect_0/inst/clk_map/psr_aclk/U0/ACTIVE_LOW_BSR_OUT_DFF[0].FDRE_BSR_N/Q
                         net (fo=87, routed)          3.437     7.060    mixer_ddc_i/smartconnect_0/inst/s01_entry_pipeline/s01_si_converter/inst/xpm_cdc_async_rst_inst/src_arst
    SLICE_X23Y87         FDCE                                         f  mixer_ddc_i/smartconnect_0/inst/s01_entry_pipeline/s01_si_converter/inst/xpm_cdc_async_rst_inst/arststages_ff_reg[2]/CLR  (IS_INVERTED)
  -------------------------------------------------------------------    -------------------

                         (clock clk_pl_0 rise edge)
                                                      0.000     0.000 r  
    PS8_X0Y0             PS8                          0.000     0.000 r  mixer_ddc_i/zynq_ultra_ps_e_0/inst/PS8_i/PLCLK[0]
                         net (fo=1, routed)           0.181     0.181    mixer_ddc_i/zynq_ultra_ps_e_0/inst/pl_clk_unbuffered[0]
    BUFG_PS_X0Y90        BUFG_PS (Prop_BUFG_PS_I_O)
                                                      0.035     0.216 r  mixer_ddc_i/zynq_ultra_ps_e_0/inst/buffer_pl_clk_0.PL_CLK_0_BUFG/O
    X1Y1 (CLOCK_ROOT)    net (fo=19809, routed)       2.723     2.939    mixer_ddc_i/smartconnect_0/inst/s01_entry_pipeline/s01_si_converter/inst/xpm_cdc_async_rst_inst/dest_clk
    SLICE_X23Y87         FDCE                                         r  mixer_ddc_i/smartconnect_0/inst/s01_entry_pipeline/s01_si_converter/inst/xpm_cdc_async_rst_inst/arststages_ff_reg[2]/C

Slack:                    inf
  Source:                 mixer_ddc_i/smartconnect_0/inst/clk_map/psr_aclk/U0/ACTIVE_LOW_BSR_OUT_DFF[0].FDRE_BSR_N/C
                            (rising edge-triggered cell FDRE clocked by clk_pl_0  {rise@0.000ns fall@5.156ns period=10.312ns})
  Destination:            mixer_ddc_i/smartconnect_0/inst/s01_nodes/s01_ar_node/inst/s_sc_xpm_cdc_async_rst_inst/arststages_ff_reg[0]/CLR
                            (recovery check against rising-edge clock clk_pl_0  {rise@0.000ns fall@5.156ns period=10.312ns})
  Path Group:             (none)
  Path Type:              Recovery (Max at Slow Process Corner)
  Data Path Delay:        3.452ns  (logic 0.113ns (3.274%)  route 3.339ns (96.726%))
  Logic Levels:           0  
  Clock Path Skew:        -0.571ns (DCD - SCD + CPR)
    Destination Clock Delay (DCD):    2.940ns
    Source Clock Delay      (SCD):    3.511ns
    Clock Pessimism Removal (CPR):    0.000ns
  Clock Uncertainty:      0.159ns  ((TSJ^2 + DJ^2)^1/2) / 2 + PE
    Total System Jitter     (TSJ):    0.071ns
    Discrete Jitter          (DJ):    0.310ns
    Phase Error              (PE):    0.000ns
  Clock Net Delay (Source):      3.244ns (routing 1.681ns, distribution 1.563ns)
  Clock Net Delay (Destination): 2.724ns (routing 1.538ns, distribution 1.186ns)
  Timing Exception:       False Path

    Location             Delay type                Incr(ns)  Path(ns)    Netlist Resource(s)
  -------------------------------------------------------------------    -------------------
                         (clock clk_pl_0 rise edge)
                                                      0.000     0.000 r  
    PS8_X0Y0             PS8                          0.000     0.000 r  mixer_ddc_i/zynq_ultra_ps_e_0/inst/PS8_i/PLCLK[0]
                         net (fo=1, routed)           0.229     0.229    mixer_ddc_i/zynq_ultra_ps_e_0/inst/pl_clk_unbuffered[0]
    BUFG_PS_X0Y90        BUFG_PS (Prop_BUFG_PS_I_O)
                                                      0.038     0.267 r  mixer_ddc_i/zynq_ultra_ps_e_0/inst/buffer_pl_clk_0.PL_CLK_0_BUFG/O
    X1Y1 (CLOCK_ROOT)    net (fo=19809, routed)       3.244     3.511    mixer_ddc_i/smartconnect_0/inst/clk_map/psr_aclk/U0/aclk
    SLICE_X16Y57         FDRE                                         r  mixer_ddc_i/smartconnect_0/inst/clk_map/psr_aclk/U0/ACTIVE_LOW_BSR_OUT_DFF[0].FDRE_BSR_N/C
  -------------------------------------------------------------------    -------------------
    SLICE_X16Y57         FDRE (Prop_HFF_SLICEL_C_Q)
                                                      0.113     3.624 r  mixer_ddc_i/smartconnect_0/inst/clk_map/psr_aclk/U0/ACTIVE_LOW_BSR_OUT_DFF[0].FDRE_BSR_N/Q
                         net (fo=87, routed)          3.339     6.962    mixer_ddc_i/smartconnect_0/inst/s01_nodes/s01_ar_node/inst/s_sc_xpm_cdc_async_rst_inst/src_arst
    SLICE_X24Y85         FDCE                                         f  mixer_ddc_i/smartconnect_0/inst/s01_nodes/s01_ar_node/inst/s_sc_xpm_cdc_async_rst_inst/arststages_ff_reg[0]/CLR  (IS_INVERTED)
  -------------------------------------------------------------------    -------------------

                         (clock clk_pl_0 rise edge)
                                                      0.000     0.000 r  
    PS8_X0Y0             PS8                          0.000     0.000 r  mixer_ddc_i/zynq_ultra_ps_e_0/inst/PS8_i/PLCLK[0]
                         net (fo=1, routed)           0.181     0.181    mixer_ddc_i/zynq_ultra_ps_e_0/inst/pl_clk_unbuffered[0]
    BUFG_PS_X0Y90        BUFG_PS (Prop_BUFG_PS_I_O)
                                                      0.035     0.216 r  mixer_ddc_i/zynq_ultra_ps_e_0/inst/buffer_pl_clk_0.PL_CLK_0_BUFG/O
    X1Y1 (CLOCK_ROOT)    net (fo=19809, routed)       2.724     2.940    mixer_ddc_i/smartconnect_0/inst/s01_nodes/s01_ar_node/inst/s_sc_xpm_cdc_async_rst_inst/dest_clk
    SLICE_X24Y85         FDCE                                         r  mixer_ddc_i/smartconnect_0/inst/s01_nodes/s01_ar_node/inst/s_sc_xpm_cdc_async_rst_inst/arststages_ff_reg[0]/C

Slack:                    inf
  Source:                 mixer_ddc_i/smartconnect_0/inst/clk_map/psr_aclk/U0/ACTIVE_LOW_BSR_OUT_DFF[0].FDRE_BSR_N/C
                            (rising edge-triggered cell FDRE clocked by clk_pl_0  {rise@0.000ns fall@5.156ns period=10.312ns})
  Destination:            mixer_ddc_i/smartconnect_0/inst/s01_nodes/s01_ar_node/inst/s_sc_xpm_cdc_async_rst_inst/arststages_ff_reg[1]/CLR
                            (recovery check against rising-edge clock clk_pl_0  {rise@0.000ns fall@5.156ns period=10.312ns})
  Path Group:             (none)
  Path Type:              Recovery (Max at Slow Process Corner)
  Data Path Delay:        3.452ns  (logic 0.113ns (3.274%)  route 3.339ns (96.726%))
  Logic Levels:           0  
  Clock Path Skew:        -0.571ns (DCD - SCD + CPR)
    Destination Clock Delay (DCD):    2.940ns
    Source Clock Delay      (SCD):    3.511ns
    Clock Pessimism Removal (CPR):    0.000ns
  Clock Uncertainty:      0.159ns  ((TSJ^2 + DJ^2)^1/2) / 2 + PE
    Total System Jitter     (TSJ):    0.071ns
    Discrete Jitter          (DJ):    0.310ns
    Phase Error              (PE):    0.000ns
  Clock Net Delay (Source):      3.244ns (routing 1.681ns, distribution 1.563ns)
  Clock Net Delay (Destination): 2.724ns (routing 1.538ns, distribution 1.186ns)
  Timing Exception:       False Path

    Location             Delay type                Incr(ns)  Path(ns)    Netlist Resource(s)
  -------------------------------------------------------------------    -------------------
                         (clock clk_pl_0 rise edge)
                                                      0.000     0.000 r  
    PS8_X0Y0             PS8                          0.000     0.000 r  mixer_ddc_i/zynq_ultra_ps_e_0/inst/PS8_i/PLCLK[0]
                         net (fo=1, routed)           0.229     0.229    mixer_ddc_i/zynq_ultra_ps_e_0/inst/pl_clk_unbuffered[0]
    BUFG_PS_X0Y90        BUFG_PS (Prop_BUFG_PS_I_O)
                                                      0.038     0.267 r  mixer_ddc_i/zynq_ultra_ps_e_0/inst/buffer_pl_clk_0.PL_CLK_0_BUFG/O
    X1Y1 (CLOCK_ROOT)    net (fo=19809, routed)       3.244     3.511    mixer_ddc_i/smartconnect_0/inst/clk_map/psr_aclk/U0/aclk
    SLICE_X16Y57         FDRE                                         r  mixer_ddc_i/smartconnect_0/inst/clk_map/psr_aclk/U0/ACTIVE_LOW_BSR_OUT_DFF[0].FDRE_BSR_N/C
  -------------------------------------------------------------------    -------------------
    SLICE_X16Y57         FDRE (Prop_HFF_SLICEL_C_Q)
                                                      0.113     3.624 r  mixer_ddc_i/smartconnect_0/inst/clk_map/psr_aclk/U0/ACTIVE_LOW_BSR_OUT_DFF[0].FDRE_BSR_N/Q
                         net (fo=87, routed)          3.339     6.962    mixer_ddc_i/smartconnect_0/inst/s01_nodes/s01_ar_node/inst/s_sc_xpm_cdc_async_rst_inst/src_arst
    SLICE_X24Y85         FDCE                                         f  mixer_ddc_i/smartconnect_0/inst/s01_nodes/s01_ar_node/inst/s_sc_xpm_cdc_async_rst_inst/arststages_ff_reg[1]/CLR  (IS_INVERTED)
  -------------------------------------------------------------------    -------------------

                         (clock clk_pl_0 rise edge)
                                                      0.000     0.000 r  
    PS8_X0Y0             PS8                          0.000     0.000 r  mixer_ddc_i/zynq_ultra_ps_e_0/inst/PS8_i/PLCLK[0]
                         net (fo=1, routed)           0.181     0.181    mixer_ddc_i/zynq_ultra_ps_e_0/inst/pl_clk_unbuffered[0]
    BUFG_PS_X0Y90        BUFG_PS (Prop_BUFG_PS_I_O)
                                                      0.035     0.216 r  mixer_ddc_i/zynq_ultra_ps_e_0/inst/buffer_pl_clk_0.PL_CLK_0_BUFG/O
    X1Y1 (CLOCK_ROOT)    net (fo=19809, routed)       2.724     2.940    mixer_ddc_i/smartconnect_0/inst/s01_nodes/s01_ar_node/inst/s_sc_xpm_cdc_async_rst_inst/dest_clk
    SLICE_X24Y85         FDCE                                         r  mixer_ddc_i/smartconnect_0/inst/s01_nodes/s01_ar_node/inst/s_sc_xpm_cdc_async_rst_inst/arststages_ff_reg[1]/C

Slack:                    inf
  Source:                 mixer_ddc_i/smartconnect_0/inst/clk_map/psr_aclk/U0/ACTIVE_LOW_BSR_OUT_DFF[0].FDRE_BSR_N/C
                            (rising edge-triggered cell FDRE clocked by clk_pl_0  {rise@0.000ns fall@5.156ns period=10.312ns})
  Destination:            mixer_ddc_i/smartconnect_0/inst/s01_nodes/s01_ar_node/inst/s_sc_xpm_cdc_async_rst_inst/arststages_ff_reg[2]/CLR
                            (recovery check against rising-edge clock clk_pl_0  {rise@0.000ns fall@5.156ns period=10.312ns})
  Path Group:             (none)
  Path Type:              Recovery (Max at Slow Process Corner)
  Data Path Delay:        3.452ns  (logic 0.113ns (3.274%)  route 3.339ns (96.726%))
  Logic Levels:           0  
  Clock Path Skew:        -0.571ns (DCD - SCD + CPR)
    Destination Clock Delay (DCD):    2.940ns
    Source Clock Delay      (SCD):    3.511ns
    Clock Pessimism Removal (CPR):    0.000ns
  Clock Uncertainty:      0.159ns  ((TSJ^2 + DJ^2)^1/2) / 2 + PE
    Total System Jitter     (TSJ):    0.071ns
    Discrete Jitter          (DJ):    0.310ns
    Phase Error              (PE):    0.000ns
  Clock Net Delay (Source):      3.244ns (routing 1.681ns, distribution 1.563ns)
  Clock Net Delay (Destination): 2.724ns (routing 1.538ns, distribution 1.186ns)
  Timing Exception:       False Path

    Location             Delay type                Incr(ns)  Path(ns)    Netlist Resource(s)
  -------------------------------------------------------------------    -------------------
                         (clock clk_pl_0 rise edge)
                                                      0.000     0.000 r  
    PS8_X0Y0             PS8                          0.000     0.000 r  mixer_ddc_i/zynq_ultra_ps_e_0/inst/PS8_i/PLCLK[0]
                         net (fo=1, routed)           0.229     0.229    mixer_ddc_i/zynq_ultra_ps_e_0/inst/pl_clk_unbuffered[0]
    BUFG_PS_X0Y90        BUFG_PS (Prop_BUFG_PS_I_O)
                                                      0.038     0.267 r  mixer_ddc_i/zynq_ultra_ps_e_0/inst/buffer_pl_clk_0.PL_CLK_0_BUFG/O
    X1Y1 (CLOCK_ROOT)    net (fo=19809, routed)       3.244     3.511    mixer_ddc_i/smartconnect_0/inst/clk_map/psr_aclk/U0/aclk
    SLICE_X16Y57         FDRE                                         r  mixer_ddc_i/smartconnect_0/inst/clk_map/psr_aclk/U0/ACTIVE_LOW_BSR_OUT_DFF[0].FDRE_BSR_N/C
  -------------------------------------------------------------------    -------------------
    SLICE_X16Y57         FDRE (Prop_HFF_SLICEL_C_Q)
                                                      0.113     3.624 r  mixer_ddc_i/smartconnect_0/inst/clk_map/psr_aclk/U0/ACTIVE_LOW_BSR_OUT_DFF[0].FDRE_BSR_N/Q
                         net (fo=87, routed)          3.339     6.962    mixer_ddc_i/smartconnect_0/inst/s01_nodes/s01_ar_node/inst/s_sc_xpm_cdc_async_rst_inst/src_arst
    SLICE_X24Y85         FDCE                                         f  mixer_ddc_i/smartconnect_0/inst/s01_nodes/s01_ar_node/inst/s_sc_xpm_cdc_async_rst_inst/arststages_ff_reg[2]/CLR  (IS_INVERTED)
  -------------------------------------------------------------------    -------------------

                         (clock clk_pl_0 rise edge)
                                                      0.000     0.000 r  
    PS8_X0Y0             PS8                          0.000     0.000 r  mixer_ddc_i/zynq_ultra_ps_e_0/inst/PS8_i/PLCLK[0]
                         net (fo=1, routed)           0.181     0.181    mixer_ddc_i/zynq_ultra_ps_e_0/inst/pl_clk_unbuffered[0]
    BUFG_PS_X0Y90        BUFG_PS (Prop_BUFG_PS_I_O)
                                                      0.035     0.216 r  mixer_ddc_i/zynq_ultra_ps_e_0/inst/buffer_pl_clk_0.PL_CLK_0_BUFG/O
    X1Y1 (CLOCK_ROOT)    net (fo=19809, routed)       2.724     2.940    mixer_ddc_i/smartconnect_0/inst/s01_nodes/s01_ar_node/inst/s_sc_xpm_cdc_async_rst_inst/dest_clk
    SLICE_X24Y85         FDCE                                         r  mixer_ddc_i/smartconnect_0/inst/s01_nodes/s01_ar_node/inst/s_sc_xpm_cdc_async_rst_inst/arststages_ff_reg[2]/C

Slack:                    inf
  Source:                 mixer_ddc_i/smartconnect_0/inst/clk_map/psr_aclk/U0/ACTIVE_LOW_BSR_OUT_DFF[0].FDRE_BSR_N/C
                            (rising edge-triggered cell FDRE clocked by clk_pl_0  {rise@0.000ns fall@5.156ns period=10.312ns})
  Destination:            mixer_ddc_i/smartconnect_0/inst/s01_entry_pipeline/s01_mmu/inst/xpm_cdc_async_rst_inst/arststages_ff_reg[0]/CLR
                            (recovery check against rising-edge clock clk_pl_0  {rise@0.000ns fall@5.156ns period=10.312ns})
  Path Group:             (none)
  Path Type:              Recovery (Max at Slow Process Corner)
  Data Path Delay:        3.373ns  (logic 0.113ns (3.350%)  route 3.260ns (96.650%))
  Logic Levels:           0  
  Clock Path Skew:        -0.563ns (DCD - SCD + CPR)
    Destination Clock Delay (DCD):    2.947ns
    Source Clock Delay      (SCD):    3.511ns
    Clock Pessimism Removal (CPR):    0.000ns
  Clock Uncertainty:      0.159ns  ((TSJ^2 + DJ^2)^1/2) / 2 + PE
    Total System Jitter     (TSJ):    0.071ns
    Discrete Jitter          (DJ):    0.310ns
    Phase Error              (PE):    0.000ns
  Clock Net Delay (Source):      3.244ns (routing 1.681ns, distribution 1.563ns)
  Clock Net Delay (Destination): 2.731ns (routing 1.538ns, distribution 1.193ns)
  Timing Exception:       False Path

    Location             Delay type                Incr(ns)  Path(ns)    Netlist Resource(s)
  -------------------------------------------------------------------    -------------------
                         (clock clk_pl_0 rise edge)
                                                      0.000     0.000 r  
    PS8_X0Y0             PS8                          0.000     0.000 r  mixer_ddc_i/zynq_ultra_ps_e_0/inst/PS8_i/PLCLK[0]
                         net (fo=1, routed)           0.229     0.229    mixer_ddc_i/zynq_ultra_ps_e_0/inst/pl_clk_unbuffered[0]
    BUFG_PS_X0Y90        BUFG_PS (Prop_BUFG_PS_I_O)
                                                      0.038     0.267 r  mixer_ddc_i/zynq_ultra_ps_e_0/inst/buffer_pl_clk_0.PL_CLK_0_BUFG/O
    X1Y1 (CLOCK_ROOT)    net (fo=19809, routed)       3.244     3.511    mixer_ddc_i/smartconnect_0/inst/clk_map/psr_aclk/U0/aclk
    SLICE_X16Y57         FDRE                                         r  mixer_ddc_i/smartconnect_0/inst/clk_map/psr_aclk/U0/ACTIVE_LOW_BSR_OUT_DFF[0].FDRE_BSR_N/C
  -------------------------------------------------------------------    -------------------
    SLICE_X16Y57         FDRE (Prop_HFF_SLICEL_C_Q)
                                                      0.113     3.624 r  mixer_ddc_i/smartconnect_0/inst/clk_map/psr_aclk/U0/ACTIVE_LOW_BSR_OUT_DFF[0].FDRE_BSR_N/Q
                         net (fo=87, routed)          3.260     6.883    mixer_ddc_i/smartconnect_0/inst/s01_entry_pipeline/s01_mmu/inst/xpm_cdc_async_rst_inst/src_arst
    SLICE_X24Y84         FDCE                                         f  mixer_ddc_i/smartconnect_0/inst/s01_entry_pipeline/s01_mmu/inst/xpm_cdc_async_rst_inst/arststages_ff_reg[0]/CLR  (IS_INVERTED)
  -------------------------------------------------------------------    -------------------

                         (clock clk_pl_0 rise edge)
                                                      0.000     0.000 r  
    PS8_X0Y0             PS8                          0.000     0.000 r  mixer_ddc_i/zynq_ultra_ps_e_0/inst/PS8_i/PLCLK[0]
                         net (fo=1, routed)           0.181     0.181    mixer_ddc_i/zynq_ultra_ps_e_0/inst/pl_clk_unbuffered[0]
    BUFG_PS_X0Y90        BUFG_PS (Prop_BUFG_PS_I_O)
                                                      0.035     0.216 r  mixer_ddc_i/zynq_ultra_ps_e_0/inst/buffer_pl_clk_0.PL_CLK_0_BUFG/O
    X1Y1 (CLOCK_ROOT)    net (fo=19809, routed)       2.731     2.947    mixer_ddc_i/smartconnect_0/inst/s01_entry_pipeline/s01_mmu/inst/xpm_cdc_async_rst_inst/dest_clk
    SLICE_X24Y84         FDCE                                         r  mixer_ddc_i/smartconnect_0/inst/s01_entry_pipeline/s01_mmu/inst/xpm_cdc_async_rst_inst/arststages_ff_reg[0]/C

Slack:                    inf
  Source:                 mixer_ddc_i/smartconnect_0/inst/clk_map/psr_aclk/U0/ACTIVE_LOW_BSR_OUT_DFF[0].FDRE_BSR_N/C
                            (rising edge-triggered cell FDRE clocked by clk_pl_0  {rise@0.000ns fall@5.156ns period=10.312ns})
  Destination:            mixer_ddc_i/smartconnect_0/inst/s01_entry_pipeline/s01_mmu/inst/xpm_cdc_async_rst_inst/arststages_ff_reg[1]/CLR
                            (recovery check against rising-edge clock clk_pl_0  {rise@0.000ns fall@5.156ns period=10.312ns})
  Path Group:             (none)
  Path Type:              Recovery (Max at Slow Process Corner)
  Data Path Delay:        3.373ns  (logic 0.113ns (3.350%)  route 3.260ns (96.650%))
  Logic Levels:           0  
  Clock Path Skew:        -0.563ns (DCD - SCD + CPR)
    Destination Clock Delay (DCD):    2.947ns
    Source Clock Delay      (SCD):    3.511ns
    Clock Pessimism Removal (CPR):    0.000ns
  Clock Uncertainty:      0.159ns  ((TSJ^2 + DJ^2)^1/2) / 2 + PE
    Total System Jitter     (TSJ):    0.071ns
    Discrete Jitter          (DJ):    0.310ns
    Phase Error              (PE):    0.000ns
  Clock Net Delay (Source):      3.244ns (routing 1.681ns, distribution 1.563ns)
  Clock Net Delay (Destination): 2.731ns (routing 1.538ns, distribution 1.193ns)
  Timing Exception:       False Path

    Location             Delay type                Incr(ns)  Path(ns)    Netlist Resource(s)
  -------------------------------------------------------------------    -------------------
                         (clock clk_pl_0 rise edge)
                                                      0.000     0.000 r  
    PS8_X0Y0             PS8                          0.000     0.000 r  mixer_ddc_i/zynq_ultra_ps_e_0/inst/PS8_i/PLCLK[0]
                         net (fo=1, routed)           0.229     0.229    mixer_ddc_i/zynq_ultra_ps_e_0/inst/pl_clk_unbuffered[0]
    BUFG_PS_X0Y90        BUFG_PS (Prop_BUFG_PS_I_O)
                                                      0.038     0.267 r  mixer_ddc_i/zynq_ultra_ps_e_0/inst/buffer_pl_clk_0.PL_CLK_0_BUFG/O
    X1Y1 (CLOCK_ROOT)    net (fo=19809, routed)       3.244     3.511    mixer_ddc_i/smartconnect_0/inst/clk_map/psr_aclk/U0/aclk
    SLICE_X16Y57         FDRE                                         r  mixer_ddc_i/smartconnect_0/inst/clk_map/psr_aclk/U0/ACTIVE_LOW_BSR_OUT_DFF[0].FDRE_BSR_N/C
  -------------------------------------------------------------------    -------------------
    SLICE_X16Y57         FDRE (Prop_HFF_SLICEL_C_Q)
                                                      0.113     3.624 r  mixer_ddc_i/smartconnect_0/inst/clk_map/psr_aclk/U0/ACTIVE_LOW_BSR_OUT_DFF[0].FDRE_BSR_N/Q
                         net (fo=87, routed)          3.260     6.883    mixer_ddc_i/smartconnect_0/inst/s01_entry_pipeline/s01_mmu/inst/xpm_cdc_async_rst_inst/src_arst
    SLICE_X24Y84         FDCE                                         f  mixer_ddc_i/smartconnect_0/inst/s01_entry_pipeline/s01_mmu/inst/xpm_cdc_async_rst_inst/arststages_ff_reg[1]/CLR  (IS_INVERTED)
  -------------------------------------------------------------------    -------------------

                         (clock clk_pl_0 rise edge)
                                                      0.000     0.000 r  
    PS8_X0Y0             PS8                          0.000     0.000 r  mixer_ddc_i/zynq_ultra_ps_e_0/inst/PS8_i/PLCLK[0]
                         net (fo=1, routed)           0.181     0.181    mixer_ddc_i/zynq_ultra_ps_e_0/inst/pl_clk_unbuffered[0]
    BUFG_PS_X0Y90        BUFG_PS (Prop_BUFG_PS_I_O)
                                                      0.035     0.216 r  mixer_ddc_i/zynq_ultra_ps_e_0/inst/buffer_pl_clk_0.PL_CLK_0_BUFG/O
    X1Y1 (CLOCK_ROOT)    net (fo=19809, routed)       2.731     2.947    mixer_ddc_i/smartconnect_0/inst/s01_entry_pipeline/s01_mmu/inst/xpm_cdc_async_rst_inst/dest_clk
    SLICE_X24Y84         FDCE                                         r  mixer_ddc_i/smartconnect_0/inst/s01_entry_pipeline/s01_mmu/inst/xpm_cdc_async_rst_inst/arststages_ff_reg[1]/C

Slack:                    inf
  Source:                 mixer_ddc_i/smartconnect_0/inst/clk_map/psr_aclk/U0/ACTIVE_LOW_BSR_OUT_DFF[0].FDRE_BSR_N/C
                            (rising edge-triggered cell FDRE clocked by clk_pl_0  {rise@0.000ns fall@5.156ns period=10.312ns})
  Destination:            mixer_ddc_i/smartconnect_0/inst/s01_entry_pipeline/s01_mmu/inst/xpm_cdc_async_rst_inst/arststages_ff_reg[2]/CLR
                            (recovery check against rising-edge clock clk_pl_0  {rise@0.000ns fall@5.156ns period=10.312ns})
  Path Group:             (none)
  Path Type:              Recovery (Max at Slow Process Corner)
  Data Path Delay:        3.373ns  (logic 0.113ns (3.350%)  route 3.260ns (96.650%))
  Logic Levels:           0  
  Clock Path Skew:        -0.563ns (DCD - SCD + CPR)
    Destination Clock Delay (DCD):    2.947ns
    Source Clock Delay      (SCD):    3.511ns
    Clock Pessimism Removal (CPR):    0.000ns
  Clock Uncertainty:      0.159ns  ((TSJ^2 + DJ^2)^1/2) / 2 + PE
    Total System Jitter     (TSJ):    0.071ns
    Discrete Jitter          (DJ):    0.310ns
    Phase Error              (PE):    0.000ns
  Clock Net Delay (Source):      3.244ns (routing 1.681ns, distribution 1.563ns)
  Clock Net Delay (Destination): 2.731ns (routing 1.538ns, distribution 1.193ns)
  Timing Exception:       False Path

    Location             Delay type                Incr(ns)  Path(ns)    Netlist Resource(s)
  -------------------------------------------------------------------    -------------------
                         (clock clk_pl_0 rise edge)
                                                      0.000     0.000 r  
    PS8_X0Y0             PS8                          0.000     0.000 r  mixer_ddc_i/zynq_ultra_ps_e_0/inst/PS8_i/PLCLK[0]
                         net (fo=1, routed)           0.229     0.229    mixer_ddc_i/zynq_ultra_ps_e_0/inst/pl_clk_unbuffered[0]
    BUFG_PS_X0Y90        BUFG_PS (Prop_BUFG_PS_I_O)
                                                      0.038     0.267 r  mixer_ddc_i/zynq_ultra_ps_e_0/inst/buffer_pl_clk_0.PL_CLK_0_BUFG/O
    X1Y1 (CLOCK_ROOT)    net (fo=19809, routed)       3.244     3.511    mixer_ddc_i/smartconnect_0/inst/clk_map/psr_aclk/U0/aclk
    SLICE_X16Y57         FDRE                                         r  mixer_ddc_i/smartconnect_0/inst/clk_map/psr_aclk/U0/ACTIVE_LOW_BSR_OUT_DFF[0].FDRE_BSR_N/C
  -------------------------------------------------------------------    -------------------
    SLICE_X16Y57         FDRE (Prop_HFF_SLICEL_C_Q)
                                                      0.113     3.624 r  mixer_ddc_i/smartconnect_0/inst/clk_map/psr_aclk/U0/ACTIVE_LOW_BSR_OUT_DFF[0].FDRE_BSR_N/Q
                         net (fo=87, routed)          3.260     6.883    mixer_ddc_i/smartconnect_0/inst/s01_entry_pipeline/s01_mmu/inst/xpm_cdc_async_rst_inst/src_arst
    SLICE_X24Y84         FDCE                                         f  mixer_ddc_i/smartconnect_0/inst/s01_entry_pipeline/s01_mmu/inst/xpm_cdc_async_rst_inst/arststages_ff_reg[2]/CLR  (IS_INVERTED)
  -------------------------------------------------------------------    -------------------

                         (clock clk_pl_0 rise edge)
                                                      0.000     0.000 r  
    PS8_X0Y0             PS8                          0.000     0.000 r  mixer_ddc_i/zynq_ultra_ps_e_0/inst/PS8_i/PLCLK[0]
                         net (fo=1, routed)           0.181     0.181    mixer_ddc_i/zynq_ultra_ps_e_0/inst/pl_clk_unbuffered[0]
    BUFG_PS_X0Y90        BUFG_PS (Prop_BUFG_PS_I_O)
                                                      0.035     0.216 r  mixer_ddc_i/zynq_ultra_ps_e_0/inst/buffer_pl_clk_0.PL_CLK_0_BUFG/O
    X1Y1 (CLOCK_ROOT)    net (fo=19809, routed)       2.731     2.947    mixer_ddc_i/smartconnect_0/inst/s01_entry_pipeline/s01_mmu/inst/xpm_cdc_async_rst_inst/dest_clk
    SLICE_X24Y84         FDCE                                         r  mixer_ddc_i/smartconnect_0/inst/s01_entry_pipeline/s01_mmu/inst/xpm_cdc_async_rst_inst/arststages_ff_reg[2]/C

Slack:                    inf
  Source:                 mixer_ddc_i/smartconnect_0/inst/clk_map/psr_aclk/U0/ACTIVE_LOW_BSR_OUT_DFF[0].FDRE_BSR_N/C
                            (rising edge-triggered cell FDRE clocked by clk_pl_0  {rise@0.000ns fall@5.156ns period=10.312ns})
  Destination:            mixer_ddc_i/smartconnect_0/inst/m01_nodes/m01_ar_node/inst/s_sc_xpm_cdc_async_rst_inst/arststages_ff_reg[0]/CLR
                            (recovery check against rising-edge clock clk_pl_0  {rise@0.000ns fall@5.156ns period=10.312ns})
  Path Group:             (none)
  Path Type:              Recovery (Max at Slow Process Corner)
  Data Path Delay:        3.241ns  (logic 0.113ns (3.487%)  route 3.128ns (96.513%))
  Logic Levels:           0  
  Clock Path Skew:        -0.583ns (DCD - SCD + CPR)
    Destination Clock Delay (DCD):    2.928ns
    Source Clock Delay      (SCD):    3.511ns
    Clock Pessimism Removal (CPR):    0.000ns
  Clock Uncertainty:      0.159ns  ((TSJ^2 + DJ^2)^1/2) / 2 + PE
    Total System Jitter     (TSJ):    0.071ns
    Discrete Jitter          (DJ):    0.310ns
    Phase Error              (PE):    0.000ns
  Clock Net Delay (Source):      3.244ns (routing 1.681ns, distribution 1.563ns)
  Clock Net Delay (Destination): 2.712ns (routing 1.538ns, distribution 1.174ns)
  Timing Exception:       False Path

    Location             Delay type                Incr(ns)  Path(ns)    Netlist Resource(s)
  -------------------------------------------------------------------    -------------------
                         (clock clk_pl_0 rise edge)
                                                      0.000     0.000 r  
    PS8_X0Y0             PS8                          0.000     0.000 r  mixer_ddc_i/zynq_ultra_ps_e_0/inst/PS8_i/PLCLK[0]
                         net (fo=1, routed)           0.229     0.229    mixer_ddc_i/zynq_ultra_ps_e_0/inst/pl_clk_unbuffered[0]
    BUFG_PS_X0Y90        BUFG_PS (Prop_BUFG_PS_I_O)
                                                      0.038     0.267 r  mixer_ddc_i/zynq_ultra_ps_e_0/inst/buffer_pl_clk_0.PL_CLK_0_BUFG/O
    X1Y1 (CLOCK_ROOT)    net (fo=19809, routed)       3.244     3.511    mixer_ddc_i/smartconnect_0/inst/clk_map/psr_aclk/U0/aclk
    SLICE_X16Y57         FDRE                                         r  mixer_ddc_i/smartconnect_0/inst/clk_map/psr_aclk/U0/ACTIVE_LOW_BSR_OUT_DFF[0].FDRE_BSR_N/C
  -------------------------------------------------------------------    -------------------
    SLICE_X16Y57         FDRE (Prop_HFF_SLICEL_C_Q)
                                                      0.113     3.624 r  mixer_ddc_i/smartconnect_0/inst/clk_map/psr_aclk/U0/ACTIVE_LOW_BSR_OUT_DFF[0].FDRE_BSR_N/Q
                         net (fo=87, routed)          3.128     6.751    mixer_ddc_i/smartconnect_0/inst/m01_nodes/m01_ar_node/inst/s_sc_xpm_cdc_async_rst_inst/src_arst
    SLICE_X23Y94         FDCE                                         f  mixer_ddc_i/smartconnect_0/inst/m01_nodes/m01_ar_node/inst/s_sc_xpm_cdc_async_rst_inst/arststages_ff_reg[0]/CLR  (IS_INVERTED)
  -------------------------------------------------------------------    -------------------

                         (clock clk_pl_0 rise edge)
                                                      0.000     0.000 r  
    PS8_X0Y0             PS8                          0.000     0.000 r  mixer_ddc_i/zynq_ultra_ps_e_0/inst/PS8_i/PLCLK[0]
                         net (fo=1, routed)           0.181     0.181    mixer_ddc_i/zynq_ultra_ps_e_0/inst/pl_clk_unbuffered[0]
    BUFG_PS_X0Y90        BUFG_PS (Prop_BUFG_PS_I_O)
                                                      0.035     0.216 r  mixer_ddc_i/zynq_ultra_ps_e_0/inst/buffer_pl_clk_0.PL_CLK_0_BUFG/O
    X1Y1 (CLOCK_ROOT)    net (fo=19809, routed)       2.712     2.928    mixer_ddc_i/smartconnect_0/inst/m01_nodes/m01_ar_node/inst/s_sc_xpm_cdc_async_rst_inst/dest_clk
    SLICE_X23Y94         FDCE                                         r  mixer_ddc_i/smartconnect_0/inst/m01_nodes/m01_ar_node/inst/s_sc_xpm_cdc_async_rst_inst/arststages_ff_reg[0]/C





Min Delay Paths
--------------------------------------------------------------------------------------
Slack:                    inf
  Source:                 mixer_ddc_i/system_ila_0/inst/ila_lib/inst/ila_core_inst/u_ila_cap_ctrl/u_cap_addrgen/i_o_to_64k.cfg_data_vec_reg[4]/C
                            (rising edge-triggered cell FDRE clocked by clk_pl_0  {rise@0.000ns fall@5.156ns period=10.312ns})
  Destination:            mixer_ddc_i/system_ila_0/inst/ila_lib/inst/ila_core_inst/u_ila_cap_ctrl/u_cap_addrgen/cfg_data_vec_sync1_reg[4]/D
                            (rising edge-triggered cell FDRE clocked by clk_pl_0  {rise@0.000ns fall@5.156ns period=10.312ns})
  Path Group:             (none)
  Path Type:              Hold (Min at Fast Process Corner)
  Data Path Delay:        0.126ns  (logic 0.083ns (66.064%)  route 0.043ns (33.936%))
  Logic Levels:           0  
  Clock Path Skew:        0.198ns (DCD - SCD - CPR)
    Destination Clock Delay (DCD):    2.040ns
    Source Clock Delay      (SCD):    1.843ns
    Clock Pessimism Removal (CPR):    -0.000ns
  Clock Uncertainty:      0.159ns  ((TSJ^2 + DJ^2)^1/2) / 2 + PE
    Total System Jitter     (TSJ):    0.071ns
    Discrete Jitter          (DJ):    0.310ns
    Phase Error              (PE):    0.000ns
  Clock Net Delay (Source):      1.692ns (routing 0.940ns, distribution 0.752ns)
  Clock Net Delay (Destination): 1.853ns (routing 1.033ns, distribution 0.820ns)
  Timing Exception:       False Path

    Location             Delay type                Incr(ns)  Path(ns)    Netlist Resource(s)
  -------------------------------------------------------------------    -------------------
                         (clock clk_pl_0 rise edge)
                                                      0.000     0.000 r  
    PS8_X0Y0             PS8                          0.000     0.000 r  mixer_ddc_i/zynq_ultra_ps_e_0/inst/PS8_i/PLCLK[0]
                         net (fo=1, routed)           0.129     0.129    mixer_ddc_i/zynq_ultra_ps_e_0/inst/pl_clk_unbuffered[0]
    BUFG_PS_X0Y90        BUFG_PS (Prop_BUFG_PS_I_O)
                                                      0.022     0.151 r  mixer_ddc_i/zynq_ultra_ps_e_0/inst/buffer_pl_clk_0.PL_CLK_0_BUFG/O
    X1Y1 (CLOCK_ROOT)    net (fo=19809, routed)       1.692     1.843    mixer_ddc_i/system_ila_0/inst/ila_lib/inst/ila_core_inst/u_ila_cap_ctrl/u_cap_addrgen/s_dclk_o
    SLICE_X43Y113        FDRE                                         r  mixer_ddc_i/system_ila_0/inst/ila_lib/inst/ila_core_inst/u_ila_cap_ctrl/u_cap_addrgen/i_o_to_64k.cfg_data_vec_reg[4]/C
  -------------------------------------------------------------------    -------------------
    SLICE_X43Y113        FDRE (Prop_HFF_SLICEM_C_Q)
                                                      0.083     1.926 r  mixer_ddc_i/system_ila_0/inst/ila_lib/inst/ila_core_inst/u_ila_cap_ctrl/u_cap_addrgen/i_o_to_64k.cfg_data_vec_reg[4]/Q
                         net (fo=2, routed)           0.043     1.968    mixer_ddc_i/system_ila_0/inst/ila_lib/inst/ila_core_inst/u_ila_cap_ctrl/u_cap_addrgen/cfg_data_vec[4]
    SLICE_X43Y113        FDRE                                         r  mixer_ddc_i/system_ila_0/inst/ila_lib/inst/ila_core_inst/u_ila_cap_ctrl/u_cap_addrgen/cfg_data_vec_sync1_reg[4]/D
  -------------------------------------------------------------------    -------------------

                         (clock clk_pl_0 rise edge)
                                                      0.000     0.000 r  
    PS8_X0Y0             PS8                          0.000     0.000 r  mixer_ddc_i/zynq_ultra_ps_e_0/inst/PS8_i/PLCLK[0]
                         net (fo=1, routed)           0.164     0.164    mixer_ddc_i/zynq_ultra_ps_e_0/inst/pl_clk_unbuffered[0]
    BUFG_PS_X0Y90        BUFG_PS (Prop_BUFG_PS_I_O)
                                                      0.023     0.187 r  mixer_ddc_i/zynq_ultra_ps_e_0/inst/buffer_pl_clk_0.PL_CLK_0_BUFG/O
    X1Y1 (CLOCK_ROOT)    net (fo=19809, routed)       1.853     2.040    mixer_ddc_i/system_ila_0/inst/ila_lib/inst/ila_core_inst/u_ila_cap_ctrl/u_cap_addrgen/DESIGN_CLK_I
    SLICE_X43Y113        FDRE                                         r  mixer_ddc_i/system_ila_0/inst/ila_lib/inst/ila_core_inst/u_ila_cap_ctrl/u_cap_addrgen/cfg_data_vec_sync1_reg[4]/C

Slack:                    inf
  Source:                 mixer_ddc_i/system_ila_0/inst/ila_lib/inst/ila_core_inst/u_ila_reset_ctrl/asyncrounous_transfer.arm_out_transfer_inst/din_reg_reg/C
                            (rising edge-triggered cell FDRE clocked by clk_pl_0  {rise@0.000ns fall@5.156ns period=10.312ns})
  Destination:            mixer_ddc_i/system_ila_0/inst/ila_lib/inst/ila_core_inst/u_ila_reset_ctrl/asyncrounous_transfer.arm_out_transfer_inst/dout_reg0_reg/D
                            (rising edge-triggered cell FDRE clocked by clk_pl_0  {rise@0.000ns fall@5.156ns period=10.312ns})
  Path Group:             (none)
  Path Type:              Hold (Min at Fast Process Corner)
  Data Path Delay:        0.144ns  (logic 0.084ns (58.337%)  route 0.060ns (41.663%))
  Logic Levels:           0  
  Clock Path Skew:        0.194ns (DCD - SCD - CPR)
    Destination Clock Delay (DCD):    2.030ns
    Source Clock Delay      (SCD):    1.836ns
    Clock Pessimism Removal (CPR):    -0.000ns
  Clock Uncertainty:      0.159ns  ((TSJ^2 + DJ^2)^1/2) / 2 + PE
    Total System Jitter     (TSJ):    0.071ns
    Discrete Jitter          (DJ):    0.310ns
    Phase Error              (PE):    0.000ns
  Clock Net Delay (Source):      1.685ns (routing 0.940ns, distribution 0.745ns)
  Clock Net Delay (Destination): 1.843ns (routing 1.033ns, distribution 0.810ns)
  Timing Exception:       False Path

    Location             Delay type                Incr(ns)  Path(ns)    Netlist Resource(s)
  -------------------------------------------------------------------    -------------------
                         (clock clk_pl_0 rise edge)
                                                      0.000     0.000 r  
    PS8_X0Y0             PS8                          0.000     0.000 r  mixer_ddc_i/zynq_ultra_ps_e_0/inst/PS8_i/PLCLK[0]
                         net (fo=1, routed)           0.129     0.129    mixer_ddc_i/zynq_ultra_ps_e_0/inst/pl_clk_unbuffered[0]
    BUFG_PS_X0Y90        BUFG_PS (Prop_BUFG_PS_I_O)
                                                      0.022     0.151 r  mixer_ddc_i/zynq_ultra_ps_e_0/inst/buffer_pl_clk_0.PL_CLK_0_BUFG/O
    X1Y1 (CLOCK_ROOT)    net (fo=19809, routed)       1.685     1.836    mixer_ddc_i/system_ila_0/inst/ila_lib/inst/ila_core_inst/u_ila_reset_ctrl/asyncrounous_transfer.arm_out_transfer_inst/TCLK_I
    SLICE_X42Y114        FDRE                                         r  mixer_ddc_i/system_ila_0/inst/ila_lib/inst/ila_core_inst/u_ila_reset_ctrl/asyncrounous_transfer.arm_out_transfer_inst/din_reg_reg/C
  -------------------------------------------------------------------    -------------------
    SLICE_X42Y114        FDRE (Prop_DFF_SLICEL_C_Q)
                                                      0.084     1.920 r  mixer_ddc_i/system_ila_0/inst/ila_lib/inst/ila_core_inst/u_ila_reset_ctrl/asyncrounous_transfer.arm_out_transfer_inst/din_reg_reg/Q
                         net (fo=2, routed)           0.060     1.980    mixer_ddc_i/system_ila_0/inst/ila_lib/inst/ila_core_inst/u_ila_reset_ctrl/asyncrounous_transfer.arm_out_transfer_inst/din_reg
    SLICE_X42Y114        FDRE                                         r  mixer_ddc_i/system_ila_0/inst/ila_lib/inst/ila_core_inst/u_ila_reset_ctrl/asyncrounous_transfer.arm_out_transfer_inst/dout_reg0_reg/D
  -------------------------------------------------------------------    -------------------

                         (clock clk_pl_0 rise edge)
                                                      0.000     0.000 r  
    PS8_X0Y0             PS8                          0.000     0.000 r  mixer_ddc_i/zynq_ultra_ps_e_0/inst/PS8_i/PLCLK[0]
                         net (fo=1, routed)           0.164     0.164    mixer_ddc_i/zynq_ultra_ps_e_0/inst/pl_clk_unbuffered[0]
    BUFG_PS_X0Y90        BUFG_PS (Prop_BUFG_PS_I_O)
                                                      0.023     0.187 r  mixer_ddc_i/zynq_ultra_ps_e_0/inst/buffer_pl_clk_0.PL_CLK_0_BUFG/O
    X1Y1 (CLOCK_ROOT)    net (fo=19809, routed)       1.843     2.030    mixer_ddc_i/system_ila_0/inst/ila_lib/inst/ila_core_inst/u_ila_reset_ctrl/asyncrounous_transfer.arm_out_transfer_inst/RCLK_I
    SLICE_X42Y114        FDRE                                         r  mixer_ddc_i/system_ila_0/inst/ila_lib/inst/ila_core_inst/u_ila_reset_ctrl/asyncrounous_transfer.arm_out_transfer_inst/dout_reg0_reg/C

Slack:                    inf
  Source:                 mixer_ddc_i/system_ila_0/inst/ila_lib/inst/ila_core_inst/u_ila_regs/reg_stream_ffd/I_EN_CTL_EQ1.U_CTL/xsdb_reg_reg[13]/C
                            (rising edge-triggered cell FDRE clocked by clk_pl_0  {rise@0.000ns fall@5.156ns period=10.312ns})
  Destination:            mixer_ddc_i/system_ila_0/inst/ila_lib/inst/ila_core_inst/debug_data_in_sync1_reg[13]/D
                            (rising edge-triggered cell FDRE clocked by clk_pl_0  {rise@0.000ns fall@5.156ns period=10.312ns})
  Path Group:             (none)
  Path Type:              Hold (Min at Fast Process Corner)
  Data Path Delay:        0.152ns  (logic 0.084ns (55.396%)  route 0.068ns (44.604%))
  Logic Levels:           0  
  Clock Path Skew:        0.182ns (DCD - SCD - CPR)
    Destination Clock Delay (DCD):    2.043ns
    Source Clock Delay      (SCD):    1.862ns
    Clock Pessimism Removal (CPR):    -0.000ns
  Clock Uncertainty:      0.159ns  ((TSJ^2 + DJ^2)^1/2) / 2 + PE
    Total System Jitter     (TSJ):    0.071ns
    Discrete Jitter          (DJ):    0.310ns
    Phase Error              (PE):    0.000ns
  Clock Net Delay (Source):      1.711ns (routing 0.940ns, distribution 0.771ns)
  Clock Net Delay (Destination): 1.856ns (routing 1.033ns, distribution 0.823ns)
  Timing Exception:       False Path

    Location             Delay type                Incr(ns)  Path(ns)    Netlist Resource(s)
  -------------------------------------------------------------------    -------------------
                         (clock clk_pl_0 rise edge)
                                                      0.000     0.000 r  
    PS8_X0Y0             PS8                          0.000     0.000 r  mixer_ddc_i/zynq_ultra_ps_e_0/inst/PS8_i/PLCLK[0]
                         net (fo=1, routed)           0.129     0.129    mixer_ddc_i/zynq_ultra_ps_e_0/inst/pl_clk_unbuffered[0]
    BUFG_PS_X0Y90        BUFG_PS (Prop_BUFG_PS_I_O)
                                                      0.022     0.151 r  mixer_ddc_i/zynq_ultra_ps_e_0/inst/buffer_pl_clk_0.PL_CLK_0_BUFG/O
    X1Y1 (CLOCK_ROOT)    net (fo=19809, routed)       1.711     1.862    mixer_ddc_i/system_ila_0/inst/ila_lib/inst/ila_core_inst/u_ila_regs/reg_stream_ffd/I_EN_CTL_EQ1.U_CTL/s_dclk_i
    SLICE_X45Y99         FDRE                                         r  mixer_ddc_i/system_ila_0/inst/ila_lib/inst/ila_core_inst/u_ila_regs/reg_stream_ffd/I_EN_CTL_EQ1.U_CTL/xsdb_reg_reg[13]/C
  -------------------------------------------------------------------    -------------------
    SLICE_X45Y99         FDRE (Prop_EFF2_SLICEM_C_Q)
                                                      0.084     1.946 r  mixer_ddc_i/system_ila_0/inst/ila_lib/inst/ila_core_inst/u_ila_regs/reg_stream_ffd/I_EN_CTL_EQ1.U_CTL/xsdb_reg_reg[13]/Q
                         net (fo=2, routed)           0.068     2.013    mixer_ddc_i/system_ila_0/inst/ila_lib/inst/ila_core_inst/debug_data_in[13]
    SLICE_X44Y99         FDRE                                         r  mixer_ddc_i/system_ila_0/inst/ila_lib/inst/ila_core_inst/debug_data_in_sync1_reg[13]/D
  -------------------------------------------------------------------    -------------------

                         (clock clk_pl_0 rise edge)
                                                      0.000     0.000 r  
    PS8_X0Y0             PS8                          0.000     0.000 r  mixer_ddc_i/zynq_ultra_ps_e_0/inst/PS8_i/PLCLK[0]
                         net (fo=1, routed)           0.164     0.164    mixer_ddc_i/zynq_ultra_ps_e_0/inst/pl_clk_unbuffered[0]
    BUFG_PS_X0Y90        BUFG_PS (Prop_BUFG_PS_I_O)
                                                      0.023     0.187 r  mixer_ddc_i/zynq_ultra_ps_e_0/inst/buffer_pl_clk_0.PL_CLK_0_BUFG/O
    X1Y1 (CLOCK_ROOT)    net (fo=19809, routed)       1.856     2.043    mixer_ddc_i/system_ila_0/inst/ila_lib/inst/ila_core_inst/DESIGN_CLK_I
    SLICE_X44Y99         FDRE                                         r  mixer_ddc_i/system_ila_0/inst/ila_lib/inst/ila_core_inst/debug_data_in_sync1_reg[13]/C

Slack:                    inf
  Source:                 mixer_ddc_i/system_ila_0/inst/ila_lib/inst/ila_core_inst/u_ila_reset_ctrl/asyncrounous_transfer.halt_in_transfer_inst/din_reg_reg/C
                            (rising edge-triggered cell FDRE clocked by clk_pl_0  {rise@0.000ns fall@5.156ns period=10.312ns})
  Destination:            mixer_ddc_i/system_ila_0/inst/ila_lib/inst/ila_core_inst/u_ila_reset_ctrl/asyncrounous_transfer.halt_in_transfer_inst/dout_reg0_reg/D
                            (rising edge-triggered cell FDRE clocked by clk_pl_0  {rise@0.000ns fall@5.156ns period=10.312ns})
  Path Group:             (none)
  Path Type:              Hold (Min at Fast Process Corner)
  Data Path Delay:        0.145ns  (logic 0.084ns (57.935%)  route 0.061ns (42.065%))
  Logic Levels:           0  
  Clock Path Skew:        0.198ns (DCD - SCD - CPR)
    Destination Clock Delay (DCD):    2.066ns
    Source Clock Delay      (SCD):    1.869ns
    Clock Pessimism Removal (CPR):    -0.000ns
  Clock Uncertainty:      0.159ns  ((TSJ^2 + DJ^2)^1/2) / 2 + PE
    Total System Jitter     (TSJ):    0.071ns
    Discrete Jitter          (DJ):    0.310ns
    Phase Error              (PE):    0.000ns
  Clock Net Delay (Source):      1.718ns (routing 0.940ns, distribution 0.778ns)
  Clock Net Delay (Destination): 1.879ns (routing 1.033ns, distribution 0.846ns)
  Timing Exception:       False Path

    Location             Delay type                Incr(ns)  Path(ns)    Netlist Resource(s)
  -------------------------------------------------------------------    -------------------
                         (clock clk_pl_0 rise edge)
                                                      0.000     0.000 r  
    PS8_X0Y0             PS8                          0.000     0.000 r  mixer_ddc_i/zynq_ultra_ps_e_0/inst/PS8_i/PLCLK[0]
                         net (fo=1, routed)           0.129     0.129    mixer_ddc_i/zynq_ultra_ps_e_0/inst/pl_clk_unbuffered[0]
    BUFG_PS_X0Y90        BUFG_PS (Prop_BUFG_PS_I_O)
                                                      0.022     0.151 r  mixer_ddc_i/zynq_ultra_ps_e_0/inst/buffer_pl_clk_0.PL_CLK_0_BUFG/O
    X1Y1 (CLOCK_ROOT)    net (fo=19809, routed)       1.718     1.869    mixer_ddc_i/system_ila_0/inst/ila_lib/inst/ila_core_inst/u_ila_reset_ctrl/asyncrounous_transfer.halt_in_transfer_inst/TCLK_I
    SLICE_X48Y117        FDRE                                         r  mixer_ddc_i/system_ila_0/inst/ila_lib/inst/ila_core_inst/u_ila_reset_ctrl/asyncrounous_transfer.halt_in_transfer_inst/din_reg_reg/C
  -------------------------------------------------------------------    -------------------
    SLICE_X48Y117        FDRE (Prop_CFF_SLICEL_C_Q)
                                                      0.084     1.953 r  mixer_ddc_i/system_ila_0/inst/ila_lib/inst/ila_core_inst/u_ila_reset_ctrl/asyncrounous_transfer.halt_in_transfer_inst/din_reg_reg/Q
                         net (fo=2, routed)           0.061     2.014    mixer_ddc_i/system_ila_0/inst/ila_lib/inst/ila_core_inst/u_ila_reset_ctrl/asyncrounous_transfer.halt_in_transfer_inst/din_reg
    SLICE_X48Y117        FDRE                                         r  mixer_ddc_i/system_ila_0/inst/ila_lib/inst/ila_core_inst/u_ila_reset_ctrl/asyncrounous_transfer.halt_in_transfer_inst/dout_reg0_reg/D
  -------------------------------------------------------------------    -------------------

                         (clock clk_pl_0 rise edge)
                                                      0.000     0.000 r  
    PS8_X0Y0             PS8                          0.000     0.000 r  mixer_ddc_i/zynq_ultra_ps_e_0/inst/PS8_i/PLCLK[0]
                         net (fo=1, routed)           0.164     0.164    mixer_ddc_i/zynq_ultra_ps_e_0/inst/pl_clk_unbuffered[0]
    BUFG_PS_X0Y90        BUFG_PS (Prop_BUFG_PS_I_O)
                                                      0.023     0.187 r  mixer_ddc_i/zynq_ultra_ps_e_0/inst/buffer_pl_clk_0.PL_CLK_0_BUFG/O
    X1Y1 (CLOCK_ROOT)    net (fo=19809, routed)       1.879     2.066    mixer_ddc_i/system_ila_0/inst/ila_lib/inst/ila_core_inst/u_ila_reset_ctrl/asyncrounous_transfer.halt_in_transfer_inst/RCLK_I
    SLICE_X48Y117        FDRE                                         r  mixer_ddc_i/system_ila_0/inst/ila_lib/inst/ila_core_inst/u_ila_reset_ctrl/asyncrounous_transfer.halt_in_transfer_inst/dout_reg0_reg/C

Slack:                    inf
  Source:                 mixer_ddc_i/system_ila_0/inst/ila_lib/inst/ila_core_inst/u_ila_cap_ctrl/u_cap_addrgen/captured_samples_reg[1]/C
                            (rising edge-triggered cell FDRE clocked by clk_pl_0  {rise@0.000ns fall@5.156ns period=10.312ns})
  Destination:            mixer_ddc_i/system_ila_0/inst/ila_lib/inst/ila_core_inst/u_ila_regs/reg_9/I_EN_STAT_EQ1.U_STAT/xsdb_reg_reg[1]/D
                            (rising edge-triggered cell FDRE clocked by clk_pl_0  {rise@0.000ns fall@5.156ns period=10.312ns})
  Path Group:             (none)
  Path Type:              Hold (Min at Fast Process Corner)
  Data Path Delay:        0.144ns  (logic 0.084ns (58.333%)  route 0.060ns (41.667%))
  Logic Levels:           0  
  Clock Path Skew:        0.200ns (DCD - SCD - CPR)
    Destination Clock Delay (DCD):    2.070ns
    Source Clock Delay      (SCD):    1.871ns
    Clock Pessimism Removal (CPR):    -0.000ns
  Clock Uncertainty:      0.159ns  ((TSJ^2 + DJ^2)^1/2) / 2 + PE
    Total System Jitter     (TSJ):    0.071ns
    Discrete Jitter          (DJ):    0.310ns
    Phase Error              (PE):    0.000ns
  Clock Net Delay (Source):      1.720ns (routing 0.940ns, distribution 0.780ns)
  Clock Net Delay (Destination): 1.883ns (routing 1.033ns, distribution 0.850ns)
  Timing Exception:       False Path

    Location             Delay type                Incr(ns)  Path(ns)    Netlist Resource(s)
  -------------------------------------------------------------------    -------------------
                         (clock clk_pl_0 rise edge)
                                                      0.000     0.000 r  
    PS8_X0Y0             PS8                          0.000     0.000 r  mixer_ddc_i/zynq_ultra_ps_e_0/inst/PS8_i/PLCLK[0]
                         net (fo=1, routed)           0.129     0.129    mixer_ddc_i/zynq_ultra_ps_e_0/inst/pl_clk_unbuffered[0]
    BUFG_PS_X0Y90        BUFG_PS (Prop_BUFG_PS_I_O)
                                                      0.022     0.151 r  mixer_ddc_i/zynq_ultra_ps_e_0/inst/buffer_pl_clk_0.PL_CLK_0_BUFG/O
    X1Y1 (CLOCK_ROOT)    net (fo=19809, routed)       1.720     1.871    mixer_ddc_i/system_ila_0/inst/ila_lib/inst/ila_core_inst/u_ila_cap_ctrl/u_cap_addrgen/DESIGN_CLK_I
    SLICE_X48Y114        FDRE                                         r  mixer_ddc_i/system_ila_0/inst/ila_lib/inst/ila_core_inst/u_ila_cap_ctrl/u_cap_addrgen/captured_samples_reg[1]/C
  -------------------------------------------------------------------    -------------------
    SLICE_X48Y114        FDRE (Prop_GFF_SLICEL_C_Q)
                                                      0.084     1.955 r  mixer_ddc_i/system_ila_0/inst/ila_lib/inst/ila_core_inst/u_ila_cap_ctrl/u_cap_addrgen/captured_samples_reg[1]/Q
                         net (fo=1, routed)           0.060     2.015    mixer_ddc_i/system_ila_0/inst/ila_lib/inst/ila_core_inst/u_ila_regs/reg_9/I_EN_STAT_EQ1.U_STAT/din_i[1]
    SLICE_X48Y114        FDRE                                         r  mixer_ddc_i/system_ila_0/inst/ila_lib/inst/ila_core_inst/u_ila_regs/reg_9/I_EN_STAT_EQ1.U_STAT/xsdb_reg_reg[1]/D
  -------------------------------------------------------------------    -------------------

                         (clock clk_pl_0 rise edge)
                                                      0.000     0.000 r  
    PS8_X0Y0             PS8                          0.000     0.000 r  mixer_ddc_i/zynq_ultra_ps_e_0/inst/PS8_i/PLCLK[0]
                         net (fo=1, routed)           0.164     0.164    mixer_ddc_i/zynq_ultra_ps_e_0/inst/pl_clk_unbuffered[0]
    BUFG_PS_X0Y90        BUFG_PS (Prop_BUFG_PS_I_O)
                                                      0.023     0.187 r  mixer_ddc_i/zynq_ultra_ps_e_0/inst/buffer_pl_clk_0.PL_CLK_0_BUFG/O
    X1Y1 (CLOCK_ROOT)    net (fo=19809, routed)       1.883     2.070    mixer_ddc_i/system_ila_0/inst/ila_lib/inst/ila_core_inst/u_ila_regs/reg_9/I_EN_STAT_EQ1.U_STAT/s_dclk_i
    SLICE_X48Y114        FDRE                                         r  mixer_ddc_i/system_ila_0/inst/ila_lib/inst/ila_core_inst/u_ila_regs/reg_9/I_EN_STAT_EQ1.U_STAT/xsdb_reg_reg[1]/C

Slack:                    inf
  Source:                 mixer_ddc_i/system_ila_0/inst/ila_lib/inst/ila_core_inst/u_ila_reset_ctrl/asyncrounous_transfer.arm_in_transfer_inst/din_reg_reg/C
                            (rising edge-triggered cell FDRE clocked by clk_pl_0  {rise@0.000ns fall@5.156ns period=10.312ns})
  Destination:            mixer_ddc_i/system_ila_0/inst/ila_lib/inst/ila_core_inst/u_ila_reset_ctrl/asyncrounous_transfer.arm_in_transfer_inst/dout_reg0_reg/D
                            (rising edge-triggered cell FDRE clocked by clk_pl_0  {rise@0.000ns fall@5.156ns period=10.312ns})
  Path Group:             (none)
  Path Type:              Hold (Min at Fast Process Corner)
  Data Path Delay:        0.145ns  (logic 0.084ns (57.935%)  route 0.061ns (42.065%))
  Logic Levels:           0  
  Clock Path Skew:        0.199ns (DCD - SCD - CPR)
    Destination Clock Delay (DCD):    2.069ns
    Source Clock Delay      (SCD):    1.871ns
    Clock Pessimism Removal (CPR):    -0.000ns
  Clock Uncertainty:      0.159ns  ((TSJ^2 + DJ^2)^1/2) / 2 + PE
    Total System Jitter     (TSJ):    0.071ns
    Discrete Jitter          (DJ):    0.310ns
    Phase Error              (PE):    0.000ns
  Clock Net Delay (Source):      1.720ns (routing 0.940ns, distribution 0.780ns)
  Clock Net Delay (Destination): 1.882ns (routing 1.033ns, distribution 0.849ns)
  Timing Exception:       False Path

    Location             Delay type                Incr(ns)  Path(ns)    Netlist Resource(s)
  -------------------------------------------------------------------    -------------------
                         (clock clk_pl_0 rise edge)
                                                      0.000     0.000 r  
    PS8_X0Y0             PS8                          0.000     0.000 r  mixer_ddc_i/zynq_ultra_ps_e_0/inst/PS8_i/PLCLK[0]
                         net (fo=1, routed)           0.129     0.129    mixer_ddc_i/zynq_ultra_ps_e_0/inst/pl_clk_unbuffered[0]
    BUFG_PS_X0Y90        BUFG_PS (Prop_BUFG_PS_I_O)
                                                      0.022     0.151 r  mixer_ddc_i/zynq_ultra_ps_e_0/inst/buffer_pl_clk_0.PL_CLK_0_BUFG/O
    X1Y1 (CLOCK_ROOT)    net (fo=19809, routed)       1.720     1.871    mixer_ddc_i/system_ila_0/inst/ila_lib/inst/ila_core_inst/u_ila_reset_ctrl/asyncrounous_transfer.arm_in_transfer_inst/TCLK_I
    SLICE_X48Y113        FDRE                                         r  mixer_ddc_i/system_ila_0/inst/ila_lib/inst/ila_core_inst/u_ila_reset_ctrl/asyncrounous_transfer.arm_in_transfer_inst/din_reg_reg/C
  -------------------------------------------------------------------    -------------------
    SLICE_X48Y113        FDRE (Prop_GFF_SLICEL_C_Q)
                                                      0.084     1.955 r  mixer_ddc_i/system_ila_0/inst/ila_lib/inst/ila_core_inst/u_ila_reset_ctrl/asyncrounous_transfer.arm_in_transfer_inst/din_reg_reg/Q
                         net (fo=2, routed)           0.061     2.016    mixer_ddc_i/system_ila_0/inst/ila_lib/inst/ila_core_inst/u_ila_reset_ctrl/asyncrounous_transfer.arm_in_transfer_inst/din_reg
    SLICE_X48Y113        FDRE                                         r  mixer_ddc_i/system_ila_0/inst/ila_lib/inst/ila_core_inst/u_ila_reset_ctrl/asyncrounous_transfer.arm_in_transfer_inst/dout_reg0_reg/D
  -------------------------------------------------------------------    -------------------

                         (clock clk_pl_0 rise edge)
                                                      0.000     0.000 r  
    PS8_X0Y0             PS8                          0.000     0.000 r  mixer_ddc_i/zynq_ultra_ps_e_0/inst/PS8_i/PLCLK[0]
                         net (fo=1, routed)           0.164     0.164    mixer_ddc_i/zynq_ultra_ps_e_0/inst/pl_clk_unbuffered[0]
    BUFG_PS_X0Y90        BUFG_PS (Prop_BUFG_PS_I_O)
                                                      0.023     0.187 r  mixer_ddc_i/zynq_ultra_ps_e_0/inst/buffer_pl_clk_0.PL_CLK_0_BUFG/O
    X1Y1 (CLOCK_ROOT)    net (fo=19809, routed)       1.882     2.069    mixer_ddc_i/system_ila_0/inst/ila_lib/inst/ila_core_inst/u_ila_reset_ctrl/asyncrounous_transfer.arm_in_transfer_inst/RCLK_I
    SLICE_X48Y113        FDRE                                         r  mixer_ddc_i/system_ila_0/inst/ila_lib/inst/ila_core_inst/u_ila_reset_ctrl/asyncrounous_transfer.arm_in_transfer_inst/dout_reg0_reg/C

Slack:                    inf
  Source:                 mixer_ddc_i/system_ila_0/inst/ila_lib/inst/ila_core_inst/u_ila_cap_ctrl/u_cap_addrgen/i_o_to_64k.cfg_data_vec_reg[6]/C
                            (rising edge-triggered cell FDRE clocked by clk_pl_0  {rise@0.000ns fall@5.156ns period=10.312ns})
  Destination:            mixer_ddc_i/system_ila_0/inst/ila_lib/inst/ila_core_inst/u_ila_cap_ctrl/u_cap_addrgen/cfg_data_vec_sync1_reg[6]/D
                            (rising edge-triggered cell FDRE clocked by clk_pl_0  {rise@0.000ns fall@5.156ns period=10.312ns})
  Path Group:             (none)
  Path Type:              Hold (Min at Fast Process Corner)
  Data Path Delay:        0.176ns  (logic 0.082ns (46.555%)  route 0.094ns (53.445%))
  Logic Levels:           0  
  Clock Path Skew:        0.198ns (DCD - SCD - CPR)
    Destination Clock Delay (DCD):    2.040ns
    Source Clock Delay      (SCD):    1.843ns
    Clock Pessimism Removal (CPR):    -0.000ns
  Clock Uncertainty:      0.159ns  ((TSJ^2 + DJ^2)^1/2) / 2 + PE
    Total System Jitter     (TSJ):    0.071ns
    Discrete Jitter          (DJ):    0.310ns
    Phase Error              (PE):    0.000ns
  Clock Net Delay (Source):      1.692ns (routing 0.940ns, distribution 0.752ns)
  Clock Net Delay (Destination): 1.853ns (routing 1.033ns, distribution 0.820ns)
  Timing Exception:       False Path

    Location             Delay type                Incr(ns)  Path(ns)    Netlist Resource(s)
  -------------------------------------------------------------------    -------------------
                         (clock clk_pl_0 rise edge)
                                                      0.000     0.000 r  
    PS8_X0Y0             PS8                          0.000     0.000 r  mixer_ddc_i/zynq_ultra_ps_e_0/inst/PS8_i/PLCLK[0]
                         net (fo=1, routed)           0.129     0.129    mixer_ddc_i/zynq_ultra_ps_e_0/inst/pl_clk_unbuffered[0]
    BUFG_PS_X0Y90        BUFG_PS (Prop_BUFG_PS_I_O)
                                                      0.022     0.151 r  mixer_ddc_i/zynq_ultra_ps_e_0/inst/buffer_pl_clk_0.PL_CLK_0_BUFG/O
    X1Y1 (CLOCK_ROOT)    net (fo=19809, routed)       1.692     1.843    mixer_ddc_i/system_ila_0/inst/ila_lib/inst/ila_core_inst/u_ila_cap_ctrl/u_cap_addrgen/s_dclk_o
    SLICE_X43Y113        FDRE                                         r  mixer_ddc_i/system_ila_0/inst/ila_lib/inst/ila_core_inst/u_ila_cap_ctrl/u_cap_addrgen/i_o_to_64k.cfg_data_vec_reg[6]/C
  -------------------------------------------------------------------    -------------------
    SLICE_X43Y113        FDRE (Prop_FFF_SLICEM_C_Q)
                                                      0.082     1.925 r  mixer_ddc_i/system_ila_0/inst/ila_lib/inst/ila_core_inst/u_ila_cap_ctrl/u_cap_addrgen/i_o_to_64k.cfg_data_vec_reg[6]/Q
                         net (fo=2, routed)           0.094     2.019    mixer_ddc_i/system_ila_0/inst/ila_lib/inst/ila_core_inst/u_ila_cap_ctrl/u_cap_addrgen/cfg_data_vec[6]
    SLICE_X43Y113        FDRE                                         r  mixer_ddc_i/system_ila_0/inst/ila_lib/inst/ila_core_inst/u_ila_cap_ctrl/u_cap_addrgen/cfg_data_vec_sync1_reg[6]/D
  -------------------------------------------------------------------    -------------------

                         (clock clk_pl_0 rise edge)
                                                      0.000     0.000 r  
    PS8_X0Y0             PS8                          0.000     0.000 r  mixer_ddc_i/zynq_ultra_ps_e_0/inst/PS8_i/PLCLK[0]
                         net (fo=1, routed)           0.164     0.164    mixer_ddc_i/zynq_ultra_ps_e_0/inst/pl_clk_unbuffered[0]
    BUFG_PS_X0Y90        BUFG_PS (Prop_BUFG_PS_I_O)
                                                      0.023     0.187 r  mixer_ddc_i/zynq_ultra_ps_e_0/inst/buffer_pl_clk_0.PL_CLK_0_BUFG/O
    X1Y1 (CLOCK_ROOT)    net (fo=19809, routed)       1.853     2.040    mixer_ddc_i/system_ila_0/inst/ila_lib/inst/ila_core_inst/u_ila_cap_ctrl/u_cap_addrgen/DESIGN_CLK_I
    SLICE_X43Y113        FDRE                                         r  mixer_ddc_i/system_ila_0/inst/ila_lib/inst/ila_core_inst/u_ila_cap_ctrl/u_cap_addrgen/cfg_data_vec_sync1_reg[6]/C

Slack:                    inf
  Source:                 mixer_ddc_i/system_ila_0/inst/ila_lib/inst/ila_core_inst/u_ila_cap_ctrl/u_cap_addrgen/i_o_to_64k.cfg_data_vec_reg[1]/C
                            (rising edge-triggered cell FDRE clocked by clk_pl_0  {rise@0.000ns fall@5.156ns period=10.312ns})
  Destination:            mixer_ddc_i/system_ila_0/inst/ila_lib/inst/ila_core_inst/u_ila_cap_ctrl/u_cap_addrgen/cfg_data_vec_sync1_reg[1]/D
                            (rising edge-triggered cell FDRE clocked by clk_pl_0  {rise@0.000ns fall@5.156ns period=10.312ns})
  Path Group:             (none)
  Path Type:              Hold (Min at Fast Process Corner)
  Data Path Delay:        0.167ns  (logic 0.084ns (50.299%)  route 0.083ns (49.701%))
  Logic Levels:           0  
  Clock Path Skew:        0.193ns (DCD - SCD - CPR)
    Destination Clock Delay (DCD):    2.049ns
    Source Clock Delay      (SCD):    1.857ns
    Clock Pessimism Removal (CPR):    -0.000ns
  Clock Uncertainty:      0.159ns  ((TSJ^2 + DJ^2)^1/2) / 2 + PE
    Total System Jitter     (TSJ):    0.071ns
    Discrete Jitter          (DJ):    0.310ns
    Phase Error              (PE):    0.000ns
  Clock Net Delay (Source):      1.706ns (routing 0.940ns, distribution 0.766ns)
  Clock Net Delay (Destination): 1.862ns (routing 1.033ns, distribution 0.829ns)
  Timing Exception:       False Path

    Location             Delay type                Incr(ns)  Path(ns)    Netlist Resource(s)
  -------------------------------------------------------------------    -------------------
                         (clock clk_pl_0 rise edge)
                                                      0.000     0.000 r  
    PS8_X0Y0             PS8                          0.000     0.000 r  mixer_ddc_i/zynq_ultra_ps_e_0/inst/PS8_i/PLCLK[0]
                         net (fo=1, routed)           0.129     0.129    mixer_ddc_i/zynq_ultra_ps_e_0/inst/pl_clk_unbuffered[0]
    BUFG_PS_X0Y90        BUFG_PS (Prop_BUFG_PS_I_O)
                                                      0.022     0.151 r  mixer_ddc_i/zynq_ultra_ps_e_0/inst/buffer_pl_clk_0.PL_CLK_0_BUFG/O
    X1Y1 (CLOCK_ROOT)    net (fo=19809, routed)       1.706     1.857    mixer_ddc_i/system_ila_0/inst/ila_lib/inst/ila_core_inst/u_ila_cap_ctrl/u_cap_addrgen/s_dclk_o
    SLICE_X44Y112        FDRE                                         r  mixer_ddc_i/system_ila_0/inst/ila_lib/inst/ila_core_inst/u_ila_cap_ctrl/u_cap_addrgen/i_o_to_64k.cfg_data_vec_reg[1]/C
  -------------------------------------------------------------------    -------------------
    SLICE_X44Y112        FDRE (Prop_EFF_SLICEL_C_Q)
                                                      0.084     1.941 r  mixer_ddc_i/system_ila_0/inst/ila_lib/inst/ila_core_inst/u_ila_cap_ctrl/u_cap_addrgen/i_o_to_64k.cfg_data_vec_reg[1]/Q
                         net (fo=2, routed)           0.083     2.024    mixer_ddc_i/system_ila_0/inst/ila_lib/inst/ila_core_inst/u_ila_cap_ctrl/u_cap_addrgen/cfg_data_vec[1]
    SLICE_X44Y112        FDRE                                         r  mixer_ddc_i/system_ila_0/inst/ila_lib/inst/ila_core_inst/u_ila_cap_ctrl/u_cap_addrgen/cfg_data_vec_sync1_reg[1]/D
  -------------------------------------------------------------------    -------------------

                         (clock clk_pl_0 rise edge)
                                                      0.000     0.000 r  
    PS8_X0Y0             PS8                          0.000     0.000 r  mixer_ddc_i/zynq_ultra_ps_e_0/inst/PS8_i/PLCLK[0]
                         net (fo=1, routed)           0.164     0.164    mixer_ddc_i/zynq_ultra_ps_e_0/inst/pl_clk_unbuffered[0]
    BUFG_PS_X0Y90        BUFG_PS (Prop_BUFG_PS_I_O)
                                                      0.023     0.187 r  mixer_ddc_i/zynq_ultra_ps_e_0/inst/buffer_pl_clk_0.PL_CLK_0_BUFG/O
    X1Y1 (CLOCK_ROOT)    net (fo=19809, routed)       1.862     2.049    mixer_ddc_i/system_ila_0/inst/ila_lib/inst/ila_core_inst/u_ila_cap_ctrl/u_cap_addrgen/DESIGN_CLK_I
    SLICE_X44Y112        FDRE                                         r  mixer_ddc_i/system_ila_0/inst/ila_lib/inst/ila_core_inst/u_ila_cap_ctrl/u_cap_addrgen/cfg_data_vec_sync1_reg[1]/C

Slack:                    inf
  Source:                 mixer_ddc_i/system_ila_1/inst/ila_lib/inst/ila_core_inst/u_ila_reset_ctrl/asyncrounous_transfer.arm_in_transfer_inst/din_reg_reg/C
                            (rising edge-triggered cell FDRE clocked by clk_pl_0  {rise@0.000ns fall@5.156ns period=10.312ns})
  Destination:            mixer_ddc_i/system_ila_1/inst/ila_lib/inst/ila_core_inst/u_ila_reset_ctrl/asyncrounous_transfer.arm_in_transfer_inst/dout_reg0_reg/D
                            (rising edge-triggered cell FDRE clocked by clk_pl_0  {rise@0.000ns fall@5.156ns period=10.312ns})
  Path Group:             (none)
  Path Type:              Hold (Min at Fast Process Corner)
  Data Path Delay:        0.120ns  (logic 0.084ns (70.005%)  route 0.036ns (29.995%))
  Logic Levels:           0  
  Clock Path Skew:        0.205ns (DCD - SCD - CPR)
    Destination Clock Delay (DCD):    2.112ns
    Source Clock Delay      (SCD):    1.907ns
    Clock Pessimism Removal (CPR):    -0.000ns
  Clock Uncertainty:      0.159ns  ((TSJ^2 + DJ^2)^1/2) / 2 + PE
    Total System Jitter     (TSJ):    0.071ns
    Discrete Jitter          (DJ):    0.310ns
    Phase Error              (PE):    0.000ns
  Clock Net Delay (Source):      1.756ns (routing 0.940ns, distribution 0.816ns)
  Clock Net Delay (Destination): 1.925ns (routing 1.033ns, distribution 0.892ns)
  Timing Exception:       False Path

    Location             Delay type                Incr(ns)  Path(ns)    Netlist Resource(s)
  -------------------------------------------------------------------    -------------------
                         (clock clk_pl_0 rise edge)
                                                      0.000     0.000 r  
    PS8_X0Y0             PS8                          0.000     0.000 r  mixer_ddc_i/zynq_ultra_ps_e_0/inst/PS8_i/PLCLK[0]
                         net (fo=1, routed)           0.129     0.129    mixer_ddc_i/zynq_ultra_ps_e_0/inst/pl_clk_unbuffered[0]
    BUFG_PS_X0Y90        BUFG_PS (Prop_BUFG_PS_I_O)
                                                      0.022     0.151 r  mixer_ddc_i/zynq_ultra_ps_e_0/inst/buffer_pl_clk_0.PL_CLK_0_BUFG/O
    X1Y1 (CLOCK_ROOT)    net (fo=19809, routed)       1.756     1.907    mixer_ddc_i/system_ila_1/inst/ila_lib/inst/ila_core_inst/u_ila_reset_ctrl/asyncrounous_transfer.arm_in_transfer_inst/TCLK_I
    SLICE_X59Y81         FDRE                                         r  mixer_ddc_i/system_ila_1/inst/ila_lib/inst/ila_core_inst/u_ila_reset_ctrl/asyncrounous_transfer.arm_in_transfer_inst/din_reg_reg/C
  -------------------------------------------------------------------    -------------------
    SLICE_X59Y81         FDRE (Prop_HFF_SLICEL_C_Q)
                                                      0.084     1.991 r  mixer_ddc_i/system_ila_1/inst/ila_lib/inst/ila_core_inst/u_ila_reset_ctrl/asyncrounous_transfer.arm_in_transfer_inst/din_reg_reg/Q
                         net (fo=2, routed)           0.036     2.027    mixer_ddc_i/system_ila_1/inst/ila_lib/inst/ila_core_inst/u_ila_reset_ctrl/asyncrounous_transfer.arm_in_transfer_inst/din_reg
    SLICE_X59Y81         FDRE                                         r  mixer_ddc_i/system_ila_1/inst/ila_lib/inst/ila_core_inst/u_ila_reset_ctrl/asyncrounous_transfer.arm_in_transfer_inst/dout_reg0_reg/D
  -------------------------------------------------------------------    -------------------

                         (clock clk_pl_0 rise edge)
                                                      0.000     0.000 r  
    PS8_X0Y0             PS8                          0.000     0.000 r  mixer_ddc_i/zynq_ultra_ps_e_0/inst/PS8_i/PLCLK[0]
                         net (fo=1, routed)           0.164     0.164    mixer_ddc_i/zynq_ultra_ps_e_0/inst/pl_clk_unbuffered[0]
    BUFG_PS_X0Y90        BUFG_PS (Prop_BUFG_PS_I_O)
                                                      0.023     0.187 r  mixer_ddc_i/zynq_ultra_ps_e_0/inst/buffer_pl_clk_0.PL_CLK_0_BUFG/O
    X1Y1 (CLOCK_ROOT)    net (fo=19809, routed)       1.925     2.112    mixer_ddc_i/system_ila_1/inst/ila_lib/inst/ila_core_inst/u_ila_reset_ctrl/asyncrounous_transfer.arm_in_transfer_inst/RCLK_I
    SLICE_X59Y81         FDRE                                         r  mixer_ddc_i/system_ila_1/inst/ila_lib/inst/ila_core_inst/u_ila_reset_ctrl/asyncrounous_transfer.arm_in_transfer_inst/dout_reg0_reg/C

Slack:                    inf
  Source:                 mixer_ddc_i/system_ila_0/inst/ila_lib/inst/ila_core_inst/u_ila_reset_ctrl/asyncrounous_transfer.arm_out_transfer_inst/dout_reg1_reg/C
                            (rising edge-triggered cell FDRE clocked by clk_pl_0  {rise@0.000ns fall@5.156ns period=10.312ns})
  Destination:            mixer_ddc_i/system_ila_0/inst/ila_lib/inst/ila_core_inst/u_ila_reset_ctrl/asyncrounous_transfer.arm_out_transfer_inst/temp_reg0_reg/D
                            (rising edge-triggered cell FDRE clocked by clk_pl_0  {rise@0.000ns fall@5.156ns period=10.312ns})
  Path Group:             (none)
  Path Type:              Hold (Min at Fast Process Corner)
  Data Path Delay:        0.191ns  (logic 0.085ns (44.473%)  route 0.106ns (55.527%))
  Logic Levels:           0  
  Clock Path Skew:        0.194ns (DCD - SCD - CPR)
    Destination Clock Delay (DCD):    2.030ns
    Source Clock Delay      (SCD):    1.836ns
    Clock Pessimism Removal (CPR):    -0.000ns
  Clock Uncertainty:      0.159ns  ((TSJ^2 + DJ^2)^1/2) / 2 + PE
    Total System Jitter     (TSJ):    0.071ns
    Discrete Jitter          (DJ):    0.310ns
    Phase Error              (PE):    0.000ns
  Clock Net Delay (Source):      1.685ns (routing 0.940ns, distribution 0.745ns)
  Clock Net Delay (Destination): 1.843ns (routing 1.033ns, distribution 0.810ns)
  Timing Exception:       False Path

    Location             Delay type                Incr(ns)  Path(ns)    Netlist Resource(s)
  -------------------------------------------------------------------    -------------------
                         (clock clk_pl_0 rise edge)
                                                      0.000     0.000 r  
    PS8_X0Y0             PS8                          0.000     0.000 r  mixer_ddc_i/zynq_ultra_ps_e_0/inst/PS8_i/PLCLK[0]
                         net (fo=1, routed)           0.129     0.129    mixer_ddc_i/zynq_ultra_ps_e_0/inst/pl_clk_unbuffered[0]
    BUFG_PS_X0Y90        BUFG_PS (Prop_BUFG_PS_I_O)
                                                      0.022     0.151 r  mixer_ddc_i/zynq_ultra_ps_e_0/inst/buffer_pl_clk_0.PL_CLK_0_BUFG/O
    X1Y1 (CLOCK_ROOT)    net (fo=19809, routed)       1.685     1.836    mixer_ddc_i/system_ila_0/inst/ila_lib/inst/ila_core_inst/u_ila_reset_ctrl/asyncrounous_transfer.arm_out_transfer_inst/RCLK_I
    SLICE_X42Y114        FDRE                                         r  mixer_ddc_i/system_ila_0/inst/ila_lib/inst/ila_core_inst/u_ila_reset_ctrl/asyncrounous_transfer.arm_out_transfer_inst/dout_reg1_reg/C
  -------------------------------------------------------------------    -------------------
    SLICE_X42Y114        FDRE (Prop_AFF2_SLICEL_C_Q)
                                                      0.085     1.921 r  mixer_ddc_i/system_ila_0/inst/ila_lib/inst/ila_core_inst/u_ila_reset_ctrl/asyncrounous_transfer.arm_out_transfer_inst/dout_reg1_reg/Q
                         net (fo=2, routed)           0.106     2.027    mixer_ddc_i/system_ila_0/inst/ila_lib/inst/ila_core_inst/u_ila_reset_ctrl/asyncrounous_transfer.arm_out_transfer_inst/dout_reg1
    SLICE_X42Y114        FDRE                                         r  mixer_ddc_i/system_ila_0/inst/ila_lib/inst/ila_core_inst/u_ila_reset_ctrl/asyncrounous_transfer.arm_out_transfer_inst/temp_reg0_reg/D
  -------------------------------------------------------------------    -------------------

                         (clock clk_pl_0 rise edge)
                                                      0.000     0.000 r  
    PS8_X0Y0             PS8                          0.000     0.000 r  mixer_ddc_i/zynq_ultra_ps_e_0/inst/PS8_i/PLCLK[0]
                         net (fo=1, routed)           0.164     0.164    mixer_ddc_i/zynq_ultra_ps_e_0/inst/pl_clk_unbuffered[0]
    BUFG_PS_X0Y90        BUFG_PS (Prop_BUFG_PS_I_O)
                                                      0.023     0.187 r  mixer_ddc_i/zynq_ultra_ps_e_0/inst/buffer_pl_clk_0.PL_CLK_0_BUFG/O
    X1Y1 (CLOCK_ROOT)    net (fo=19809, routed)       1.843     2.030    mixer_ddc_i/system_ila_0/inst/ila_lib/inst/ila_core_inst/u_ila_reset_ctrl/asyncrounous_transfer.arm_out_transfer_inst/TCLK_I
    SLICE_X42Y114        FDRE                                         r  mixer_ddc_i/system_ila_0/inst/ila_lib/inst/ila_core_inst/u_ila_reset_ctrl/asyncrounous_transfer.arm_out_transfer_inst/temp_reg0_reg/C





--------------------------------------------------------------------------------------
Path Group:  (none)
From Clock:  dbg_hub/inst/BSCANID.u_xsdbm_id/SWITCH_N_EXT_BSCAN.bscan_inst/SERIES7_BSCAN.bscan_inst/INTERNAL_TCK
  To Clock:  clk_pl_0

Max Delay            79 Endpoints
Min Delay            87 Endpoints
--------------------------------------------------------------------------------------


Max Delay Paths
--------------------------------------------------------------------------------------
Slack:                    inf
  Source:                 dbg_hub/inst/BSCANID.u_xsdbm_id/CORE_XSDB.UUT_MASTER/U_ICON_INTERFACE/U_CMD6_WR/U_WR_FIFO/SUBCORE_FIFO.xsdbm_v3_0_0_wrfifo_inst/inst_fifo_gen/gconvfifo.rf/grf.rf/gntv_or_sync_fifo.mem/gdm.dm_gen.dm/RAM_reg_0_15_0_13/RAMA_D1/CLK
                            (rising edge-triggered cell RAMD32 clocked by dbg_hub/inst/BSCANID.u_xsdbm_id/SWITCH_N_EXT_BSCAN.bscan_inst/SERIES7_BSCAN.bscan_inst/INTERNAL_TCK  {rise@0.000ns fall@25.000ns period=50.000ns})
  Destination:            dbg_hub/inst/BSCANID.u_xsdbm_id/CORE_XSDB.UUT_MASTER/U_ICON_INTERFACE/U_CMD6_WR/U_WR_FIFO/SUBCORE_FIFO.xsdbm_v3_0_0_wrfifo_inst/inst_fifo_gen/gconvfifo.rf/grf.rf/gntv_or_sync_fifo.mem/gdm.dm_gen.dm/gpr1.dout_i_reg[1]/D
                            (rising edge-triggered cell FDRE clocked by clk_pl_0  {rise@0.000ns fall@5.156ns period=10.312ns})
  Path Group:             (none)
  Path Type:              Setup (Max at Slow Process Corner)
  Data Path Delay:        1.056ns  (logic 0.430ns (40.720%)  route 0.626ns (59.280%))
  Logic Levels:           0  
  Clock Path Skew:        -6.006ns (DCD - SCD + CPR)
    Destination Clock Delay (DCD):    3.075ns
    Source Clock Delay      (SCD):    9.081ns
    Clock Pessimism Removal (CPR):    0.000ns
  Clock Uncertainty:      0.159ns  ((TSJ^2 + DJ^2)^1/2) / 2 + PE
    Total System Jitter     (TSJ):    0.071ns
    Discrete Jitter          (DJ):    0.310ns
    Phase Error              (PE):    0.000ns
  Clock Net Delay (Source):      2.606ns (routing 1.467ns, distribution 1.139ns)
  Clock Net Delay (Destination): 2.859ns (routing 1.538ns, distribution 1.321ns)
  Timing Exception:       False Path

    Location             Delay type                Incr(ns)  Path(ns)    Netlist Resource(s)
  -------------------------------------------------------------------    -------------------
                         (clock dbg_hub/inst/BSCANID.u_xsdbm_id/SWITCH_N_EXT_BSCAN.bscan_inst/SERIES7_BSCAN.bscan_inst/INTERNAL_TCK rise edge)
                                                      0.000     0.000 r  
    CONFIG_SITE_X0Y0     BSCANE2                      0.000     0.000 r  dbg_hub/inst/BSCANID.u_xsdbm_id/SWITCH_N_EXT_BSCAN.bscan_inst/SERIES7_BSCAN.bscan_inst/INTERNAL_TCK
    CONFIG_SITE_X0Y0     BSCANE2 (Prop_BSCAN1_CONFIG_SITE_INTERNAL_TCK_TCK)
                                                      4.800     4.800 r  dbg_hub/inst/BSCANID.u_xsdbm_id/SWITCH_N_EXT_BSCAN.bscan_inst/SERIES7_BSCAN.bscan_inst/TCK
                         net (fo=1, routed)           1.631     6.431    dbg_hub/inst/BSCANID.u_xsdbm_id/tck_bs
    BUFGCE_X0Y76         BUFGCE (Prop_BUFCE_BUFGCE_I_O)
                                                      0.044     6.475 r  dbg_hub/inst/BSCANID.u_xsdbm_id/SWITCH_N_EXT_BSCAN.u_bufg_icon_tck/O
    X2Y1 (CLOCK_ROOT)    net (fo=482, routed)         2.606     9.081    dbg_hub/inst/BSCANID.u_xsdbm_id/CORE_XSDB.UUT_MASTER/U_ICON_INTERFACE/U_CMD6_WR/U_WR_FIFO/SUBCORE_FIFO.xsdbm_v3_0_0_wrfifo_inst/inst_fifo_gen/gconvfifo.rf/grf.rf/gntv_or_sync_fifo.mem/gdm.dm_gen.dm/RAM_reg_0_15_0_13/WCLK
    SLICE_X53Y97         RAMD32                                       r  dbg_hub/inst/BSCANID.u_xsdbm_id/CORE_XSDB.UUT_MASTER/U_ICON_INTERFACE/U_CMD6_WR/U_WR_FIFO/SUBCORE_FIFO.xsdbm_v3_0_0_wrfifo_inst/inst_fifo_gen/gconvfifo.rf/grf.rf/gntv_or_sync_fifo.mem/gdm.dm_gen.dm/RAM_reg_0_15_0_13/RAMA_D1/CLK
  -------------------------------------------------------------------    -------------------
    SLICE_X53Y97         RAMD32 (Prop_A6LUT_SLICEM_CLK_O)
                                                      0.430     9.511 r  dbg_hub/inst/BSCANID.u_xsdbm_id/CORE_XSDB.UUT_MASTER/U_ICON_INTERFACE/U_CMD6_WR/U_WR_FIFO/SUBCORE_FIFO.xsdbm_v3_0_0_wrfifo_inst/inst_fifo_gen/gconvfifo.rf/grf.rf/gntv_or_sync_fifo.mem/gdm.dm_gen.dm/RAM_reg_0_15_0_13/RAMA_D1/O
                         net (fo=1, routed)           0.626    10.137    dbg_hub/inst/BSCANID.u_xsdbm_id/CORE_XSDB.UUT_MASTER/U_ICON_INTERFACE/U_CMD6_WR/U_WR_FIFO/SUBCORE_FIFO.xsdbm_v3_0_0_wrfifo_inst/inst_fifo_gen/gconvfifo.rf/grf.rf/gntv_or_sync_fifo.mem/gdm.dm_gen.dm/dout_i0[1]
    SLICE_X52Y97         FDRE                                         r  dbg_hub/inst/BSCANID.u_xsdbm_id/CORE_XSDB.UUT_MASTER/U_ICON_INTERFACE/U_CMD6_WR/U_WR_FIFO/SUBCORE_FIFO.xsdbm_v3_0_0_wrfifo_inst/inst_fifo_gen/gconvfifo.rf/grf.rf/gntv_or_sync_fifo.mem/gdm.dm_gen.dm/gpr1.dout_i_reg[1]/D
  -------------------------------------------------------------------    -------------------

                         (clock clk_pl_0 rise edge)
                                                      0.000     0.000 r  
    PS8_X0Y0             PS8                          0.000     0.000 r  mixer_ddc_i/zynq_ultra_ps_e_0/inst/PS8_i/PLCLK[0]
                         net (fo=1, routed)           0.181     0.181    mixer_ddc_i/zynq_ultra_ps_e_0/inst/pl_clk_unbuffered[0]
    BUFG_PS_X0Y90        BUFG_PS (Prop_BUFG_PS_I_O)
                                                      0.035     0.216 r  mixer_ddc_i/zynq_ultra_ps_e_0/inst/buffer_pl_clk_0.PL_CLK_0_BUFG/O
    X1Y1 (CLOCK_ROOT)    net (fo=19809, routed)       2.859     3.075    dbg_hub/inst/BSCANID.u_xsdbm_id/CORE_XSDB.UUT_MASTER/U_ICON_INTERFACE/U_CMD6_WR/U_WR_FIFO/SUBCORE_FIFO.xsdbm_v3_0_0_wrfifo_inst/inst_fifo_gen/gconvfifo.rf/grf.rf/gntv_or_sync_fifo.mem/gdm.dm_gen.dm/rd_clk
    SLICE_X52Y97         FDRE                                         r  dbg_hub/inst/BSCANID.u_xsdbm_id/CORE_XSDB.UUT_MASTER/U_ICON_INTERFACE/U_CMD6_WR/U_WR_FIFO/SUBCORE_FIFO.xsdbm_v3_0_0_wrfifo_inst/inst_fifo_gen/gconvfifo.rf/grf.rf/gntv_or_sync_fifo.mem/gdm.dm_gen.dm/gpr1.dout_i_reg[1]/C

Slack:                    inf
  Source:                 dbg_hub/inst/BSCANID.u_xsdbm_id/CORE_XSDB.UUT_MASTER/U_ICON_INTERFACE/U_CMD6_WR/U_WR_FIFO/SUBCORE_FIFO.xsdbm_v3_0_0_wrfifo_inst/inst_fifo_gen/gconvfifo.rf/grf.rf/gntv_or_sync_fifo.mem/gdm.dm_gen.dm/RAM_reg_0_15_0_13/RAMF_D1/CLK
                            (rising edge-triggered cell RAMD32 clocked by dbg_hub/inst/BSCANID.u_xsdbm_id/SWITCH_N_EXT_BSCAN.bscan_inst/SERIES7_BSCAN.bscan_inst/INTERNAL_TCK  {rise@0.000ns fall@25.000ns period=50.000ns})
  Destination:            dbg_hub/inst/BSCANID.u_xsdbm_id/CORE_XSDB.UUT_MASTER/U_ICON_INTERFACE/U_CMD6_WR/U_WR_FIFO/SUBCORE_FIFO.xsdbm_v3_0_0_wrfifo_inst/inst_fifo_gen/gconvfifo.rf/grf.rf/gntv_or_sync_fifo.mem/gdm.dm_gen.dm/gpr1.dout_i_reg[11]/D
                            (rising edge-triggered cell FDRE clocked by clk_pl_0  {rise@0.000ns fall@5.156ns period=10.312ns})
  Path Group:             (none)
  Path Type:              Setup (Max at Slow Process Corner)
  Data Path Delay:        1.037ns  (logic 0.429ns (41.369%)  route 0.608ns (58.631%))
  Logic Levels:           0  
  Clock Path Skew:        -6.009ns (DCD - SCD + CPR)
    Destination Clock Delay (DCD):    3.072ns
    Source Clock Delay      (SCD):    9.081ns
    Clock Pessimism Removal (CPR):    0.000ns
  Clock Uncertainty:      0.159ns  ((TSJ^2 + DJ^2)^1/2) / 2 + PE
    Total System Jitter     (TSJ):    0.071ns
    Discrete Jitter          (DJ):    0.310ns
    Phase Error              (PE):    0.000ns
  Clock Net Delay (Source):      2.606ns (routing 1.467ns, distribution 1.139ns)
  Clock Net Delay (Destination): 2.856ns (routing 1.538ns, distribution 1.318ns)
  Timing Exception:       False Path

    Location             Delay type                Incr(ns)  Path(ns)    Netlist Resource(s)
  -------------------------------------------------------------------    -------------------
                         (clock dbg_hub/inst/BSCANID.u_xsdbm_id/SWITCH_N_EXT_BSCAN.bscan_inst/SERIES7_BSCAN.bscan_inst/INTERNAL_TCK rise edge)
                                                      0.000     0.000 r  
    CONFIG_SITE_X0Y0     BSCANE2                      0.000     0.000 r  dbg_hub/inst/BSCANID.u_xsdbm_id/SWITCH_N_EXT_BSCAN.bscan_inst/SERIES7_BSCAN.bscan_inst/INTERNAL_TCK
    CONFIG_SITE_X0Y0     BSCANE2 (Prop_BSCAN1_CONFIG_SITE_INTERNAL_TCK_TCK)
                                                      4.800     4.800 r  dbg_hub/inst/BSCANID.u_xsdbm_id/SWITCH_N_EXT_BSCAN.bscan_inst/SERIES7_BSCAN.bscan_inst/TCK
                         net (fo=1, routed)           1.631     6.431    dbg_hub/inst/BSCANID.u_xsdbm_id/tck_bs
    BUFGCE_X0Y76         BUFGCE (Prop_BUFCE_BUFGCE_I_O)
                                                      0.044     6.475 r  dbg_hub/inst/BSCANID.u_xsdbm_id/SWITCH_N_EXT_BSCAN.u_bufg_icon_tck/O
    X2Y1 (CLOCK_ROOT)    net (fo=482, routed)         2.606     9.081    dbg_hub/inst/BSCANID.u_xsdbm_id/CORE_XSDB.UUT_MASTER/U_ICON_INTERFACE/U_CMD6_WR/U_WR_FIFO/SUBCORE_FIFO.xsdbm_v3_0_0_wrfifo_inst/inst_fifo_gen/gconvfifo.rf/grf.rf/gntv_or_sync_fifo.mem/gdm.dm_gen.dm/RAM_reg_0_15_0_13/WCLK
    SLICE_X53Y97         RAMD32                                       r  dbg_hub/inst/BSCANID.u_xsdbm_id/CORE_XSDB.UUT_MASTER/U_ICON_INTERFACE/U_CMD6_WR/U_WR_FIFO/SUBCORE_FIFO.xsdbm_v3_0_0_wrfifo_inst/inst_fifo_gen/gconvfifo.rf/grf.rf/gntv_or_sync_fifo.mem/gdm.dm_gen.dm/RAM_reg_0_15_0_13/RAMF_D1/CLK
  -------------------------------------------------------------------    -------------------
    SLICE_X53Y97         RAMD32 (Prop_F6LUT_SLICEM_CLK_O)
                                                      0.429     9.510 r  dbg_hub/inst/BSCANID.u_xsdbm_id/CORE_XSDB.UUT_MASTER/U_ICON_INTERFACE/U_CMD6_WR/U_WR_FIFO/SUBCORE_FIFO.xsdbm_v3_0_0_wrfifo_inst/inst_fifo_gen/gconvfifo.rf/grf.rf/gntv_or_sync_fifo.mem/gdm.dm_gen.dm/RAM_reg_0_15_0_13/RAMF_D1/O
                         net (fo=1, routed)           0.608    10.118    dbg_hub/inst/BSCANID.u_xsdbm_id/CORE_XSDB.UUT_MASTER/U_ICON_INTERFACE/U_CMD6_WR/U_WR_FIFO/SUBCORE_FIFO.xsdbm_v3_0_0_wrfifo_inst/inst_fifo_gen/gconvfifo.rf/grf.rf/gntv_or_sync_fifo.mem/gdm.dm_gen.dm/dout_i0[11]
    SLICE_X52Y97         FDRE                                         r  dbg_hub/inst/BSCANID.u_xsdbm_id/CORE_XSDB.UUT_MASTER/U_ICON_INTERFACE/U_CMD6_WR/U_WR_FIFO/SUBCORE_FIFO.xsdbm_v3_0_0_wrfifo_inst/inst_fifo_gen/gconvfifo.rf/grf.rf/gntv_or_sync_fifo.mem/gdm.dm_gen.dm/gpr1.dout_i_reg[11]/D
  -------------------------------------------------------------------    -------------------

                         (clock clk_pl_0 rise edge)
                                                      0.000     0.000 r  
    PS8_X0Y0             PS8                          0.000     0.000 r  mixer_ddc_i/zynq_ultra_ps_e_0/inst/PS8_i/PLCLK[0]
                         net (fo=1, routed)           0.181     0.181    mixer_ddc_i/zynq_ultra_ps_e_0/inst/pl_clk_unbuffered[0]
    BUFG_PS_X0Y90        BUFG_PS (Prop_BUFG_PS_I_O)
                                                      0.035     0.216 r  mixer_ddc_i/zynq_ultra_ps_e_0/inst/buffer_pl_clk_0.PL_CLK_0_BUFG/O
    X1Y1 (CLOCK_ROOT)    net (fo=19809, routed)       2.856     3.072    dbg_hub/inst/BSCANID.u_xsdbm_id/CORE_XSDB.UUT_MASTER/U_ICON_INTERFACE/U_CMD6_WR/U_WR_FIFO/SUBCORE_FIFO.xsdbm_v3_0_0_wrfifo_inst/inst_fifo_gen/gconvfifo.rf/grf.rf/gntv_or_sync_fifo.mem/gdm.dm_gen.dm/rd_clk
    SLICE_X52Y97         FDRE                                         r  dbg_hub/inst/BSCANID.u_xsdbm_id/CORE_XSDB.UUT_MASTER/U_ICON_INTERFACE/U_CMD6_WR/U_WR_FIFO/SUBCORE_FIFO.xsdbm_v3_0_0_wrfifo_inst/inst_fifo_gen/gconvfifo.rf/grf.rf/gntv_or_sync_fifo.mem/gdm.dm_gen.dm/gpr1.dout_i_reg[11]/C

Slack:                    inf
  Source:                 dbg_hub/inst/BSCANID.u_xsdbm_id/CORE_XSDB.UUT_MASTER/U_ICON_INTERFACE/U_CMD6_WR/U_WR_FIFO/SUBCORE_FIFO.xsdbm_v3_0_0_wrfifo_inst/inst_fifo_gen/gconvfifo.rf/grf.rf/gntv_or_sync_fifo.mem/gdm.dm_gen.dm/RAM_reg_0_15_0_13/RAMB_D1/CLK
                            (rising edge-triggered cell RAMD32 clocked by dbg_hub/inst/BSCANID.u_xsdbm_id/SWITCH_N_EXT_BSCAN.bscan_inst/SERIES7_BSCAN.bscan_inst/INTERNAL_TCK  {rise@0.000ns fall@25.000ns period=50.000ns})
  Destination:            dbg_hub/inst/BSCANID.u_xsdbm_id/CORE_XSDB.UUT_MASTER/U_ICON_INTERFACE/U_CMD6_WR/U_WR_FIFO/SUBCORE_FIFO.xsdbm_v3_0_0_wrfifo_inst/inst_fifo_gen/gconvfifo.rf/grf.rf/gntv_or_sync_fifo.mem/gdm.dm_gen.dm/gpr1.dout_i_reg[3]/D
                            (rising edge-triggered cell FDRE clocked by clk_pl_0  {rise@0.000ns fall@5.156ns period=10.312ns})
  Path Group:             (none)
  Path Type:              Setup (Max at Slow Process Corner)
  Data Path Delay:        0.981ns  (logic 0.430ns (43.833%)  route 0.551ns (56.167%))
  Logic Levels:           0  
  Clock Path Skew:        -6.001ns (DCD - SCD + CPR)
    Destination Clock Delay (DCD):    3.080ns
    Source Clock Delay      (SCD):    9.081ns
    Clock Pessimism Removal (CPR):    0.000ns
  Clock Uncertainty:      0.159ns  ((TSJ^2 + DJ^2)^1/2) / 2 + PE
    Total System Jitter     (TSJ):    0.071ns
    Discrete Jitter          (DJ):    0.310ns
    Phase Error              (PE):    0.000ns
  Clock Net Delay (Source):      2.606ns (routing 1.467ns, distribution 1.139ns)
  Clock Net Delay (Destination): 2.864ns (routing 1.538ns, distribution 1.326ns)
  Timing Exception:       False Path

    Location             Delay type                Incr(ns)  Path(ns)    Netlist Resource(s)
  -------------------------------------------------------------------    -------------------
                         (clock dbg_hub/inst/BSCANID.u_xsdbm_id/SWITCH_N_EXT_BSCAN.bscan_inst/SERIES7_BSCAN.bscan_inst/INTERNAL_TCK rise edge)
                                                      0.000     0.000 r  
    CONFIG_SITE_X0Y0     BSCANE2                      0.000     0.000 r  dbg_hub/inst/BSCANID.u_xsdbm_id/SWITCH_N_EXT_BSCAN.bscan_inst/SERIES7_BSCAN.bscan_inst/INTERNAL_TCK
    CONFIG_SITE_X0Y0     BSCANE2 (Prop_BSCAN1_CONFIG_SITE_INTERNAL_TCK_TCK)
                                                      4.800     4.800 r  dbg_hub/inst/BSCANID.u_xsdbm_id/SWITCH_N_EXT_BSCAN.bscan_inst/SERIES7_BSCAN.bscan_inst/TCK
                         net (fo=1, routed)           1.631     6.431    dbg_hub/inst/BSCANID.u_xsdbm_id/tck_bs
    BUFGCE_X0Y76         BUFGCE (Prop_BUFCE_BUFGCE_I_O)
                                                      0.044     6.475 r  dbg_hub/inst/BSCANID.u_xsdbm_id/SWITCH_N_EXT_BSCAN.u_bufg_icon_tck/O
    X2Y1 (CLOCK_ROOT)    net (fo=482, routed)         2.606     9.081    dbg_hub/inst/BSCANID.u_xsdbm_id/CORE_XSDB.UUT_MASTER/U_ICON_INTERFACE/U_CMD6_WR/U_WR_FIFO/SUBCORE_FIFO.xsdbm_v3_0_0_wrfifo_inst/inst_fifo_gen/gconvfifo.rf/grf.rf/gntv_or_sync_fifo.mem/gdm.dm_gen.dm/RAM_reg_0_15_0_13/WCLK
    SLICE_X53Y97         RAMD32                                       r  dbg_hub/inst/BSCANID.u_xsdbm_id/CORE_XSDB.UUT_MASTER/U_ICON_INTERFACE/U_CMD6_WR/U_WR_FIFO/SUBCORE_FIFO.xsdbm_v3_0_0_wrfifo_inst/inst_fifo_gen/gconvfifo.rf/grf.rf/gntv_or_sync_fifo.mem/gdm.dm_gen.dm/RAM_reg_0_15_0_13/RAMB_D1/CLK
  -------------------------------------------------------------------    -------------------
    SLICE_X53Y97         RAMD32 (Prop_B6LUT_SLICEM_CLK_O)
                                                      0.430     9.511 r  dbg_hub/inst/BSCANID.u_xsdbm_id/CORE_XSDB.UUT_MASTER/U_ICON_INTERFACE/U_CMD6_WR/U_WR_FIFO/SUBCORE_FIFO.xsdbm_v3_0_0_wrfifo_inst/inst_fifo_gen/gconvfifo.rf/grf.rf/gntv_or_sync_fifo.mem/gdm.dm_gen.dm/RAM_reg_0_15_0_13/RAMB_D1/O
                         net (fo=1, routed)           0.551    10.062    dbg_hub/inst/BSCANID.u_xsdbm_id/CORE_XSDB.UUT_MASTER/U_ICON_INTERFACE/U_CMD6_WR/U_WR_FIFO/SUBCORE_FIFO.xsdbm_v3_0_0_wrfifo_inst/inst_fifo_gen/gconvfifo.rf/grf.rf/gntv_or_sync_fifo.mem/gdm.dm_gen.dm/dout_i0[3]
    SLICE_X51Y96         FDRE                                         r  dbg_hub/inst/BSCANID.u_xsdbm_id/CORE_XSDB.UUT_MASTER/U_ICON_INTERFACE/U_CMD6_WR/U_WR_FIFO/SUBCORE_FIFO.xsdbm_v3_0_0_wrfifo_inst/inst_fifo_gen/gconvfifo.rf/grf.rf/gntv_or_sync_fifo.mem/gdm.dm_gen.dm/gpr1.dout_i_reg[3]/D
  -------------------------------------------------------------------    -------------------

                         (clock clk_pl_0 rise edge)
                                                      0.000     0.000 r  
    PS8_X0Y0             PS8                          0.000     0.000 r  mixer_ddc_i/zynq_ultra_ps_e_0/inst/PS8_i/PLCLK[0]
                         net (fo=1, routed)           0.181     0.181    mixer_ddc_i/zynq_ultra_ps_e_0/inst/pl_clk_unbuffered[0]
    BUFG_PS_X0Y90        BUFG_PS (Prop_BUFG_PS_I_O)
                                                      0.035     0.216 r  mixer_ddc_i/zynq_ultra_ps_e_0/inst/buffer_pl_clk_0.PL_CLK_0_BUFG/O
    X1Y1 (CLOCK_ROOT)    net (fo=19809, routed)       2.864     3.080    dbg_hub/inst/BSCANID.u_xsdbm_id/CORE_XSDB.UUT_MASTER/U_ICON_INTERFACE/U_CMD6_WR/U_WR_FIFO/SUBCORE_FIFO.xsdbm_v3_0_0_wrfifo_inst/inst_fifo_gen/gconvfifo.rf/grf.rf/gntv_or_sync_fifo.mem/gdm.dm_gen.dm/rd_clk
    SLICE_X51Y96         FDRE                                         r  dbg_hub/inst/BSCANID.u_xsdbm_id/CORE_XSDB.UUT_MASTER/U_ICON_INTERFACE/U_CMD6_WR/U_WR_FIFO/SUBCORE_FIFO.xsdbm_v3_0_0_wrfifo_inst/inst_fifo_gen/gconvfifo.rf/grf.rf/gntv_or_sync_fifo.mem/gdm.dm_gen.dm/gpr1.dout_i_reg[3]/C

Slack:                    inf
  Source:                 dbg_hub/inst/BSCANID.u_xsdbm_id/CORE_XSDB.UUT_MASTER/U_ICON_INTERFACE/U_CMD6_WR/U_WR_FIFO/SUBCORE_FIFO.xsdbm_v3_0_0_wrfifo_inst/inst_fifo_gen/gconvfifo.rf/grf.rf/gntv_or_sync_fifo.mem/gdm.dm_gen.dm/RAM_reg_0_15_0_13/RAMG/CLK
                            (rising edge-triggered cell RAMD32 clocked by dbg_hub/inst/BSCANID.u_xsdbm_id/SWITCH_N_EXT_BSCAN.bscan_inst/SERIES7_BSCAN.bscan_inst/INTERNAL_TCK  {rise@0.000ns fall@25.000ns period=50.000ns})
  Destination:            dbg_hub/inst/BSCANID.u_xsdbm_id/CORE_XSDB.UUT_MASTER/U_ICON_INTERFACE/U_CMD6_WR/U_WR_FIFO/SUBCORE_FIFO.xsdbm_v3_0_0_wrfifo_inst/inst_fifo_gen/gconvfifo.rf/grf.rf/gntv_or_sync_fifo.mem/gdm.dm_gen.dm/gpr1.dout_i_reg[12]/D
                            (rising edge-triggered cell FDRE clocked by clk_pl_0  {rise@0.000ns fall@5.156ns period=10.312ns})
  Path Group:             (none)
  Path Type:              Setup (Max at Slow Process Corner)
  Data Path Delay:        0.968ns  (logic 0.400ns (41.322%)  route 0.568ns (58.678%))
  Logic Levels:           0  
  Clock Path Skew:        -6.001ns (DCD - SCD + CPR)
    Destination Clock Delay (DCD):    3.080ns
    Source Clock Delay      (SCD):    9.081ns
    Clock Pessimism Removal (CPR):    0.000ns
  Clock Uncertainty:      0.159ns  ((TSJ^2 + DJ^2)^1/2) / 2 + PE
    Total System Jitter     (TSJ):    0.071ns
    Discrete Jitter          (DJ):    0.310ns
    Phase Error              (PE):    0.000ns
  Clock Net Delay (Source):      2.606ns (routing 1.467ns, distribution 1.139ns)
  Clock Net Delay (Destination): 2.864ns (routing 1.538ns, distribution 1.326ns)
  Timing Exception:       False Path

    Location             Delay type                Incr(ns)  Path(ns)    Netlist Resource(s)
  -------------------------------------------------------------------    -------------------
                         (clock dbg_hub/inst/BSCANID.u_xsdbm_id/SWITCH_N_EXT_BSCAN.bscan_inst/SERIES7_BSCAN.bscan_inst/INTERNAL_TCK rise edge)
                                                      0.000     0.000 r  
    CONFIG_SITE_X0Y0     BSCANE2                      0.000     0.000 r  dbg_hub/inst/BSCANID.u_xsdbm_id/SWITCH_N_EXT_BSCAN.bscan_inst/SERIES7_BSCAN.bscan_inst/INTERNAL_TCK
    CONFIG_SITE_X0Y0     BSCANE2 (Prop_BSCAN1_CONFIG_SITE_INTERNAL_TCK_TCK)
                                                      4.800     4.800 r  dbg_hub/inst/BSCANID.u_xsdbm_id/SWITCH_N_EXT_BSCAN.bscan_inst/SERIES7_BSCAN.bscan_inst/TCK
                         net (fo=1, routed)           1.631     6.431    dbg_hub/inst/BSCANID.u_xsdbm_id/tck_bs
    BUFGCE_X0Y76         BUFGCE (Prop_BUFCE_BUFGCE_I_O)
                                                      0.044     6.475 r  dbg_hub/inst/BSCANID.u_xsdbm_id/SWITCH_N_EXT_BSCAN.u_bufg_icon_tck/O
    X2Y1 (CLOCK_ROOT)    net (fo=482, routed)         2.606     9.081    dbg_hub/inst/BSCANID.u_xsdbm_id/CORE_XSDB.UUT_MASTER/U_ICON_INTERFACE/U_CMD6_WR/U_WR_FIFO/SUBCORE_FIFO.xsdbm_v3_0_0_wrfifo_inst/inst_fifo_gen/gconvfifo.rf/grf.rf/gntv_or_sync_fifo.mem/gdm.dm_gen.dm/RAM_reg_0_15_0_13/WCLK
    SLICE_X53Y97         RAMD32                                       r  dbg_hub/inst/BSCANID.u_xsdbm_id/CORE_XSDB.UUT_MASTER/U_ICON_INTERFACE/U_CMD6_WR/U_WR_FIFO/SUBCORE_FIFO.xsdbm_v3_0_0_wrfifo_inst/inst_fifo_gen/gconvfifo.rf/grf.rf/gntv_or_sync_fifo.mem/gdm.dm_gen.dm/RAM_reg_0_15_0_13/RAMG/CLK
  -------------------------------------------------------------------    -------------------
    SLICE_X53Y97         RAMD32 (Prop_G5LUT_SLICEM_CLK_O)
                                                      0.400     9.481 r  dbg_hub/inst/BSCANID.u_xsdbm_id/CORE_XSDB.UUT_MASTER/U_ICON_INTERFACE/U_CMD6_WR/U_WR_FIFO/SUBCORE_FIFO.xsdbm_v3_0_0_wrfifo_inst/inst_fifo_gen/gconvfifo.rf/grf.rf/gntv_or_sync_fifo.mem/gdm.dm_gen.dm/RAM_reg_0_15_0_13/RAMG/O
                         net (fo=1, routed)           0.568    10.049    dbg_hub/inst/BSCANID.u_xsdbm_id/CORE_XSDB.UUT_MASTER/U_ICON_INTERFACE/U_CMD6_WR/U_WR_FIFO/SUBCORE_FIFO.xsdbm_v3_0_0_wrfifo_inst/inst_fifo_gen/gconvfifo.rf/grf.rf/gntv_or_sync_fifo.mem/gdm.dm_gen.dm/dout_i0[12]
    SLICE_X51Y96         FDRE                                         r  dbg_hub/inst/BSCANID.u_xsdbm_id/CORE_XSDB.UUT_MASTER/U_ICON_INTERFACE/U_CMD6_WR/U_WR_FIFO/SUBCORE_FIFO.xsdbm_v3_0_0_wrfifo_inst/inst_fifo_gen/gconvfifo.rf/grf.rf/gntv_or_sync_fifo.mem/gdm.dm_gen.dm/gpr1.dout_i_reg[12]/D
  -------------------------------------------------------------------    -------------------

                         (clock clk_pl_0 rise edge)
                                                      0.000     0.000 r  
    PS8_X0Y0             PS8                          0.000     0.000 r  mixer_ddc_i/zynq_ultra_ps_e_0/inst/PS8_i/PLCLK[0]
                         net (fo=1, routed)           0.181     0.181    mixer_ddc_i/zynq_ultra_ps_e_0/inst/pl_clk_unbuffered[0]
    BUFG_PS_X0Y90        BUFG_PS (Prop_BUFG_PS_I_O)
                                                      0.035     0.216 r  mixer_ddc_i/zynq_ultra_ps_e_0/inst/buffer_pl_clk_0.PL_CLK_0_BUFG/O
    X1Y1 (CLOCK_ROOT)    net (fo=19809, routed)       2.864     3.080    dbg_hub/inst/BSCANID.u_xsdbm_id/CORE_XSDB.UUT_MASTER/U_ICON_INTERFACE/U_CMD6_WR/U_WR_FIFO/SUBCORE_FIFO.xsdbm_v3_0_0_wrfifo_inst/inst_fifo_gen/gconvfifo.rf/grf.rf/gntv_or_sync_fifo.mem/gdm.dm_gen.dm/rd_clk
    SLICE_X51Y96         FDRE                                         r  dbg_hub/inst/BSCANID.u_xsdbm_id/CORE_XSDB.UUT_MASTER/U_ICON_INTERFACE/U_CMD6_WR/U_WR_FIFO/SUBCORE_FIFO.xsdbm_v3_0_0_wrfifo_inst/inst_fifo_gen/gconvfifo.rf/grf.rf/gntv_or_sync_fifo.mem/gdm.dm_gen.dm/gpr1.dout_i_reg[12]/C

Slack:                    inf
  Source:                 dbg_hub/inst/BSCANID.u_xsdbm_id/CORE_XSDB.UUT_MASTER/U_ICON_INTERFACE/U_CMD6_WR/U_WR_FIFO/SUBCORE_FIFO.xsdbm_v3_0_0_wrfifo_inst/inst_fifo_gen/gconvfifo.rf/grf.rf/gntv_or_sync_fifo.mem/gdm.dm_gen.dm/RAM_reg_0_15_0_13/RAMF/CLK
                            (rising edge-triggered cell RAMD32 clocked by dbg_hub/inst/BSCANID.u_xsdbm_id/SWITCH_N_EXT_BSCAN.bscan_inst/SERIES7_BSCAN.bscan_inst/INTERNAL_TCK  {rise@0.000ns fall@25.000ns period=50.000ns})
  Destination:            dbg_hub/inst/BSCANID.u_xsdbm_id/CORE_XSDB.UUT_MASTER/U_ICON_INTERFACE/U_CMD6_WR/U_WR_FIFO/SUBCORE_FIFO.xsdbm_v3_0_0_wrfifo_inst/inst_fifo_gen/gconvfifo.rf/grf.rf/gntv_or_sync_fifo.mem/gdm.dm_gen.dm/gpr1.dout_i_reg[10]/D
                            (rising edge-triggered cell FDRE clocked by clk_pl_0  {rise@0.000ns fall@5.156ns period=10.312ns})
  Path Group:             (none)
  Path Type:              Setup (Max at Slow Process Corner)
  Data Path Delay:        0.924ns  (logic 0.417ns (45.130%)  route 0.507ns (54.870%))
  Logic Levels:           0  
  Clock Path Skew:        -6.005ns (DCD - SCD + CPR)
    Destination Clock Delay (DCD):    3.076ns
    Source Clock Delay      (SCD):    9.081ns
    Clock Pessimism Removal (CPR):    0.000ns
  Clock Uncertainty:      0.159ns  ((TSJ^2 + DJ^2)^1/2) / 2 + PE
    Total System Jitter     (TSJ):    0.071ns
    Discrete Jitter          (DJ):    0.310ns
    Phase Error              (PE):    0.000ns
  Clock Net Delay (Source):      2.606ns (routing 1.467ns, distribution 1.139ns)
  Clock Net Delay (Destination): 2.860ns (routing 1.538ns, distribution 1.322ns)
  Timing Exception:       False Path

    Location             Delay type                Incr(ns)  Path(ns)    Netlist Resource(s)
  -------------------------------------------------------------------    -------------------
                         (clock dbg_hub/inst/BSCANID.u_xsdbm_id/SWITCH_N_EXT_BSCAN.bscan_inst/SERIES7_BSCAN.bscan_inst/INTERNAL_TCK rise edge)
                                                      0.000     0.000 r  
    CONFIG_SITE_X0Y0     BSCANE2                      0.000     0.000 r  dbg_hub/inst/BSCANID.u_xsdbm_id/SWITCH_N_EXT_BSCAN.bscan_inst/SERIES7_BSCAN.bscan_inst/INTERNAL_TCK
    CONFIG_SITE_X0Y0     BSCANE2 (Prop_BSCAN1_CONFIG_SITE_INTERNAL_TCK_TCK)
                                                      4.800     4.800 r  dbg_hub/inst/BSCANID.u_xsdbm_id/SWITCH_N_EXT_BSCAN.bscan_inst/SERIES7_BSCAN.bscan_inst/TCK
                         net (fo=1, routed)           1.631     6.431    dbg_hub/inst/BSCANID.u_xsdbm_id/tck_bs
    BUFGCE_X0Y76         BUFGCE (Prop_BUFCE_BUFGCE_I_O)
                                                      0.044     6.475 r  dbg_hub/inst/BSCANID.u_xsdbm_id/SWITCH_N_EXT_BSCAN.u_bufg_icon_tck/O
    X2Y1 (CLOCK_ROOT)    net (fo=482, routed)         2.606     9.081    dbg_hub/inst/BSCANID.u_xsdbm_id/CORE_XSDB.UUT_MASTER/U_ICON_INTERFACE/U_CMD6_WR/U_WR_FIFO/SUBCORE_FIFO.xsdbm_v3_0_0_wrfifo_inst/inst_fifo_gen/gconvfifo.rf/grf.rf/gntv_or_sync_fifo.mem/gdm.dm_gen.dm/RAM_reg_0_15_0_13/WCLK
    SLICE_X53Y97         RAMD32                                       r  dbg_hub/inst/BSCANID.u_xsdbm_id/CORE_XSDB.UUT_MASTER/U_ICON_INTERFACE/U_CMD6_WR/U_WR_FIFO/SUBCORE_FIFO.xsdbm_v3_0_0_wrfifo_inst/inst_fifo_gen/gconvfifo.rf/grf.rf/gntv_or_sync_fifo.mem/gdm.dm_gen.dm/RAM_reg_0_15_0_13/RAMF/CLK
  -------------------------------------------------------------------    -------------------
    SLICE_X53Y97         RAMD32 (Prop_F5LUT_SLICEM_CLK_O)
                                                      0.417     9.498 r  dbg_hub/inst/BSCANID.u_xsdbm_id/CORE_XSDB.UUT_MASTER/U_ICON_INTERFACE/U_CMD6_WR/U_WR_FIFO/SUBCORE_FIFO.xsdbm_v3_0_0_wrfifo_inst/inst_fifo_gen/gconvfifo.rf/grf.rf/gntv_or_sync_fifo.mem/gdm.dm_gen.dm/RAM_reg_0_15_0_13/RAMF/O
                         net (fo=1, routed)           0.507    10.005    dbg_hub/inst/BSCANID.u_xsdbm_id/CORE_XSDB.UUT_MASTER/U_ICON_INTERFACE/U_CMD6_WR/U_WR_FIFO/SUBCORE_FIFO.xsdbm_v3_0_0_wrfifo_inst/inst_fifo_gen/gconvfifo.rf/grf.rf/gntv_or_sync_fifo.mem/gdm.dm_gen.dm/dout_i0[10]
    SLICE_X51Y98         FDRE                                         r  dbg_hub/inst/BSCANID.u_xsdbm_id/CORE_XSDB.UUT_MASTER/U_ICON_INTERFACE/U_CMD6_WR/U_WR_FIFO/SUBCORE_FIFO.xsdbm_v3_0_0_wrfifo_inst/inst_fifo_gen/gconvfifo.rf/grf.rf/gntv_or_sync_fifo.mem/gdm.dm_gen.dm/gpr1.dout_i_reg[10]/D
  -------------------------------------------------------------------    -------------------

                         (clock clk_pl_0 rise edge)
                                                      0.000     0.000 r  
    PS8_X0Y0             PS8                          0.000     0.000 r  mixer_ddc_i/zynq_ultra_ps_e_0/inst/PS8_i/PLCLK[0]
                         net (fo=1, routed)           0.181     0.181    mixer_ddc_i/zynq_ultra_ps_e_0/inst/pl_clk_unbuffered[0]
    BUFG_PS_X0Y90        BUFG_PS (Prop_BUFG_PS_I_O)
                                                      0.035     0.216 r  mixer_ddc_i/zynq_ultra_ps_e_0/inst/buffer_pl_clk_0.PL_CLK_0_BUFG/O
    X1Y1 (CLOCK_ROOT)    net (fo=19809, routed)       2.860     3.076    dbg_hub/inst/BSCANID.u_xsdbm_id/CORE_XSDB.UUT_MASTER/U_ICON_INTERFACE/U_CMD6_WR/U_WR_FIFO/SUBCORE_FIFO.xsdbm_v3_0_0_wrfifo_inst/inst_fifo_gen/gconvfifo.rf/grf.rf/gntv_or_sync_fifo.mem/gdm.dm_gen.dm/rd_clk
    SLICE_X51Y98         FDRE                                         r  dbg_hub/inst/BSCANID.u_xsdbm_id/CORE_XSDB.UUT_MASTER/U_ICON_INTERFACE/U_CMD6_WR/U_WR_FIFO/SUBCORE_FIFO.xsdbm_v3_0_0_wrfifo_inst/inst_fifo_gen/gconvfifo.rf/grf.rf/gntv_or_sync_fifo.mem/gdm.dm_gen.dm/gpr1.dout_i_reg[10]/C

Slack:                    inf
  Source:                 dbg_hub/inst/BSCANID.u_xsdbm_id/CORE_XSDB.UUT_MASTER/U_ICON_INTERFACE/U_CMD6_WR/U_WR_FIFO/SUBCORE_FIFO.xsdbm_v3_0_0_wrfifo_inst/inst_fifo_gen/gconvfifo.rf/grf.rf/gntv_or_sync_fifo.mem/gdm.dm_gen.dm/RAM_reg_0_15_0_13/RAMB/CLK
                            (rising edge-triggered cell RAMD32 clocked by dbg_hub/inst/BSCANID.u_xsdbm_id/SWITCH_N_EXT_BSCAN.bscan_inst/SERIES7_BSCAN.bscan_inst/INTERNAL_TCK  {rise@0.000ns fall@25.000ns period=50.000ns})
  Destination:            dbg_hub/inst/BSCANID.u_xsdbm_id/CORE_XSDB.UUT_MASTER/U_ICON_INTERFACE/U_CMD6_WR/U_WR_FIFO/SUBCORE_FIFO.xsdbm_v3_0_0_wrfifo_inst/inst_fifo_gen/gconvfifo.rf/grf.rf/gntv_or_sync_fifo.mem/gdm.dm_gen.dm/gpr1.dout_i_reg[2]/D
                            (rising edge-triggered cell FDRE clocked by clk_pl_0  {rise@0.000ns fall@5.156ns period=10.312ns})
  Path Group:             (none)
  Path Type:              Setup (Max at Slow Process Corner)
  Data Path Delay:        0.896ns  (logic 0.412ns (45.982%)  route 0.484ns (54.018%))
  Logic Levels:           0  
  Clock Path Skew:        -6.009ns (DCD - SCD + CPR)
    Destination Clock Delay (DCD):    3.072ns
    Source Clock Delay      (SCD):    9.081ns
    Clock Pessimism Removal (CPR):    0.000ns
  Clock Uncertainty:      0.159ns  ((TSJ^2 + DJ^2)^1/2) / 2 + PE
    Total System Jitter     (TSJ):    0.071ns
    Discrete Jitter          (DJ):    0.310ns
    Phase Error              (PE):    0.000ns
  Clock Net Delay (Source):      2.606ns (routing 1.467ns, distribution 1.139ns)
  Clock Net Delay (Destination): 2.856ns (routing 1.538ns, distribution 1.318ns)
  Timing Exception:       False Path

    Location             Delay type                Incr(ns)  Path(ns)    Netlist Resource(s)
  -------------------------------------------------------------------    -------------------
                         (clock dbg_hub/inst/BSCANID.u_xsdbm_id/SWITCH_N_EXT_BSCAN.bscan_inst/SERIES7_BSCAN.bscan_inst/INTERNAL_TCK rise edge)
                                                      0.000     0.000 r  
    CONFIG_SITE_X0Y0     BSCANE2                      0.000     0.000 r  dbg_hub/inst/BSCANID.u_xsdbm_id/SWITCH_N_EXT_BSCAN.bscan_inst/SERIES7_BSCAN.bscan_inst/INTERNAL_TCK
    CONFIG_SITE_X0Y0     BSCANE2 (Prop_BSCAN1_CONFIG_SITE_INTERNAL_TCK_TCK)
                                                      4.800     4.800 r  dbg_hub/inst/BSCANID.u_xsdbm_id/SWITCH_N_EXT_BSCAN.bscan_inst/SERIES7_BSCAN.bscan_inst/TCK
                         net (fo=1, routed)           1.631     6.431    dbg_hub/inst/BSCANID.u_xsdbm_id/tck_bs
    BUFGCE_X0Y76         BUFGCE (Prop_BUFCE_BUFGCE_I_O)
                                                      0.044     6.475 r  dbg_hub/inst/BSCANID.u_xsdbm_id/SWITCH_N_EXT_BSCAN.u_bufg_icon_tck/O
    X2Y1 (CLOCK_ROOT)    net (fo=482, routed)         2.606     9.081    dbg_hub/inst/BSCANID.u_xsdbm_id/CORE_XSDB.UUT_MASTER/U_ICON_INTERFACE/U_CMD6_WR/U_WR_FIFO/SUBCORE_FIFO.xsdbm_v3_0_0_wrfifo_inst/inst_fifo_gen/gconvfifo.rf/grf.rf/gntv_or_sync_fifo.mem/gdm.dm_gen.dm/RAM_reg_0_15_0_13/WCLK
    SLICE_X53Y97         RAMD32                                       r  dbg_hub/inst/BSCANID.u_xsdbm_id/CORE_XSDB.UUT_MASTER/U_ICON_INTERFACE/U_CMD6_WR/U_WR_FIFO/SUBCORE_FIFO.xsdbm_v3_0_0_wrfifo_inst/inst_fifo_gen/gconvfifo.rf/grf.rf/gntv_or_sync_fifo.mem/gdm.dm_gen.dm/RAM_reg_0_15_0_13/RAMB/CLK
  -------------------------------------------------------------------    -------------------
    SLICE_X53Y97         RAMD32 (Prop_B5LUT_SLICEM_CLK_O)
                                                      0.412     9.493 r  dbg_hub/inst/BSCANID.u_xsdbm_id/CORE_XSDB.UUT_MASTER/U_ICON_INTERFACE/U_CMD6_WR/U_WR_FIFO/SUBCORE_FIFO.xsdbm_v3_0_0_wrfifo_inst/inst_fifo_gen/gconvfifo.rf/grf.rf/gntv_or_sync_fifo.mem/gdm.dm_gen.dm/RAM_reg_0_15_0_13/RAMB/O
                         net (fo=1, routed)           0.484     9.977    dbg_hub/inst/BSCANID.u_xsdbm_id/CORE_XSDB.UUT_MASTER/U_ICON_INTERFACE/U_CMD6_WR/U_WR_FIFO/SUBCORE_FIFO.xsdbm_v3_0_0_wrfifo_inst/inst_fifo_gen/gconvfifo.rf/grf.rf/gntv_or_sync_fifo.mem/gdm.dm_gen.dm/dout_i0[2]
    SLICE_X53Y98         FDRE                                         r  dbg_hub/inst/BSCANID.u_xsdbm_id/CORE_XSDB.UUT_MASTER/U_ICON_INTERFACE/U_CMD6_WR/U_WR_FIFO/SUBCORE_FIFO.xsdbm_v3_0_0_wrfifo_inst/inst_fifo_gen/gconvfifo.rf/grf.rf/gntv_or_sync_fifo.mem/gdm.dm_gen.dm/gpr1.dout_i_reg[2]/D
  -------------------------------------------------------------------    -------------------

                         (clock clk_pl_0 rise edge)
                                                      0.000     0.000 r  
    PS8_X0Y0             PS8                          0.000     0.000 r  mixer_ddc_i/zynq_ultra_ps_e_0/inst/PS8_i/PLCLK[0]
                         net (fo=1, routed)           0.181     0.181    mixer_ddc_i/zynq_ultra_ps_e_0/inst/pl_clk_unbuffered[0]
    BUFG_PS_X0Y90        BUFG_PS (Prop_BUFG_PS_I_O)
                                                      0.035     0.216 r  mixer_ddc_i/zynq_ultra_ps_e_0/inst/buffer_pl_clk_0.PL_CLK_0_BUFG/O
    X1Y1 (CLOCK_ROOT)    net (fo=19809, routed)       2.856     3.072    dbg_hub/inst/BSCANID.u_xsdbm_id/CORE_XSDB.UUT_MASTER/U_ICON_INTERFACE/U_CMD6_WR/U_WR_FIFO/SUBCORE_FIFO.xsdbm_v3_0_0_wrfifo_inst/inst_fifo_gen/gconvfifo.rf/grf.rf/gntv_or_sync_fifo.mem/gdm.dm_gen.dm/rd_clk
    SLICE_X53Y98         FDRE                                         r  dbg_hub/inst/BSCANID.u_xsdbm_id/CORE_XSDB.UUT_MASTER/U_ICON_INTERFACE/U_CMD6_WR/U_WR_FIFO/SUBCORE_FIFO.xsdbm_v3_0_0_wrfifo_inst/inst_fifo_gen/gconvfifo.rf/grf.rf/gntv_or_sync_fifo.mem/gdm.dm_gen.dm/gpr1.dout_i_reg[2]/C

Slack:                    inf
  Source:                 dbg_hub/inst/BSCANID.u_xsdbm_id/CORE_XSDB.UUT_MASTER/U_ICON_INTERFACE/U_CMD6_WR/U_WR_FIFO/SUBCORE_FIFO.xsdbm_v3_0_0_wrfifo_inst/inst_fifo_gen/gconvfifo.rf/grf.rf/gntv_or_sync_fifo.mem/gdm.dm_gen.dm/RAM_reg_0_15_0_13/RAMA/CLK
                            (rising edge-triggered cell RAMD32 clocked by dbg_hub/inst/BSCANID.u_xsdbm_id/SWITCH_N_EXT_BSCAN.bscan_inst/SERIES7_BSCAN.bscan_inst/INTERNAL_TCK  {rise@0.000ns fall@25.000ns period=50.000ns})
  Destination:            dbg_hub/inst/BSCANID.u_xsdbm_id/CORE_XSDB.UUT_MASTER/U_ICON_INTERFACE/U_CMD6_WR/U_WR_FIFO/SUBCORE_FIFO.xsdbm_v3_0_0_wrfifo_inst/inst_fifo_gen/gconvfifo.rf/grf.rf/gntv_or_sync_fifo.mem/gdm.dm_gen.dm/gpr1.dout_i_reg[0]/D
                            (rising edge-triggered cell FDRE clocked by clk_pl_0  {rise@0.000ns fall@5.156ns period=10.312ns})
  Path Group:             (none)
  Path Type:              Setup (Max at Slow Process Corner)
  Data Path Delay:        0.829ns  (logic 0.409ns (49.337%)  route 0.420ns (50.663%))
  Logic Levels:           0  
  Clock Path Skew:        -6.001ns (DCD - SCD + CPR)
    Destination Clock Delay (DCD):    3.080ns
    Source Clock Delay      (SCD):    9.081ns
    Clock Pessimism Removal (CPR):    0.000ns
  Clock Uncertainty:      0.159ns  ((TSJ^2 + DJ^2)^1/2) / 2 + PE
    Total System Jitter     (TSJ):    0.071ns
    Discrete Jitter          (DJ):    0.310ns
    Phase Error              (PE):    0.000ns
  Clock Net Delay (Source):      2.606ns (routing 1.467ns, distribution 1.139ns)
  Clock Net Delay (Destination): 2.864ns (routing 1.538ns, distribution 1.326ns)
  Timing Exception:       False Path

    Location             Delay type                Incr(ns)  Path(ns)    Netlist Resource(s)
  -------------------------------------------------------------------    -------------------
                         (clock dbg_hub/inst/BSCANID.u_xsdbm_id/SWITCH_N_EXT_BSCAN.bscan_inst/SERIES7_BSCAN.bscan_inst/INTERNAL_TCK rise edge)
                                                      0.000     0.000 r  
    CONFIG_SITE_X0Y0     BSCANE2                      0.000     0.000 r  dbg_hub/inst/BSCANID.u_xsdbm_id/SWITCH_N_EXT_BSCAN.bscan_inst/SERIES7_BSCAN.bscan_inst/INTERNAL_TCK
    CONFIG_SITE_X0Y0     BSCANE2 (Prop_BSCAN1_CONFIG_SITE_INTERNAL_TCK_TCK)
                                                      4.800     4.800 r  dbg_hub/inst/BSCANID.u_xsdbm_id/SWITCH_N_EXT_BSCAN.bscan_inst/SERIES7_BSCAN.bscan_inst/TCK
                         net (fo=1, routed)           1.631     6.431    dbg_hub/inst/BSCANID.u_xsdbm_id/tck_bs
    BUFGCE_X0Y76         BUFGCE (Prop_BUFCE_BUFGCE_I_O)
                                                      0.044     6.475 r  dbg_hub/inst/BSCANID.u_xsdbm_id/SWITCH_N_EXT_BSCAN.u_bufg_icon_tck/O
    X2Y1 (CLOCK_ROOT)    net (fo=482, routed)         2.606     9.081    dbg_hub/inst/BSCANID.u_xsdbm_id/CORE_XSDB.UUT_MASTER/U_ICON_INTERFACE/U_CMD6_WR/U_WR_FIFO/SUBCORE_FIFO.xsdbm_v3_0_0_wrfifo_inst/inst_fifo_gen/gconvfifo.rf/grf.rf/gntv_or_sync_fifo.mem/gdm.dm_gen.dm/RAM_reg_0_15_0_13/WCLK
    SLICE_X53Y97         RAMD32                                       r  dbg_hub/inst/BSCANID.u_xsdbm_id/CORE_XSDB.UUT_MASTER/U_ICON_INTERFACE/U_CMD6_WR/U_WR_FIFO/SUBCORE_FIFO.xsdbm_v3_0_0_wrfifo_inst/inst_fifo_gen/gconvfifo.rf/grf.rf/gntv_or_sync_fifo.mem/gdm.dm_gen.dm/RAM_reg_0_15_0_13/RAMA/CLK
  -------------------------------------------------------------------    -------------------
    SLICE_X53Y97         RAMD32 (Prop_A5LUT_SLICEM_CLK_O)
                                                      0.409     9.490 r  dbg_hub/inst/BSCANID.u_xsdbm_id/CORE_XSDB.UUT_MASTER/U_ICON_INTERFACE/U_CMD6_WR/U_WR_FIFO/SUBCORE_FIFO.xsdbm_v3_0_0_wrfifo_inst/inst_fifo_gen/gconvfifo.rf/grf.rf/gntv_or_sync_fifo.mem/gdm.dm_gen.dm/RAM_reg_0_15_0_13/RAMA/O
                         net (fo=1, routed)           0.420     9.910    dbg_hub/inst/BSCANID.u_xsdbm_id/CORE_XSDB.UUT_MASTER/U_ICON_INTERFACE/U_CMD6_WR/U_WR_FIFO/SUBCORE_FIFO.xsdbm_v3_0_0_wrfifo_inst/inst_fifo_gen/gconvfifo.rf/grf.rf/gntv_or_sync_fifo.mem/gdm.dm_gen.dm/dout_i0[0]
    SLICE_X51Y96         FDRE                                         r  dbg_hub/inst/BSCANID.u_xsdbm_id/CORE_XSDB.UUT_MASTER/U_ICON_INTERFACE/U_CMD6_WR/U_WR_FIFO/SUBCORE_FIFO.xsdbm_v3_0_0_wrfifo_inst/inst_fifo_gen/gconvfifo.rf/grf.rf/gntv_or_sync_fifo.mem/gdm.dm_gen.dm/gpr1.dout_i_reg[0]/D
  -------------------------------------------------------------------    -------------------

                         (clock clk_pl_0 rise edge)
                                                      0.000     0.000 r  
    PS8_X0Y0             PS8                          0.000     0.000 r  mixer_ddc_i/zynq_ultra_ps_e_0/inst/PS8_i/PLCLK[0]
                         net (fo=1, routed)           0.181     0.181    mixer_ddc_i/zynq_ultra_ps_e_0/inst/pl_clk_unbuffered[0]
    BUFG_PS_X0Y90        BUFG_PS (Prop_BUFG_PS_I_O)
                                                      0.035     0.216 r  mixer_ddc_i/zynq_ultra_ps_e_0/inst/buffer_pl_clk_0.PL_CLK_0_BUFG/O
    X1Y1 (CLOCK_ROOT)    net (fo=19809, routed)       2.864     3.080    dbg_hub/inst/BSCANID.u_xsdbm_id/CORE_XSDB.UUT_MASTER/U_ICON_INTERFACE/U_CMD6_WR/U_WR_FIFO/SUBCORE_FIFO.xsdbm_v3_0_0_wrfifo_inst/inst_fifo_gen/gconvfifo.rf/grf.rf/gntv_or_sync_fifo.mem/gdm.dm_gen.dm/rd_clk
    SLICE_X51Y96         FDRE                                         r  dbg_hub/inst/BSCANID.u_xsdbm_id/CORE_XSDB.UUT_MASTER/U_ICON_INTERFACE/U_CMD6_WR/U_WR_FIFO/SUBCORE_FIFO.xsdbm_v3_0_0_wrfifo_inst/inst_fifo_gen/gconvfifo.rf/grf.rf/gntv_or_sync_fifo.mem/gdm.dm_gen.dm/gpr1.dout_i_reg[0]/C

Slack:                    inf
  Source:                 dbg_hub/inst/BSCANID.u_xsdbm_id/CORE_XSDB.UUT_MASTER/U_ICON_INTERFACE/icn_cmd_en_reg[5]/C
                            (rising edge-triggered cell FDRE clocked by dbg_hub/inst/BSCANID.u_xsdbm_id/SWITCH_N_EXT_BSCAN.bscan_inst/SERIES7_BSCAN.bscan_inst/INTERNAL_TCK  {rise@0.000ns fall@25.000ns period=50.000ns})
  Destination:            dbg_hub/inst/BSCANID.u_xsdbm_id/CORE_XSDB.UUT_MASTER/U_ICON_INTERFACE/icn_cmd_en_5_temp_reg/D
                            (rising edge-triggered cell FDRE clocked by clk_pl_0  {rise@0.000ns fall@5.156ns period=10.312ns})
  Path Group:             (none)
  Path Type:              Setup (Max at Slow Process Corner)
  Data Path Delay:        0.831ns  (logic 0.116ns (13.967%)  route 0.715ns (86.033%))
  Logic Levels:           0  
  Clock Path Skew:        -5.990ns (DCD - SCD + CPR)
    Destination Clock Delay (DCD):    3.081ns
    Source Clock Delay      (SCD):    9.071ns
    Clock Pessimism Removal (CPR):    0.000ns
  Clock Uncertainty:      0.159ns  ((TSJ^2 + DJ^2)^1/2) / 2 + PE
    Total System Jitter     (TSJ):    0.071ns
    Discrete Jitter          (DJ):    0.310ns
    Phase Error              (PE):    0.000ns
  Clock Net Delay (Source):      2.596ns (routing 1.467ns, distribution 1.129ns)
  Clock Net Delay (Destination): 2.865ns (routing 1.538ns, distribution 1.327ns)
  Timing Exception:       False Path

    Location             Delay type                Incr(ns)  Path(ns)    Netlist Resource(s)
  -------------------------------------------------------------------    -------------------
                         (clock dbg_hub/inst/BSCANID.u_xsdbm_id/SWITCH_N_EXT_BSCAN.bscan_inst/SERIES7_BSCAN.bscan_inst/INTERNAL_TCK rise edge)
                                                      0.000     0.000 r  
    CONFIG_SITE_X0Y0     BSCANE2                      0.000     0.000 r  dbg_hub/inst/BSCANID.u_xsdbm_id/SWITCH_N_EXT_BSCAN.bscan_inst/SERIES7_BSCAN.bscan_inst/INTERNAL_TCK
    CONFIG_SITE_X0Y0     BSCANE2 (Prop_BSCAN1_CONFIG_SITE_INTERNAL_TCK_TCK)
                                                      4.800     4.800 r  dbg_hub/inst/BSCANID.u_xsdbm_id/SWITCH_N_EXT_BSCAN.bscan_inst/SERIES7_BSCAN.bscan_inst/TCK
                         net (fo=1, routed)           1.631     6.431    dbg_hub/inst/BSCANID.u_xsdbm_id/tck_bs
    BUFGCE_X0Y76         BUFGCE (Prop_BUFCE_BUFGCE_I_O)
                                                      0.044     6.475 r  dbg_hub/inst/BSCANID.u_xsdbm_id/SWITCH_N_EXT_BSCAN.u_bufg_icon_tck/O
    X2Y1 (CLOCK_ROOT)    net (fo=482, routed)         2.596     9.071    dbg_hub/inst/BSCANID.u_xsdbm_id/CORE_XSDB.UUT_MASTER/U_ICON_INTERFACE/m_bscan_tck[0]
    SLICE_X55Y113        FDRE                                         r  dbg_hub/inst/BSCANID.u_xsdbm_id/CORE_XSDB.UUT_MASTER/U_ICON_INTERFACE/icn_cmd_en_reg[5]/C
  -------------------------------------------------------------------    -------------------
    SLICE_X55Y113        FDRE (Prop_AFF2_SLICEL_C_Q)
                                                      0.116     9.187 r  dbg_hub/inst/BSCANID.u_xsdbm_id/CORE_XSDB.UUT_MASTER/U_ICON_INTERFACE/icn_cmd_en_reg[5]/Q
                         net (fo=6, routed)           0.715     9.901    dbg_hub/inst/BSCANID.u_xsdbm_id/CORE_XSDB.UUT_MASTER/U_ICON_INTERFACE/p_1_in1_in
    SLICE_X56Y103        FDRE                                         r  dbg_hub/inst/BSCANID.u_xsdbm_id/CORE_XSDB.UUT_MASTER/U_ICON_INTERFACE/icn_cmd_en_5_temp_reg/D
  -------------------------------------------------------------------    -------------------

                         (clock clk_pl_0 rise edge)
                                                      0.000     0.000 r  
    PS8_X0Y0             PS8                          0.000     0.000 r  mixer_ddc_i/zynq_ultra_ps_e_0/inst/PS8_i/PLCLK[0]
                         net (fo=1, routed)           0.181     0.181    mixer_ddc_i/zynq_ultra_ps_e_0/inst/pl_clk_unbuffered[0]
    BUFG_PS_X0Y90        BUFG_PS (Prop_BUFG_PS_I_O)
                                                      0.035     0.216 r  mixer_ddc_i/zynq_ultra_ps_e_0/inst/buffer_pl_clk_0.PL_CLK_0_BUFG/O
    X1Y1 (CLOCK_ROOT)    net (fo=19809, routed)       2.865     3.081    dbg_hub/inst/BSCANID.u_xsdbm_id/CORE_XSDB.UUT_MASTER/U_ICON_INTERFACE/clk
    SLICE_X56Y103        FDRE                                         r  dbg_hub/inst/BSCANID.u_xsdbm_id/CORE_XSDB.UUT_MASTER/U_ICON_INTERFACE/icn_cmd_en_5_temp_reg/C

Slack:                    inf
  Source:                 dbg_hub/inst/BSCANID.u_xsdbm_id/CORE_XSDB.UUT_MASTER/U_ICON_INTERFACE/U_CMD6_WR/U_WR_FIFO/SUBCORE_FIFO.xsdbm_v3_0_0_wrfifo_inst/inst_fifo_gen/gconvfifo.rf/grf.rf/gntv_or_sync_fifo.mem/gdm.dm_gen.dm/RAM_reg_0_15_0_13/RAMD_D1/CLK
                            (rising edge-triggered cell RAMD32 clocked by dbg_hub/inst/BSCANID.u_xsdbm_id/SWITCH_N_EXT_BSCAN.bscan_inst/SERIES7_BSCAN.bscan_inst/INTERNAL_TCK  {rise@0.000ns fall@25.000ns period=50.000ns})
  Destination:            dbg_hub/inst/BSCANID.u_xsdbm_id/CORE_XSDB.UUT_MASTER/U_ICON_INTERFACE/U_CMD6_WR/U_WR_FIFO/SUBCORE_FIFO.xsdbm_v3_0_0_wrfifo_inst/inst_fifo_gen/gconvfifo.rf/grf.rf/gntv_or_sync_fifo.mem/gdm.dm_gen.dm/gpr1.dout_i_reg[7]/D
                            (rising edge-triggered cell FDRE clocked by clk_pl_0  {rise@0.000ns fall@5.156ns period=10.312ns})
  Path Group:             (none)
  Path Type:              Setup (Max at Slow Process Corner)
  Data Path Delay:        0.806ns  (logic 0.426ns (52.854%)  route 0.380ns (47.146%))
  Logic Levels:           0  
  Clock Path Skew:        -6.001ns (DCD - SCD + CPR)
    Destination Clock Delay (DCD):    3.080ns
    Source Clock Delay      (SCD):    9.081ns
    Clock Pessimism Removal (CPR):    0.000ns
  Clock Uncertainty:      0.159ns  ((TSJ^2 + DJ^2)^1/2) / 2 + PE
    Total System Jitter     (TSJ):    0.071ns
    Discrete Jitter          (DJ):    0.310ns
    Phase Error              (PE):    0.000ns
  Clock Net Delay (Source):      2.606ns (routing 1.467ns, distribution 1.139ns)
  Clock Net Delay (Destination): 2.864ns (routing 1.538ns, distribution 1.326ns)
  Timing Exception:       False Path

    Location             Delay type                Incr(ns)  Path(ns)    Netlist Resource(s)
  -------------------------------------------------------------------    -------------------
                         (clock dbg_hub/inst/BSCANID.u_xsdbm_id/SWITCH_N_EXT_BSCAN.bscan_inst/SERIES7_BSCAN.bscan_inst/INTERNAL_TCK rise edge)
                                                      0.000     0.000 r  
    CONFIG_SITE_X0Y0     BSCANE2                      0.000     0.000 r  dbg_hub/inst/BSCANID.u_xsdbm_id/SWITCH_N_EXT_BSCAN.bscan_inst/SERIES7_BSCAN.bscan_inst/INTERNAL_TCK
    CONFIG_SITE_X0Y0     BSCANE2 (Prop_BSCAN1_CONFIG_SITE_INTERNAL_TCK_TCK)
                                                      4.800     4.800 r  dbg_hub/inst/BSCANID.u_xsdbm_id/SWITCH_N_EXT_BSCAN.bscan_inst/SERIES7_BSCAN.bscan_inst/TCK
                         net (fo=1, routed)           1.631     6.431    dbg_hub/inst/BSCANID.u_xsdbm_id/tck_bs
    BUFGCE_X0Y76         BUFGCE (Prop_BUFCE_BUFGCE_I_O)
                                                      0.044     6.475 r  dbg_hub/inst/BSCANID.u_xsdbm_id/SWITCH_N_EXT_BSCAN.u_bufg_icon_tck/O
    X2Y1 (CLOCK_ROOT)    net (fo=482, routed)         2.606     9.081    dbg_hub/inst/BSCANID.u_xsdbm_id/CORE_XSDB.UUT_MASTER/U_ICON_INTERFACE/U_CMD6_WR/U_WR_FIFO/SUBCORE_FIFO.xsdbm_v3_0_0_wrfifo_inst/inst_fifo_gen/gconvfifo.rf/grf.rf/gntv_or_sync_fifo.mem/gdm.dm_gen.dm/RAM_reg_0_15_0_13/WCLK
    SLICE_X53Y97         RAMD32                                       r  dbg_hub/inst/BSCANID.u_xsdbm_id/CORE_XSDB.UUT_MASTER/U_ICON_INTERFACE/U_CMD6_WR/U_WR_FIFO/SUBCORE_FIFO.xsdbm_v3_0_0_wrfifo_inst/inst_fifo_gen/gconvfifo.rf/grf.rf/gntv_or_sync_fifo.mem/gdm.dm_gen.dm/RAM_reg_0_15_0_13/RAMD_D1/CLK
  -------------------------------------------------------------------    -------------------
    SLICE_X53Y97         RAMD32 (Prop_D6LUT_SLICEM_CLK_O)
                                                      0.426     9.507 r  dbg_hub/inst/BSCANID.u_xsdbm_id/CORE_XSDB.UUT_MASTER/U_ICON_INTERFACE/U_CMD6_WR/U_WR_FIFO/SUBCORE_FIFO.xsdbm_v3_0_0_wrfifo_inst/inst_fifo_gen/gconvfifo.rf/grf.rf/gntv_or_sync_fifo.mem/gdm.dm_gen.dm/RAM_reg_0_15_0_13/RAMD_D1/O
                         net (fo=1, routed)           0.380     9.887    dbg_hub/inst/BSCANID.u_xsdbm_id/CORE_XSDB.UUT_MASTER/U_ICON_INTERFACE/U_CMD6_WR/U_WR_FIFO/SUBCORE_FIFO.xsdbm_v3_0_0_wrfifo_inst/inst_fifo_gen/gconvfifo.rf/grf.rf/gntv_or_sync_fifo.mem/gdm.dm_gen.dm/dout_i0[7]
    SLICE_X51Y96         FDRE                                         r  dbg_hub/inst/BSCANID.u_xsdbm_id/CORE_XSDB.UUT_MASTER/U_ICON_INTERFACE/U_CMD6_WR/U_WR_FIFO/SUBCORE_FIFO.xsdbm_v3_0_0_wrfifo_inst/inst_fifo_gen/gconvfifo.rf/grf.rf/gntv_or_sync_fifo.mem/gdm.dm_gen.dm/gpr1.dout_i_reg[7]/D
  -------------------------------------------------------------------    -------------------

                         (clock clk_pl_0 rise edge)
                                                      0.000     0.000 r  
    PS8_X0Y0             PS8                          0.000     0.000 r  mixer_ddc_i/zynq_ultra_ps_e_0/inst/PS8_i/PLCLK[0]
                         net (fo=1, routed)           0.181     0.181    mixer_ddc_i/zynq_ultra_ps_e_0/inst/pl_clk_unbuffered[0]
    BUFG_PS_X0Y90        BUFG_PS (Prop_BUFG_PS_I_O)
                                                      0.035     0.216 r  mixer_ddc_i/zynq_ultra_ps_e_0/inst/buffer_pl_clk_0.PL_CLK_0_BUFG/O
    X1Y1 (CLOCK_ROOT)    net (fo=19809, routed)       2.864     3.080    dbg_hub/inst/BSCANID.u_xsdbm_id/CORE_XSDB.UUT_MASTER/U_ICON_INTERFACE/U_CMD6_WR/U_WR_FIFO/SUBCORE_FIFO.xsdbm_v3_0_0_wrfifo_inst/inst_fifo_gen/gconvfifo.rf/grf.rf/gntv_or_sync_fifo.mem/gdm.dm_gen.dm/rd_clk
    SLICE_X51Y96         FDRE                                         r  dbg_hub/inst/BSCANID.u_xsdbm_id/CORE_XSDB.UUT_MASTER/U_ICON_INTERFACE/U_CMD6_WR/U_WR_FIFO/SUBCORE_FIFO.xsdbm_v3_0_0_wrfifo_inst/inst_fifo_gen/gconvfifo.rf/grf.rf/gntv_or_sync_fifo.mem/gdm.dm_gen.dm/gpr1.dout_i_reg[7]/C

Slack:                    inf
  Source:                 dbg_hub/inst/BSCANID.u_xsdbm_id/CORE_XSDB.UUT_MASTER/U_ICON_INTERFACE/U_CMD6_WR/U_WR_FIFO/SUBCORE_FIFO.xsdbm_v3_0_0_wrfifo_inst/inst_fifo_gen/gconvfifo.rf/grf.rf/gntv_or_sync_fifo.mem/gdm.dm_gen.dm/RAM_reg_0_15_0_13/RAMC/CLK
                            (rising edge-triggered cell RAMD32 clocked by dbg_hub/inst/BSCANID.u_xsdbm_id/SWITCH_N_EXT_BSCAN.bscan_inst/SERIES7_BSCAN.bscan_inst/INTERNAL_TCK  {rise@0.000ns fall@25.000ns period=50.000ns})
  Destination:            dbg_hub/inst/BSCANID.u_xsdbm_id/CORE_XSDB.UUT_MASTER/U_ICON_INTERFACE/U_CMD6_WR/U_WR_FIFO/SUBCORE_FIFO.xsdbm_v3_0_0_wrfifo_inst/inst_fifo_gen/gconvfifo.rf/grf.rf/gntv_or_sync_fifo.mem/gdm.dm_gen.dm/gpr1.dout_i_reg[4]/D
                            (rising edge-triggered cell FDRE clocked by clk_pl_0  {rise@0.000ns fall@5.156ns period=10.312ns})
  Path Group:             (none)
  Path Type:              Setup (Max at Slow Process Corner)
  Data Path Delay:        0.790ns  (logic 0.410ns (51.899%)  route 0.380ns (48.101%))
  Logic Levels:           0  
  Clock Path Skew:        -6.009ns (DCD - SCD + CPR)
    Destination Clock Delay (DCD):    3.072ns
    Source Clock Delay      (SCD):    9.081ns
    Clock Pessimism Removal (CPR):    0.000ns
  Clock Uncertainty:      0.159ns  ((TSJ^2 + DJ^2)^1/2) / 2 + PE
    Total System Jitter     (TSJ):    0.071ns
    Discrete Jitter          (DJ):    0.310ns
    Phase Error              (PE):    0.000ns
  Clock Net Delay (Source):      2.606ns (routing 1.467ns, distribution 1.139ns)
  Clock Net Delay (Destination): 2.856ns (routing 1.538ns, distribution 1.318ns)
  Timing Exception:       False Path

    Location             Delay type                Incr(ns)  Path(ns)    Netlist Resource(s)
  -------------------------------------------------------------------    -------------------
                         (clock dbg_hub/inst/BSCANID.u_xsdbm_id/SWITCH_N_EXT_BSCAN.bscan_inst/SERIES7_BSCAN.bscan_inst/INTERNAL_TCK rise edge)
                                                      0.000     0.000 r  
    CONFIG_SITE_X0Y0     BSCANE2                      0.000     0.000 r  dbg_hub/inst/BSCANID.u_xsdbm_id/SWITCH_N_EXT_BSCAN.bscan_inst/SERIES7_BSCAN.bscan_inst/INTERNAL_TCK
    CONFIG_SITE_X0Y0     BSCANE2 (Prop_BSCAN1_CONFIG_SITE_INTERNAL_TCK_TCK)
                                                      4.800     4.800 r  dbg_hub/inst/BSCANID.u_xsdbm_id/SWITCH_N_EXT_BSCAN.bscan_inst/SERIES7_BSCAN.bscan_inst/TCK
                         net (fo=1, routed)           1.631     6.431    dbg_hub/inst/BSCANID.u_xsdbm_id/tck_bs
    BUFGCE_X0Y76         BUFGCE (Prop_BUFCE_BUFGCE_I_O)
                                                      0.044     6.475 r  dbg_hub/inst/BSCANID.u_xsdbm_id/SWITCH_N_EXT_BSCAN.u_bufg_icon_tck/O
    X2Y1 (CLOCK_ROOT)    net (fo=482, routed)         2.606     9.081    dbg_hub/inst/BSCANID.u_xsdbm_id/CORE_XSDB.UUT_MASTER/U_ICON_INTERFACE/U_CMD6_WR/U_WR_FIFO/SUBCORE_FIFO.xsdbm_v3_0_0_wrfifo_inst/inst_fifo_gen/gconvfifo.rf/grf.rf/gntv_or_sync_fifo.mem/gdm.dm_gen.dm/RAM_reg_0_15_0_13/WCLK
    SLICE_X53Y97         RAMD32                                       r  dbg_hub/inst/BSCANID.u_xsdbm_id/CORE_XSDB.UUT_MASTER/U_ICON_INTERFACE/U_CMD6_WR/U_WR_FIFO/SUBCORE_FIFO.xsdbm_v3_0_0_wrfifo_inst/inst_fifo_gen/gconvfifo.rf/grf.rf/gntv_or_sync_fifo.mem/gdm.dm_gen.dm/RAM_reg_0_15_0_13/RAMC/CLK
  -------------------------------------------------------------------    -------------------
    SLICE_X53Y97         RAMD32 (Prop_C5LUT_SLICEM_CLK_O)
                                                      0.410     9.491 r  dbg_hub/inst/BSCANID.u_xsdbm_id/CORE_XSDB.UUT_MASTER/U_ICON_INTERFACE/U_CMD6_WR/U_WR_FIFO/SUBCORE_FIFO.xsdbm_v3_0_0_wrfifo_inst/inst_fifo_gen/gconvfifo.rf/grf.rf/gntv_or_sync_fifo.mem/gdm.dm_gen.dm/RAM_reg_0_15_0_13/RAMC/O
                         net (fo=1, routed)           0.380     9.871    dbg_hub/inst/BSCANID.u_xsdbm_id/CORE_XSDB.UUT_MASTER/U_ICON_INTERFACE/U_CMD6_WR/U_WR_FIFO/SUBCORE_FIFO.xsdbm_v3_0_0_wrfifo_inst/inst_fifo_gen/gconvfifo.rf/grf.rf/gntv_or_sync_fifo.mem/gdm.dm_gen.dm/dout_i0[4]
    SLICE_X52Y97         FDRE                                         r  dbg_hub/inst/BSCANID.u_xsdbm_id/CORE_XSDB.UUT_MASTER/U_ICON_INTERFACE/U_CMD6_WR/U_WR_FIFO/SUBCORE_FIFO.xsdbm_v3_0_0_wrfifo_inst/inst_fifo_gen/gconvfifo.rf/grf.rf/gntv_or_sync_fifo.mem/gdm.dm_gen.dm/gpr1.dout_i_reg[4]/D
  -------------------------------------------------------------------    -------------------

                         (clock clk_pl_0 rise edge)
                                                      0.000     0.000 r  
    PS8_X0Y0             PS8                          0.000     0.000 r  mixer_ddc_i/zynq_ultra_ps_e_0/inst/PS8_i/PLCLK[0]
                         net (fo=1, routed)           0.181     0.181    mixer_ddc_i/zynq_ultra_ps_e_0/inst/pl_clk_unbuffered[0]
    BUFG_PS_X0Y90        BUFG_PS (Prop_BUFG_PS_I_O)
                                                      0.035     0.216 r  mixer_ddc_i/zynq_ultra_ps_e_0/inst/buffer_pl_clk_0.PL_CLK_0_BUFG/O
    X1Y1 (CLOCK_ROOT)    net (fo=19809, routed)       2.856     3.072    dbg_hub/inst/BSCANID.u_xsdbm_id/CORE_XSDB.UUT_MASTER/U_ICON_INTERFACE/U_CMD6_WR/U_WR_FIFO/SUBCORE_FIFO.xsdbm_v3_0_0_wrfifo_inst/inst_fifo_gen/gconvfifo.rf/grf.rf/gntv_or_sync_fifo.mem/gdm.dm_gen.dm/rd_clk
    SLICE_X52Y97         FDRE                                         r  dbg_hub/inst/BSCANID.u_xsdbm_id/CORE_XSDB.UUT_MASTER/U_ICON_INTERFACE/U_CMD6_WR/U_WR_FIFO/SUBCORE_FIFO.xsdbm_v3_0_0_wrfifo_inst/inst_fifo_gen/gconvfifo.rf/grf.rf/gntv_or_sync_fifo.mem/gdm.dm_gen.dm/gpr1.dout_i_reg[4]/C





Min Delay Paths
--------------------------------------------------------------------------------------
Slack:                    inf
  Source:                 dbg_hub/inst/BSCANID.u_xsdbm_id/CORE_XSDB.UUT_MASTER/U_ICON_INTERFACE/U_CMD6_RD/U_RD_FIFO/SUBCORE_FIFO.xsdbm_v3_0_0_rdfifo_inst/inst_fifo_gen/gconvfifo.rf/grf.rf/gntv_or_sync_fifo.gcx.clkx/gnxpm_cdc.rd_pntr_gc_reg[0]/C
                            (rising edge-triggered cell FDCE clocked by dbg_hub/inst/BSCANID.u_xsdbm_id/SWITCH_N_EXT_BSCAN.bscan_inst/SERIES7_BSCAN.bscan_inst/INTERNAL_TCK  {rise@0.000ns fall@25.000ns period=50.000ns})
  Destination:            dbg_hub/inst/BSCANID.u_xsdbm_id/CORE_XSDB.UUT_MASTER/U_ICON_INTERFACE/U_CMD6_RD/U_RD_FIFO/SUBCORE_FIFO.xsdbm_v3_0_0_rdfifo_inst/inst_fifo_gen/gconvfifo.rf/grf.rf/gntv_or_sync_fifo.gcx.clkx/gnxpm_cdc.gsync_stage[1].wr_stg_inst/Q_reg_reg[0]/D
                            (rising edge-triggered cell FDCE clocked by clk_pl_0  {rise@0.000ns fall@5.156ns period=10.312ns})
  Path Group:             (none)
  Path Type:              Hold (Min at Fast Process Corner)
  Data Path Delay:        0.138ns  (logic 0.084ns (60.870%)  route 0.054ns (39.130%))
  Logic Levels:           0  
  Clock Path Skew:        -0.519ns (DCD - SCD - CPR)
    Destination Clock Delay (DCD):    2.096ns
    Source Clock Delay      (SCD):    2.615ns
    Clock Pessimism Removal (CPR):    -0.000ns
  Clock Uncertainty:      0.159ns  ((TSJ^2 + DJ^2)^1/2) / 2 + PE
    Total System Jitter     (TSJ):    0.071ns
    Discrete Jitter          (DJ):    0.310ns
    Phase Error              (PE):    0.000ns
  Clock Net Delay (Source):      1.399ns (routing 0.805ns, distribution 0.594ns)
  Clock Net Delay (Destination): 1.909ns (routing 1.033ns, distribution 0.876ns)
  Timing Exception:       False Path

    Location             Delay type                Incr(ns)  Path(ns)    Netlist Resource(s)
  -------------------------------------------------------------------    -------------------
                         (clock dbg_hub/inst/BSCANID.u_xsdbm_id/SWITCH_N_EXT_BSCAN.bscan_inst/SERIES7_BSCAN.bscan_inst/INTERNAL_TCK rise edge)
                                                      0.000     0.000 r  
    CONFIG_SITE_X0Y0     BSCANE2                      0.000     0.000 r  dbg_hub/inst/BSCANID.u_xsdbm_id/SWITCH_N_EXT_BSCAN.bscan_inst/SERIES7_BSCAN.bscan_inst/INTERNAL_TCK
    CONFIG_SITE_X0Y0     BSCANE2 (Prop_BSCAN1_CONFIG_SITE_INTERNAL_TCK_TCK)
                                                      0.465     0.465 r  dbg_hub/inst/BSCANID.u_xsdbm_id/SWITCH_N_EXT_BSCAN.bscan_inst/SERIES7_BSCAN.bscan_inst/TCK
                         net (fo=1, routed)           0.728     1.193    dbg_hub/inst/BSCANID.u_xsdbm_id/tck_bs
    BUFGCE_X0Y76         BUFGCE (Prop_BUFCE_BUFGCE_I_O)
                                                      0.023     1.216 r  dbg_hub/inst/BSCANID.u_xsdbm_id/SWITCH_N_EXT_BSCAN.u_bufg_icon_tck/O
    X2Y1 (CLOCK_ROOT)    net (fo=482, routed)         1.399     2.615    dbg_hub/inst/BSCANID.u_xsdbm_id/CORE_XSDB.UUT_MASTER/U_ICON_INTERFACE/U_CMD6_RD/U_RD_FIFO/SUBCORE_FIFO.xsdbm_v3_0_0_rdfifo_inst/inst_fifo_gen/gconvfifo.rf/grf.rf/gntv_or_sync_fifo.gcx.clkx/rd_clk
    SLICE_X56Y101        FDCE                                         r  dbg_hub/inst/BSCANID.u_xsdbm_id/CORE_XSDB.UUT_MASTER/U_ICON_INTERFACE/U_CMD6_RD/U_RD_FIFO/SUBCORE_FIFO.xsdbm_v3_0_0_rdfifo_inst/inst_fifo_gen/gconvfifo.rf/grf.rf/gntv_or_sync_fifo.gcx.clkx/gnxpm_cdc.rd_pntr_gc_reg[0]/C
  -------------------------------------------------------------------    -------------------
    SLICE_X56Y101        FDCE (Prop_AFF_SLICEL_C_Q)
                                                      0.084     2.699 r  dbg_hub/inst/BSCANID.u_xsdbm_id/CORE_XSDB.UUT_MASTER/U_ICON_INTERFACE/U_CMD6_RD/U_RD_FIFO/SUBCORE_FIFO.xsdbm_v3_0_0_rdfifo_inst/inst_fifo_gen/gconvfifo.rf/grf.rf/gntv_or_sync_fifo.gcx.clkx/gnxpm_cdc.rd_pntr_gc_reg[0]/Q
                         net (fo=1, routed)           0.054     2.753    dbg_hub/inst/BSCANID.u_xsdbm_id/CORE_XSDB.UUT_MASTER/U_ICON_INTERFACE/U_CMD6_RD/U_RD_FIFO/SUBCORE_FIFO.xsdbm_v3_0_0_rdfifo_inst/inst_fifo_gen/gconvfifo.rf/grf.rf/gntv_or_sync_fifo.gcx.clkx/gnxpm_cdc.gsync_stage[1].wr_stg_inst/Q[0]
    SLICE_X57Y101        FDCE                                         r  dbg_hub/inst/BSCANID.u_xsdbm_id/CORE_XSDB.UUT_MASTER/U_ICON_INTERFACE/U_CMD6_RD/U_RD_FIFO/SUBCORE_FIFO.xsdbm_v3_0_0_rdfifo_inst/inst_fifo_gen/gconvfifo.rf/grf.rf/gntv_or_sync_fifo.gcx.clkx/gnxpm_cdc.gsync_stage[1].wr_stg_inst/Q_reg_reg[0]/D
  -------------------------------------------------------------------    -------------------

                         (clock clk_pl_0 rise edge)
                                                      0.000     0.000 r  
    PS8_X0Y0             PS8                          0.000     0.000 r  mixer_ddc_i/zynq_ultra_ps_e_0/inst/PS8_i/PLCLK[0]
                         net (fo=1, routed)           0.164     0.164    mixer_ddc_i/zynq_ultra_ps_e_0/inst/pl_clk_unbuffered[0]
    BUFG_PS_X0Y90        BUFG_PS (Prop_BUFG_PS_I_O)
                                                      0.023     0.187 r  mixer_ddc_i/zynq_ultra_ps_e_0/inst/buffer_pl_clk_0.PL_CLK_0_BUFG/O
    X1Y1 (CLOCK_ROOT)    net (fo=19809, routed)       1.909     2.096    dbg_hub/inst/BSCANID.u_xsdbm_id/CORE_XSDB.UUT_MASTER/U_ICON_INTERFACE/U_CMD6_RD/U_RD_FIFO/SUBCORE_FIFO.xsdbm_v3_0_0_rdfifo_inst/inst_fifo_gen/gconvfifo.rf/grf.rf/gntv_or_sync_fifo.gcx.clkx/gnxpm_cdc.gsync_stage[1].wr_stg_inst/wr_clk
    SLICE_X57Y101        FDCE                                         r  dbg_hub/inst/BSCANID.u_xsdbm_id/CORE_XSDB.UUT_MASTER/U_ICON_INTERFACE/U_CMD6_RD/U_RD_FIFO/SUBCORE_FIFO.xsdbm_v3_0_0_rdfifo_inst/inst_fifo_gen/gconvfifo.rf/grf.rf/gntv_or_sync_fifo.gcx.clkx/gnxpm_cdc.gsync_stage[1].wr_stg_inst/Q_reg_reg[0]/C

Slack:                    inf
  Source:                 dbg_hub/inst/BSCANID.u_xsdbm_id/CORE_XSDB.UUT_MASTER/U_ICON_INTERFACE/U_CMD5/shift_reg_in_reg[11]/C
                            (rising edge-triggered cell FDRE clocked by dbg_hub/inst/BSCANID.u_xsdbm_id/SWITCH_N_EXT_BSCAN.bscan_inst/SERIES7_BSCAN.bscan_inst/INTERNAL_TCK  {rise@0.000ns fall@25.000ns period=50.000ns})
  Destination:            dbg_hub/inst/BSCANID.u_xsdbm_id/CORE_XSDB.UUT_MASTER/U_ICON_INTERFACE/U_CMD5/ctl_reg_reg[11]/D
                            (rising edge-triggered cell FDRE clocked by clk_pl_0  {rise@0.000ns fall@5.156ns period=10.312ns})
  Path Group:             (none)
  Path Type:              Hold (Min at Fast Process Corner)
  Data Path Delay:        0.148ns  (logic 0.085ns (57.574%)  route 0.063ns (42.426%))
  Logic Levels:           0  
  Clock Path Skew:        -0.532ns (DCD - SCD - CPR)
    Destination Clock Delay (DCD):    2.090ns
    Source Clock Delay      (SCD):    2.622ns
    Clock Pessimism Removal (CPR):    -0.000ns
  Clock Uncertainty:      0.159ns  ((TSJ^2 + DJ^2)^1/2) / 2 + PE
    Total System Jitter     (TSJ):    0.071ns
    Discrete Jitter          (DJ):    0.310ns
    Phase Error              (PE):    0.000ns
  Clock Net Delay (Source):      1.406ns (routing 0.805ns, distribution 0.601ns)
  Clock Net Delay (Destination): 1.903ns (routing 1.033ns, distribution 0.870ns)
  Timing Exception:       False Path

    Location             Delay type                Incr(ns)  Path(ns)    Netlist Resource(s)
  -------------------------------------------------------------------    -------------------
                         (clock dbg_hub/inst/BSCANID.u_xsdbm_id/SWITCH_N_EXT_BSCAN.bscan_inst/SERIES7_BSCAN.bscan_inst/INTERNAL_TCK rise edge)
                                                      0.000     0.000 r  
    CONFIG_SITE_X0Y0     BSCANE2                      0.000     0.000 r  dbg_hub/inst/BSCANID.u_xsdbm_id/SWITCH_N_EXT_BSCAN.bscan_inst/SERIES7_BSCAN.bscan_inst/INTERNAL_TCK
    CONFIG_SITE_X0Y0     BSCANE2 (Prop_BSCAN1_CONFIG_SITE_INTERNAL_TCK_TCK)
                                                      0.465     0.465 r  dbg_hub/inst/BSCANID.u_xsdbm_id/SWITCH_N_EXT_BSCAN.bscan_inst/SERIES7_BSCAN.bscan_inst/TCK
                         net (fo=1, routed)           0.728     1.193    dbg_hub/inst/BSCANID.u_xsdbm_id/tck_bs
    BUFGCE_X0Y76         BUFGCE (Prop_BUFCE_BUFGCE_I_O)
                                                      0.023     1.216 r  dbg_hub/inst/BSCANID.u_xsdbm_id/SWITCH_N_EXT_BSCAN.u_bufg_icon_tck/O
    X2Y1 (CLOCK_ROOT)    net (fo=482, routed)         1.406     2.622    dbg_hub/inst/BSCANID.u_xsdbm_id/CORE_XSDB.UUT_MASTER/U_ICON_INTERFACE/U_CMD5/m_bscan_tck[0]
    SLICE_X52Y106        FDRE                                         r  dbg_hub/inst/BSCANID.u_xsdbm_id/CORE_XSDB.UUT_MASTER/U_ICON_INTERFACE/U_CMD5/shift_reg_in_reg[11]/C
  -------------------------------------------------------------------    -------------------
    SLICE_X52Y106        FDRE (Prop_BFF2_SLICEL_C_Q)
                                                      0.085     2.707 r  dbg_hub/inst/BSCANID.u_xsdbm_id/CORE_XSDB.UUT_MASTER/U_ICON_INTERFACE/U_CMD5/shift_reg_in_reg[11]/Q
                         net (fo=2, routed)           0.063     2.769    dbg_hub/inst/BSCANID.u_xsdbm_id/CORE_XSDB.UUT_MASTER/U_ICON_INTERFACE/U_CMD5/shift_reg_in[11]
    SLICE_X52Y107        FDRE                                         r  dbg_hub/inst/BSCANID.u_xsdbm_id/CORE_XSDB.UUT_MASTER/U_ICON_INTERFACE/U_CMD5/ctl_reg_reg[11]/D
  -------------------------------------------------------------------    -------------------

                         (clock clk_pl_0 rise edge)
                                                      0.000     0.000 r  
    PS8_X0Y0             PS8                          0.000     0.000 r  mixer_ddc_i/zynq_ultra_ps_e_0/inst/PS8_i/PLCLK[0]
                         net (fo=1, routed)           0.164     0.164    mixer_ddc_i/zynq_ultra_ps_e_0/inst/pl_clk_unbuffered[0]
    BUFG_PS_X0Y90        BUFG_PS (Prop_BUFG_PS_I_O)
                                                      0.023     0.187 r  mixer_ddc_i/zynq_ultra_ps_e_0/inst/buffer_pl_clk_0.PL_CLK_0_BUFG/O
    X1Y1 (CLOCK_ROOT)    net (fo=19809, routed)       1.903     2.090    dbg_hub/inst/BSCANID.u_xsdbm_id/CORE_XSDB.UUT_MASTER/U_ICON_INTERFACE/U_CMD5/clk
    SLICE_X52Y107        FDRE                                         r  dbg_hub/inst/BSCANID.u_xsdbm_id/CORE_XSDB.UUT_MASTER/U_ICON_INTERFACE/U_CMD5/ctl_reg_reg[11]/C

Slack:                    inf
  Source:                 dbg_hub/inst/BSCANID.u_xsdbm_id/CORE_XSDB.UUT_MASTER/U_ICON_INTERFACE/U_CMD5/shift_reg_in_reg[9]/C
                            (rising edge-triggered cell FDRE clocked by dbg_hub/inst/BSCANID.u_xsdbm_id/SWITCH_N_EXT_BSCAN.bscan_inst/SERIES7_BSCAN.bscan_inst/INTERNAL_TCK  {rise@0.000ns fall@25.000ns period=50.000ns})
  Destination:            dbg_hub/inst/BSCANID.u_xsdbm_id/CORE_XSDB.UUT_MASTER/U_ICON_INTERFACE/U_CMD5/ctl_reg_reg[9]/D
                            (rising edge-triggered cell FDRE clocked by clk_pl_0  {rise@0.000ns fall@5.156ns period=10.312ns})
  Path Group:             (none)
  Path Type:              Hold (Min at Fast Process Corner)
  Data Path Delay:        0.146ns  (logic 0.084ns (57.678%)  route 0.062ns (42.322%))
  Logic Levels:           0  
  Clock Path Skew:        -0.534ns (DCD - SCD - CPR)
    Destination Clock Delay (DCD):    2.090ns
    Source Clock Delay      (SCD):    2.624ns
    Clock Pessimism Removal (CPR):    -0.000ns
  Clock Uncertainty:      0.159ns  ((TSJ^2 + DJ^2)^1/2) / 2 + PE
    Total System Jitter     (TSJ):    0.071ns
    Discrete Jitter          (DJ):    0.310ns
    Phase Error              (PE):    0.000ns
  Clock Net Delay (Source):      1.408ns (routing 0.805ns, distribution 0.603ns)
  Clock Net Delay (Destination): 1.903ns (routing 1.033ns, distribution 0.870ns)
  Timing Exception:       False Path

    Location             Delay type                Incr(ns)  Path(ns)    Netlist Resource(s)
  -------------------------------------------------------------------    -------------------
                         (clock dbg_hub/inst/BSCANID.u_xsdbm_id/SWITCH_N_EXT_BSCAN.bscan_inst/SERIES7_BSCAN.bscan_inst/INTERNAL_TCK rise edge)
                                                      0.000     0.000 r  
    CONFIG_SITE_X0Y0     BSCANE2                      0.000     0.000 r  dbg_hub/inst/BSCANID.u_xsdbm_id/SWITCH_N_EXT_BSCAN.bscan_inst/SERIES7_BSCAN.bscan_inst/INTERNAL_TCK
    CONFIG_SITE_X0Y0     BSCANE2 (Prop_BSCAN1_CONFIG_SITE_INTERNAL_TCK_TCK)
                                                      0.465     0.465 r  dbg_hub/inst/BSCANID.u_xsdbm_id/SWITCH_N_EXT_BSCAN.bscan_inst/SERIES7_BSCAN.bscan_inst/TCK
                         net (fo=1, routed)           0.728     1.193    dbg_hub/inst/BSCANID.u_xsdbm_id/tck_bs
    BUFGCE_X0Y76         BUFGCE (Prop_BUFCE_BUFGCE_I_O)
                                                      0.023     1.216 r  dbg_hub/inst/BSCANID.u_xsdbm_id/SWITCH_N_EXT_BSCAN.u_bufg_icon_tck/O
    X2Y1 (CLOCK_ROOT)    net (fo=482, routed)         1.408     2.624    dbg_hub/inst/BSCANID.u_xsdbm_id/CORE_XSDB.UUT_MASTER/U_ICON_INTERFACE/U_CMD5/m_bscan_tck[0]
    SLICE_X52Y106        FDRE                                         r  dbg_hub/inst/BSCANID.u_xsdbm_id/CORE_XSDB.UUT_MASTER/U_ICON_INTERFACE/U_CMD5/shift_reg_in_reg[9]/C
  -------------------------------------------------------------------    -------------------
    SLICE_X52Y106        FDRE (Prop_HFF_SLICEL_C_Q)
                                                      0.084     2.708 r  dbg_hub/inst/BSCANID.u_xsdbm_id/CORE_XSDB.UUT_MASTER/U_ICON_INTERFACE/U_CMD5/shift_reg_in_reg[9]/Q
                         net (fo=2, routed)           0.062     2.769    dbg_hub/inst/BSCANID.u_xsdbm_id/CORE_XSDB.UUT_MASTER/U_ICON_INTERFACE/U_CMD5/shift_reg_in[9]
    SLICE_X52Y107        FDRE                                         r  dbg_hub/inst/BSCANID.u_xsdbm_id/CORE_XSDB.UUT_MASTER/U_ICON_INTERFACE/U_CMD5/ctl_reg_reg[9]/D
  -------------------------------------------------------------------    -------------------

                         (clock clk_pl_0 rise edge)
                                                      0.000     0.000 r  
    PS8_X0Y0             PS8                          0.000     0.000 r  mixer_ddc_i/zynq_ultra_ps_e_0/inst/PS8_i/PLCLK[0]
                         net (fo=1, routed)           0.164     0.164    mixer_ddc_i/zynq_ultra_ps_e_0/inst/pl_clk_unbuffered[0]
    BUFG_PS_X0Y90        BUFG_PS (Prop_BUFG_PS_I_O)
                                                      0.023     0.187 r  mixer_ddc_i/zynq_ultra_ps_e_0/inst/buffer_pl_clk_0.PL_CLK_0_BUFG/O
    X1Y1 (CLOCK_ROOT)    net (fo=19809, routed)       1.903     2.090    dbg_hub/inst/BSCANID.u_xsdbm_id/CORE_XSDB.UUT_MASTER/U_ICON_INTERFACE/U_CMD5/clk
    SLICE_X52Y107        FDRE                                         r  dbg_hub/inst/BSCANID.u_xsdbm_id/CORE_XSDB.UUT_MASTER/U_ICON_INTERFACE/U_CMD5/ctl_reg_reg[9]/C

Slack:                    inf
  Source:                 dbg_hub/inst/BSCANID.u_xsdbm_id/CORE_XSDB.UUT_MASTER/U_ICON_INTERFACE/U_CMD5/shift_reg_in_reg[6]/C
                            (rising edge-triggered cell FDRE clocked by dbg_hub/inst/BSCANID.u_xsdbm_id/SWITCH_N_EXT_BSCAN.bscan_inst/SERIES7_BSCAN.bscan_inst/INTERNAL_TCK  {rise@0.000ns fall@25.000ns period=50.000ns})
  Destination:            dbg_hub/inst/BSCANID.u_xsdbm_id/CORE_XSDB.UUT_MASTER/U_ICON_INTERFACE/U_CMD5/ctl_reg_reg[6]/D
                            (rising edge-triggered cell FDRE clocked by clk_pl_0  {rise@0.000ns fall@5.156ns period=10.312ns})
  Path Group:             (none)
  Path Type:              Hold (Min at Fast Process Corner)
  Data Path Delay:        0.146ns  (logic 0.084ns (57.406%)  route 0.062ns (42.594%))
  Logic Levels:           0  
  Clock Path Skew:        -0.528ns (DCD - SCD - CPR)
    Destination Clock Delay (DCD):    2.095ns
    Source Clock Delay      (SCD):    2.624ns
    Clock Pessimism Removal (CPR):    -0.000ns
  Clock Uncertainty:      0.159ns  ((TSJ^2 + DJ^2)^1/2) / 2 + PE
    Total System Jitter     (TSJ):    0.071ns
    Discrete Jitter          (DJ):    0.310ns
    Phase Error              (PE):    0.000ns
  Clock Net Delay (Source):      1.408ns (routing 0.805ns, distribution 0.603ns)
  Clock Net Delay (Destination): 1.908ns (routing 1.033ns, distribution 0.875ns)
  Timing Exception:       False Path

    Location             Delay type                Incr(ns)  Path(ns)    Netlist Resource(s)
  -------------------------------------------------------------------    -------------------
                         (clock dbg_hub/inst/BSCANID.u_xsdbm_id/SWITCH_N_EXT_BSCAN.bscan_inst/SERIES7_BSCAN.bscan_inst/INTERNAL_TCK rise edge)
                                                      0.000     0.000 r  
    CONFIG_SITE_X0Y0     BSCANE2                      0.000     0.000 r  dbg_hub/inst/BSCANID.u_xsdbm_id/SWITCH_N_EXT_BSCAN.bscan_inst/SERIES7_BSCAN.bscan_inst/INTERNAL_TCK
    CONFIG_SITE_X0Y0     BSCANE2 (Prop_BSCAN1_CONFIG_SITE_INTERNAL_TCK_TCK)
                                                      0.465     0.465 r  dbg_hub/inst/BSCANID.u_xsdbm_id/SWITCH_N_EXT_BSCAN.bscan_inst/SERIES7_BSCAN.bscan_inst/TCK
                         net (fo=1, routed)           0.728     1.193    dbg_hub/inst/BSCANID.u_xsdbm_id/tck_bs
    BUFGCE_X0Y76         BUFGCE (Prop_BUFCE_BUFGCE_I_O)
                                                      0.023     1.216 r  dbg_hub/inst/BSCANID.u_xsdbm_id/SWITCH_N_EXT_BSCAN.u_bufg_icon_tck/O
    X2Y1 (CLOCK_ROOT)    net (fo=482, routed)         1.408     2.624    dbg_hub/inst/BSCANID.u_xsdbm_id/CORE_XSDB.UUT_MASTER/U_ICON_INTERFACE/U_CMD5/m_bscan_tck[0]
    SLICE_X52Y106        FDRE                                         r  dbg_hub/inst/BSCANID.u_xsdbm_id/CORE_XSDB.UUT_MASTER/U_ICON_INTERFACE/U_CMD5/shift_reg_in_reg[6]/C
  -------------------------------------------------------------------    -------------------
    SLICE_X52Y106        FDRE (Prop_EFF_SLICEL_C_Q)
                                                      0.084     2.708 r  dbg_hub/inst/BSCANID.u_xsdbm_id/CORE_XSDB.UUT_MASTER/U_ICON_INTERFACE/U_CMD5/shift_reg_in_reg[6]/Q
                         net (fo=2, routed)           0.062     2.770    dbg_hub/inst/BSCANID.u_xsdbm_id/CORE_XSDB.UUT_MASTER/U_ICON_INTERFACE/U_CMD5/shift_reg_in[6]
    SLICE_X52Y105        FDRE                                         r  dbg_hub/inst/BSCANID.u_xsdbm_id/CORE_XSDB.UUT_MASTER/U_ICON_INTERFACE/U_CMD5/ctl_reg_reg[6]/D
  -------------------------------------------------------------------    -------------------

                         (clock clk_pl_0 rise edge)
                                                      0.000     0.000 r  
    PS8_X0Y0             PS8                          0.000     0.000 r  mixer_ddc_i/zynq_ultra_ps_e_0/inst/PS8_i/PLCLK[0]
                         net (fo=1, routed)           0.164     0.164    mixer_ddc_i/zynq_ultra_ps_e_0/inst/pl_clk_unbuffered[0]
    BUFG_PS_X0Y90        BUFG_PS (Prop_BUFG_PS_I_O)
                                                      0.023     0.187 r  mixer_ddc_i/zynq_ultra_ps_e_0/inst/buffer_pl_clk_0.PL_CLK_0_BUFG/O
    X1Y1 (CLOCK_ROOT)    net (fo=19809, routed)       1.908     2.095    dbg_hub/inst/BSCANID.u_xsdbm_id/CORE_XSDB.UUT_MASTER/U_ICON_INTERFACE/U_CMD5/clk
    SLICE_X52Y105        FDRE                                         r  dbg_hub/inst/BSCANID.u_xsdbm_id/CORE_XSDB.UUT_MASTER/U_ICON_INTERFACE/U_CMD5/ctl_reg_reg[6]/C

Slack:                    inf
  Source:                 dbg_hub/inst/BSCANID.u_xsdbm_id/CORE_XSDB.UUT_MASTER/U_ICON_INTERFACE/U_CMD7_CTL/icn_cmd_en_temp_reg/C
                            (rising edge-triggered cell FDRE clocked by dbg_hub/inst/BSCANID.u_xsdbm_id/SWITCH_N_EXT_BSCAN.bscan_inst/SERIES7_BSCAN.bscan_inst/INTERNAL_TCK  {rise@0.000ns fall@25.000ns period=50.000ns})
  Destination:            dbg_hub/inst/BSCANID.u_xsdbm_id/CORE_XSDB.UUT_MASTER/U_ICON_INTERFACE/U_CMD7_CTL/ctl_reg_en_1_reg[0]/D
                            (rising edge-triggered cell FDRE clocked by clk_pl_0  {rise@0.000ns fall@5.156ns period=10.312ns})
  Path Group:             (none)
  Path Type:              Hold (Min at Fast Process Corner)
  Data Path Delay:        0.148ns  (logic 0.084ns (56.897%)  route 0.064ns (43.103%))
  Logic Levels:           0  
  Clock Path Skew:        -0.525ns (DCD - SCD - CPR)
    Destination Clock Delay (DCD):    2.098ns
    Source Clock Delay      (SCD):    2.624ns
    Clock Pessimism Removal (CPR):    -0.000ns
  Clock Uncertainty:      0.159ns  ((TSJ^2 + DJ^2)^1/2) / 2 + PE
    Total System Jitter     (TSJ):    0.071ns
    Discrete Jitter          (DJ):    0.310ns
    Phase Error              (PE):    0.000ns
  Clock Net Delay (Source):      1.408ns (routing 0.805ns, distribution 0.603ns)
  Clock Net Delay (Destination): 1.911ns (routing 1.033ns, distribution 0.878ns)
  Timing Exception:       False Path

    Location             Delay type                Incr(ns)  Path(ns)    Netlist Resource(s)
  -------------------------------------------------------------------    -------------------
                         (clock dbg_hub/inst/BSCANID.u_xsdbm_id/SWITCH_N_EXT_BSCAN.bscan_inst/SERIES7_BSCAN.bscan_inst/INTERNAL_TCK rise edge)
                                                      0.000     0.000 r  
    CONFIG_SITE_X0Y0     BSCANE2                      0.000     0.000 r  dbg_hub/inst/BSCANID.u_xsdbm_id/SWITCH_N_EXT_BSCAN.bscan_inst/SERIES7_BSCAN.bscan_inst/INTERNAL_TCK
    CONFIG_SITE_X0Y0     BSCANE2 (Prop_BSCAN1_CONFIG_SITE_INTERNAL_TCK_TCK)
                                                      0.465     0.465 r  dbg_hub/inst/BSCANID.u_xsdbm_id/SWITCH_N_EXT_BSCAN.bscan_inst/SERIES7_BSCAN.bscan_inst/TCK
                         net (fo=1, routed)           0.728     1.193    dbg_hub/inst/BSCANID.u_xsdbm_id/tck_bs
    BUFGCE_X0Y76         BUFGCE (Prop_BUFCE_BUFGCE_I_O)
                                                      0.023     1.216 r  dbg_hub/inst/BSCANID.u_xsdbm_id/SWITCH_N_EXT_BSCAN.u_bufg_icon_tck/O
    X2Y1 (CLOCK_ROOT)    net (fo=482, routed)         1.408     2.624    dbg_hub/inst/BSCANID.u_xsdbm_id/CORE_XSDB.UUT_MASTER/U_ICON_INTERFACE/U_CMD7_CTL/m_bscan_tck[0]
    SLICE_X55Y109        FDRE                                         r  dbg_hub/inst/BSCANID.u_xsdbm_id/CORE_XSDB.UUT_MASTER/U_ICON_INTERFACE/U_CMD7_CTL/icn_cmd_en_temp_reg/C
  -------------------------------------------------------------------    -------------------
    SLICE_X55Y109        FDRE (Prop_AFF_SLICEL_C_Q)
                                                      0.084     2.708 r  dbg_hub/inst/BSCANID.u_xsdbm_id/CORE_XSDB.UUT_MASTER/U_ICON_INTERFACE/U_CMD7_CTL/icn_cmd_en_temp_reg/Q
                         net (fo=4, routed)           0.064     2.771    dbg_hub/inst/BSCANID.u_xsdbm_id/CORE_XSDB.UUT_MASTER/U_ICON_INTERFACE/U_CMD7_CTL/icn_cmd_en_temp
    SLICE_X55Y109        FDRE                                         r  dbg_hub/inst/BSCANID.u_xsdbm_id/CORE_XSDB.UUT_MASTER/U_ICON_INTERFACE/U_CMD7_CTL/ctl_reg_en_1_reg[0]/D
  -------------------------------------------------------------------    -------------------

                         (clock clk_pl_0 rise edge)
                                                      0.000     0.000 r  
    PS8_X0Y0             PS8                          0.000     0.000 r  mixer_ddc_i/zynq_ultra_ps_e_0/inst/PS8_i/PLCLK[0]
                         net (fo=1, routed)           0.164     0.164    mixer_ddc_i/zynq_ultra_ps_e_0/inst/pl_clk_unbuffered[0]
    BUFG_PS_X0Y90        BUFG_PS (Prop_BUFG_PS_I_O)
                                                      0.023     0.187 r  mixer_ddc_i/zynq_ultra_ps_e_0/inst/buffer_pl_clk_0.PL_CLK_0_BUFG/O
    X1Y1 (CLOCK_ROOT)    net (fo=19809, routed)       1.911     2.098    dbg_hub/inst/BSCANID.u_xsdbm_id/CORE_XSDB.UUT_MASTER/U_ICON_INTERFACE/U_CMD7_CTL/clk
    SLICE_X55Y109        FDRE                                         r  dbg_hub/inst/BSCANID.u_xsdbm_id/CORE_XSDB.UUT_MASTER/U_ICON_INTERFACE/U_CMD7_CTL/ctl_reg_en_1_reg[0]/C

Slack:                    inf
  Source:                 dbg_hub/inst/BSCANID.u_xsdbm_id/CORE_XSDB.UUT_MASTER/U_ICON_INTERFACE/U_CMD4/shift_reg_in_reg[20]/C
                            (rising edge-triggered cell FDRE clocked by dbg_hub/inst/BSCANID.u_xsdbm_id/SWITCH_N_EXT_BSCAN.bscan_inst/SERIES7_BSCAN.bscan_inst/INTERNAL_TCK  {rise@0.000ns fall@25.000ns period=50.000ns})
  Destination:            dbg_hub/inst/BSCANID.u_xsdbm_id/CORE_XSDB.UUT_MASTER/U_ICON_INTERFACE/U_CMD4/ctl_reg_reg[20]/D
                            (rising edge-triggered cell FDRE clocked by clk_pl_0  {rise@0.000ns fall@5.156ns period=10.312ns})
  Path Group:             (none)
  Path Type:              Hold (Min at Fast Process Corner)
  Data Path Delay:        0.150ns  (logic 0.084ns (56.136%)  route 0.066ns (43.864%))
  Logic Levels:           0  
  Clock Path Skew:        -0.524ns (DCD - SCD - CPR)
    Destination Clock Delay (DCD):    2.098ns
    Source Clock Delay      (SCD):    2.623ns
    Clock Pessimism Removal (CPR):    -0.000ns
  Clock Uncertainty:      0.159ns  ((TSJ^2 + DJ^2)^1/2) / 2 + PE
    Total System Jitter     (TSJ):    0.071ns
    Discrete Jitter          (DJ):    0.310ns
    Phase Error              (PE):    0.000ns
  Clock Net Delay (Source):      1.407ns (routing 0.805ns, distribution 0.602ns)
  Clock Net Delay (Destination): 1.911ns (routing 1.033ns, distribution 0.878ns)
  Timing Exception:       False Path

    Location             Delay type                Incr(ns)  Path(ns)    Netlist Resource(s)
  -------------------------------------------------------------------    -------------------
                         (clock dbg_hub/inst/BSCANID.u_xsdbm_id/SWITCH_N_EXT_BSCAN.bscan_inst/SERIES7_BSCAN.bscan_inst/INTERNAL_TCK rise edge)
                                                      0.000     0.000 r  
    CONFIG_SITE_X0Y0     BSCANE2                      0.000     0.000 r  dbg_hub/inst/BSCANID.u_xsdbm_id/SWITCH_N_EXT_BSCAN.bscan_inst/SERIES7_BSCAN.bscan_inst/INTERNAL_TCK
    CONFIG_SITE_X0Y0     BSCANE2 (Prop_BSCAN1_CONFIG_SITE_INTERNAL_TCK_TCK)
                                                      0.465     0.465 r  dbg_hub/inst/BSCANID.u_xsdbm_id/SWITCH_N_EXT_BSCAN.bscan_inst/SERIES7_BSCAN.bscan_inst/TCK
                         net (fo=1, routed)           0.728     1.193    dbg_hub/inst/BSCANID.u_xsdbm_id/tck_bs
    BUFGCE_X0Y76         BUFGCE (Prop_BUFCE_BUFGCE_I_O)
                                                      0.023     1.216 r  dbg_hub/inst/BSCANID.u_xsdbm_id/SWITCH_N_EXT_BSCAN.u_bufg_icon_tck/O
    X2Y1 (CLOCK_ROOT)    net (fo=482, routed)         1.407     2.623    dbg_hub/inst/BSCANID.u_xsdbm_id/CORE_XSDB.UUT_MASTER/U_ICON_INTERFACE/U_CMD4/m_bscan_tck[0]
    SLICE_X57Y106        FDRE                                         r  dbg_hub/inst/BSCANID.u_xsdbm_id/CORE_XSDB.UUT_MASTER/U_ICON_INTERFACE/U_CMD4/shift_reg_in_reg[20]/C
  -------------------------------------------------------------------    -------------------
    SLICE_X57Y106        FDRE (Prop_AFF_SLICEL_C_Q)
                                                      0.084     2.707 r  dbg_hub/inst/BSCANID.u_xsdbm_id/CORE_XSDB.UUT_MASTER/U_ICON_INTERFACE/U_CMD4/shift_reg_in_reg[20]/Q
                         net (fo=2, routed)           0.066     2.772    dbg_hub/inst/BSCANID.u_xsdbm_id/CORE_XSDB.UUT_MASTER/U_ICON_INTERFACE/U_CMD4/shift_reg_in[20]
    SLICE_X56Y106        FDRE                                         r  dbg_hub/inst/BSCANID.u_xsdbm_id/CORE_XSDB.UUT_MASTER/U_ICON_INTERFACE/U_CMD4/ctl_reg_reg[20]/D
  -------------------------------------------------------------------    -------------------

                         (clock clk_pl_0 rise edge)
                                                      0.000     0.000 r  
    PS8_X0Y0             PS8                          0.000     0.000 r  mixer_ddc_i/zynq_ultra_ps_e_0/inst/PS8_i/PLCLK[0]
                         net (fo=1, routed)           0.164     0.164    mixer_ddc_i/zynq_ultra_ps_e_0/inst/pl_clk_unbuffered[0]
    BUFG_PS_X0Y90        BUFG_PS (Prop_BUFG_PS_I_O)
                                                      0.023     0.187 r  mixer_ddc_i/zynq_ultra_ps_e_0/inst/buffer_pl_clk_0.PL_CLK_0_BUFG/O
    X1Y1 (CLOCK_ROOT)    net (fo=19809, routed)       1.911     2.098    dbg_hub/inst/BSCANID.u_xsdbm_id/CORE_XSDB.UUT_MASTER/U_ICON_INTERFACE/U_CMD4/clk
    SLICE_X56Y106        FDRE                                         r  dbg_hub/inst/BSCANID.u_xsdbm_id/CORE_XSDB.UUT_MASTER/U_ICON_INTERFACE/U_CMD4/ctl_reg_reg[20]/C

Slack:                    inf
  Source:                 dbg_hub/inst/BSCANID.u_xsdbm_id/CORE_XSDB.UUT_MASTER/U_ICON_INTERFACE/U_CMD4/shift_reg_in_reg[10]/C
                            (rising edge-triggered cell FDRE clocked by dbg_hub/inst/BSCANID.u_xsdbm_id/SWITCH_N_EXT_BSCAN.bscan_inst/SERIES7_BSCAN.bscan_inst/INTERNAL_TCK  {rise@0.000ns fall@25.000ns period=50.000ns})
  Destination:            dbg_hub/inst/BSCANID.u_xsdbm_id/CORE_XSDB.UUT_MASTER/U_ICON_INTERFACE/U_CMD4/ctl_reg_reg[10]/D
                            (rising edge-triggered cell FDRE clocked by clk_pl_0  {rise@0.000ns fall@5.156ns period=10.312ns})
  Path Group:             (none)
  Path Type:              Hold (Min at Fast Process Corner)
  Data Path Delay:        0.152ns  (logic 0.085ns (56.055%)  route 0.067ns (43.945%))
  Logic Levels:           0  
  Clock Path Skew:        -0.530ns (DCD - SCD - CPR)
    Destination Clock Delay (DCD):    2.093ns
    Source Clock Delay      (SCD):    2.623ns
    Clock Pessimism Removal (CPR):    -0.000ns
  Clock Uncertainty:      0.159ns  ((TSJ^2 + DJ^2)^1/2) / 2 + PE
    Total System Jitter     (TSJ):    0.071ns
    Discrete Jitter          (DJ):    0.310ns
    Phase Error              (PE):    0.000ns
  Clock Net Delay (Source):      1.407ns (routing 0.805ns, distribution 0.602ns)
  Clock Net Delay (Destination): 1.906ns (routing 1.033ns, distribution 0.873ns)
  Timing Exception:       False Path

    Location             Delay type                Incr(ns)  Path(ns)    Netlist Resource(s)
  -------------------------------------------------------------------    -------------------
                         (clock dbg_hub/inst/BSCANID.u_xsdbm_id/SWITCH_N_EXT_BSCAN.bscan_inst/SERIES7_BSCAN.bscan_inst/INTERNAL_TCK rise edge)
                                                      0.000     0.000 r  
    CONFIG_SITE_X0Y0     BSCANE2                      0.000     0.000 r  dbg_hub/inst/BSCANID.u_xsdbm_id/SWITCH_N_EXT_BSCAN.bscan_inst/SERIES7_BSCAN.bscan_inst/INTERNAL_TCK
    CONFIG_SITE_X0Y0     BSCANE2 (Prop_BSCAN1_CONFIG_SITE_INTERNAL_TCK_TCK)
                                                      0.465     0.465 r  dbg_hub/inst/BSCANID.u_xsdbm_id/SWITCH_N_EXT_BSCAN.bscan_inst/SERIES7_BSCAN.bscan_inst/TCK
                         net (fo=1, routed)           0.728     1.193    dbg_hub/inst/BSCANID.u_xsdbm_id/tck_bs
    BUFGCE_X0Y76         BUFGCE (Prop_BUFCE_BUFGCE_I_O)
                                                      0.023     1.216 r  dbg_hub/inst/BSCANID.u_xsdbm_id/SWITCH_N_EXT_BSCAN.u_bufg_icon_tck/O
    X2Y1 (CLOCK_ROOT)    net (fo=482, routed)         1.407     2.623    dbg_hub/inst/BSCANID.u_xsdbm_id/CORE_XSDB.UUT_MASTER/U_ICON_INTERFACE/U_CMD4/m_bscan_tck[0]
    SLICE_X57Y107        FDRE                                         r  dbg_hub/inst/BSCANID.u_xsdbm_id/CORE_XSDB.UUT_MASTER/U_ICON_INTERFACE/U_CMD4/shift_reg_in_reg[10]/C
  -------------------------------------------------------------------    -------------------
    SLICE_X57Y107        FDRE (Prop_BFF2_SLICEL_C_Q)
                                                      0.085     2.708 r  dbg_hub/inst/BSCANID.u_xsdbm_id/CORE_XSDB.UUT_MASTER/U_ICON_INTERFACE/U_CMD4/shift_reg_in_reg[10]/Q
                         net (fo=2, routed)           0.067     2.774    dbg_hub/inst/BSCANID.u_xsdbm_id/CORE_XSDB.UUT_MASTER/U_ICON_INTERFACE/U_CMD4/shift_reg_in[10]
    SLICE_X56Y107        FDRE                                         r  dbg_hub/inst/BSCANID.u_xsdbm_id/CORE_XSDB.UUT_MASTER/U_ICON_INTERFACE/U_CMD4/ctl_reg_reg[10]/D
  -------------------------------------------------------------------    -------------------

                         (clock clk_pl_0 rise edge)
                                                      0.000     0.000 r  
    PS8_X0Y0             PS8                          0.000     0.000 r  mixer_ddc_i/zynq_ultra_ps_e_0/inst/PS8_i/PLCLK[0]
                         net (fo=1, routed)           0.164     0.164    mixer_ddc_i/zynq_ultra_ps_e_0/inst/pl_clk_unbuffered[0]
    BUFG_PS_X0Y90        BUFG_PS (Prop_BUFG_PS_I_O)
                                                      0.023     0.187 r  mixer_ddc_i/zynq_ultra_ps_e_0/inst/buffer_pl_clk_0.PL_CLK_0_BUFG/O
    X1Y1 (CLOCK_ROOT)    net (fo=19809, routed)       1.906     2.093    dbg_hub/inst/BSCANID.u_xsdbm_id/CORE_XSDB.UUT_MASTER/U_ICON_INTERFACE/U_CMD4/clk
    SLICE_X56Y107        FDRE                                         r  dbg_hub/inst/BSCANID.u_xsdbm_id/CORE_XSDB.UUT_MASTER/U_ICON_INTERFACE/U_CMD4/ctl_reg_reg[10]/C

Slack:                    inf
  Source:                 dbg_hub/inst/BSCANID.u_xsdbm_id/CORE_XSDB.UUT_MASTER/U_ICON_INTERFACE/U_CMD4/shift_reg_in_reg[27]/C
                            (rising edge-triggered cell FDRE clocked by dbg_hub/inst/BSCANID.u_xsdbm_id/SWITCH_N_EXT_BSCAN.bscan_inst/SERIES7_BSCAN.bscan_inst/INTERNAL_TCK  {rise@0.000ns fall@25.000ns period=50.000ns})
  Destination:            dbg_hub/inst/BSCANID.u_xsdbm_id/CORE_XSDB.UUT_MASTER/U_ICON_INTERFACE/U_CMD4/ctl_reg_reg[27]/D
                            (rising edge-triggered cell FDRE clocked by clk_pl_0  {rise@0.000ns fall@5.156ns period=10.312ns})
  Path Group:             (none)
  Path Type:              Hold (Min at Fast Process Corner)
  Data Path Delay:        0.151ns  (logic 0.084ns (55.764%)  route 0.067ns (44.236%))
  Logic Levels:           0  
  Clock Path Skew:        -0.526ns (DCD - SCD - CPR)
    Destination Clock Delay (DCD):    2.098ns
    Source Clock Delay      (SCD):    2.625ns
    Clock Pessimism Removal (CPR):    -0.000ns
  Clock Uncertainty:      0.159ns  ((TSJ^2 + DJ^2)^1/2) / 2 + PE
    Total System Jitter     (TSJ):    0.071ns
    Discrete Jitter          (DJ):    0.310ns
    Phase Error              (PE):    0.000ns
  Clock Net Delay (Source):      1.409ns (routing 0.805ns, distribution 0.604ns)
  Clock Net Delay (Destination): 1.911ns (routing 1.033ns, distribution 0.878ns)
  Timing Exception:       False Path

    Location             Delay type                Incr(ns)  Path(ns)    Netlist Resource(s)
  -------------------------------------------------------------------    -------------------
                         (clock dbg_hub/inst/BSCANID.u_xsdbm_id/SWITCH_N_EXT_BSCAN.bscan_inst/SERIES7_BSCAN.bscan_inst/INTERNAL_TCK rise edge)
                                                      0.000     0.000 r  
    CONFIG_SITE_X0Y0     BSCANE2                      0.000     0.000 r  dbg_hub/inst/BSCANID.u_xsdbm_id/SWITCH_N_EXT_BSCAN.bscan_inst/SERIES7_BSCAN.bscan_inst/INTERNAL_TCK
    CONFIG_SITE_X0Y0     BSCANE2 (Prop_BSCAN1_CONFIG_SITE_INTERNAL_TCK_TCK)
                                                      0.465     0.465 r  dbg_hub/inst/BSCANID.u_xsdbm_id/SWITCH_N_EXT_BSCAN.bscan_inst/SERIES7_BSCAN.bscan_inst/TCK
                         net (fo=1, routed)           0.728     1.193    dbg_hub/inst/BSCANID.u_xsdbm_id/tck_bs
    BUFGCE_X0Y76         BUFGCE (Prop_BUFCE_BUFGCE_I_O)
                                                      0.023     1.216 r  dbg_hub/inst/BSCANID.u_xsdbm_id/SWITCH_N_EXT_BSCAN.u_bufg_icon_tck/O
    X2Y1 (CLOCK_ROOT)    net (fo=482, routed)         1.409     2.625    dbg_hub/inst/BSCANID.u_xsdbm_id/CORE_XSDB.UUT_MASTER/U_ICON_INTERFACE/U_CMD4/m_bscan_tck[0]
    SLICE_X57Y106        FDRE                                         r  dbg_hub/inst/BSCANID.u_xsdbm_id/CORE_XSDB.UUT_MASTER/U_ICON_INTERFACE/U_CMD4/shift_reg_in_reg[27]/C
  -------------------------------------------------------------------    -------------------
    SLICE_X57Y106        FDRE (Prop_HFF_SLICEL_C_Q)
                                                      0.084     2.709 r  dbg_hub/inst/BSCANID.u_xsdbm_id/CORE_XSDB.UUT_MASTER/U_ICON_INTERFACE/U_CMD4/shift_reg_in_reg[27]/Q
                         net (fo=2, routed)           0.067     2.775    dbg_hub/inst/BSCANID.u_xsdbm_id/CORE_XSDB.UUT_MASTER/U_ICON_INTERFACE/U_CMD4/shift_reg_in[27]
    SLICE_X58Y106        FDRE                                         r  dbg_hub/inst/BSCANID.u_xsdbm_id/CORE_XSDB.UUT_MASTER/U_ICON_INTERFACE/U_CMD4/ctl_reg_reg[27]/D
  -------------------------------------------------------------------    -------------------

                         (clock clk_pl_0 rise edge)
                                                      0.000     0.000 r  
    PS8_X0Y0             PS8                          0.000     0.000 r  mixer_ddc_i/zynq_ultra_ps_e_0/inst/PS8_i/PLCLK[0]
                         net (fo=1, routed)           0.164     0.164    mixer_ddc_i/zynq_ultra_ps_e_0/inst/pl_clk_unbuffered[0]
    BUFG_PS_X0Y90        BUFG_PS (Prop_BUFG_PS_I_O)
                                                      0.023     0.187 r  mixer_ddc_i/zynq_ultra_ps_e_0/inst/buffer_pl_clk_0.PL_CLK_0_BUFG/O
    X1Y1 (CLOCK_ROOT)    net (fo=19809, routed)       1.911     2.098    dbg_hub/inst/BSCANID.u_xsdbm_id/CORE_XSDB.UUT_MASTER/U_ICON_INTERFACE/U_CMD4/clk
    SLICE_X58Y106        FDRE                                         r  dbg_hub/inst/BSCANID.u_xsdbm_id/CORE_XSDB.UUT_MASTER/U_ICON_INTERFACE/U_CMD4/ctl_reg_reg[27]/C

Slack:                    inf
  Source:                 dbg_hub/inst/BSCANID.u_xsdbm_id/CORE_XSDB.UUT_MASTER/U_ICON_INTERFACE/U_CMD5/shift_reg_in_reg[7]/C
                            (rising edge-triggered cell FDRE clocked by dbg_hub/inst/BSCANID.u_xsdbm_id/SWITCH_N_EXT_BSCAN.bscan_inst/SERIES7_BSCAN.bscan_inst/INTERNAL_TCK  {rise@0.000ns fall@25.000ns period=50.000ns})
  Destination:            dbg_hub/inst/BSCANID.u_xsdbm_id/CORE_XSDB.UUT_MASTER/U_ICON_INTERFACE/U_CMD5/ctl_reg_reg[7]/D
                            (rising edge-triggered cell FDRE clocked by clk_pl_0  {rise@0.000ns fall@5.156ns period=10.312ns})
  Path Group:             (none)
  Path Type:              Hold (Min at Fast Process Corner)
  Data Path Delay:        0.152ns  (logic 0.083ns (54.555%)  route 0.069ns (45.445%))
  Logic Levels:           0  
  Clock Path Skew:        -0.528ns (DCD - SCD - CPR)
    Destination Clock Delay (DCD):    2.095ns
    Source Clock Delay      (SCD):    2.624ns
    Clock Pessimism Removal (CPR):    -0.000ns
  Clock Uncertainty:      0.159ns  ((TSJ^2 + DJ^2)^1/2) / 2 + PE
    Total System Jitter     (TSJ):    0.071ns
    Discrete Jitter          (DJ):    0.310ns
    Phase Error              (PE):    0.000ns
  Clock Net Delay (Source):      1.408ns (routing 0.805ns, distribution 0.603ns)
  Clock Net Delay (Destination): 1.908ns (routing 1.033ns, distribution 0.875ns)
  Timing Exception:       False Path

    Location             Delay type                Incr(ns)  Path(ns)    Netlist Resource(s)
  -------------------------------------------------------------------    -------------------
                         (clock dbg_hub/inst/BSCANID.u_xsdbm_id/SWITCH_N_EXT_BSCAN.bscan_inst/SERIES7_BSCAN.bscan_inst/INTERNAL_TCK rise edge)
                                                      0.000     0.000 r  
    CONFIG_SITE_X0Y0     BSCANE2                      0.000     0.000 r  dbg_hub/inst/BSCANID.u_xsdbm_id/SWITCH_N_EXT_BSCAN.bscan_inst/SERIES7_BSCAN.bscan_inst/INTERNAL_TCK
    CONFIG_SITE_X0Y0     BSCANE2 (Prop_BSCAN1_CONFIG_SITE_INTERNAL_TCK_TCK)
                                                      0.465     0.465 r  dbg_hub/inst/BSCANID.u_xsdbm_id/SWITCH_N_EXT_BSCAN.bscan_inst/SERIES7_BSCAN.bscan_inst/TCK
                         net (fo=1, routed)           0.728     1.193    dbg_hub/inst/BSCANID.u_xsdbm_id/tck_bs
    BUFGCE_X0Y76         BUFGCE (Prop_BUFCE_BUFGCE_I_O)
                                                      0.023     1.216 r  dbg_hub/inst/BSCANID.u_xsdbm_id/SWITCH_N_EXT_BSCAN.u_bufg_icon_tck/O
    X2Y1 (CLOCK_ROOT)    net (fo=482, routed)         1.408     2.624    dbg_hub/inst/BSCANID.u_xsdbm_id/CORE_XSDB.UUT_MASTER/U_ICON_INTERFACE/U_CMD5/m_bscan_tck[0]
    SLICE_X52Y106        FDRE                                         r  dbg_hub/inst/BSCANID.u_xsdbm_id/CORE_XSDB.UUT_MASTER/U_ICON_INTERFACE/U_CMD5/shift_reg_in_reg[7]/C
  -------------------------------------------------------------------    -------------------
    SLICE_X52Y106        FDRE (Prop_FFF_SLICEL_C_Q)
                                                      0.083     2.707 r  dbg_hub/inst/BSCANID.u_xsdbm_id/CORE_XSDB.UUT_MASTER/U_ICON_INTERFACE/U_CMD5/shift_reg_in_reg[7]/Q
                         net (fo=2, routed)           0.069     2.776    dbg_hub/inst/BSCANID.u_xsdbm_id/CORE_XSDB.UUT_MASTER/U_ICON_INTERFACE/U_CMD5/shift_reg_in[7]
    SLICE_X52Y105        FDRE                                         r  dbg_hub/inst/BSCANID.u_xsdbm_id/CORE_XSDB.UUT_MASTER/U_ICON_INTERFACE/U_CMD5/ctl_reg_reg[7]/D
  -------------------------------------------------------------------    -------------------

                         (clock clk_pl_0 rise edge)
                                                      0.000     0.000 r  
    PS8_X0Y0             PS8                          0.000     0.000 r  mixer_ddc_i/zynq_ultra_ps_e_0/inst/PS8_i/PLCLK[0]
                         net (fo=1, routed)           0.164     0.164    mixer_ddc_i/zynq_ultra_ps_e_0/inst/pl_clk_unbuffered[0]
    BUFG_PS_X0Y90        BUFG_PS (Prop_BUFG_PS_I_O)
                                                      0.023     0.187 r  mixer_ddc_i/zynq_ultra_ps_e_0/inst/buffer_pl_clk_0.PL_CLK_0_BUFG/O
    X1Y1 (CLOCK_ROOT)    net (fo=19809, routed)       1.908     2.095    dbg_hub/inst/BSCANID.u_xsdbm_id/CORE_XSDB.UUT_MASTER/U_ICON_INTERFACE/U_CMD5/clk
    SLICE_X52Y105        FDRE                                         r  dbg_hub/inst/BSCANID.u_xsdbm_id/CORE_XSDB.UUT_MASTER/U_ICON_INTERFACE/U_CMD5/ctl_reg_reg[7]/C

Slack:                    inf
  Source:                 dbg_hub/inst/BSCANID.u_xsdbm_id/CORE_XSDB.UUT_MASTER/U_ICON_INTERFACE/U_CMD4/shift_reg_in_reg[25]/C
                            (rising edge-triggered cell FDRE clocked by dbg_hub/inst/BSCANID.u_xsdbm_id/SWITCH_N_EXT_BSCAN.bscan_inst/SERIES7_BSCAN.bscan_inst/INTERNAL_TCK  {rise@0.000ns fall@25.000ns period=50.000ns})
  Destination:            dbg_hub/inst/BSCANID.u_xsdbm_id/CORE_XSDB.UUT_MASTER/U_ICON_INTERFACE/U_CMD4/ctl_reg_reg[25]/D
                            (rising edge-triggered cell FDRE clocked by clk_pl_0  {rise@0.000ns fall@5.156ns period=10.312ns})
  Path Group:             (none)
  Path Type:              Hold (Min at Fast Process Corner)
  Data Path Delay:        0.151ns  (logic 0.083ns (54.916%)  route 0.068ns (45.084%))
  Logic Levels:           0  
  Clock Path Skew:        -0.526ns (DCD - SCD - CPR)
    Destination Clock Delay (DCD):    2.098ns
    Source Clock Delay      (SCD):    2.625ns
    Clock Pessimism Removal (CPR):    -0.000ns
  Clock Uncertainty:      0.159ns  ((TSJ^2 + DJ^2)^1/2) / 2 + PE
    Total System Jitter     (TSJ):    0.071ns
    Discrete Jitter          (DJ):    0.310ns
    Phase Error              (PE):    0.000ns
  Clock Net Delay (Source):      1.409ns (routing 0.805ns, distribution 0.604ns)
  Clock Net Delay (Destination): 1.911ns (routing 1.033ns, distribution 0.878ns)
  Timing Exception:       False Path

    Location             Delay type                Incr(ns)  Path(ns)    Netlist Resource(s)
  -------------------------------------------------------------------    -------------------
                         (clock dbg_hub/inst/BSCANID.u_xsdbm_id/SWITCH_N_EXT_BSCAN.bscan_inst/SERIES7_BSCAN.bscan_inst/INTERNAL_TCK rise edge)
                                                      0.000     0.000 r  
    CONFIG_SITE_X0Y0     BSCANE2                      0.000     0.000 r  dbg_hub/inst/BSCANID.u_xsdbm_id/SWITCH_N_EXT_BSCAN.bscan_inst/SERIES7_BSCAN.bscan_inst/INTERNAL_TCK
    CONFIG_SITE_X0Y0     BSCANE2 (Prop_BSCAN1_CONFIG_SITE_INTERNAL_TCK_TCK)
                                                      0.465     0.465 r  dbg_hub/inst/BSCANID.u_xsdbm_id/SWITCH_N_EXT_BSCAN.bscan_inst/SERIES7_BSCAN.bscan_inst/TCK
                         net (fo=1, routed)           0.728     1.193    dbg_hub/inst/BSCANID.u_xsdbm_id/tck_bs
    BUFGCE_X0Y76         BUFGCE (Prop_BUFCE_BUFGCE_I_O)
                                                      0.023     1.216 r  dbg_hub/inst/BSCANID.u_xsdbm_id/SWITCH_N_EXT_BSCAN.u_bufg_icon_tck/O
    X2Y1 (CLOCK_ROOT)    net (fo=482, routed)         1.409     2.625    dbg_hub/inst/BSCANID.u_xsdbm_id/CORE_XSDB.UUT_MASTER/U_ICON_INTERFACE/U_CMD4/m_bscan_tck[0]
    SLICE_X57Y106        FDRE                                         r  dbg_hub/inst/BSCANID.u_xsdbm_id/CORE_XSDB.UUT_MASTER/U_ICON_INTERFACE/U_CMD4/shift_reg_in_reg[25]/C
  -------------------------------------------------------------------    -------------------
    SLICE_X57Y106        FDRE (Prop_FFF_SLICEL_C_Q)
                                                      0.083     2.708 r  dbg_hub/inst/BSCANID.u_xsdbm_id/CORE_XSDB.UUT_MASTER/U_ICON_INTERFACE/U_CMD4/shift_reg_in_reg[25]/Q
                         net (fo=2, routed)           0.068     2.776    dbg_hub/inst/BSCANID.u_xsdbm_id/CORE_XSDB.UUT_MASTER/U_ICON_INTERFACE/U_CMD4/shift_reg_in[25]
    SLICE_X58Y106        FDRE                                         r  dbg_hub/inst/BSCANID.u_xsdbm_id/CORE_XSDB.UUT_MASTER/U_ICON_INTERFACE/U_CMD4/ctl_reg_reg[25]/D
  -------------------------------------------------------------------    -------------------

                         (clock clk_pl_0 rise edge)
                                                      0.000     0.000 r  
    PS8_X0Y0             PS8                          0.000     0.000 r  mixer_ddc_i/zynq_ultra_ps_e_0/inst/PS8_i/PLCLK[0]
                         net (fo=1, routed)           0.164     0.164    mixer_ddc_i/zynq_ultra_ps_e_0/inst/pl_clk_unbuffered[0]
    BUFG_PS_X0Y90        BUFG_PS (Prop_BUFG_PS_I_O)
                                                      0.023     0.187 r  mixer_ddc_i/zynq_ultra_ps_e_0/inst/buffer_pl_clk_0.PL_CLK_0_BUFG/O
    X1Y1 (CLOCK_ROOT)    net (fo=19809, routed)       1.911     2.098    dbg_hub/inst/BSCANID.u_xsdbm_id/CORE_XSDB.UUT_MASTER/U_ICON_INTERFACE/U_CMD4/clk
    SLICE_X58Y106        FDRE                                         r  dbg_hub/inst/BSCANID.u_xsdbm_id/CORE_XSDB.UUT_MASTER/U_ICON_INTERFACE/U_CMD4/ctl_reg_reg[25]/C





--------------------------------------------------------------------------------------
Path Group:  (none)
From Clock:  clk_pl_0
  To Clock:  dbg_hub/inst/BSCANID.u_xsdbm_id/SWITCH_N_EXT_BSCAN.bscan_inst/SERIES7_BSCAN.bscan_inst/INTERNAL_TCK

Max Delay            95 Endpoints
Min Delay           103 Endpoints
--------------------------------------------------------------------------------------


Max Delay Paths
--------------------------------------------------------------------------------------
Slack:                    inf
  Source:                 dbg_hub/inst/BSCANID.u_xsdbm_id/CORE_XSDB.UUT_MASTER/U_ICON_INTERFACE/U_CMD1/ctl_reg_reg[0]/C
                            (rising edge-triggered cell FDRE clocked by clk_pl_0  {rise@0.000ns fall@5.156ns period=10.312ns})
  Destination:            dbg_hub/inst/BSCANID.u_xsdbm_id/CORE_XSDB.UUT_MASTER/U_ICON_INTERFACE/U_CMD7_CTL/shift_reg_in_reg[0]/R
                            (rising edge-triggered cell FDRE clocked by dbg_hub/inst/BSCANID.u_xsdbm_id/SWITCH_N_EXT_BSCAN.bscan_inst/SERIES7_BSCAN.bscan_inst/INTERNAL_TCK  {rise@0.000ns fall@25.000ns period=50.000ns})
  Path Group:             (none)
  Path Type:              Setup (Max at Slow Process Corner)
  Data Path Delay:        0.964ns  (logic 0.116ns (12.038%)  route 0.848ns (87.962%))
  Logic Levels:           0  
  Clock Path Skew:        0.490ns (DCD - SCD + CPR)
    Destination Clock Delay (DCD):    3.942ns
    Source Clock Delay      (SCD):    3.452ns
    Clock Pessimism Removal (CPR):    0.000ns
  Clock Uncertainty:      0.159ns  ((TSJ^2 + DJ^2)^1/2) / 2 + PE
    Total System Jitter     (TSJ):    0.071ns
    Discrete Jitter          (DJ):    0.310ns
    Phase Error              (PE):    0.000ns
  Clock Net Delay (Source):      3.185ns (routing 1.681ns, distribution 1.504ns)
  Clock Net Delay (Destination): 2.318ns (routing 1.340ns, distribution 0.978ns)
  Timing Exception:       False Path

    Location             Delay type                Incr(ns)  Path(ns)    Netlist Resource(s)
  -------------------------------------------------------------------    -------------------
                         (clock clk_pl_0 rise edge)
                                                      0.000     0.000 r  
    PS8_X0Y0             PS8                          0.000     0.000 r  mixer_ddc_i/zynq_ultra_ps_e_0/inst/PS8_i/PLCLK[0]
                         net (fo=1, routed)           0.229     0.229    mixer_ddc_i/zynq_ultra_ps_e_0/inst/pl_clk_unbuffered[0]
    BUFG_PS_X0Y90        BUFG_PS (Prop_BUFG_PS_I_O)
                                                      0.038     0.267 r  mixer_ddc_i/zynq_ultra_ps_e_0/inst/buffer_pl_clk_0.PL_CLK_0_BUFG/O
    X1Y1 (CLOCK_ROOT)    net (fo=19809, routed)       3.185     3.452    dbg_hub/inst/BSCANID.u_xsdbm_id/CORE_XSDB.UUT_MASTER/U_ICON_INTERFACE/U_CMD1/clk
    SLICE_X54Y104        FDRE                                         r  dbg_hub/inst/BSCANID.u_xsdbm_id/CORE_XSDB.UUT_MASTER/U_ICON_INTERFACE/U_CMD1/ctl_reg_reg[0]/C
  -------------------------------------------------------------------    -------------------
    SLICE_X54Y104        FDRE (Prop_DFF_SLICEM_C_Q)
                                                      0.116     3.568 r  dbg_hub/inst/BSCANID.u_xsdbm_id/CORE_XSDB.UUT_MASTER/U_ICON_INTERFACE/U_CMD1/ctl_reg_reg[0]/Q
                         net (fo=182, routed)         0.848     4.415    dbg_hub/inst/BSCANID.u_xsdbm_id/CORE_XSDB.UUT_MASTER/U_ICON_INTERFACE/U_CMD7_CTL/out
    SLICE_X59Y108        FDRE                                         r  dbg_hub/inst/BSCANID.u_xsdbm_id/CORE_XSDB.UUT_MASTER/U_ICON_INTERFACE/U_CMD7_CTL/shift_reg_in_reg[0]/R
  -------------------------------------------------------------------    -------------------

                         (clock dbg_hub/inst/BSCANID.u_xsdbm_id/SWITCH_N_EXT_BSCAN.bscan_inst/SERIES7_BSCAN.bscan_inst/INTERNAL_TCK rise edge)
                                                      0.000     0.000 r  
    CONFIG_SITE_X0Y0     BSCANE2                      0.000     0.000 r  dbg_hub/inst/BSCANID.u_xsdbm_id/SWITCH_N_EXT_BSCAN.bscan_inst/SERIES7_BSCAN.bscan_inst/INTERNAL_TCK
    CONFIG_SITE_X0Y0     BSCANE2 (Prop_BSCAN1_CONFIG_SITE_INTERNAL_TCK_TCK)
                                                      0.465     0.465 r  dbg_hub/inst/BSCANID.u_xsdbm_id/SWITCH_N_EXT_BSCAN.bscan_inst/SERIES7_BSCAN.bscan_inst/TCK
                         net (fo=1, routed)           1.120     1.585    dbg_hub/inst/BSCANID.u_xsdbm_id/tck_bs
    BUFGCE_X0Y76         BUFGCE (Prop_BUFCE_BUFGCE_I_O)
                                                      0.039     1.624 r  dbg_hub/inst/BSCANID.u_xsdbm_id/SWITCH_N_EXT_BSCAN.u_bufg_icon_tck/O
    X2Y1 (CLOCK_ROOT)    net (fo=482, routed)         2.318     3.942    dbg_hub/inst/BSCANID.u_xsdbm_id/CORE_XSDB.UUT_MASTER/U_ICON_INTERFACE/U_CMD7_CTL/m_bscan_tck[0]
    SLICE_X59Y108        FDRE                                         r  dbg_hub/inst/BSCANID.u_xsdbm_id/CORE_XSDB.UUT_MASTER/U_ICON_INTERFACE/U_CMD7_CTL/shift_reg_in_reg[0]/C

Slack:                    inf
  Source:                 dbg_hub/inst/BSCANID.u_xsdbm_id/CORE_XSDB.UUT_MASTER/U_ICON_INTERFACE/U_CMD1/ctl_reg_reg[0]/C
                            (rising edge-triggered cell FDRE clocked by clk_pl_0  {rise@0.000ns fall@5.156ns period=10.312ns})
  Destination:            dbg_hub/inst/BSCANID.u_xsdbm_id/CORE_XSDB.UUT_MASTER/U_ICON_INTERFACE/U_CMD7_CTL/shift_reg_in_reg[1]/R
                            (rising edge-triggered cell FDRE clocked by dbg_hub/inst/BSCANID.u_xsdbm_id/SWITCH_N_EXT_BSCAN.bscan_inst/SERIES7_BSCAN.bscan_inst/INTERNAL_TCK  {rise@0.000ns fall@25.000ns period=50.000ns})
  Path Group:             (none)
  Path Type:              Setup (Max at Slow Process Corner)
  Data Path Delay:        0.964ns  (logic 0.116ns (12.038%)  route 0.848ns (87.962%))
  Logic Levels:           0  
  Clock Path Skew:        0.490ns (DCD - SCD + CPR)
    Destination Clock Delay (DCD):    3.942ns
    Source Clock Delay      (SCD):    3.452ns
    Clock Pessimism Removal (CPR):    0.000ns
  Clock Uncertainty:      0.159ns  ((TSJ^2 + DJ^2)^1/2) / 2 + PE
    Total System Jitter     (TSJ):    0.071ns
    Discrete Jitter          (DJ):    0.310ns
    Phase Error              (PE):    0.000ns
  Clock Net Delay (Source):      3.185ns (routing 1.681ns, distribution 1.504ns)
  Clock Net Delay (Destination): 2.318ns (routing 1.340ns, distribution 0.978ns)
  Timing Exception:       False Path

    Location             Delay type                Incr(ns)  Path(ns)    Netlist Resource(s)
  -------------------------------------------------------------------    -------------------
                         (clock clk_pl_0 rise edge)
                                                      0.000     0.000 r  
    PS8_X0Y0             PS8                          0.000     0.000 r  mixer_ddc_i/zynq_ultra_ps_e_0/inst/PS8_i/PLCLK[0]
                         net (fo=1, routed)           0.229     0.229    mixer_ddc_i/zynq_ultra_ps_e_0/inst/pl_clk_unbuffered[0]
    BUFG_PS_X0Y90        BUFG_PS (Prop_BUFG_PS_I_O)
                                                      0.038     0.267 r  mixer_ddc_i/zynq_ultra_ps_e_0/inst/buffer_pl_clk_0.PL_CLK_0_BUFG/O
    X1Y1 (CLOCK_ROOT)    net (fo=19809, routed)       3.185     3.452    dbg_hub/inst/BSCANID.u_xsdbm_id/CORE_XSDB.UUT_MASTER/U_ICON_INTERFACE/U_CMD1/clk
    SLICE_X54Y104        FDRE                                         r  dbg_hub/inst/BSCANID.u_xsdbm_id/CORE_XSDB.UUT_MASTER/U_ICON_INTERFACE/U_CMD1/ctl_reg_reg[0]/C
  -------------------------------------------------------------------    -------------------
    SLICE_X54Y104        FDRE (Prop_DFF_SLICEM_C_Q)
                                                      0.116     3.568 r  dbg_hub/inst/BSCANID.u_xsdbm_id/CORE_XSDB.UUT_MASTER/U_ICON_INTERFACE/U_CMD1/ctl_reg_reg[0]/Q
                         net (fo=182, routed)         0.848     4.415    dbg_hub/inst/BSCANID.u_xsdbm_id/CORE_XSDB.UUT_MASTER/U_ICON_INTERFACE/U_CMD7_CTL/out
    SLICE_X59Y108        FDRE                                         r  dbg_hub/inst/BSCANID.u_xsdbm_id/CORE_XSDB.UUT_MASTER/U_ICON_INTERFACE/U_CMD7_CTL/shift_reg_in_reg[1]/R
  -------------------------------------------------------------------    -------------------

                         (clock dbg_hub/inst/BSCANID.u_xsdbm_id/SWITCH_N_EXT_BSCAN.bscan_inst/SERIES7_BSCAN.bscan_inst/INTERNAL_TCK rise edge)
                                                      0.000     0.000 r  
    CONFIG_SITE_X0Y0     BSCANE2                      0.000     0.000 r  dbg_hub/inst/BSCANID.u_xsdbm_id/SWITCH_N_EXT_BSCAN.bscan_inst/SERIES7_BSCAN.bscan_inst/INTERNAL_TCK
    CONFIG_SITE_X0Y0     BSCANE2 (Prop_BSCAN1_CONFIG_SITE_INTERNAL_TCK_TCK)
                                                      0.465     0.465 r  dbg_hub/inst/BSCANID.u_xsdbm_id/SWITCH_N_EXT_BSCAN.bscan_inst/SERIES7_BSCAN.bscan_inst/TCK
                         net (fo=1, routed)           1.120     1.585    dbg_hub/inst/BSCANID.u_xsdbm_id/tck_bs
    BUFGCE_X0Y76         BUFGCE (Prop_BUFCE_BUFGCE_I_O)
                                                      0.039     1.624 r  dbg_hub/inst/BSCANID.u_xsdbm_id/SWITCH_N_EXT_BSCAN.u_bufg_icon_tck/O
    X2Y1 (CLOCK_ROOT)    net (fo=482, routed)         2.318     3.942    dbg_hub/inst/BSCANID.u_xsdbm_id/CORE_XSDB.UUT_MASTER/U_ICON_INTERFACE/U_CMD7_CTL/m_bscan_tck[0]
    SLICE_X59Y108        FDRE                                         r  dbg_hub/inst/BSCANID.u_xsdbm_id/CORE_XSDB.UUT_MASTER/U_ICON_INTERFACE/U_CMD7_CTL/shift_reg_in_reg[1]/C

Slack:                    inf
  Source:                 dbg_hub/inst/BSCANID.u_xsdbm_id/CORE_XSDB.UUT_MASTER/U_ICON_INTERFACE/U_CMD1/ctl_reg_reg[0]/C
                            (rising edge-triggered cell FDRE clocked by clk_pl_0  {rise@0.000ns fall@5.156ns period=10.312ns})
  Destination:            dbg_hub/inst/BSCANID.u_xsdbm_id/CORE_XSDB.UUT_MASTER/U_ICON_INTERFACE/U_CMD7_CTL/shift_reg_in_reg[2]/R
                            (rising edge-triggered cell FDRE clocked by dbg_hub/inst/BSCANID.u_xsdbm_id/SWITCH_N_EXT_BSCAN.bscan_inst/SERIES7_BSCAN.bscan_inst/INTERNAL_TCK  {rise@0.000ns fall@25.000ns period=50.000ns})
  Path Group:             (none)
  Path Type:              Setup (Max at Slow Process Corner)
  Data Path Delay:        0.964ns  (logic 0.116ns (12.038%)  route 0.848ns (87.962%))
  Logic Levels:           0  
  Clock Path Skew:        0.490ns (DCD - SCD + CPR)
    Destination Clock Delay (DCD):    3.942ns
    Source Clock Delay      (SCD):    3.452ns
    Clock Pessimism Removal (CPR):    0.000ns
  Clock Uncertainty:      0.159ns  ((TSJ^2 + DJ^2)^1/2) / 2 + PE
    Total System Jitter     (TSJ):    0.071ns
    Discrete Jitter          (DJ):    0.310ns
    Phase Error              (PE):    0.000ns
  Clock Net Delay (Source):      3.185ns (routing 1.681ns, distribution 1.504ns)
  Clock Net Delay (Destination): 2.318ns (routing 1.340ns, distribution 0.978ns)
  Timing Exception:       False Path

    Location             Delay type                Incr(ns)  Path(ns)    Netlist Resource(s)
  -------------------------------------------------------------------    -------------------
                         (clock clk_pl_0 rise edge)
                                                      0.000     0.000 r  
    PS8_X0Y0             PS8                          0.000     0.000 r  mixer_ddc_i/zynq_ultra_ps_e_0/inst/PS8_i/PLCLK[0]
                         net (fo=1, routed)           0.229     0.229    mixer_ddc_i/zynq_ultra_ps_e_0/inst/pl_clk_unbuffered[0]
    BUFG_PS_X0Y90        BUFG_PS (Prop_BUFG_PS_I_O)
                                                      0.038     0.267 r  mixer_ddc_i/zynq_ultra_ps_e_0/inst/buffer_pl_clk_0.PL_CLK_0_BUFG/O
    X1Y1 (CLOCK_ROOT)    net (fo=19809, routed)       3.185     3.452    dbg_hub/inst/BSCANID.u_xsdbm_id/CORE_XSDB.UUT_MASTER/U_ICON_INTERFACE/U_CMD1/clk
    SLICE_X54Y104        FDRE                                         r  dbg_hub/inst/BSCANID.u_xsdbm_id/CORE_XSDB.UUT_MASTER/U_ICON_INTERFACE/U_CMD1/ctl_reg_reg[0]/C
  -------------------------------------------------------------------    -------------------
    SLICE_X54Y104        FDRE (Prop_DFF_SLICEM_C_Q)
                                                      0.116     3.568 r  dbg_hub/inst/BSCANID.u_xsdbm_id/CORE_XSDB.UUT_MASTER/U_ICON_INTERFACE/U_CMD1/ctl_reg_reg[0]/Q
                         net (fo=182, routed)         0.848     4.415    dbg_hub/inst/BSCANID.u_xsdbm_id/CORE_XSDB.UUT_MASTER/U_ICON_INTERFACE/U_CMD7_CTL/out
    SLICE_X59Y108        FDRE                                         r  dbg_hub/inst/BSCANID.u_xsdbm_id/CORE_XSDB.UUT_MASTER/U_ICON_INTERFACE/U_CMD7_CTL/shift_reg_in_reg[2]/R
  -------------------------------------------------------------------    -------------------

                         (clock dbg_hub/inst/BSCANID.u_xsdbm_id/SWITCH_N_EXT_BSCAN.bscan_inst/SERIES7_BSCAN.bscan_inst/INTERNAL_TCK rise edge)
                                                      0.000     0.000 r  
    CONFIG_SITE_X0Y0     BSCANE2                      0.000     0.000 r  dbg_hub/inst/BSCANID.u_xsdbm_id/SWITCH_N_EXT_BSCAN.bscan_inst/SERIES7_BSCAN.bscan_inst/INTERNAL_TCK
    CONFIG_SITE_X0Y0     BSCANE2 (Prop_BSCAN1_CONFIG_SITE_INTERNAL_TCK_TCK)
                                                      0.465     0.465 r  dbg_hub/inst/BSCANID.u_xsdbm_id/SWITCH_N_EXT_BSCAN.bscan_inst/SERIES7_BSCAN.bscan_inst/TCK
                         net (fo=1, routed)           1.120     1.585    dbg_hub/inst/BSCANID.u_xsdbm_id/tck_bs
    BUFGCE_X0Y76         BUFGCE (Prop_BUFCE_BUFGCE_I_O)
                                                      0.039     1.624 r  dbg_hub/inst/BSCANID.u_xsdbm_id/SWITCH_N_EXT_BSCAN.u_bufg_icon_tck/O
    X2Y1 (CLOCK_ROOT)    net (fo=482, routed)         2.318     3.942    dbg_hub/inst/BSCANID.u_xsdbm_id/CORE_XSDB.UUT_MASTER/U_ICON_INTERFACE/U_CMD7_CTL/m_bscan_tck[0]
    SLICE_X59Y108        FDRE                                         r  dbg_hub/inst/BSCANID.u_xsdbm_id/CORE_XSDB.UUT_MASTER/U_ICON_INTERFACE/U_CMD7_CTL/shift_reg_in_reg[2]/C

Slack:                    inf
  Source:                 dbg_hub/inst/BSCANID.u_xsdbm_id/CORE_XSDB.UUT_MASTER/U_ICON_INTERFACE/U_CMD6_RD/U_RD_FIFO/SUBCORE_FIFO.xsdbm_v3_0_0_rdfifo_inst/inst_fifo_gen/gconvfifo.rf/grf.rf/gntv_or_sync_fifo.mem/gdm.dm_gen.dm/RAM_reg_0_15_0_13/RAMF/CLK
                            (rising edge-triggered cell RAMD32 clocked by clk_pl_0  {rise@0.000ns fall@5.156ns period=10.312ns})
  Destination:            dbg_hub/inst/BSCANID.u_xsdbm_id/CORE_XSDB.UUT_MASTER/U_ICON_INTERFACE/U_CMD6_RD/U_RD_FIFO/SUBCORE_FIFO.xsdbm_v3_0_0_rdfifo_inst/inst_fifo_gen/gconvfifo.rf/grf.rf/gntv_or_sync_fifo.mem/gdm.dm_gen.dm/gpr1.dout_i_reg[10]/D
                            (rising edge-triggered cell FDRE clocked by dbg_hub/inst/BSCANID.u_xsdbm_id/SWITCH_N_EXT_BSCAN.bscan_inst/SERIES7_BSCAN.bscan_inst/INTERNAL_TCK  {rise@0.000ns fall@25.000ns period=50.000ns})
  Path Group:             (none)
  Path Type:              Setup (Max at Slow Process Corner)
  Data Path Delay:        0.907ns  (logic 0.417ns (45.976%)  route 0.490ns (54.024%))
  Logic Levels:           0  
  Clock Path Skew:        0.483ns (DCD - SCD + CPR)
    Destination Clock Delay (DCD):    3.947ns
    Source Clock Delay      (SCD):    3.464ns
    Clock Pessimism Removal (CPR):    0.000ns
  Clock Uncertainty:      0.159ns  ((TSJ^2 + DJ^2)^1/2) / 2 + PE
    Total System Jitter     (TSJ):    0.071ns
    Discrete Jitter          (DJ):    0.310ns
    Phase Error              (PE):    0.000ns
  Clock Net Delay (Source):      3.197ns (routing 1.681ns, distribution 1.516ns)
  Clock Net Delay (Destination): 2.323ns (routing 1.340ns, distribution 0.983ns)
  Timing Exception:       False Path

    Location             Delay type                Incr(ns)  Path(ns)    Netlist Resource(s)
  -------------------------------------------------------------------    -------------------
                         (clock clk_pl_0 rise edge)
                                                      0.000     0.000 r  
    PS8_X0Y0             PS8                          0.000     0.000 r  mixer_ddc_i/zynq_ultra_ps_e_0/inst/PS8_i/PLCLK[0]
                         net (fo=1, routed)           0.229     0.229    mixer_ddc_i/zynq_ultra_ps_e_0/inst/pl_clk_unbuffered[0]
    BUFG_PS_X0Y90        BUFG_PS (Prop_BUFG_PS_I_O)
                                                      0.038     0.267 r  mixer_ddc_i/zynq_ultra_ps_e_0/inst/buffer_pl_clk_0.PL_CLK_0_BUFG/O
    X1Y1 (CLOCK_ROOT)    net (fo=19809, routed)       3.197     3.464    dbg_hub/inst/BSCANID.u_xsdbm_id/CORE_XSDB.UUT_MASTER/U_ICON_INTERFACE/U_CMD6_RD/U_RD_FIFO/SUBCORE_FIFO.xsdbm_v3_0_0_rdfifo_inst/inst_fifo_gen/gconvfifo.rf/grf.rf/gntv_or_sync_fifo.mem/gdm.dm_gen.dm/RAM_reg_0_15_0_13/WCLK
    SLICE_X53Y101        RAMD32                                       r  dbg_hub/inst/BSCANID.u_xsdbm_id/CORE_XSDB.UUT_MASTER/U_ICON_INTERFACE/U_CMD6_RD/U_RD_FIFO/SUBCORE_FIFO.xsdbm_v3_0_0_rdfifo_inst/inst_fifo_gen/gconvfifo.rf/grf.rf/gntv_or_sync_fifo.mem/gdm.dm_gen.dm/RAM_reg_0_15_0_13/RAMF/CLK
  -------------------------------------------------------------------    -------------------
    SLICE_X53Y101        RAMD32 (Prop_F5LUT_SLICEM_CLK_O)
                                                      0.417     3.881 r  dbg_hub/inst/BSCANID.u_xsdbm_id/CORE_XSDB.UUT_MASTER/U_ICON_INTERFACE/U_CMD6_RD/U_RD_FIFO/SUBCORE_FIFO.xsdbm_v3_0_0_rdfifo_inst/inst_fifo_gen/gconvfifo.rf/grf.rf/gntv_or_sync_fifo.mem/gdm.dm_gen.dm/RAM_reg_0_15_0_13/RAMF/O
                         net (fo=1, routed)           0.490     4.371    dbg_hub/inst/BSCANID.u_xsdbm_id/CORE_XSDB.UUT_MASTER/U_ICON_INTERFACE/U_CMD6_RD/U_RD_FIFO/SUBCORE_FIFO.xsdbm_v3_0_0_rdfifo_inst/inst_fifo_gen/gconvfifo.rf/grf.rf/gntv_or_sync_fifo.mem/gdm.dm_gen.dm/dout_i0[10]
    SLICE_X53Y103        FDRE                                         r  dbg_hub/inst/BSCANID.u_xsdbm_id/CORE_XSDB.UUT_MASTER/U_ICON_INTERFACE/U_CMD6_RD/U_RD_FIFO/SUBCORE_FIFO.xsdbm_v3_0_0_rdfifo_inst/inst_fifo_gen/gconvfifo.rf/grf.rf/gntv_or_sync_fifo.mem/gdm.dm_gen.dm/gpr1.dout_i_reg[10]/D
  -------------------------------------------------------------------    -------------------

                         (clock dbg_hub/inst/BSCANID.u_xsdbm_id/SWITCH_N_EXT_BSCAN.bscan_inst/SERIES7_BSCAN.bscan_inst/INTERNAL_TCK rise edge)
                                                      0.000     0.000 r  
    CONFIG_SITE_X0Y0     BSCANE2                      0.000     0.000 r  dbg_hub/inst/BSCANID.u_xsdbm_id/SWITCH_N_EXT_BSCAN.bscan_inst/SERIES7_BSCAN.bscan_inst/INTERNAL_TCK
    CONFIG_SITE_X0Y0     BSCANE2 (Prop_BSCAN1_CONFIG_SITE_INTERNAL_TCK_TCK)
                                                      0.465     0.465 r  dbg_hub/inst/BSCANID.u_xsdbm_id/SWITCH_N_EXT_BSCAN.bscan_inst/SERIES7_BSCAN.bscan_inst/TCK
                         net (fo=1, routed)           1.120     1.585    dbg_hub/inst/BSCANID.u_xsdbm_id/tck_bs
    BUFGCE_X0Y76         BUFGCE (Prop_BUFCE_BUFGCE_I_O)
                                                      0.039     1.624 r  dbg_hub/inst/BSCANID.u_xsdbm_id/SWITCH_N_EXT_BSCAN.u_bufg_icon_tck/O
    X2Y1 (CLOCK_ROOT)    net (fo=482, routed)         2.323     3.947    dbg_hub/inst/BSCANID.u_xsdbm_id/CORE_XSDB.UUT_MASTER/U_ICON_INTERFACE/U_CMD6_RD/U_RD_FIFO/SUBCORE_FIFO.xsdbm_v3_0_0_rdfifo_inst/inst_fifo_gen/gconvfifo.rf/grf.rf/gntv_or_sync_fifo.mem/gdm.dm_gen.dm/rd_clk
    SLICE_X53Y103        FDRE                                         r  dbg_hub/inst/BSCANID.u_xsdbm_id/CORE_XSDB.UUT_MASTER/U_ICON_INTERFACE/U_CMD6_RD/U_RD_FIFO/SUBCORE_FIFO.xsdbm_v3_0_0_rdfifo_inst/inst_fifo_gen/gconvfifo.rf/grf.rf/gntv_or_sync_fifo.mem/gdm.dm_gen.dm/gpr1.dout_i_reg[10]/C

Slack:                    inf
  Source:                 dbg_hub/inst/BSCANID.u_xsdbm_id/CORE_XSDB.UUT_MASTER/U_ICON_INTERFACE/U_CMD6_RD/U_RD_FIFO/SUBCORE_FIFO.xsdbm_v3_0_0_rdfifo_inst/inst_fifo_gen/gconvfifo.rf/grf.rf/gntv_or_sync_fifo.mem/gdm.dm_gen.dm/RAM_reg_0_15_0_13/RAMD/CLK
                            (rising edge-triggered cell RAMD32 clocked by clk_pl_0  {rise@0.000ns fall@5.156ns period=10.312ns})
  Destination:            dbg_hub/inst/BSCANID.u_xsdbm_id/CORE_XSDB.UUT_MASTER/U_ICON_INTERFACE/U_CMD6_RD/U_RD_FIFO/SUBCORE_FIFO.xsdbm_v3_0_0_rdfifo_inst/inst_fifo_gen/gconvfifo.rf/grf.rf/gntv_or_sync_fifo.mem/gdm.dm_gen.dm/gpr1.dout_i_reg[6]/D
                            (rising edge-triggered cell FDRE clocked by dbg_hub/inst/BSCANID.u_xsdbm_id/SWITCH_N_EXT_BSCAN.bscan_inst/SERIES7_BSCAN.bscan_inst/INTERNAL_TCK  {rise@0.000ns fall@25.000ns period=50.000ns})
  Path Group:             (none)
  Path Type:              Setup (Max at Slow Process Corner)
  Data Path Delay:        0.902ns  (logic 0.406ns (45.011%)  route 0.496ns (54.989%))
  Logic Levels:           0  
  Clock Path Skew:        0.482ns (DCD - SCD + CPR)
    Destination Clock Delay (DCD):    3.946ns
    Source Clock Delay      (SCD):    3.464ns
    Clock Pessimism Removal (CPR):    0.000ns
  Clock Uncertainty:      0.159ns  ((TSJ^2 + DJ^2)^1/2) / 2 + PE
    Total System Jitter     (TSJ):    0.071ns
    Discrete Jitter          (DJ):    0.310ns
    Phase Error              (PE):    0.000ns
  Clock Net Delay (Source):      3.197ns (routing 1.681ns, distribution 1.516ns)
  Clock Net Delay (Destination): 2.322ns (routing 1.340ns, distribution 0.982ns)
  Timing Exception:       False Path

    Location             Delay type                Incr(ns)  Path(ns)    Netlist Resource(s)
  -------------------------------------------------------------------    -------------------
                         (clock clk_pl_0 rise edge)
                                                      0.000     0.000 r  
    PS8_X0Y0             PS8                          0.000     0.000 r  mixer_ddc_i/zynq_ultra_ps_e_0/inst/PS8_i/PLCLK[0]
                         net (fo=1, routed)           0.229     0.229    mixer_ddc_i/zynq_ultra_ps_e_0/inst/pl_clk_unbuffered[0]
    BUFG_PS_X0Y90        BUFG_PS (Prop_BUFG_PS_I_O)
                                                      0.038     0.267 r  mixer_ddc_i/zynq_ultra_ps_e_0/inst/buffer_pl_clk_0.PL_CLK_0_BUFG/O
    X1Y1 (CLOCK_ROOT)    net (fo=19809, routed)       3.197     3.464    dbg_hub/inst/BSCANID.u_xsdbm_id/CORE_XSDB.UUT_MASTER/U_ICON_INTERFACE/U_CMD6_RD/U_RD_FIFO/SUBCORE_FIFO.xsdbm_v3_0_0_rdfifo_inst/inst_fifo_gen/gconvfifo.rf/grf.rf/gntv_or_sync_fifo.mem/gdm.dm_gen.dm/RAM_reg_0_15_0_13/WCLK
    SLICE_X53Y101        RAMD32                                       r  dbg_hub/inst/BSCANID.u_xsdbm_id/CORE_XSDB.UUT_MASTER/U_ICON_INTERFACE/U_CMD6_RD/U_RD_FIFO/SUBCORE_FIFO.xsdbm_v3_0_0_rdfifo_inst/inst_fifo_gen/gconvfifo.rf/grf.rf/gntv_or_sync_fifo.mem/gdm.dm_gen.dm/RAM_reg_0_15_0_13/RAMD/CLK
  -------------------------------------------------------------------    -------------------
    SLICE_X53Y101        RAMD32 (Prop_D5LUT_SLICEM_CLK_O)
                                                      0.406     3.870 r  dbg_hub/inst/BSCANID.u_xsdbm_id/CORE_XSDB.UUT_MASTER/U_ICON_INTERFACE/U_CMD6_RD/U_RD_FIFO/SUBCORE_FIFO.xsdbm_v3_0_0_rdfifo_inst/inst_fifo_gen/gconvfifo.rf/grf.rf/gntv_or_sync_fifo.mem/gdm.dm_gen.dm/RAM_reg_0_15_0_13/RAMD/O
                         net (fo=1, routed)           0.496     4.366    dbg_hub/inst/BSCANID.u_xsdbm_id/CORE_XSDB.UUT_MASTER/U_ICON_INTERFACE/U_CMD6_RD/U_RD_FIFO/SUBCORE_FIFO.xsdbm_v3_0_0_rdfifo_inst/inst_fifo_gen/gconvfifo.rf/grf.rf/gntv_or_sync_fifo.mem/gdm.dm_gen.dm/dout_i0[6]
    SLICE_X53Y102        FDRE                                         r  dbg_hub/inst/BSCANID.u_xsdbm_id/CORE_XSDB.UUT_MASTER/U_ICON_INTERFACE/U_CMD6_RD/U_RD_FIFO/SUBCORE_FIFO.xsdbm_v3_0_0_rdfifo_inst/inst_fifo_gen/gconvfifo.rf/grf.rf/gntv_or_sync_fifo.mem/gdm.dm_gen.dm/gpr1.dout_i_reg[6]/D
  -------------------------------------------------------------------    -------------------

                         (clock dbg_hub/inst/BSCANID.u_xsdbm_id/SWITCH_N_EXT_BSCAN.bscan_inst/SERIES7_BSCAN.bscan_inst/INTERNAL_TCK rise edge)
                                                      0.000     0.000 r  
    CONFIG_SITE_X0Y0     BSCANE2                      0.000     0.000 r  dbg_hub/inst/BSCANID.u_xsdbm_id/SWITCH_N_EXT_BSCAN.bscan_inst/SERIES7_BSCAN.bscan_inst/INTERNAL_TCK
    CONFIG_SITE_X0Y0     BSCANE2 (Prop_BSCAN1_CONFIG_SITE_INTERNAL_TCK_TCK)
                                                      0.465     0.465 r  dbg_hub/inst/BSCANID.u_xsdbm_id/SWITCH_N_EXT_BSCAN.bscan_inst/SERIES7_BSCAN.bscan_inst/TCK
                         net (fo=1, routed)           1.120     1.585    dbg_hub/inst/BSCANID.u_xsdbm_id/tck_bs
    BUFGCE_X0Y76         BUFGCE (Prop_BUFCE_BUFGCE_I_O)
                                                      0.039     1.624 r  dbg_hub/inst/BSCANID.u_xsdbm_id/SWITCH_N_EXT_BSCAN.u_bufg_icon_tck/O
    X2Y1 (CLOCK_ROOT)    net (fo=482, routed)         2.322     3.946    dbg_hub/inst/BSCANID.u_xsdbm_id/CORE_XSDB.UUT_MASTER/U_ICON_INTERFACE/U_CMD6_RD/U_RD_FIFO/SUBCORE_FIFO.xsdbm_v3_0_0_rdfifo_inst/inst_fifo_gen/gconvfifo.rf/grf.rf/gntv_or_sync_fifo.mem/gdm.dm_gen.dm/rd_clk
    SLICE_X53Y102        FDRE                                         r  dbg_hub/inst/BSCANID.u_xsdbm_id/CORE_XSDB.UUT_MASTER/U_ICON_INTERFACE/U_CMD6_RD/U_RD_FIFO/SUBCORE_FIFO.xsdbm_v3_0_0_rdfifo_inst/inst_fifo_gen/gconvfifo.rf/grf.rf/gntv_or_sync_fifo.mem/gdm.dm_gen.dm/gpr1.dout_i_reg[6]/C

Slack:                    inf
  Source:                 dbg_hub/inst/BSCANID.u_xsdbm_id/CORE_XSDB.UUT_MASTER/U_ICON_INTERFACE/U_CMD6_RD/U_RD_FIFO/SUBCORE_FIFO.xsdbm_v3_0_0_rdfifo_inst/inst_fifo_gen/gconvfifo.rf/grf.rf/gntv_or_sync_fifo.mem/gdm.dm_gen.dm/RAM_reg_0_15_0_13/RAMC/CLK
                            (rising edge-triggered cell RAMD32 clocked by clk_pl_0  {rise@0.000ns fall@5.156ns period=10.312ns})
  Destination:            dbg_hub/inst/BSCANID.u_xsdbm_id/CORE_XSDB.UUT_MASTER/U_ICON_INTERFACE/U_CMD6_RD/U_RD_FIFO/SUBCORE_FIFO.xsdbm_v3_0_0_rdfifo_inst/inst_fifo_gen/gconvfifo.rf/grf.rf/gntv_or_sync_fifo.mem/gdm.dm_gen.dm/gpr1.dout_i_reg[4]/D
                            (rising edge-triggered cell FDRE clocked by dbg_hub/inst/BSCANID.u_xsdbm_id/SWITCH_N_EXT_BSCAN.bscan_inst/SERIES7_BSCAN.bscan_inst/INTERNAL_TCK  {rise@0.000ns fall@25.000ns period=50.000ns})
  Path Group:             (none)
  Path Type:              Setup (Max at Slow Process Corner)
  Data Path Delay:        0.855ns  (logic 0.410ns (47.953%)  route 0.445ns (52.047%))
  Logic Levels:           0  
  Clock Path Skew:        0.482ns (DCD - SCD + CPR)
    Destination Clock Delay (DCD):    3.946ns
    Source Clock Delay      (SCD):    3.464ns
    Clock Pessimism Removal (CPR):    0.000ns
  Clock Uncertainty:      0.159ns  ((TSJ^2 + DJ^2)^1/2) / 2 + PE
    Total System Jitter     (TSJ):    0.071ns
    Discrete Jitter          (DJ):    0.310ns
    Phase Error              (PE):    0.000ns
  Clock Net Delay (Source):      3.197ns (routing 1.681ns, distribution 1.516ns)
  Clock Net Delay (Destination): 2.322ns (routing 1.340ns, distribution 0.982ns)
  Timing Exception:       False Path

    Location             Delay type                Incr(ns)  Path(ns)    Netlist Resource(s)
  -------------------------------------------------------------------    -------------------
                         (clock clk_pl_0 rise edge)
                                                      0.000     0.000 r  
    PS8_X0Y0             PS8                          0.000     0.000 r  mixer_ddc_i/zynq_ultra_ps_e_0/inst/PS8_i/PLCLK[0]
                         net (fo=1, routed)           0.229     0.229    mixer_ddc_i/zynq_ultra_ps_e_0/inst/pl_clk_unbuffered[0]
    BUFG_PS_X0Y90        BUFG_PS (Prop_BUFG_PS_I_O)
                                                      0.038     0.267 r  mixer_ddc_i/zynq_ultra_ps_e_0/inst/buffer_pl_clk_0.PL_CLK_0_BUFG/O
    X1Y1 (CLOCK_ROOT)    net (fo=19809, routed)       3.197     3.464    dbg_hub/inst/BSCANID.u_xsdbm_id/CORE_XSDB.UUT_MASTER/U_ICON_INTERFACE/U_CMD6_RD/U_RD_FIFO/SUBCORE_FIFO.xsdbm_v3_0_0_rdfifo_inst/inst_fifo_gen/gconvfifo.rf/grf.rf/gntv_or_sync_fifo.mem/gdm.dm_gen.dm/RAM_reg_0_15_0_13/WCLK
    SLICE_X53Y101        RAMD32                                       r  dbg_hub/inst/BSCANID.u_xsdbm_id/CORE_XSDB.UUT_MASTER/U_ICON_INTERFACE/U_CMD6_RD/U_RD_FIFO/SUBCORE_FIFO.xsdbm_v3_0_0_rdfifo_inst/inst_fifo_gen/gconvfifo.rf/grf.rf/gntv_or_sync_fifo.mem/gdm.dm_gen.dm/RAM_reg_0_15_0_13/RAMC/CLK
  -------------------------------------------------------------------    -------------------
    SLICE_X53Y101        RAMD32 (Prop_C5LUT_SLICEM_CLK_O)
                                                      0.410     3.874 r  dbg_hub/inst/BSCANID.u_xsdbm_id/CORE_XSDB.UUT_MASTER/U_ICON_INTERFACE/U_CMD6_RD/U_RD_FIFO/SUBCORE_FIFO.xsdbm_v3_0_0_rdfifo_inst/inst_fifo_gen/gconvfifo.rf/grf.rf/gntv_or_sync_fifo.mem/gdm.dm_gen.dm/RAM_reg_0_15_0_13/RAMC/O
                         net (fo=1, routed)           0.445     4.319    dbg_hub/inst/BSCANID.u_xsdbm_id/CORE_XSDB.UUT_MASTER/U_ICON_INTERFACE/U_CMD6_RD/U_RD_FIFO/SUBCORE_FIFO.xsdbm_v3_0_0_rdfifo_inst/inst_fifo_gen/gconvfifo.rf/grf.rf/gntv_or_sync_fifo.mem/gdm.dm_gen.dm/dout_i0[4]
    SLICE_X53Y102        FDRE                                         r  dbg_hub/inst/BSCANID.u_xsdbm_id/CORE_XSDB.UUT_MASTER/U_ICON_INTERFACE/U_CMD6_RD/U_RD_FIFO/SUBCORE_FIFO.xsdbm_v3_0_0_rdfifo_inst/inst_fifo_gen/gconvfifo.rf/grf.rf/gntv_or_sync_fifo.mem/gdm.dm_gen.dm/gpr1.dout_i_reg[4]/D
  -------------------------------------------------------------------    -------------------

                         (clock dbg_hub/inst/BSCANID.u_xsdbm_id/SWITCH_N_EXT_BSCAN.bscan_inst/SERIES7_BSCAN.bscan_inst/INTERNAL_TCK rise edge)
                                                      0.000     0.000 r  
    CONFIG_SITE_X0Y0     BSCANE2                      0.000     0.000 r  dbg_hub/inst/BSCANID.u_xsdbm_id/SWITCH_N_EXT_BSCAN.bscan_inst/SERIES7_BSCAN.bscan_inst/INTERNAL_TCK
    CONFIG_SITE_X0Y0     BSCANE2 (Prop_BSCAN1_CONFIG_SITE_INTERNAL_TCK_TCK)
                                                      0.465     0.465 r  dbg_hub/inst/BSCANID.u_xsdbm_id/SWITCH_N_EXT_BSCAN.bscan_inst/SERIES7_BSCAN.bscan_inst/TCK
                         net (fo=1, routed)           1.120     1.585    dbg_hub/inst/BSCANID.u_xsdbm_id/tck_bs
    BUFGCE_X0Y76         BUFGCE (Prop_BUFCE_BUFGCE_I_O)
                                                      0.039     1.624 r  dbg_hub/inst/BSCANID.u_xsdbm_id/SWITCH_N_EXT_BSCAN.u_bufg_icon_tck/O
    X2Y1 (CLOCK_ROOT)    net (fo=482, routed)         2.322     3.946    dbg_hub/inst/BSCANID.u_xsdbm_id/CORE_XSDB.UUT_MASTER/U_ICON_INTERFACE/U_CMD6_RD/U_RD_FIFO/SUBCORE_FIFO.xsdbm_v3_0_0_rdfifo_inst/inst_fifo_gen/gconvfifo.rf/grf.rf/gntv_or_sync_fifo.mem/gdm.dm_gen.dm/rd_clk
    SLICE_X53Y102        FDRE                                         r  dbg_hub/inst/BSCANID.u_xsdbm_id/CORE_XSDB.UUT_MASTER/U_ICON_INTERFACE/U_CMD6_RD/U_RD_FIFO/SUBCORE_FIFO.xsdbm_v3_0_0_rdfifo_inst/inst_fifo_gen/gconvfifo.rf/grf.rf/gntv_or_sync_fifo.mem/gdm.dm_gen.dm/gpr1.dout_i_reg[4]/C

Slack:                    inf
  Source:                 dbg_hub/inst/BSCANID.u_xsdbm_id/CORE_XSDB.UUT_MASTER/U_ICON_INTERFACE/U_CMD1/ctl_reg_reg[0]/C
                            (rising edge-triggered cell FDRE clocked by clk_pl_0  {rise@0.000ns fall@5.156ns period=10.312ns})
  Destination:            dbg_hub/inst/BSCANID.u_xsdbm_id/CORE_XSDB.UUT_MASTER/U_ICON_INTERFACE/U_CMD4/shift_reg_in_reg[0]/R
                            (rising edge-triggered cell FDRE clocked by dbg_hub/inst/BSCANID.u_xsdbm_id/SWITCH_N_EXT_BSCAN.bscan_inst/SERIES7_BSCAN.bscan_inst/INTERNAL_TCK  {rise@0.000ns fall@25.000ns period=50.000ns})
  Path Group:             (none)
  Path Type:              Setup (Max at Slow Process Corner)
  Data Path Delay:        0.858ns  (logic 0.116ns (13.525%)  route 0.742ns (86.475%))
  Logic Levels:           0  
  Clock Path Skew:        0.495ns (DCD - SCD + CPR)
    Destination Clock Delay (DCD):    3.947ns
    Source Clock Delay      (SCD):    3.452ns
    Clock Pessimism Removal (CPR):    0.000ns
  Clock Uncertainty:      0.159ns  ((TSJ^2 + DJ^2)^1/2) / 2 + PE
    Total System Jitter     (TSJ):    0.071ns
    Discrete Jitter          (DJ):    0.310ns
    Phase Error              (PE):    0.000ns
  Clock Net Delay (Source):      3.185ns (routing 1.681ns, distribution 1.504ns)
  Clock Net Delay (Destination): 2.323ns (routing 1.340ns, distribution 0.983ns)
  Timing Exception:       False Path

    Location             Delay type                Incr(ns)  Path(ns)    Netlist Resource(s)
  -------------------------------------------------------------------    -------------------
                         (clock clk_pl_0 rise edge)
                                                      0.000     0.000 r  
    PS8_X0Y0             PS8                          0.000     0.000 r  mixer_ddc_i/zynq_ultra_ps_e_0/inst/PS8_i/PLCLK[0]
                         net (fo=1, routed)           0.229     0.229    mixer_ddc_i/zynq_ultra_ps_e_0/inst/pl_clk_unbuffered[0]
    BUFG_PS_X0Y90        BUFG_PS (Prop_BUFG_PS_I_O)
                                                      0.038     0.267 r  mixer_ddc_i/zynq_ultra_ps_e_0/inst/buffer_pl_clk_0.PL_CLK_0_BUFG/O
    X1Y1 (CLOCK_ROOT)    net (fo=19809, routed)       3.185     3.452    dbg_hub/inst/BSCANID.u_xsdbm_id/CORE_XSDB.UUT_MASTER/U_ICON_INTERFACE/U_CMD1/clk
    SLICE_X54Y104        FDRE                                         r  dbg_hub/inst/BSCANID.u_xsdbm_id/CORE_XSDB.UUT_MASTER/U_ICON_INTERFACE/U_CMD1/ctl_reg_reg[0]/C
  -------------------------------------------------------------------    -------------------
    SLICE_X54Y104        FDRE (Prop_DFF_SLICEM_C_Q)
                                                      0.116     3.568 r  dbg_hub/inst/BSCANID.u_xsdbm_id/CORE_XSDB.UUT_MASTER/U_ICON_INTERFACE/U_CMD1/ctl_reg_reg[0]/Q
                         net (fo=182, routed)         0.742     4.309    dbg_hub/inst/BSCANID.u_xsdbm_id/CORE_XSDB.UUT_MASTER/U_ICON_INTERFACE/U_CMD4/SR[0]
    SLICE_X57Y107        FDRE                                         r  dbg_hub/inst/BSCANID.u_xsdbm_id/CORE_XSDB.UUT_MASTER/U_ICON_INTERFACE/U_CMD4/shift_reg_in_reg[0]/R
  -------------------------------------------------------------------    -------------------

                         (clock dbg_hub/inst/BSCANID.u_xsdbm_id/SWITCH_N_EXT_BSCAN.bscan_inst/SERIES7_BSCAN.bscan_inst/INTERNAL_TCK rise edge)
                                                      0.000     0.000 r  
    CONFIG_SITE_X0Y0     BSCANE2                      0.000     0.000 r  dbg_hub/inst/BSCANID.u_xsdbm_id/SWITCH_N_EXT_BSCAN.bscan_inst/SERIES7_BSCAN.bscan_inst/INTERNAL_TCK
    CONFIG_SITE_X0Y0     BSCANE2 (Prop_BSCAN1_CONFIG_SITE_INTERNAL_TCK_TCK)
                                                      0.465     0.465 r  dbg_hub/inst/BSCANID.u_xsdbm_id/SWITCH_N_EXT_BSCAN.bscan_inst/SERIES7_BSCAN.bscan_inst/TCK
                         net (fo=1, routed)           1.120     1.585    dbg_hub/inst/BSCANID.u_xsdbm_id/tck_bs
    BUFGCE_X0Y76         BUFGCE (Prop_BUFCE_BUFGCE_I_O)
                                                      0.039     1.624 r  dbg_hub/inst/BSCANID.u_xsdbm_id/SWITCH_N_EXT_BSCAN.u_bufg_icon_tck/O
    X2Y1 (CLOCK_ROOT)    net (fo=482, routed)         2.323     3.947    dbg_hub/inst/BSCANID.u_xsdbm_id/CORE_XSDB.UUT_MASTER/U_ICON_INTERFACE/U_CMD4/m_bscan_tck[0]
    SLICE_X57Y107        FDRE                                         r  dbg_hub/inst/BSCANID.u_xsdbm_id/CORE_XSDB.UUT_MASTER/U_ICON_INTERFACE/U_CMD4/shift_reg_in_reg[0]/C

Slack:                    inf
  Source:                 dbg_hub/inst/BSCANID.u_xsdbm_id/CORE_XSDB.UUT_MASTER/U_ICON_INTERFACE/U_CMD1/ctl_reg_reg[0]/C
                            (rising edge-triggered cell FDRE clocked by clk_pl_0  {rise@0.000ns fall@5.156ns period=10.312ns})
  Destination:            dbg_hub/inst/BSCANID.u_xsdbm_id/CORE_XSDB.UUT_MASTER/U_ICON_INTERFACE/U_CMD4/shift_reg_in_reg[10]/R
                            (rising edge-triggered cell FDRE clocked by dbg_hub/inst/BSCANID.u_xsdbm_id/SWITCH_N_EXT_BSCAN.bscan_inst/SERIES7_BSCAN.bscan_inst/INTERNAL_TCK  {rise@0.000ns fall@25.000ns period=50.000ns})
  Path Group:             (none)
  Path Type:              Setup (Max at Slow Process Corner)
  Data Path Delay:        0.858ns  (logic 0.116ns (13.525%)  route 0.742ns (86.475%))
  Logic Levels:           0  
  Clock Path Skew:        0.495ns (DCD - SCD + CPR)
    Destination Clock Delay (DCD):    3.947ns
    Source Clock Delay      (SCD):    3.452ns
    Clock Pessimism Removal (CPR):    0.000ns
  Clock Uncertainty:      0.159ns  ((TSJ^2 + DJ^2)^1/2) / 2 + PE
    Total System Jitter     (TSJ):    0.071ns
    Discrete Jitter          (DJ):    0.310ns
    Phase Error              (PE):    0.000ns
  Clock Net Delay (Source):      3.185ns (routing 1.681ns, distribution 1.504ns)
  Clock Net Delay (Destination): 2.323ns (routing 1.340ns, distribution 0.983ns)
  Timing Exception:       False Path

    Location             Delay type                Incr(ns)  Path(ns)    Netlist Resource(s)
  -------------------------------------------------------------------    -------------------
                         (clock clk_pl_0 rise edge)
                                                      0.000     0.000 r  
    PS8_X0Y0             PS8                          0.000     0.000 r  mixer_ddc_i/zynq_ultra_ps_e_0/inst/PS8_i/PLCLK[0]
                         net (fo=1, routed)           0.229     0.229    mixer_ddc_i/zynq_ultra_ps_e_0/inst/pl_clk_unbuffered[0]
    BUFG_PS_X0Y90        BUFG_PS (Prop_BUFG_PS_I_O)
                                                      0.038     0.267 r  mixer_ddc_i/zynq_ultra_ps_e_0/inst/buffer_pl_clk_0.PL_CLK_0_BUFG/O
    X1Y1 (CLOCK_ROOT)    net (fo=19809, routed)       3.185     3.452    dbg_hub/inst/BSCANID.u_xsdbm_id/CORE_XSDB.UUT_MASTER/U_ICON_INTERFACE/U_CMD1/clk
    SLICE_X54Y104        FDRE                                         r  dbg_hub/inst/BSCANID.u_xsdbm_id/CORE_XSDB.UUT_MASTER/U_ICON_INTERFACE/U_CMD1/ctl_reg_reg[0]/C
  -------------------------------------------------------------------    -------------------
    SLICE_X54Y104        FDRE (Prop_DFF_SLICEM_C_Q)
                                                      0.116     3.568 r  dbg_hub/inst/BSCANID.u_xsdbm_id/CORE_XSDB.UUT_MASTER/U_ICON_INTERFACE/U_CMD1/ctl_reg_reg[0]/Q
                         net (fo=182, routed)         0.742     4.309    dbg_hub/inst/BSCANID.u_xsdbm_id/CORE_XSDB.UUT_MASTER/U_ICON_INTERFACE/U_CMD4/SR[0]
    SLICE_X57Y107        FDRE                                         r  dbg_hub/inst/BSCANID.u_xsdbm_id/CORE_XSDB.UUT_MASTER/U_ICON_INTERFACE/U_CMD4/shift_reg_in_reg[10]/R
  -------------------------------------------------------------------    -------------------

                         (clock dbg_hub/inst/BSCANID.u_xsdbm_id/SWITCH_N_EXT_BSCAN.bscan_inst/SERIES7_BSCAN.bscan_inst/INTERNAL_TCK rise edge)
                                                      0.000     0.000 r  
    CONFIG_SITE_X0Y0     BSCANE2                      0.000     0.000 r  dbg_hub/inst/BSCANID.u_xsdbm_id/SWITCH_N_EXT_BSCAN.bscan_inst/SERIES7_BSCAN.bscan_inst/INTERNAL_TCK
    CONFIG_SITE_X0Y0     BSCANE2 (Prop_BSCAN1_CONFIG_SITE_INTERNAL_TCK_TCK)
                                                      0.465     0.465 r  dbg_hub/inst/BSCANID.u_xsdbm_id/SWITCH_N_EXT_BSCAN.bscan_inst/SERIES7_BSCAN.bscan_inst/TCK
                         net (fo=1, routed)           1.120     1.585    dbg_hub/inst/BSCANID.u_xsdbm_id/tck_bs
    BUFGCE_X0Y76         BUFGCE (Prop_BUFCE_BUFGCE_I_O)
                                                      0.039     1.624 r  dbg_hub/inst/BSCANID.u_xsdbm_id/SWITCH_N_EXT_BSCAN.u_bufg_icon_tck/O
    X2Y1 (CLOCK_ROOT)    net (fo=482, routed)         2.323     3.947    dbg_hub/inst/BSCANID.u_xsdbm_id/CORE_XSDB.UUT_MASTER/U_ICON_INTERFACE/U_CMD4/m_bscan_tck[0]
    SLICE_X57Y107        FDRE                                         r  dbg_hub/inst/BSCANID.u_xsdbm_id/CORE_XSDB.UUT_MASTER/U_ICON_INTERFACE/U_CMD4/shift_reg_in_reg[10]/C

Slack:                    inf
  Source:                 dbg_hub/inst/BSCANID.u_xsdbm_id/CORE_XSDB.UUT_MASTER/U_ICON_INTERFACE/U_CMD1/ctl_reg_reg[0]/C
                            (rising edge-triggered cell FDRE clocked by clk_pl_0  {rise@0.000ns fall@5.156ns period=10.312ns})
  Destination:            dbg_hub/inst/BSCANID.u_xsdbm_id/CORE_XSDB.UUT_MASTER/U_ICON_INTERFACE/U_CMD4/shift_reg_in_reg[11]/R
                            (rising edge-triggered cell FDRE clocked by dbg_hub/inst/BSCANID.u_xsdbm_id/SWITCH_N_EXT_BSCAN.bscan_inst/SERIES7_BSCAN.bscan_inst/INTERNAL_TCK  {rise@0.000ns fall@25.000ns period=50.000ns})
  Path Group:             (none)
  Path Type:              Setup (Max at Slow Process Corner)
  Data Path Delay:        0.858ns  (logic 0.116ns (13.525%)  route 0.742ns (86.475%))
  Logic Levels:           0  
  Clock Path Skew:        0.495ns (DCD - SCD + CPR)
    Destination Clock Delay (DCD):    3.947ns
    Source Clock Delay      (SCD):    3.452ns
    Clock Pessimism Removal (CPR):    0.000ns
  Clock Uncertainty:      0.159ns  ((TSJ^2 + DJ^2)^1/2) / 2 + PE
    Total System Jitter     (TSJ):    0.071ns
    Discrete Jitter          (DJ):    0.310ns
    Phase Error              (PE):    0.000ns
  Clock Net Delay (Source):      3.185ns (routing 1.681ns, distribution 1.504ns)
  Clock Net Delay (Destination): 2.323ns (routing 1.340ns, distribution 0.983ns)
  Timing Exception:       False Path

    Location             Delay type                Incr(ns)  Path(ns)    Netlist Resource(s)
  -------------------------------------------------------------------    -------------------
                         (clock clk_pl_0 rise edge)
                                                      0.000     0.000 r  
    PS8_X0Y0             PS8                          0.000     0.000 r  mixer_ddc_i/zynq_ultra_ps_e_0/inst/PS8_i/PLCLK[0]
                         net (fo=1, routed)           0.229     0.229    mixer_ddc_i/zynq_ultra_ps_e_0/inst/pl_clk_unbuffered[0]
    BUFG_PS_X0Y90        BUFG_PS (Prop_BUFG_PS_I_O)
                                                      0.038     0.267 r  mixer_ddc_i/zynq_ultra_ps_e_0/inst/buffer_pl_clk_0.PL_CLK_0_BUFG/O
    X1Y1 (CLOCK_ROOT)    net (fo=19809, routed)       3.185     3.452    dbg_hub/inst/BSCANID.u_xsdbm_id/CORE_XSDB.UUT_MASTER/U_ICON_INTERFACE/U_CMD1/clk
    SLICE_X54Y104        FDRE                                         r  dbg_hub/inst/BSCANID.u_xsdbm_id/CORE_XSDB.UUT_MASTER/U_ICON_INTERFACE/U_CMD1/ctl_reg_reg[0]/C
  -------------------------------------------------------------------    -------------------
    SLICE_X54Y104        FDRE (Prop_DFF_SLICEM_C_Q)
                                                      0.116     3.568 r  dbg_hub/inst/BSCANID.u_xsdbm_id/CORE_XSDB.UUT_MASTER/U_ICON_INTERFACE/U_CMD1/ctl_reg_reg[0]/Q
                         net (fo=182, routed)         0.742     4.309    dbg_hub/inst/BSCANID.u_xsdbm_id/CORE_XSDB.UUT_MASTER/U_ICON_INTERFACE/U_CMD4/SR[0]
    SLICE_X57Y107        FDRE                                         r  dbg_hub/inst/BSCANID.u_xsdbm_id/CORE_XSDB.UUT_MASTER/U_ICON_INTERFACE/U_CMD4/shift_reg_in_reg[11]/R
  -------------------------------------------------------------------    -------------------

                         (clock dbg_hub/inst/BSCANID.u_xsdbm_id/SWITCH_N_EXT_BSCAN.bscan_inst/SERIES7_BSCAN.bscan_inst/INTERNAL_TCK rise edge)
                                                      0.000     0.000 r  
    CONFIG_SITE_X0Y0     BSCANE2                      0.000     0.000 r  dbg_hub/inst/BSCANID.u_xsdbm_id/SWITCH_N_EXT_BSCAN.bscan_inst/SERIES7_BSCAN.bscan_inst/INTERNAL_TCK
    CONFIG_SITE_X0Y0     BSCANE2 (Prop_BSCAN1_CONFIG_SITE_INTERNAL_TCK_TCK)
                                                      0.465     0.465 r  dbg_hub/inst/BSCANID.u_xsdbm_id/SWITCH_N_EXT_BSCAN.bscan_inst/SERIES7_BSCAN.bscan_inst/TCK
                         net (fo=1, routed)           1.120     1.585    dbg_hub/inst/BSCANID.u_xsdbm_id/tck_bs
    BUFGCE_X0Y76         BUFGCE (Prop_BUFCE_BUFGCE_I_O)
                                                      0.039     1.624 r  dbg_hub/inst/BSCANID.u_xsdbm_id/SWITCH_N_EXT_BSCAN.u_bufg_icon_tck/O
    X2Y1 (CLOCK_ROOT)    net (fo=482, routed)         2.323     3.947    dbg_hub/inst/BSCANID.u_xsdbm_id/CORE_XSDB.UUT_MASTER/U_ICON_INTERFACE/U_CMD4/m_bscan_tck[0]
    SLICE_X57Y107        FDRE                                         r  dbg_hub/inst/BSCANID.u_xsdbm_id/CORE_XSDB.UUT_MASTER/U_ICON_INTERFACE/U_CMD4/shift_reg_in_reg[11]/C

Slack:                    inf
  Source:                 dbg_hub/inst/BSCANID.u_xsdbm_id/CORE_XSDB.UUT_MASTER/U_ICON_INTERFACE/U_CMD1/ctl_reg_reg[0]/C
                            (rising edge-triggered cell FDRE clocked by clk_pl_0  {rise@0.000ns fall@5.156ns period=10.312ns})
  Destination:            dbg_hub/inst/BSCANID.u_xsdbm_id/CORE_XSDB.UUT_MASTER/U_ICON_INTERFACE/U_CMD4/shift_reg_in_reg[1]/R
                            (rising edge-triggered cell FDRE clocked by dbg_hub/inst/BSCANID.u_xsdbm_id/SWITCH_N_EXT_BSCAN.bscan_inst/SERIES7_BSCAN.bscan_inst/INTERNAL_TCK  {rise@0.000ns fall@25.000ns period=50.000ns})
  Path Group:             (none)
  Path Type:              Setup (Max at Slow Process Corner)
  Data Path Delay:        0.858ns  (logic 0.116ns (13.525%)  route 0.742ns (86.475%))
  Logic Levels:           0  
  Clock Path Skew:        0.495ns (DCD - SCD + CPR)
    Destination Clock Delay (DCD):    3.947ns
    Source Clock Delay      (SCD):    3.452ns
    Clock Pessimism Removal (CPR):    0.000ns
  Clock Uncertainty:      0.159ns  ((TSJ^2 + DJ^2)^1/2) / 2 + PE
    Total System Jitter     (TSJ):    0.071ns
    Discrete Jitter          (DJ):    0.310ns
    Phase Error              (PE):    0.000ns
  Clock Net Delay (Source):      3.185ns (routing 1.681ns, distribution 1.504ns)
  Clock Net Delay (Destination): 2.323ns (routing 1.340ns, distribution 0.983ns)
  Timing Exception:       False Path

    Location             Delay type                Incr(ns)  Path(ns)    Netlist Resource(s)
  -------------------------------------------------------------------    -------------------
                         (clock clk_pl_0 rise edge)
                                                      0.000     0.000 r  
    PS8_X0Y0             PS8                          0.000     0.000 r  mixer_ddc_i/zynq_ultra_ps_e_0/inst/PS8_i/PLCLK[0]
                         net (fo=1, routed)           0.229     0.229    mixer_ddc_i/zynq_ultra_ps_e_0/inst/pl_clk_unbuffered[0]
    BUFG_PS_X0Y90        BUFG_PS (Prop_BUFG_PS_I_O)
                                                      0.038     0.267 r  mixer_ddc_i/zynq_ultra_ps_e_0/inst/buffer_pl_clk_0.PL_CLK_0_BUFG/O
    X1Y1 (CLOCK_ROOT)    net (fo=19809, routed)       3.185     3.452    dbg_hub/inst/BSCANID.u_xsdbm_id/CORE_XSDB.UUT_MASTER/U_ICON_INTERFACE/U_CMD1/clk
    SLICE_X54Y104        FDRE                                         r  dbg_hub/inst/BSCANID.u_xsdbm_id/CORE_XSDB.UUT_MASTER/U_ICON_INTERFACE/U_CMD1/ctl_reg_reg[0]/C
  -------------------------------------------------------------------    -------------------
    SLICE_X54Y104        FDRE (Prop_DFF_SLICEM_C_Q)
                                                      0.116     3.568 r  dbg_hub/inst/BSCANID.u_xsdbm_id/CORE_XSDB.UUT_MASTER/U_ICON_INTERFACE/U_CMD1/ctl_reg_reg[0]/Q
                         net (fo=182, routed)         0.742     4.309    dbg_hub/inst/BSCANID.u_xsdbm_id/CORE_XSDB.UUT_MASTER/U_ICON_INTERFACE/U_CMD4/SR[0]
    SLICE_X57Y107        FDRE                                         r  dbg_hub/inst/BSCANID.u_xsdbm_id/CORE_XSDB.UUT_MASTER/U_ICON_INTERFACE/U_CMD4/shift_reg_in_reg[1]/R
  -------------------------------------------------------------------    -------------------

                         (clock dbg_hub/inst/BSCANID.u_xsdbm_id/SWITCH_N_EXT_BSCAN.bscan_inst/SERIES7_BSCAN.bscan_inst/INTERNAL_TCK rise edge)
                                                      0.000     0.000 r  
    CONFIG_SITE_X0Y0     BSCANE2                      0.000     0.000 r  dbg_hub/inst/BSCANID.u_xsdbm_id/SWITCH_N_EXT_BSCAN.bscan_inst/SERIES7_BSCAN.bscan_inst/INTERNAL_TCK
    CONFIG_SITE_X0Y0     BSCANE2 (Prop_BSCAN1_CONFIG_SITE_INTERNAL_TCK_TCK)
                                                      0.465     0.465 r  dbg_hub/inst/BSCANID.u_xsdbm_id/SWITCH_N_EXT_BSCAN.bscan_inst/SERIES7_BSCAN.bscan_inst/TCK
                         net (fo=1, routed)           1.120     1.585    dbg_hub/inst/BSCANID.u_xsdbm_id/tck_bs
    BUFGCE_X0Y76         BUFGCE (Prop_BUFCE_BUFGCE_I_O)
                                                      0.039     1.624 r  dbg_hub/inst/BSCANID.u_xsdbm_id/SWITCH_N_EXT_BSCAN.u_bufg_icon_tck/O
    X2Y1 (CLOCK_ROOT)    net (fo=482, routed)         2.323     3.947    dbg_hub/inst/BSCANID.u_xsdbm_id/CORE_XSDB.UUT_MASTER/U_ICON_INTERFACE/U_CMD4/m_bscan_tck[0]
    SLICE_X57Y107        FDRE                                         r  dbg_hub/inst/BSCANID.u_xsdbm_id/CORE_XSDB.UUT_MASTER/U_ICON_INTERFACE/U_CMD4/shift_reg_in_reg[1]/C





Min Delay Paths
--------------------------------------------------------------------------------------
Slack:                    inf
  Source:                 dbg_hub/inst/BSCANID.u_xsdbm_id/CORE_XSDB.UUT_MASTER/U_ICON_INTERFACE/U_CMD6_RD/U_RD_FIFO/SUBCORE_FIFO.xsdbm_v3_0_0_rdfifo_inst/inst_fifo_gen/gconvfifo.rf/grf.rf/gntv_or_sync_fifo.gcx.clkx/gnxpm_cdc.wr_pntr_gc_reg[0]/C
                            (rising edge-triggered cell FDCE clocked by clk_pl_0  {rise@0.000ns fall@5.156ns period=10.312ns})
  Destination:            dbg_hub/inst/BSCANID.u_xsdbm_id/CORE_XSDB.UUT_MASTER/U_ICON_INTERFACE/U_CMD6_RD/U_RD_FIFO/SUBCORE_FIFO.xsdbm_v3_0_0_rdfifo_inst/inst_fifo_gen/gconvfifo.rf/grf.rf/gntv_or_sync_fifo.gcx.clkx/gnxpm_cdc.gsync_stage[1].rd_stg_inst/Q_reg_reg[0]/D
                            (rising edge-triggered cell FDCE clocked by dbg_hub/inst/BSCANID.u_xsdbm_id/SWITCH_N_EXT_BSCAN.bscan_inst/SERIES7_BSCAN.bscan_inst/INTERNAL_TCK  {rise@0.000ns fall@25.000ns period=50.000ns})
  Path Group:             (none)
  Path Type:              Hold (Min at Fast Process Corner)
  Data Path Delay:        0.136ns  (logic 0.084ns (61.765%)  route 0.052ns (38.235%))
  Logic Levels:           0  
  Clock Path Skew:        5.712ns (DCD - SCD - CPR)
    Destination Clock Delay (DCD):    7.601ns
    Source Clock Delay      (SCD):    1.889ns
    Clock Pessimism Removal (CPR):    -0.000ns
  Clock Uncertainty:      0.159ns  ((TSJ^2 + DJ^2)^1/2) / 2 + PE
    Total System Jitter     (TSJ):    0.071ns
    Discrete Jitter          (DJ):    0.310ns
    Phase Error              (PE):    0.000ns
  Clock Net Delay (Source):      1.738ns (routing 0.940ns, distribution 0.798ns)
  Clock Net Delay (Destination): 1.550ns (routing 0.880ns, distribution 0.670ns)
  Timing Exception:       False Path

    Location             Delay type                Incr(ns)  Path(ns)    Netlist Resource(s)
  -------------------------------------------------------------------    -------------------
                         (clock clk_pl_0 rise edge)
                                                      0.000     0.000 r  
    PS8_X0Y0             PS8                          0.000     0.000 r  mixer_ddc_i/zynq_ultra_ps_e_0/inst/PS8_i/PLCLK[0]
                         net (fo=1, routed)           0.129     0.129    mixer_ddc_i/zynq_ultra_ps_e_0/inst/pl_clk_unbuffered[0]
    BUFG_PS_X0Y90        BUFG_PS (Prop_BUFG_PS_I_O)
                                                      0.022     0.151 r  mixer_ddc_i/zynq_ultra_ps_e_0/inst/buffer_pl_clk_0.PL_CLK_0_BUFG/O
    X1Y1 (CLOCK_ROOT)    net (fo=19809, routed)       1.738     1.889    dbg_hub/inst/BSCANID.u_xsdbm_id/CORE_XSDB.UUT_MASTER/U_ICON_INTERFACE/U_CMD6_RD/U_RD_FIFO/SUBCORE_FIFO.xsdbm_v3_0_0_rdfifo_inst/inst_fifo_gen/gconvfifo.rf/grf.rf/gntv_or_sync_fifo.gcx.clkx/wr_clk
    SLICE_X56Y100        FDCE                                         r  dbg_hub/inst/BSCANID.u_xsdbm_id/CORE_XSDB.UUT_MASTER/U_ICON_INTERFACE/U_CMD6_RD/U_RD_FIFO/SUBCORE_FIFO.xsdbm_v3_0_0_rdfifo_inst/inst_fifo_gen/gconvfifo.rf/grf.rf/gntv_or_sync_fifo.gcx.clkx/gnxpm_cdc.wr_pntr_gc_reg[0]/C
  -------------------------------------------------------------------    -------------------
    SLICE_X56Y100        FDCE (Prop_HFF_SLICEL_C_Q)
                                                      0.084     1.973 r  dbg_hub/inst/BSCANID.u_xsdbm_id/CORE_XSDB.UUT_MASTER/U_ICON_INTERFACE/U_CMD6_RD/U_RD_FIFO/SUBCORE_FIFO.xsdbm_v3_0_0_rdfifo_inst/inst_fifo_gen/gconvfifo.rf/grf.rf/gntv_or_sync_fifo.gcx.clkx/gnxpm_cdc.wr_pntr_gc_reg[0]/Q
                         net (fo=1, routed)           0.052     2.025    dbg_hub/inst/BSCANID.u_xsdbm_id/CORE_XSDB.UUT_MASTER/U_ICON_INTERFACE/U_CMD6_RD/U_RD_FIFO/SUBCORE_FIFO.xsdbm_v3_0_0_rdfifo_inst/inst_fifo_gen/gconvfifo.rf/grf.rf/gntv_or_sync_fifo.gcx.clkx/gnxpm_cdc.gsync_stage[1].rd_stg_inst/Q[0]
    SLICE_X55Y100        FDCE                                         r  dbg_hub/inst/BSCANID.u_xsdbm_id/CORE_XSDB.UUT_MASTER/U_ICON_INTERFACE/U_CMD6_RD/U_RD_FIFO/SUBCORE_FIFO.xsdbm_v3_0_0_rdfifo_inst/inst_fifo_gen/gconvfifo.rf/grf.rf/gntv_or_sync_fifo.gcx.clkx/gnxpm_cdc.gsync_stage[1].rd_stg_inst/Q_reg_reg[0]/D
  -------------------------------------------------------------------    -------------------

                         (clock dbg_hub/inst/BSCANID.u_xsdbm_id/SWITCH_N_EXT_BSCAN.bscan_inst/SERIES7_BSCAN.bscan_inst/INTERNAL_TCK rise edge)
                                                      0.000     0.000 r  
    CONFIG_SITE_X0Y0     BSCANE2                      0.000     0.000 r  dbg_hub/inst/BSCANID.u_xsdbm_id/SWITCH_N_EXT_BSCAN.bscan_inst/SERIES7_BSCAN.bscan_inst/INTERNAL_TCK
    CONFIG_SITE_X0Y0     BSCANE2 (Prop_BSCAN1_CONFIG_SITE_INTERNAL_TCK_TCK)
                                                      4.800     4.800 r  dbg_hub/inst/BSCANID.u_xsdbm_id/SWITCH_N_EXT_BSCAN.bscan_inst/SERIES7_BSCAN.bscan_inst/TCK
                         net (fo=1, routed)           1.225     6.025    dbg_hub/inst/BSCANID.u_xsdbm_id/tck_bs
    BUFGCE_X0Y76         BUFGCE (Prop_BUFCE_BUFGCE_I_O)
                                                      0.026     6.051 r  dbg_hub/inst/BSCANID.u_xsdbm_id/SWITCH_N_EXT_BSCAN.u_bufg_icon_tck/O
    X2Y1 (CLOCK_ROOT)    net (fo=482, routed)         1.550     7.601    dbg_hub/inst/BSCANID.u_xsdbm_id/CORE_XSDB.UUT_MASTER/U_ICON_INTERFACE/U_CMD6_RD/U_RD_FIFO/SUBCORE_FIFO.xsdbm_v3_0_0_rdfifo_inst/inst_fifo_gen/gconvfifo.rf/grf.rf/gntv_or_sync_fifo.gcx.clkx/gnxpm_cdc.gsync_stage[1].rd_stg_inst/rd_clk
    SLICE_X55Y100        FDCE                                         r  dbg_hub/inst/BSCANID.u_xsdbm_id/CORE_XSDB.UUT_MASTER/U_ICON_INTERFACE/U_CMD6_RD/U_RD_FIFO/SUBCORE_FIFO.xsdbm_v3_0_0_rdfifo_inst/inst_fifo_gen/gconvfifo.rf/grf.rf/gntv_or_sync_fifo.gcx.clkx/gnxpm_cdc.gsync_stage[1].rd_stg_inst/Q_reg_reg[0]/C

Slack:                    inf
  Source:                 dbg_hub/inst/BSCANID.u_xsdbm_id/CORE_XSDB.UUT_MASTER/U_ICON_INTERFACE/U_CMD6_RD/U_RD_FIFO/SUBCORE_FIFO.xsdbm_v3_0_0_rdfifo_inst/inst_fifo_gen/gconvfifo.rf/grf.rf/gntv_or_sync_fifo.gcx.clkx/gnxpm_cdc.wr_pntr_gc_reg[1]/C
                            (rising edge-triggered cell FDCE clocked by clk_pl_0  {rise@0.000ns fall@5.156ns period=10.312ns})
  Destination:            dbg_hub/inst/BSCANID.u_xsdbm_id/CORE_XSDB.UUT_MASTER/U_ICON_INTERFACE/U_CMD6_RD/U_RD_FIFO/SUBCORE_FIFO.xsdbm_v3_0_0_rdfifo_inst/inst_fifo_gen/gconvfifo.rf/grf.rf/gntv_or_sync_fifo.gcx.clkx/gnxpm_cdc.gsync_stage[1].rd_stg_inst/Q_reg_reg[1]/D
                            (rising edge-triggered cell FDCE clocked by dbg_hub/inst/BSCANID.u_xsdbm_id/SWITCH_N_EXT_BSCAN.bscan_inst/SERIES7_BSCAN.bscan_inst/INTERNAL_TCK  {rise@0.000ns fall@25.000ns period=50.000ns})
  Path Group:             (none)
  Path Type:              Hold (Min at Fast Process Corner)
  Data Path Delay:        0.140ns  (logic 0.084ns (60.000%)  route 0.056ns (40.000%))
  Logic Levels:           0  
  Clock Path Skew:        5.708ns (DCD - SCD - CPR)
    Destination Clock Delay (DCD):    7.597ns
    Source Clock Delay      (SCD):    1.889ns
    Clock Pessimism Removal (CPR):    -0.000ns
  Clock Uncertainty:      0.159ns  ((TSJ^2 + DJ^2)^1/2) / 2 + PE
    Total System Jitter     (TSJ):    0.071ns
    Discrete Jitter          (DJ):    0.310ns
    Phase Error              (PE):    0.000ns
  Clock Net Delay (Source):      1.738ns (routing 0.940ns, distribution 0.798ns)
  Clock Net Delay (Destination): 1.546ns (routing 0.880ns, distribution 0.666ns)
  Timing Exception:       False Path

    Location             Delay type                Incr(ns)  Path(ns)    Netlist Resource(s)
  -------------------------------------------------------------------    -------------------
                         (clock clk_pl_0 rise edge)
                                                      0.000     0.000 r  
    PS8_X0Y0             PS8                          0.000     0.000 r  mixer_ddc_i/zynq_ultra_ps_e_0/inst/PS8_i/PLCLK[0]
                         net (fo=1, routed)           0.129     0.129    mixer_ddc_i/zynq_ultra_ps_e_0/inst/pl_clk_unbuffered[0]
    BUFG_PS_X0Y90        BUFG_PS (Prop_BUFG_PS_I_O)
                                                      0.022     0.151 r  mixer_ddc_i/zynq_ultra_ps_e_0/inst/buffer_pl_clk_0.PL_CLK_0_BUFG/O
    X1Y1 (CLOCK_ROOT)    net (fo=19809, routed)       1.738     1.889    dbg_hub/inst/BSCANID.u_xsdbm_id/CORE_XSDB.UUT_MASTER/U_ICON_INTERFACE/U_CMD6_RD/U_RD_FIFO/SUBCORE_FIFO.xsdbm_v3_0_0_rdfifo_inst/inst_fifo_gen/gconvfifo.rf/grf.rf/gntv_or_sync_fifo.gcx.clkx/wr_clk
    SLICE_X56Y100        FDCE                                         r  dbg_hub/inst/BSCANID.u_xsdbm_id/CORE_XSDB.UUT_MASTER/U_ICON_INTERFACE/U_CMD6_RD/U_RD_FIFO/SUBCORE_FIFO.xsdbm_v3_0_0_rdfifo_inst/inst_fifo_gen/gconvfifo.rf/grf.rf/gntv_or_sync_fifo.gcx.clkx/gnxpm_cdc.wr_pntr_gc_reg[1]/C
  -------------------------------------------------------------------    -------------------
    SLICE_X56Y100        FDCE (Prop_HFF2_SLICEL_C_Q)
                                                      0.084     1.973 r  dbg_hub/inst/BSCANID.u_xsdbm_id/CORE_XSDB.UUT_MASTER/U_ICON_INTERFACE/U_CMD6_RD/U_RD_FIFO/SUBCORE_FIFO.xsdbm_v3_0_0_rdfifo_inst/inst_fifo_gen/gconvfifo.rf/grf.rf/gntv_or_sync_fifo.gcx.clkx/gnxpm_cdc.wr_pntr_gc_reg[1]/Q
                         net (fo=1, routed)           0.056     2.029    dbg_hub/inst/BSCANID.u_xsdbm_id/CORE_XSDB.UUT_MASTER/U_ICON_INTERFACE/U_CMD6_RD/U_RD_FIFO/SUBCORE_FIFO.xsdbm_v3_0_0_rdfifo_inst/inst_fifo_gen/gconvfifo.rf/grf.rf/gntv_or_sync_fifo.gcx.clkx/gnxpm_cdc.gsync_stage[1].rd_stg_inst/Q[1]
    SLICE_X55Y100        FDCE                                         r  dbg_hub/inst/BSCANID.u_xsdbm_id/CORE_XSDB.UUT_MASTER/U_ICON_INTERFACE/U_CMD6_RD/U_RD_FIFO/SUBCORE_FIFO.xsdbm_v3_0_0_rdfifo_inst/inst_fifo_gen/gconvfifo.rf/grf.rf/gntv_or_sync_fifo.gcx.clkx/gnxpm_cdc.gsync_stage[1].rd_stg_inst/Q_reg_reg[1]/D
  -------------------------------------------------------------------    -------------------

                         (clock dbg_hub/inst/BSCANID.u_xsdbm_id/SWITCH_N_EXT_BSCAN.bscan_inst/SERIES7_BSCAN.bscan_inst/INTERNAL_TCK rise edge)
                                                      0.000     0.000 r  
    CONFIG_SITE_X0Y0     BSCANE2                      0.000     0.000 r  dbg_hub/inst/BSCANID.u_xsdbm_id/SWITCH_N_EXT_BSCAN.bscan_inst/SERIES7_BSCAN.bscan_inst/INTERNAL_TCK
    CONFIG_SITE_X0Y0     BSCANE2 (Prop_BSCAN1_CONFIG_SITE_INTERNAL_TCK_TCK)
                                                      4.800     4.800 r  dbg_hub/inst/BSCANID.u_xsdbm_id/SWITCH_N_EXT_BSCAN.bscan_inst/SERIES7_BSCAN.bscan_inst/TCK
                         net (fo=1, routed)           1.225     6.025    dbg_hub/inst/BSCANID.u_xsdbm_id/tck_bs
    BUFGCE_X0Y76         BUFGCE (Prop_BUFCE_BUFGCE_I_O)
                                                      0.026     6.051 r  dbg_hub/inst/BSCANID.u_xsdbm_id/SWITCH_N_EXT_BSCAN.u_bufg_icon_tck/O
    X2Y1 (CLOCK_ROOT)    net (fo=482, routed)         1.546     7.597    dbg_hub/inst/BSCANID.u_xsdbm_id/CORE_XSDB.UUT_MASTER/U_ICON_INTERFACE/U_CMD6_RD/U_RD_FIFO/SUBCORE_FIFO.xsdbm_v3_0_0_rdfifo_inst/inst_fifo_gen/gconvfifo.rf/grf.rf/gntv_or_sync_fifo.gcx.clkx/gnxpm_cdc.gsync_stage[1].rd_stg_inst/rd_clk
    SLICE_X55Y100        FDCE                                         r  dbg_hub/inst/BSCANID.u_xsdbm_id/CORE_XSDB.UUT_MASTER/U_ICON_INTERFACE/U_CMD6_RD/U_RD_FIFO/SUBCORE_FIFO.xsdbm_v3_0_0_rdfifo_inst/inst_fifo_gen/gconvfifo.rf/grf.rf/gntv_or_sync_fifo.gcx.clkx/gnxpm_cdc.gsync_stage[1].rd_stg_inst/Q_reg_reg[1]/C

Slack:                    inf
  Source:                 dbg_hub/inst/BSCANID.u_xsdbm_id/CORE_XSDB.UUT_MASTER/U_ICON_INTERFACE/U_CMD6_RD/U_RD_FIFO/SUBCORE_FIFO.xsdbm_v3_0_0_rdfifo_inst/inst_fifo_gen/gconvfifo.rf/grf.rf/gntv_or_sync_fifo.gcx.clkx/gnxpm_cdc.wr_pntr_gc_reg[2]/C
                            (rising edge-triggered cell FDCE clocked by clk_pl_0  {rise@0.000ns fall@5.156ns period=10.312ns})
  Destination:            dbg_hub/inst/BSCANID.u_xsdbm_id/CORE_XSDB.UUT_MASTER/U_ICON_INTERFACE/U_CMD6_RD/U_RD_FIFO/SUBCORE_FIFO.xsdbm_v3_0_0_rdfifo_inst/inst_fifo_gen/gconvfifo.rf/grf.rf/gntv_or_sync_fifo.gcx.clkx/gnxpm_cdc.gsync_stage[1].rd_stg_inst/Q_reg_reg[2]/D
                            (rising edge-triggered cell FDCE clocked by dbg_hub/inst/BSCANID.u_xsdbm_id/SWITCH_N_EXT_BSCAN.bscan_inst/SERIES7_BSCAN.bscan_inst/INTERNAL_TCK  {rise@0.000ns fall@25.000ns period=50.000ns})
  Path Group:             (none)
  Path Type:              Hold (Min at Fast Process Corner)
  Data Path Delay:        0.164ns  (logic 0.084ns (51.220%)  route 0.080ns (48.781%))
  Logic Levels:           0  
  Clock Path Skew:        5.693ns (DCD - SCD - CPR)
    Destination Clock Delay (DCD):    7.582ns
    Source Clock Delay      (SCD):    1.889ns
    Clock Pessimism Removal (CPR):    -0.000ns
  Clock Uncertainty:      0.159ns  ((TSJ^2 + DJ^2)^1/2) / 2 + PE
    Total System Jitter     (TSJ):    0.071ns
    Discrete Jitter          (DJ):    0.310ns
    Phase Error              (PE):    0.000ns
  Clock Net Delay (Source):      1.738ns (routing 0.940ns, distribution 0.798ns)
  Clock Net Delay (Destination): 1.531ns (routing 0.880ns, distribution 0.651ns)
  Timing Exception:       False Path

    Location             Delay type                Incr(ns)  Path(ns)    Netlist Resource(s)
  -------------------------------------------------------------------    -------------------
                         (clock clk_pl_0 rise edge)
                                                      0.000     0.000 r  
    PS8_X0Y0             PS8                          0.000     0.000 r  mixer_ddc_i/zynq_ultra_ps_e_0/inst/PS8_i/PLCLK[0]
                         net (fo=1, routed)           0.129     0.129    mixer_ddc_i/zynq_ultra_ps_e_0/inst/pl_clk_unbuffered[0]
    BUFG_PS_X0Y90        BUFG_PS (Prop_BUFG_PS_I_O)
                                                      0.022     0.151 r  mixer_ddc_i/zynq_ultra_ps_e_0/inst/buffer_pl_clk_0.PL_CLK_0_BUFG/O
    X1Y1 (CLOCK_ROOT)    net (fo=19809, routed)       1.738     1.889    dbg_hub/inst/BSCANID.u_xsdbm_id/CORE_XSDB.UUT_MASTER/U_ICON_INTERFACE/U_CMD6_RD/U_RD_FIFO/SUBCORE_FIFO.xsdbm_v3_0_0_rdfifo_inst/inst_fifo_gen/gconvfifo.rf/grf.rf/gntv_or_sync_fifo.gcx.clkx/wr_clk
    SLICE_X56Y100        FDCE                                         r  dbg_hub/inst/BSCANID.u_xsdbm_id/CORE_XSDB.UUT_MASTER/U_ICON_INTERFACE/U_CMD6_RD/U_RD_FIFO/SUBCORE_FIFO.xsdbm_v3_0_0_rdfifo_inst/inst_fifo_gen/gconvfifo.rf/grf.rf/gntv_or_sync_fifo.gcx.clkx/gnxpm_cdc.wr_pntr_gc_reg[2]/C
  -------------------------------------------------------------------    -------------------
    SLICE_X56Y100        FDCE (Prop_GFF_SLICEL_C_Q)
                                                      0.084     1.973 r  dbg_hub/inst/BSCANID.u_xsdbm_id/CORE_XSDB.UUT_MASTER/U_ICON_INTERFACE/U_CMD6_RD/U_RD_FIFO/SUBCORE_FIFO.xsdbm_v3_0_0_rdfifo_inst/inst_fifo_gen/gconvfifo.rf/grf.rf/gntv_or_sync_fifo.gcx.clkx/gnxpm_cdc.wr_pntr_gc_reg[2]/Q
                         net (fo=1, routed)           0.080     2.053    dbg_hub/inst/BSCANID.u_xsdbm_id/CORE_XSDB.UUT_MASTER/U_ICON_INTERFACE/U_CMD6_RD/U_RD_FIFO/SUBCORE_FIFO.xsdbm_v3_0_0_rdfifo_inst/inst_fifo_gen/gconvfifo.rf/grf.rf/gntv_or_sync_fifo.gcx.clkx/gnxpm_cdc.gsync_stage[1].rd_stg_inst/Q[2]
    SLICE_X56Y100        FDCE                                         r  dbg_hub/inst/BSCANID.u_xsdbm_id/CORE_XSDB.UUT_MASTER/U_ICON_INTERFACE/U_CMD6_RD/U_RD_FIFO/SUBCORE_FIFO.xsdbm_v3_0_0_rdfifo_inst/inst_fifo_gen/gconvfifo.rf/grf.rf/gntv_or_sync_fifo.gcx.clkx/gnxpm_cdc.gsync_stage[1].rd_stg_inst/Q_reg_reg[2]/D
  -------------------------------------------------------------------    -------------------

                         (clock dbg_hub/inst/BSCANID.u_xsdbm_id/SWITCH_N_EXT_BSCAN.bscan_inst/SERIES7_BSCAN.bscan_inst/INTERNAL_TCK rise edge)
                                                      0.000     0.000 r  
    CONFIG_SITE_X0Y0     BSCANE2                      0.000     0.000 r  dbg_hub/inst/BSCANID.u_xsdbm_id/SWITCH_N_EXT_BSCAN.bscan_inst/SERIES7_BSCAN.bscan_inst/INTERNAL_TCK
    CONFIG_SITE_X0Y0     BSCANE2 (Prop_BSCAN1_CONFIG_SITE_INTERNAL_TCK_TCK)
                                                      4.800     4.800 r  dbg_hub/inst/BSCANID.u_xsdbm_id/SWITCH_N_EXT_BSCAN.bscan_inst/SERIES7_BSCAN.bscan_inst/TCK
                         net (fo=1, routed)           1.225     6.025    dbg_hub/inst/BSCANID.u_xsdbm_id/tck_bs
    BUFGCE_X0Y76         BUFGCE (Prop_BUFCE_BUFGCE_I_O)
                                                      0.026     6.051 r  dbg_hub/inst/BSCANID.u_xsdbm_id/SWITCH_N_EXT_BSCAN.u_bufg_icon_tck/O
    X2Y1 (CLOCK_ROOT)    net (fo=482, routed)         1.531     7.582    dbg_hub/inst/BSCANID.u_xsdbm_id/CORE_XSDB.UUT_MASTER/U_ICON_INTERFACE/U_CMD6_RD/U_RD_FIFO/SUBCORE_FIFO.xsdbm_v3_0_0_rdfifo_inst/inst_fifo_gen/gconvfifo.rf/grf.rf/gntv_or_sync_fifo.gcx.clkx/gnxpm_cdc.gsync_stage[1].rd_stg_inst/rd_clk
    SLICE_X56Y100        FDCE                                         r  dbg_hub/inst/BSCANID.u_xsdbm_id/CORE_XSDB.UUT_MASTER/U_ICON_INTERFACE/U_CMD6_RD/U_RD_FIFO/SUBCORE_FIFO.xsdbm_v3_0_0_rdfifo_inst/inst_fifo_gen/gconvfifo.rf/grf.rf/gntv_or_sync_fifo.gcx.clkx/gnxpm_cdc.gsync_stage[1].rd_stg_inst/Q_reg_reg[2]/C

Slack:                    inf
  Source:                 dbg_hub/inst/BSCANID.u_xsdbm_id/CORE_XSDB.UUT_MASTER/U_ICON_INTERFACE/U_CMD6_RD/U_RD_FIFO/SUBCORE_FIFO.xsdbm_v3_0_0_rdfifo_inst/inst_fifo_gen/gconvfifo.rf/grf.rf/gntv_or_sync_fifo.gcx.clkx/gnxpm_cdc.wr_pntr_gc_reg[3]/C
                            (rising edge-triggered cell FDCE clocked by clk_pl_0  {rise@0.000ns fall@5.156ns period=10.312ns})
  Destination:            dbg_hub/inst/BSCANID.u_xsdbm_id/CORE_XSDB.UUT_MASTER/U_ICON_INTERFACE/U_CMD6_RD/U_RD_FIFO/SUBCORE_FIFO.xsdbm_v3_0_0_rdfifo_inst/inst_fifo_gen/gconvfifo.rf/grf.rf/gntv_or_sync_fifo.gcx.clkx/gnxpm_cdc.gsync_stage[1].rd_stg_inst/Q_reg_reg[3]/D
                            (rising edge-triggered cell FDCE clocked by dbg_hub/inst/BSCANID.u_xsdbm_id/SWITCH_N_EXT_BSCAN.bscan_inst/SERIES7_BSCAN.bscan_inst/INTERNAL_TCK  {rise@0.000ns fall@25.000ns period=50.000ns})
  Path Group:             (none)
  Path Type:              Hold (Min at Fast Process Corner)
  Data Path Delay:        0.171ns  (logic 0.084ns (49.123%)  route 0.087ns (50.877%))
  Logic Levels:           0  
  Clock Path Skew:        5.693ns (DCD - SCD - CPR)
    Destination Clock Delay (DCD):    7.582ns
    Source Clock Delay      (SCD):    1.889ns
    Clock Pessimism Removal (CPR):    -0.000ns
  Clock Uncertainty:      0.159ns  ((TSJ^2 + DJ^2)^1/2) / 2 + PE
    Total System Jitter     (TSJ):    0.071ns
    Discrete Jitter          (DJ):    0.310ns
    Phase Error              (PE):    0.000ns
  Clock Net Delay (Source):      1.738ns (routing 0.940ns, distribution 0.798ns)
  Clock Net Delay (Destination): 1.531ns (routing 0.880ns, distribution 0.651ns)
  Timing Exception:       False Path

    Location             Delay type                Incr(ns)  Path(ns)    Netlist Resource(s)
  -------------------------------------------------------------------    -------------------
                         (clock clk_pl_0 rise edge)
                                                      0.000     0.000 r  
    PS8_X0Y0             PS8                          0.000     0.000 r  mixer_ddc_i/zynq_ultra_ps_e_0/inst/PS8_i/PLCLK[0]
                         net (fo=1, routed)           0.129     0.129    mixer_ddc_i/zynq_ultra_ps_e_0/inst/pl_clk_unbuffered[0]
    BUFG_PS_X0Y90        BUFG_PS (Prop_BUFG_PS_I_O)
                                                      0.022     0.151 r  mixer_ddc_i/zynq_ultra_ps_e_0/inst/buffer_pl_clk_0.PL_CLK_0_BUFG/O
    X1Y1 (CLOCK_ROOT)    net (fo=19809, routed)       1.738     1.889    dbg_hub/inst/BSCANID.u_xsdbm_id/CORE_XSDB.UUT_MASTER/U_ICON_INTERFACE/U_CMD6_RD/U_RD_FIFO/SUBCORE_FIFO.xsdbm_v3_0_0_rdfifo_inst/inst_fifo_gen/gconvfifo.rf/grf.rf/gntv_or_sync_fifo.gcx.clkx/wr_clk
    SLICE_X56Y100        FDCE                                         r  dbg_hub/inst/BSCANID.u_xsdbm_id/CORE_XSDB.UUT_MASTER/U_ICON_INTERFACE/U_CMD6_RD/U_RD_FIFO/SUBCORE_FIFO.xsdbm_v3_0_0_rdfifo_inst/inst_fifo_gen/gconvfifo.rf/grf.rf/gntv_or_sync_fifo.gcx.clkx/gnxpm_cdc.wr_pntr_gc_reg[3]/C
  -------------------------------------------------------------------    -------------------
    SLICE_X56Y100        FDCE (Prop_EFF_SLICEL_C_Q)
                                                      0.084     1.973 r  dbg_hub/inst/BSCANID.u_xsdbm_id/CORE_XSDB.UUT_MASTER/U_ICON_INTERFACE/U_CMD6_RD/U_RD_FIFO/SUBCORE_FIFO.xsdbm_v3_0_0_rdfifo_inst/inst_fifo_gen/gconvfifo.rf/grf.rf/gntv_or_sync_fifo.gcx.clkx/gnxpm_cdc.wr_pntr_gc_reg[3]/Q
                         net (fo=1, routed)           0.087     2.060    dbg_hub/inst/BSCANID.u_xsdbm_id/CORE_XSDB.UUT_MASTER/U_ICON_INTERFACE/U_CMD6_RD/U_RD_FIFO/SUBCORE_FIFO.xsdbm_v3_0_0_rdfifo_inst/inst_fifo_gen/gconvfifo.rf/grf.rf/gntv_or_sync_fifo.gcx.clkx/gnxpm_cdc.gsync_stage[1].rd_stg_inst/Q[3]
    SLICE_X56Y100        FDCE                                         r  dbg_hub/inst/BSCANID.u_xsdbm_id/CORE_XSDB.UUT_MASTER/U_ICON_INTERFACE/U_CMD6_RD/U_RD_FIFO/SUBCORE_FIFO.xsdbm_v3_0_0_rdfifo_inst/inst_fifo_gen/gconvfifo.rf/grf.rf/gntv_or_sync_fifo.gcx.clkx/gnxpm_cdc.gsync_stage[1].rd_stg_inst/Q_reg_reg[3]/D
  -------------------------------------------------------------------    -------------------

                         (clock dbg_hub/inst/BSCANID.u_xsdbm_id/SWITCH_N_EXT_BSCAN.bscan_inst/SERIES7_BSCAN.bscan_inst/INTERNAL_TCK rise edge)
                                                      0.000     0.000 r  
    CONFIG_SITE_X0Y0     BSCANE2                      0.000     0.000 r  dbg_hub/inst/BSCANID.u_xsdbm_id/SWITCH_N_EXT_BSCAN.bscan_inst/SERIES7_BSCAN.bscan_inst/INTERNAL_TCK
    CONFIG_SITE_X0Y0     BSCANE2 (Prop_BSCAN1_CONFIG_SITE_INTERNAL_TCK_TCK)
                                                      4.800     4.800 r  dbg_hub/inst/BSCANID.u_xsdbm_id/SWITCH_N_EXT_BSCAN.bscan_inst/SERIES7_BSCAN.bscan_inst/TCK
                         net (fo=1, routed)           1.225     6.025    dbg_hub/inst/BSCANID.u_xsdbm_id/tck_bs
    BUFGCE_X0Y76         BUFGCE (Prop_BUFCE_BUFGCE_I_O)
                                                      0.026     6.051 r  dbg_hub/inst/BSCANID.u_xsdbm_id/SWITCH_N_EXT_BSCAN.u_bufg_icon_tck/O
    X2Y1 (CLOCK_ROOT)    net (fo=482, routed)         1.531     7.582    dbg_hub/inst/BSCANID.u_xsdbm_id/CORE_XSDB.UUT_MASTER/U_ICON_INTERFACE/U_CMD6_RD/U_RD_FIFO/SUBCORE_FIFO.xsdbm_v3_0_0_rdfifo_inst/inst_fifo_gen/gconvfifo.rf/grf.rf/gntv_or_sync_fifo.gcx.clkx/gnxpm_cdc.gsync_stage[1].rd_stg_inst/rd_clk
    SLICE_X56Y100        FDCE                                         r  dbg_hub/inst/BSCANID.u_xsdbm_id/CORE_XSDB.UUT_MASTER/U_ICON_INTERFACE/U_CMD6_RD/U_RD_FIFO/SUBCORE_FIFO.xsdbm_v3_0_0_rdfifo_inst/inst_fifo_gen/gconvfifo.rf/grf.rf/gntv_or_sync_fifo.gcx.clkx/gnxpm_cdc.gsync_stage[1].rd_stg_inst/Q_reg_reg[3]/C

Slack:                    inf
  Source:                 dbg_hub/inst/BSCANID.u_xsdbm_id/CORE_XSDB.UUT_MASTER/U_ICON_INTERFACE/U_CMD6_WR/U_WR_FIFO/SUBCORE_FIFO.xsdbm_v3_0_0_wrfifo_inst/inst_fifo_gen/gconvfifo.rf/grf.rf/gntv_or_sync_fifo.gcx.clkx/gnxpm_cdc.rd_pntr_gc_reg[0]/C
                            (rising edge-triggered cell FDCE clocked by clk_pl_0  {rise@0.000ns fall@5.156ns period=10.312ns})
  Destination:            dbg_hub/inst/BSCANID.u_xsdbm_id/CORE_XSDB.UUT_MASTER/U_ICON_INTERFACE/U_CMD6_WR/U_WR_FIFO/SUBCORE_FIFO.xsdbm_v3_0_0_wrfifo_inst/inst_fifo_gen/gconvfifo.rf/grf.rf/gntv_or_sync_fifo.gcx.clkx/gnxpm_cdc.gsync_stage[1].wr_stg_inst/Q_reg_reg[0]/D
                            (rising edge-triggered cell FDCE clocked by dbg_hub/inst/BSCANID.u_xsdbm_id/SWITCH_N_EXT_BSCAN.bscan_inst/SERIES7_BSCAN.bscan_inst/INTERNAL_TCK  {rise@0.000ns fall@25.000ns period=50.000ns})
  Path Group:             (none)
  Path Type:              Hold (Min at Fast Process Corner)
  Data Path Delay:        0.162ns  (logic 0.084ns (51.852%)  route 0.078ns (48.148%))
  Logic Levels:           0  
  Clock Path Skew:        5.687ns (DCD - SCD - CPR)
    Destination Clock Delay (DCD):    7.587ns
    Source Clock Delay      (SCD):    1.901ns
    Clock Pessimism Removal (CPR):    -0.000ns
  Clock Uncertainty:      0.159ns  ((TSJ^2 + DJ^2)^1/2) / 2 + PE
    Total System Jitter     (TSJ):    0.071ns
    Discrete Jitter          (DJ):    0.310ns
    Phase Error              (PE):    0.000ns
  Clock Net Delay (Source):      1.750ns (routing 0.940ns, distribution 0.810ns)
  Clock Net Delay (Destination): 1.536ns (routing 0.880ns, distribution 0.656ns)
  Timing Exception:       False Path

    Location             Delay type                Incr(ns)  Path(ns)    Netlist Resource(s)
  -------------------------------------------------------------------    -------------------
                         (clock clk_pl_0 rise edge)
                                                      0.000     0.000 r  
    PS8_X0Y0             PS8                          0.000     0.000 r  mixer_ddc_i/zynq_ultra_ps_e_0/inst/PS8_i/PLCLK[0]
                         net (fo=1, routed)           0.129     0.129    mixer_ddc_i/zynq_ultra_ps_e_0/inst/pl_clk_unbuffered[0]
    BUFG_PS_X0Y90        BUFG_PS (Prop_BUFG_PS_I_O)
                                                      0.022     0.151 r  mixer_ddc_i/zynq_ultra_ps_e_0/inst/buffer_pl_clk_0.PL_CLK_0_BUFG/O
    X1Y1 (CLOCK_ROOT)    net (fo=19809, routed)       1.750     1.901    dbg_hub/inst/BSCANID.u_xsdbm_id/CORE_XSDB.UUT_MASTER/U_ICON_INTERFACE/U_CMD6_WR/U_WR_FIFO/SUBCORE_FIFO.xsdbm_v3_0_0_wrfifo_inst/inst_fifo_gen/gconvfifo.rf/grf.rf/gntv_or_sync_fifo.gcx.clkx/rd_clk
    SLICE_X55Y97         FDCE                                         r  dbg_hub/inst/BSCANID.u_xsdbm_id/CORE_XSDB.UUT_MASTER/U_ICON_INTERFACE/U_CMD6_WR/U_WR_FIFO/SUBCORE_FIFO.xsdbm_v3_0_0_wrfifo_inst/inst_fifo_gen/gconvfifo.rf/grf.rf/gntv_or_sync_fifo.gcx.clkx/gnxpm_cdc.rd_pntr_gc_reg[0]/C
  -------------------------------------------------------------------    -------------------
    SLICE_X55Y97         FDCE (Prop_EFF_SLICEL_C_Q)
                                                      0.084     1.985 r  dbg_hub/inst/BSCANID.u_xsdbm_id/CORE_XSDB.UUT_MASTER/U_ICON_INTERFACE/U_CMD6_WR/U_WR_FIFO/SUBCORE_FIFO.xsdbm_v3_0_0_wrfifo_inst/inst_fifo_gen/gconvfifo.rf/grf.rf/gntv_or_sync_fifo.gcx.clkx/gnxpm_cdc.rd_pntr_gc_reg[0]/Q
                         net (fo=1, routed)           0.078     2.063    dbg_hub/inst/BSCANID.u_xsdbm_id/CORE_XSDB.UUT_MASTER/U_ICON_INTERFACE/U_CMD6_WR/U_WR_FIFO/SUBCORE_FIFO.xsdbm_v3_0_0_wrfifo_inst/inst_fifo_gen/gconvfifo.rf/grf.rf/gntv_or_sync_fifo.gcx.clkx/gnxpm_cdc.gsync_stage[1].wr_stg_inst/Q[0]
    SLICE_X54Y96         FDCE                                         r  dbg_hub/inst/BSCANID.u_xsdbm_id/CORE_XSDB.UUT_MASTER/U_ICON_INTERFACE/U_CMD6_WR/U_WR_FIFO/SUBCORE_FIFO.xsdbm_v3_0_0_wrfifo_inst/inst_fifo_gen/gconvfifo.rf/grf.rf/gntv_or_sync_fifo.gcx.clkx/gnxpm_cdc.gsync_stage[1].wr_stg_inst/Q_reg_reg[0]/D
  -------------------------------------------------------------------    -------------------

                         (clock dbg_hub/inst/BSCANID.u_xsdbm_id/SWITCH_N_EXT_BSCAN.bscan_inst/SERIES7_BSCAN.bscan_inst/INTERNAL_TCK rise edge)
                                                      0.000     0.000 r  
    CONFIG_SITE_X0Y0     BSCANE2                      0.000     0.000 r  dbg_hub/inst/BSCANID.u_xsdbm_id/SWITCH_N_EXT_BSCAN.bscan_inst/SERIES7_BSCAN.bscan_inst/INTERNAL_TCK
    CONFIG_SITE_X0Y0     BSCANE2 (Prop_BSCAN1_CONFIG_SITE_INTERNAL_TCK_TCK)
                                                      4.800     4.800 r  dbg_hub/inst/BSCANID.u_xsdbm_id/SWITCH_N_EXT_BSCAN.bscan_inst/SERIES7_BSCAN.bscan_inst/TCK
                         net (fo=1, routed)           1.225     6.025    dbg_hub/inst/BSCANID.u_xsdbm_id/tck_bs
    BUFGCE_X0Y76         BUFGCE (Prop_BUFCE_BUFGCE_I_O)
                                                      0.026     6.051 r  dbg_hub/inst/BSCANID.u_xsdbm_id/SWITCH_N_EXT_BSCAN.u_bufg_icon_tck/O
    X2Y1 (CLOCK_ROOT)    net (fo=482, routed)         1.536     7.587    dbg_hub/inst/BSCANID.u_xsdbm_id/CORE_XSDB.UUT_MASTER/U_ICON_INTERFACE/U_CMD6_WR/U_WR_FIFO/SUBCORE_FIFO.xsdbm_v3_0_0_wrfifo_inst/inst_fifo_gen/gconvfifo.rf/grf.rf/gntv_or_sync_fifo.gcx.clkx/gnxpm_cdc.gsync_stage[1].wr_stg_inst/wr_clk
    SLICE_X54Y96         FDCE                                         r  dbg_hub/inst/BSCANID.u_xsdbm_id/CORE_XSDB.UUT_MASTER/U_ICON_INTERFACE/U_CMD6_WR/U_WR_FIFO/SUBCORE_FIFO.xsdbm_v3_0_0_wrfifo_inst/inst_fifo_gen/gconvfifo.rf/grf.rf/gntv_or_sync_fifo.gcx.clkx/gnxpm_cdc.gsync_stage[1].wr_stg_inst/Q_reg_reg[0]/C

Slack:                    inf
  Source:                 dbg_hub/inst/BSCANID.u_xsdbm_id/CORE_XSDB.UUT_MASTER/U_ICON_INTERFACE/U_CMD2/stat_reg_reg[3]/C
                            (rising edge-triggered cell FDRE clocked by clk_pl_0  {rise@0.000ns fall@5.156ns period=10.312ns})
  Destination:            dbg_hub/inst/BSCANID.u_xsdbm_id/CORE_XSDB.UUT_MASTER/U_ICON_INTERFACE/U_CMD2/stat_reg_1_reg[3]/D
                            (rising edge-triggered cell FDRE clocked by dbg_hub/inst/BSCANID.u_xsdbm_id/SWITCH_N_EXT_BSCAN.bscan_inst/SERIES7_BSCAN.bscan_inst/INTERNAL_TCK  {rise@0.000ns fall@25.000ns period=50.000ns})
  Path Group:             (none)
  Path Type:              Hold (Min at Fast Process Corner)
  Data Path Delay:        0.169ns  (logic 0.085ns (50.296%)  route 0.084ns (49.704%))
  Logic Levels:           0  
  Clock Path Skew:        5.695ns (DCD - SCD - CPR)
    Destination Clock Delay (DCD):    7.590ns
    Source Clock Delay      (SCD):    1.896ns
    Clock Pessimism Removal (CPR):    -0.000ns
  Clock Uncertainty:      0.159ns  ((TSJ^2 + DJ^2)^1/2) / 2 + PE
    Total System Jitter     (TSJ):    0.071ns
    Discrete Jitter          (DJ):    0.310ns
    Phase Error              (PE):    0.000ns
  Clock Net Delay (Source):      1.745ns (routing 0.940ns, distribution 0.805ns)
  Clock Net Delay (Destination): 1.539ns (routing 0.880ns, distribution 0.659ns)
  Timing Exception:       False Path

    Location             Delay type                Incr(ns)  Path(ns)    Netlist Resource(s)
  -------------------------------------------------------------------    -------------------
                         (clock clk_pl_0 rise edge)
                                                      0.000     0.000 r  
    PS8_X0Y0             PS8                          0.000     0.000 r  mixer_ddc_i/zynq_ultra_ps_e_0/inst/PS8_i/PLCLK[0]
                         net (fo=1, routed)           0.129     0.129    mixer_ddc_i/zynq_ultra_ps_e_0/inst/pl_clk_unbuffered[0]
    BUFG_PS_X0Y90        BUFG_PS (Prop_BUFG_PS_I_O)
                                                      0.022     0.151 r  mixer_ddc_i/zynq_ultra_ps_e_0/inst/buffer_pl_clk_0.PL_CLK_0_BUFG/O
    X1Y1 (CLOCK_ROOT)    net (fo=19809, routed)       1.745     1.896    dbg_hub/inst/BSCANID.u_xsdbm_id/CORE_XSDB.UUT_MASTER/U_ICON_INTERFACE/U_CMD2/clk
    SLICE_X55Y108        FDRE                                         r  dbg_hub/inst/BSCANID.u_xsdbm_id/CORE_XSDB.UUT_MASTER/U_ICON_INTERFACE/U_CMD2/stat_reg_reg[3]/C
  -------------------------------------------------------------------    -------------------
    SLICE_X55Y108        FDRE (Prop_AFF2_SLICEL_C_Q)
                                                      0.085     1.981 r  dbg_hub/inst/BSCANID.u_xsdbm_id/CORE_XSDB.UUT_MASTER/U_ICON_INTERFACE/U_CMD2/stat_reg_reg[3]/Q
                         net (fo=1, routed)           0.084     2.065    dbg_hub/inst/BSCANID.u_xsdbm_id/CORE_XSDB.UUT_MASTER/U_ICON_INTERFACE/U_CMD2/stat_reg[3]
    SLICE_X55Y109        FDRE                                         r  dbg_hub/inst/BSCANID.u_xsdbm_id/CORE_XSDB.UUT_MASTER/U_ICON_INTERFACE/U_CMD2/stat_reg_1_reg[3]/D
  -------------------------------------------------------------------    -------------------

                         (clock dbg_hub/inst/BSCANID.u_xsdbm_id/SWITCH_N_EXT_BSCAN.bscan_inst/SERIES7_BSCAN.bscan_inst/INTERNAL_TCK rise edge)
                                                      0.000     0.000 r  
    CONFIG_SITE_X0Y0     BSCANE2                      0.000     0.000 r  dbg_hub/inst/BSCANID.u_xsdbm_id/SWITCH_N_EXT_BSCAN.bscan_inst/SERIES7_BSCAN.bscan_inst/INTERNAL_TCK
    CONFIG_SITE_X0Y0     BSCANE2 (Prop_BSCAN1_CONFIG_SITE_INTERNAL_TCK_TCK)
                                                      4.800     4.800 r  dbg_hub/inst/BSCANID.u_xsdbm_id/SWITCH_N_EXT_BSCAN.bscan_inst/SERIES7_BSCAN.bscan_inst/TCK
                         net (fo=1, routed)           1.225     6.025    dbg_hub/inst/BSCANID.u_xsdbm_id/tck_bs
    BUFGCE_X0Y76         BUFGCE (Prop_BUFCE_BUFGCE_I_O)
                                                      0.026     6.051 r  dbg_hub/inst/BSCANID.u_xsdbm_id/SWITCH_N_EXT_BSCAN.u_bufg_icon_tck/O
    X2Y1 (CLOCK_ROOT)    net (fo=482, routed)         1.539     7.590    dbg_hub/inst/BSCANID.u_xsdbm_id/CORE_XSDB.UUT_MASTER/U_ICON_INTERFACE/U_CMD2/m_bscan_tck[0]
    SLICE_X55Y109        FDRE                                         r  dbg_hub/inst/BSCANID.u_xsdbm_id/CORE_XSDB.UUT_MASTER/U_ICON_INTERFACE/U_CMD2/stat_reg_1_reg[3]/C

Slack:                    inf
  Source:                 dbg_hub/inst/BSCANID.u_xsdbm_id/CORE_XSDB.UUT_MASTER/U_ICON_INTERFACE/U_CMD7_STAT/stat_reg_reg[0]/C
                            (rising edge-triggered cell FDRE clocked by clk_pl_0  {rise@0.000ns fall@5.156ns period=10.312ns})
  Destination:            dbg_hub/inst/BSCANID.u_xsdbm_id/CORE_XSDB.UUT_MASTER/U_ICON_INTERFACE/U_CMD7_STAT/stat_reg_1_reg[0]/D
                            (rising edge-triggered cell FDRE clocked by dbg_hub/inst/BSCANID.u_xsdbm_id/SWITCH_N_EXT_BSCAN.bscan_inst/SERIES7_BSCAN.bscan_inst/INTERNAL_TCK  {rise@0.000ns fall@25.000ns period=50.000ns})
  Path Group:             (none)
  Path Type:              Hold (Min at Fast Process Corner)
  Data Path Delay:        0.169ns  (logic 0.085ns (50.296%)  route 0.084ns (49.704%))
  Logic Levels:           0  
  Clock Path Skew:        5.691ns (DCD - SCD - CPR)
    Destination Clock Delay (DCD):    7.587ns
    Source Clock Delay      (SCD):    1.896ns
    Clock Pessimism Removal (CPR):    -0.000ns
  Clock Uncertainty:      0.159ns  ((TSJ^2 + DJ^2)^1/2) / 2 + PE
    Total System Jitter     (TSJ):    0.071ns
    Discrete Jitter          (DJ):    0.310ns
    Phase Error              (PE):    0.000ns
  Clock Net Delay (Source):      1.745ns (routing 0.940ns, distribution 0.805ns)
  Clock Net Delay (Destination): 1.536ns (routing 0.880ns, distribution 0.656ns)
  Timing Exception:       False Path

    Location             Delay type                Incr(ns)  Path(ns)    Netlist Resource(s)
  -------------------------------------------------------------------    -------------------
                         (clock clk_pl_0 rise edge)
                                                      0.000     0.000 r  
    PS8_X0Y0             PS8                          0.000     0.000 r  mixer_ddc_i/zynq_ultra_ps_e_0/inst/PS8_i/PLCLK[0]
                         net (fo=1, routed)           0.129     0.129    mixer_ddc_i/zynq_ultra_ps_e_0/inst/pl_clk_unbuffered[0]
    BUFG_PS_X0Y90        BUFG_PS (Prop_BUFG_PS_I_O)
                                                      0.022     0.151 r  mixer_ddc_i/zynq_ultra_ps_e_0/inst/buffer_pl_clk_0.PL_CLK_0_BUFG/O
    X1Y1 (CLOCK_ROOT)    net (fo=19809, routed)       1.745     1.896    dbg_hub/inst/BSCANID.u_xsdbm_id/CORE_XSDB.UUT_MASTER/U_ICON_INTERFACE/U_CMD7_STAT/clk
    SLICE_X59Y109        FDRE                                         r  dbg_hub/inst/BSCANID.u_xsdbm_id/CORE_XSDB.UUT_MASTER/U_ICON_INTERFACE/U_CMD7_STAT/stat_reg_reg[0]/C
  -------------------------------------------------------------------    -------------------
    SLICE_X59Y109        FDRE (Prop_AFF2_SLICEL_C_Q)
                                                      0.085     1.981 r  dbg_hub/inst/BSCANID.u_xsdbm_id/CORE_XSDB.UUT_MASTER/U_ICON_INTERFACE/U_CMD7_STAT/stat_reg_reg[0]/Q
                         net (fo=1, routed)           0.084     2.065    dbg_hub/inst/BSCANID.u_xsdbm_id/CORE_XSDB.UUT_MASTER/U_ICON_INTERFACE/U_CMD7_STAT/stat_reg[0]
    SLICE_X59Y110        FDRE                                         r  dbg_hub/inst/BSCANID.u_xsdbm_id/CORE_XSDB.UUT_MASTER/U_ICON_INTERFACE/U_CMD7_STAT/stat_reg_1_reg[0]/D
  -------------------------------------------------------------------    -------------------

                         (clock dbg_hub/inst/BSCANID.u_xsdbm_id/SWITCH_N_EXT_BSCAN.bscan_inst/SERIES7_BSCAN.bscan_inst/INTERNAL_TCK rise edge)
                                                      0.000     0.000 r  
    CONFIG_SITE_X0Y0     BSCANE2                      0.000     0.000 r  dbg_hub/inst/BSCANID.u_xsdbm_id/SWITCH_N_EXT_BSCAN.bscan_inst/SERIES7_BSCAN.bscan_inst/INTERNAL_TCK
    CONFIG_SITE_X0Y0     BSCANE2 (Prop_BSCAN1_CONFIG_SITE_INTERNAL_TCK_TCK)
                                                      4.800     4.800 r  dbg_hub/inst/BSCANID.u_xsdbm_id/SWITCH_N_EXT_BSCAN.bscan_inst/SERIES7_BSCAN.bscan_inst/TCK
                         net (fo=1, routed)           1.225     6.025    dbg_hub/inst/BSCANID.u_xsdbm_id/tck_bs
    BUFGCE_X0Y76         BUFGCE (Prop_BUFCE_BUFGCE_I_O)
                                                      0.026     6.051 r  dbg_hub/inst/BSCANID.u_xsdbm_id/SWITCH_N_EXT_BSCAN.u_bufg_icon_tck/O
    X2Y1 (CLOCK_ROOT)    net (fo=482, routed)         1.536     7.587    dbg_hub/inst/BSCANID.u_xsdbm_id/CORE_XSDB.UUT_MASTER/U_ICON_INTERFACE/U_CMD7_STAT/m_bscan_tck[0]
    SLICE_X59Y110        FDRE                                         r  dbg_hub/inst/BSCANID.u_xsdbm_id/CORE_XSDB.UUT_MASTER/U_ICON_INTERFACE/U_CMD7_STAT/stat_reg_1_reg[0]/C

Slack:                    inf
  Source:                 dbg_hub/inst/BSCANID.u_xsdbm_id/CORE_XSDB.UUT_MASTER/U_ICON_INTERFACE/rddata_rst_reg/C
                            (rising edge-triggered cell FDRE clocked by clk_pl_0  {rise@0.000ns fall@5.156ns period=10.312ns})
  Destination:            dbg_hub/inst/BSCANID.u_xsdbm_id/CORE_XSDB.UUT_MASTER/U_ICON_INTERFACE/U_CMD6_RD/U_RD_FIFO/SUBCORE_FIFO.xsdbm_v3_0_0_rdfifo_inst/inst_fifo_gen/gconvfifo.rf/grf.rf/rstblk/ngwrdrst.grst.g7serrst.rst_rd_reg1_reg/PRE
                            (removal check against rising-edge clock dbg_hub/inst/BSCANID.u_xsdbm_id/SWITCH_N_EXT_BSCAN.bscan_inst/SERIES7_BSCAN.bscan_inst/INTERNAL_TCK  {rise@0.000ns fall@25.000ns period=50.000ns})
  Path Group:             (none)
  Path Type:              Removal (Min at Fast Process Corner)
  Data Path Delay:        0.174ns  (logic 0.084ns (48.205%)  route 0.090ns (51.795%))
  Logic Levels:           0  
  Clock Path Skew:        5.701ns (DCD - SCD - CPR)
    Destination Clock Delay (DCD):    7.593ns
    Source Clock Delay      (SCD):    1.893ns
    Clock Pessimism Removal (CPR):    -0.000ns
  Clock Uncertainty:      0.159ns  ((TSJ^2 + DJ^2)^1/2) / 2 + PE
    Total System Jitter     (TSJ):    0.071ns
    Discrete Jitter          (DJ):    0.310ns
    Phase Error              (PE):    0.000ns
  Clock Net Delay (Source):      1.742ns (routing 0.940ns, distribution 0.802ns)
  Clock Net Delay (Destination): 1.542ns (routing 0.880ns, distribution 0.662ns)
  Timing Exception:       False Path

    Location             Delay type                Incr(ns)  Path(ns)    Netlist Resource(s)
  -------------------------------------------------------------------    -------------------
                         (clock clk_pl_0 rise edge)
                                                      0.000     0.000 r  
    PS8_X0Y0             PS8                          0.000     0.000 r  mixer_ddc_i/zynq_ultra_ps_e_0/inst/PS8_i/PLCLK[0]
                         net (fo=1, routed)           0.129     0.129    mixer_ddc_i/zynq_ultra_ps_e_0/inst/pl_clk_unbuffered[0]
    BUFG_PS_X0Y90        BUFG_PS (Prop_BUFG_PS_I_O)
                                                      0.022     0.151 r  mixer_ddc_i/zynq_ultra_ps_e_0/inst/buffer_pl_clk_0.PL_CLK_0_BUFG/O
    X1Y1 (CLOCK_ROOT)    net (fo=19809, routed)       1.742     1.893    dbg_hub/inst/BSCANID.u_xsdbm_id/CORE_XSDB.UUT_MASTER/U_ICON_INTERFACE/clk
    SLICE_X56Y103        FDRE                                         r  dbg_hub/inst/BSCANID.u_xsdbm_id/CORE_XSDB.UUT_MASTER/U_ICON_INTERFACE/rddata_rst_reg/C
  -------------------------------------------------------------------    -------------------
    SLICE_X56Y103        FDRE (Prop_CFF_SLICEL_C_Q)
                                                      0.084     1.977 f  dbg_hub/inst/BSCANID.u_xsdbm_id/CORE_XSDB.UUT_MASTER/U_ICON_INTERFACE/rddata_rst_reg/Q
                         net (fo=20, routed)          0.090     2.067    dbg_hub/inst/BSCANID.u_xsdbm_id/CORE_XSDB.UUT_MASTER/U_ICON_INTERFACE/U_CMD6_RD/U_RD_FIFO/SUBCORE_FIFO.xsdbm_v3_0_0_rdfifo_inst/inst_fifo_gen/gconvfifo.rf/grf.rf/rstblk/rst
    SLICE_X57Y102        FDPE                                         f  dbg_hub/inst/BSCANID.u_xsdbm_id/CORE_XSDB.UUT_MASTER/U_ICON_INTERFACE/U_CMD6_RD/U_RD_FIFO/SUBCORE_FIFO.xsdbm_v3_0_0_rdfifo_inst/inst_fifo_gen/gconvfifo.rf/grf.rf/rstblk/ngwrdrst.grst.g7serrst.rst_rd_reg1_reg/PRE
  -------------------------------------------------------------------    -------------------

                         (clock dbg_hub/inst/BSCANID.u_xsdbm_id/SWITCH_N_EXT_BSCAN.bscan_inst/SERIES7_BSCAN.bscan_inst/INTERNAL_TCK rise edge)
                                                      0.000     0.000 r  
    CONFIG_SITE_X0Y0     BSCANE2                      0.000     0.000 r  dbg_hub/inst/BSCANID.u_xsdbm_id/SWITCH_N_EXT_BSCAN.bscan_inst/SERIES7_BSCAN.bscan_inst/INTERNAL_TCK
    CONFIG_SITE_X0Y0     BSCANE2 (Prop_BSCAN1_CONFIG_SITE_INTERNAL_TCK_TCK)
                                                      4.800     4.800 r  dbg_hub/inst/BSCANID.u_xsdbm_id/SWITCH_N_EXT_BSCAN.bscan_inst/SERIES7_BSCAN.bscan_inst/TCK
                         net (fo=1, routed)           1.225     6.025    dbg_hub/inst/BSCANID.u_xsdbm_id/tck_bs
    BUFGCE_X0Y76         BUFGCE (Prop_BUFCE_BUFGCE_I_O)
                                                      0.026     6.051 r  dbg_hub/inst/BSCANID.u_xsdbm_id/SWITCH_N_EXT_BSCAN.u_bufg_icon_tck/O
    X2Y1 (CLOCK_ROOT)    net (fo=482, routed)         1.542     7.593    dbg_hub/inst/BSCANID.u_xsdbm_id/CORE_XSDB.UUT_MASTER/U_ICON_INTERFACE/U_CMD6_RD/U_RD_FIFO/SUBCORE_FIFO.xsdbm_v3_0_0_rdfifo_inst/inst_fifo_gen/gconvfifo.rf/grf.rf/rstblk/rd_clk
    SLICE_X57Y102        FDPE                                         r  dbg_hub/inst/BSCANID.u_xsdbm_id/CORE_XSDB.UUT_MASTER/U_ICON_INTERFACE/U_CMD6_RD/U_RD_FIFO/SUBCORE_FIFO.xsdbm_v3_0_0_rdfifo_inst/inst_fifo_gen/gconvfifo.rf/grf.rf/rstblk/ngwrdrst.grst.g7serrst.rst_rd_reg1_reg/C

Slack:                    inf
  Source:                 dbg_hub/inst/BSCANID.u_xsdbm_id/CORE_XSDB.UUT_MASTER/U_ICON_INTERFACE/rddata_rst_reg/C
                            (rising edge-triggered cell FDRE clocked by clk_pl_0  {rise@0.000ns fall@5.156ns period=10.312ns})
  Destination:            dbg_hub/inst/BSCANID.u_xsdbm_id/CORE_XSDB.UUT_MASTER/U_ICON_INTERFACE/U_CMD6_RD/U_RD_FIFO/SUBCORE_FIFO.xsdbm_v3_0_0_rdfifo_inst/inst_fifo_gen/gconvfifo.rf/grf.rf/rstblk/ngwrdrst.grst.g7serrst.rst_rd_reg2_reg/PRE
                            (removal check against rising-edge clock dbg_hub/inst/BSCANID.u_xsdbm_id/SWITCH_N_EXT_BSCAN.bscan_inst/SERIES7_BSCAN.bscan_inst/INTERNAL_TCK  {rise@0.000ns fall@25.000ns period=50.000ns})
  Path Group:             (none)
  Path Type:              Removal (Min at Fast Process Corner)
  Data Path Delay:        0.174ns  (logic 0.084ns (48.205%)  route 0.090ns (51.795%))
  Logic Levels:           0  
  Clock Path Skew:        5.701ns (DCD - SCD - CPR)
    Destination Clock Delay (DCD):    7.593ns
    Source Clock Delay      (SCD):    1.893ns
    Clock Pessimism Removal (CPR):    -0.000ns
  Clock Uncertainty:      0.159ns  ((TSJ^2 + DJ^2)^1/2) / 2 + PE
    Total System Jitter     (TSJ):    0.071ns
    Discrete Jitter          (DJ):    0.310ns
    Phase Error              (PE):    0.000ns
  Clock Net Delay (Source):      1.742ns (routing 0.940ns, distribution 0.802ns)
  Clock Net Delay (Destination): 1.542ns (routing 0.880ns, distribution 0.662ns)
  Timing Exception:       False Path

    Location             Delay type                Incr(ns)  Path(ns)    Netlist Resource(s)
  -------------------------------------------------------------------    -------------------
                         (clock clk_pl_0 rise edge)
                                                      0.000     0.000 r  
    PS8_X0Y0             PS8                          0.000     0.000 r  mixer_ddc_i/zynq_ultra_ps_e_0/inst/PS8_i/PLCLK[0]
                         net (fo=1, routed)           0.129     0.129    mixer_ddc_i/zynq_ultra_ps_e_0/inst/pl_clk_unbuffered[0]
    BUFG_PS_X0Y90        BUFG_PS (Prop_BUFG_PS_I_O)
                                                      0.022     0.151 r  mixer_ddc_i/zynq_ultra_ps_e_0/inst/buffer_pl_clk_0.PL_CLK_0_BUFG/O
    X1Y1 (CLOCK_ROOT)    net (fo=19809, routed)       1.742     1.893    dbg_hub/inst/BSCANID.u_xsdbm_id/CORE_XSDB.UUT_MASTER/U_ICON_INTERFACE/clk
    SLICE_X56Y103        FDRE                                         r  dbg_hub/inst/BSCANID.u_xsdbm_id/CORE_XSDB.UUT_MASTER/U_ICON_INTERFACE/rddata_rst_reg/C
  -------------------------------------------------------------------    -------------------
    SLICE_X56Y103        FDRE (Prop_CFF_SLICEL_C_Q)
                                                      0.084     1.977 f  dbg_hub/inst/BSCANID.u_xsdbm_id/CORE_XSDB.UUT_MASTER/U_ICON_INTERFACE/rddata_rst_reg/Q
                         net (fo=20, routed)          0.090     2.067    dbg_hub/inst/BSCANID.u_xsdbm_id/CORE_XSDB.UUT_MASTER/U_ICON_INTERFACE/U_CMD6_RD/U_RD_FIFO/SUBCORE_FIFO.xsdbm_v3_0_0_rdfifo_inst/inst_fifo_gen/gconvfifo.rf/grf.rf/rstblk/rst
    SLICE_X57Y102        FDPE                                         f  dbg_hub/inst/BSCANID.u_xsdbm_id/CORE_XSDB.UUT_MASTER/U_ICON_INTERFACE/U_CMD6_RD/U_RD_FIFO/SUBCORE_FIFO.xsdbm_v3_0_0_rdfifo_inst/inst_fifo_gen/gconvfifo.rf/grf.rf/rstblk/ngwrdrst.grst.g7serrst.rst_rd_reg2_reg/PRE
  -------------------------------------------------------------------    -------------------

                         (clock dbg_hub/inst/BSCANID.u_xsdbm_id/SWITCH_N_EXT_BSCAN.bscan_inst/SERIES7_BSCAN.bscan_inst/INTERNAL_TCK rise edge)
                                                      0.000     0.000 r  
    CONFIG_SITE_X0Y0     BSCANE2                      0.000     0.000 r  dbg_hub/inst/BSCANID.u_xsdbm_id/SWITCH_N_EXT_BSCAN.bscan_inst/SERIES7_BSCAN.bscan_inst/INTERNAL_TCK
    CONFIG_SITE_X0Y0     BSCANE2 (Prop_BSCAN1_CONFIG_SITE_INTERNAL_TCK_TCK)
                                                      4.800     4.800 r  dbg_hub/inst/BSCANID.u_xsdbm_id/SWITCH_N_EXT_BSCAN.bscan_inst/SERIES7_BSCAN.bscan_inst/TCK
                         net (fo=1, routed)           1.225     6.025    dbg_hub/inst/BSCANID.u_xsdbm_id/tck_bs
    BUFGCE_X0Y76         BUFGCE (Prop_BUFCE_BUFGCE_I_O)
                                                      0.026     6.051 r  dbg_hub/inst/BSCANID.u_xsdbm_id/SWITCH_N_EXT_BSCAN.u_bufg_icon_tck/O
    X2Y1 (CLOCK_ROOT)    net (fo=482, routed)         1.542     7.593    dbg_hub/inst/BSCANID.u_xsdbm_id/CORE_XSDB.UUT_MASTER/U_ICON_INTERFACE/U_CMD6_RD/U_RD_FIFO/SUBCORE_FIFO.xsdbm_v3_0_0_rdfifo_inst/inst_fifo_gen/gconvfifo.rf/grf.rf/rstblk/rd_clk
    SLICE_X57Y102        FDPE                                         r  dbg_hub/inst/BSCANID.u_xsdbm_id/CORE_XSDB.UUT_MASTER/U_ICON_INTERFACE/U_CMD6_RD/U_RD_FIFO/SUBCORE_FIFO.xsdbm_v3_0_0_rdfifo_inst/inst_fifo_gen/gconvfifo.rf/grf.rf/rstblk/ngwrdrst.grst.g7serrst.rst_rd_reg2_reg/C

Slack:                    inf
  Source:                 dbg_hub/inst/BSCANID.u_xsdbm_id/CORE_XSDB.UUT_MASTER/U_ICON_INTERFACE/U_CMD2/stat_reg_reg[0]/C
                            (rising edge-triggered cell FDRE clocked by clk_pl_0  {rise@0.000ns fall@5.156ns period=10.312ns})
  Destination:            dbg_hub/inst/BSCANID.u_xsdbm_id/CORE_XSDB.UUT_MASTER/U_ICON_INTERFACE/U_CMD2/stat_reg_1_reg[0]/D
                            (rising edge-triggered cell FDRE clocked by dbg_hub/inst/BSCANID.u_xsdbm_id/SWITCH_N_EXT_BSCAN.bscan_inst/SERIES7_BSCAN.bscan_inst/INTERNAL_TCK  {rise@0.000ns fall@25.000ns period=50.000ns})
  Path Group:             (none)
  Path Type:              Hold (Min at Fast Process Corner)
  Data Path Delay:        0.174ns  (logic 0.084ns (48.276%)  route 0.090ns (51.724%))
  Logic Levels:           0  
  Clock Path Skew:        5.699ns (DCD - SCD - CPR)
    Destination Clock Delay (DCD):    7.596ns
    Source Clock Delay      (SCD):    1.898ns
    Clock Pessimism Removal (CPR):    -0.000ns
  Clock Uncertainty:      0.159ns  ((TSJ^2 + DJ^2)^1/2) / 2 + PE
    Total System Jitter     (TSJ):    0.071ns
    Discrete Jitter          (DJ):    0.310ns
    Phase Error              (PE):    0.000ns
  Clock Net Delay (Source):      1.747ns (routing 0.940ns, distribution 0.807ns)
  Clock Net Delay (Destination): 1.545ns (routing 0.880ns, distribution 0.665ns)
  Timing Exception:       False Path

    Location             Delay type                Incr(ns)  Path(ns)    Netlist Resource(s)
  -------------------------------------------------------------------    -------------------
                         (clock clk_pl_0 rise edge)
                                                      0.000     0.000 r  
    PS8_X0Y0             PS8                          0.000     0.000 r  mixer_ddc_i/zynq_ultra_ps_e_0/inst/PS8_i/PLCLK[0]
                         net (fo=1, routed)           0.129     0.129    mixer_ddc_i/zynq_ultra_ps_e_0/inst/pl_clk_unbuffered[0]
    BUFG_PS_X0Y90        BUFG_PS (Prop_BUFG_PS_I_O)
                                                      0.022     0.151 r  mixer_ddc_i/zynq_ultra_ps_e_0/inst/buffer_pl_clk_0.PL_CLK_0_BUFG/O
    X1Y1 (CLOCK_ROOT)    net (fo=19809, routed)       1.747     1.898    dbg_hub/inst/BSCANID.u_xsdbm_id/CORE_XSDB.UUT_MASTER/U_ICON_INTERFACE/U_CMD2/clk
    SLICE_X54Y108        FDRE                                         r  dbg_hub/inst/BSCANID.u_xsdbm_id/CORE_XSDB.UUT_MASTER/U_ICON_INTERFACE/U_CMD2/stat_reg_reg[0]/C
  -------------------------------------------------------------------    -------------------
    SLICE_X54Y108        FDRE (Prop_AFF2_SLICEM_C_Q)
                                                      0.084     1.982 r  dbg_hub/inst/BSCANID.u_xsdbm_id/CORE_XSDB.UUT_MASTER/U_ICON_INTERFACE/U_CMD2/stat_reg_reg[0]/Q
                         net (fo=1, routed)           0.090     2.072    dbg_hub/inst/BSCANID.u_xsdbm_id/CORE_XSDB.UUT_MASTER/U_ICON_INTERFACE/U_CMD2/stat_reg[0]
    SLICE_X54Y109        FDRE                                         r  dbg_hub/inst/BSCANID.u_xsdbm_id/CORE_XSDB.UUT_MASTER/U_ICON_INTERFACE/U_CMD2/stat_reg_1_reg[0]/D
  -------------------------------------------------------------------    -------------------

                         (clock dbg_hub/inst/BSCANID.u_xsdbm_id/SWITCH_N_EXT_BSCAN.bscan_inst/SERIES7_BSCAN.bscan_inst/INTERNAL_TCK rise edge)
                                                      0.000     0.000 r  
    CONFIG_SITE_X0Y0     BSCANE2                      0.000     0.000 r  dbg_hub/inst/BSCANID.u_xsdbm_id/SWITCH_N_EXT_BSCAN.bscan_inst/SERIES7_BSCAN.bscan_inst/INTERNAL_TCK
    CONFIG_SITE_X0Y0     BSCANE2 (Prop_BSCAN1_CONFIG_SITE_INTERNAL_TCK_TCK)
                                                      4.800     4.800 r  dbg_hub/inst/BSCANID.u_xsdbm_id/SWITCH_N_EXT_BSCAN.bscan_inst/SERIES7_BSCAN.bscan_inst/TCK
                         net (fo=1, routed)           1.225     6.025    dbg_hub/inst/BSCANID.u_xsdbm_id/tck_bs
    BUFGCE_X0Y76         BUFGCE (Prop_BUFCE_BUFGCE_I_O)
                                                      0.026     6.051 r  dbg_hub/inst/BSCANID.u_xsdbm_id/SWITCH_N_EXT_BSCAN.u_bufg_icon_tck/O
    X2Y1 (CLOCK_ROOT)    net (fo=482, routed)         1.545     7.596    dbg_hub/inst/BSCANID.u_xsdbm_id/CORE_XSDB.UUT_MASTER/U_ICON_INTERFACE/U_CMD2/m_bscan_tck[0]
    SLICE_X54Y109        FDRE                                         r  dbg_hub/inst/BSCANID.u_xsdbm_id/CORE_XSDB.UUT_MASTER/U_ICON_INTERFACE/U_CMD2/stat_reg_1_reg[0]/C





--------------------------------------------------------------------------------------
Path Group:  (none)
From Clock:  
  To Clock:  dbg_hub/inst/BSCANID.u_xsdbm_id/SWITCH_N_EXT_BSCAN.bscan_inst/SERIES7_BSCAN.bscan_inst/INTERNAL_TCK

Max Delay             4 Endpoints
Min Delay             4 Endpoints
--------------------------------------------------------------------------------------


Max Delay Paths
--------------------------------------------------------------------------------------
Slack:                    inf
  Source:                 dbg_hub/inst/BSCANID.u_xsdbm_id/SWITCH_N_EXT_BSCAN.bscan_inst/SERIES7_BSCAN.bscan_inst/INTERNAL_TDI
                            (internal pin)
  Destination:            dbg_hub/inst/BSCANID.u_xsdbm_id/CORE_XSDB.U_ICON/iTDI_reg_reg/D
                            (rising edge-triggered cell FDRE clocked by dbg_hub/inst/BSCANID.u_xsdbm_id/SWITCH_N_EXT_BSCAN.bscan_inst/SERIES7_BSCAN.bscan_inst/INTERNAL_TCK  {rise@0.000ns fall@25.000ns period=50.000ns})
  Path Group:             (none)
  Path Type:              Setup (Max at Slow Process Corner)
  Data Path Delay:        5.936ns  (logic 4.800ns (80.868%)  route 1.136ns (19.132%))
  Logic Levels:           1  (BSCANE2=1)
  Clock Uncertainty:      0.025ns  ((TSJ^2 + TIJ^2)^1/2 + DJ) / 2 + PE
    Total System Jitter     (TSJ):    0.050ns
    Total Input Jitter      (TIJ):    0.000ns
    Discrete Jitter          (DJ):    0.000ns
    Phase Error              (PE):    0.000ns
  Clock Net Delay (Destination): 2.314ns (routing 1.340ns, distribution 0.974ns)

    Location             Delay type                Incr(ns)  Path(ns)    Netlist Resource(s)
  -------------------------------------------------------------------    -------------------
    CONFIG_SITE_X0Y0     BSCANE2                      0.000     0.000 r  dbg_hub/inst/BSCANID.u_xsdbm_id/SWITCH_N_EXT_BSCAN.bscan_inst/SERIES7_BSCAN.bscan_inst/INTERNAL_TDI
    CONFIG_SITE_X0Y0     BSCANE2 (Prop_BSCAN1_CONFIG_SITE_INTERNAL_TDI_TDI)
                                                      4.800     4.800 r  dbg_hub/inst/BSCANID.u_xsdbm_id/SWITCH_N_EXT_BSCAN.bscan_inst/SERIES7_BSCAN.bscan_inst/TDI
                         net (fo=4, routed)           1.136     5.936    dbg_hub/inst/BSCANID.u_xsdbm_id/CORE_XSDB.U_ICON/out
    SLICE_X50Y117        FDRE                                         r  dbg_hub/inst/BSCANID.u_xsdbm_id/CORE_XSDB.U_ICON/iTDI_reg_reg/D
  -------------------------------------------------------------------    -------------------

                         (clock dbg_hub/inst/BSCANID.u_xsdbm_id/SWITCH_N_EXT_BSCAN.bscan_inst/SERIES7_BSCAN.bscan_inst/INTERNAL_TCK rise edge)
                                                      0.000     0.000 r  
    CONFIG_SITE_X0Y0     BSCANE2                      0.000     0.000 r  dbg_hub/inst/BSCANID.u_xsdbm_id/SWITCH_N_EXT_BSCAN.bscan_inst/SERIES7_BSCAN.bscan_inst/INTERNAL_TCK
    CONFIG_SITE_X0Y0     BSCANE2 (Prop_BSCAN1_CONFIG_SITE_INTERNAL_TCK_TCK)
                                                      0.465     0.465 r  dbg_hub/inst/BSCANID.u_xsdbm_id/SWITCH_N_EXT_BSCAN.bscan_inst/SERIES7_BSCAN.bscan_inst/TCK
                         net (fo=1, routed)           1.120     1.585    dbg_hub/inst/BSCANID.u_xsdbm_id/tck_bs
    BUFGCE_X0Y76         BUFGCE (Prop_BUFCE_BUFGCE_I_O)
                                                      0.039     1.624 r  dbg_hub/inst/BSCANID.u_xsdbm_id/SWITCH_N_EXT_BSCAN.u_bufg_icon_tck/O
    X2Y1 (CLOCK_ROOT)    net (fo=482, routed)         2.314     3.938    dbg_hub/inst/BSCANID.u_xsdbm_id/CORE_XSDB.U_ICON/m_bscan_tck[0]
    SLICE_X50Y117        FDRE                                         r  dbg_hub/inst/BSCANID.u_xsdbm_id/CORE_XSDB.U_ICON/iTDI_reg_reg/C

Slack:                    inf
  Source:                 dbg_hub/inst/BSCANID.u_xsdbm_id/SWITCH_N_EXT_BSCAN.bscan_inst/SERIES7_BSCAN.bscan_inst/INTERNAL_TDI
                            (internal pin)
  Destination:            dbg_hub/inst/BSCANID.u_xsdbm_id/SWITCH_N_EXT_BSCAN.bscan_switch/shiftreg_reg[31]/D
                            (rising edge-triggered cell FDRE clocked by dbg_hub/inst/BSCANID.u_xsdbm_id/SWITCH_N_EXT_BSCAN.bscan_inst/SERIES7_BSCAN.bscan_inst/INTERNAL_TCK  {rise@0.000ns fall@25.000ns period=50.000ns})
  Path Group:             (none)
  Path Type:              Setup (Max at Slow Process Corner)
  Data Path Delay:        5.874ns  (logic 4.883ns (83.130%)  route 0.991ns (16.870%))
  Logic Levels:           2  (BSCANE2=1 LUT5=1)
  Clock Uncertainty:      0.025ns  ((TSJ^2 + TIJ^2)^1/2 + DJ) / 2 + PE
    Total System Jitter     (TSJ):    0.050ns
    Total Input Jitter      (TIJ):    0.000ns
    Discrete Jitter          (DJ):    0.000ns
    Phase Error              (PE):    0.000ns
  Clock Net Delay (Destination): 2.380ns (routing 1.340ns, distribution 1.040ns)

    Location             Delay type                Incr(ns)  Path(ns)    Netlist Resource(s)
  -------------------------------------------------------------------    -------------------
    CONFIG_SITE_X0Y0     BSCANE2                      0.000     0.000 r  dbg_hub/inst/BSCANID.u_xsdbm_id/SWITCH_N_EXT_BSCAN.bscan_inst/SERIES7_BSCAN.bscan_inst/INTERNAL_TDI
    CONFIG_SITE_X0Y0     BSCANE2 (Prop_BSCAN1_CONFIG_SITE_INTERNAL_TDI_TDI)
                                                      4.800     4.800 r  dbg_hub/inst/BSCANID.u_xsdbm_id/SWITCH_N_EXT_BSCAN.bscan_inst/SERIES7_BSCAN.bscan_inst/TDI
                         net (fo=4, routed)           0.928     5.728    dbg_hub/inst/BSCANID.u_xsdbm_id/SWITCH_N_EXT_BSCAN.bscan_switch/s_bscan_tdi
    SLICE_X50Y175        LUT5 (Prop_E6LUT_SLICEL_I2_O)
                                                      0.083     5.811 r  dbg_hub/inst/BSCANID.u_xsdbm_id/SWITCH_N_EXT_BSCAN.bscan_switch/shiftreg[31]_i_2/O
                         net (fo=1, routed)           0.063     5.874    dbg_hub/inst/BSCANID.u_xsdbm_id/SWITCH_N_EXT_BSCAN.bscan_switch/shiftreg[31]_i_2_n_0
    SLICE_X50Y175        FDRE                                         r  dbg_hub/inst/BSCANID.u_xsdbm_id/SWITCH_N_EXT_BSCAN.bscan_switch/shiftreg_reg[31]/D
  -------------------------------------------------------------------    -------------------

                         (clock dbg_hub/inst/BSCANID.u_xsdbm_id/SWITCH_N_EXT_BSCAN.bscan_inst/SERIES7_BSCAN.bscan_inst/INTERNAL_TCK rise edge)
                                                      0.000     0.000 r  
    CONFIG_SITE_X0Y0     BSCANE2                      0.000     0.000 r  dbg_hub/inst/BSCANID.u_xsdbm_id/SWITCH_N_EXT_BSCAN.bscan_inst/SERIES7_BSCAN.bscan_inst/INTERNAL_TCK
    CONFIG_SITE_X0Y0     BSCANE2 (Prop_BSCAN1_CONFIG_SITE_INTERNAL_TCK_TCK)
                                                      0.465     0.465 r  dbg_hub/inst/BSCANID.u_xsdbm_id/SWITCH_N_EXT_BSCAN.bscan_inst/SERIES7_BSCAN.bscan_inst/TCK
                         net (fo=1, routed)           1.120     1.585    dbg_hub/inst/BSCANID.u_xsdbm_id/tck_bs
    BUFGCE_X0Y76         BUFGCE (Prop_BUFCE_BUFGCE_I_O)
                                                      0.039     1.624 r  dbg_hub/inst/BSCANID.u_xsdbm_id/SWITCH_N_EXT_BSCAN.u_bufg_icon_tck/O
    X2Y1 (CLOCK_ROOT)    net (fo=482, routed)         2.380     4.004    dbg_hub/inst/BSCANID.u_xsdbm_id/SWITCH_N_EXT_BSCAN.bscan_switch/s_bscan_tck
    SLICE_X50Y175        FDRE                                         r  dbg_hub/inst/BSCANID.u_xsdbm_id/SWITCH_N_EXT_BSCAN.bscan_switch/shiftreg_reg[31]/C

Slack:                    inf
  Source:                 dbg_hub/inst/BSCANID.u_xsdbm_id/SWITCH_N_EXT_BSCAN.bscan_inst/SERIES7_BSCAN.bscan_inst/INTERNAL_TDI
                            (internal pin)
  Destination:            dbg_hub/inst/BSCANID.u_xsdbm_id/SWITCH_N_EXT_BSCAN.bscan_switch/bscanid_reg[31]/D
                            (rising edge-triggered cell FDRE clocked by dbg_hub/inst/BSCANID.u_xsdbm_id/SWITCH_N_EXT_BSCAN.bscan_inst/SERIES7_BSCAN.bscan_inst/INTERNAL_TCK  {rise@0.000ns fall@25.000ns period=50.000ns})
  Path Group:             (none)
  Path Type:              Setup (Max at Slow Process Corner)
  Data Path Delay:        5.400ns  (logic 4.882ns (90.409%)  route 0.518ns (9.591%))
  Logic Levels:           2  (BSCANE2=1 LUT2=1)
  Clock Uncertainty:      0.025ns  ((TSJ^2 + TIJ^2)^1/2 + DJ) / 2 + PE
    Total System Jitter     (TSJ):    0.050ns
    Total Input Jitter      (TIJ):    0.000ns
    Discrete Jitter          (DJ):    0.000ns
    Phase Error              (PE):    0.000ns
  Clock Net Delay (Destination): 2.340ns (routing 1.340ns, distribution 1.000ns)

    Location             Delay type                Incr(ns)  Path(ns)    Netlist Resource(s)
  -------------------------------------------------------------------    -------------------
    CONFIG_SITE_X0Y0     BSCANE2                      0.000     0.000 r  dbg_hub/inst/BSCANID.u_xsdbm_id/SWITCH_N_EXT_BSCAN.bscan_inst/SERIES7_BSCAN.bscan_inst/INTERNAL_TDI
    CONFIG_SITE_X0Y0     BSCANE2 (Prop_BSCAN1_CONFIG_SITE_INTERNAL_TDI_TDI)
                                                      4.800     4.800 r  dbg_hub/inst/BSCANID.u_xsdbm_id/SWITCH_N_EXT_BSCAN.bscan_inst/SERIES7_BSCAN.bscan_inst/TDI
                         net (fo=4, routed)           0.451     5.251    dbg_hub/inst/BSCANID.u_xsdbm_id/SWITCH_N_EXT_BSCAN.bscan_switch/s_bscan_tdi
    SLICE_X48Y171        LUT2 (Prop_A6LUT_SLICEL_I1_O)
                                                      0.082     5.333 r  dbg_hub/inst/BSCANID.u_xsdbm_id/SWITCH_N_EXT_BSCAN.bscan_switch/bscanid[31]_i_2/O
                         net (fo=1, routed)           0.067     5.400    dbg_hub/inst/BSCANID.u_xsdbm_id/SWITCH_N_EXT_BSCAN.bscan_switch/bscanid[31]_i_2_n_0
    SLICE_X48Y171        FDRE                                         r  dbg_hub/inst/BSCANID.u_xsdbm_id/SWITCH_N_EXT_BSCAN.bscan_switch/bscanid_reg[31]/D
  -------------------------------------------------------------------    -------------------

                         (clock dbg_hub/inst/BSCANID.u_xsdbm_id/SWITCH_N_EXT_BSCAN.bscan_inst/SERIES7_BSCAN.bscan_inst/INTERNAL_TCK rise edge)
                                                      0.000     0.000 r  
    CONFIG_SITE_X0Y0     BSCANE2                      0.000     0.000 r  dbg_hub/inst/BSCANID.u_xsdbm_id/SWITCH_N_EXT_BSCAN.bscan_inst/SERIES7_BSCAN.bscan_inst/INTERNAL_TCK
    CONFIG_SITE_X0Y0     BSCANE2 (Prop_BSCAN1_CONFIG_SITE_INTERNAL_TCK_TCK)
                                                      0.465     0.465 r  dbg_hub/inst/BSCANID.u_xsdbm_id/SWITCH_N_EXT_BSCAN.bscan_inst/SERIES7_BSCAN.bscan_inst/TCK
                         net (fo=1, routed)           1.120     1.585    dbg_hub/inst/BSCANID.u_xsdbm_id/tck_bs
    BUFGCE_X0Y76         BUFGCE (Prop_BUFCE_BUFGCE_I_O)
                                                      0.039     1.624 r  dbg_hub/inst/BSCANID.u_xsdbm_id/SWITCH_N_EXT_BSCAN.u_bufg_icon_tck/O
    X2Y1 (CLOCK_ROOT)    net (fo=482, routed)         2.340     3.964    dbg_hub/inst/BSCANID.u_xsdbm_id/SWITCH_N_EXT_BSCAN.bscan_switch/s_bscan_tck
    SLICE_X48Y171        FDRE                                         r  dbg_hub/inst/BSCANID.u_xsdbm_id/SWITCH_N_EXT_BSCAN.bscan_switch/bscanid_reg[31]/C

Slack:                    inf
  Source:                 dbg_hub/inst/BSCANID.u_xsdbm_id/SWITCH_N_EXT_BSCAN.bscan_inst/SERIES7_BSCAN.bscan_inst/INTERNAL_TDI
                            (internal pin)
  Destination:            dbg_hub/inst/BSCANID.u_xsdbm_id/SWITCH_N_EXT_BSCAN.bscanid_reg[31]/D
                            (rising edge-triggered cell FDRE clocked by dbg_hub/inst/BSCANID.u_xsdbm_id/SWITCH_N_EXT_BSCAN.bscan_inst/SERIES7_BSCAN.bscan_inst/INTERNAL_TCK  {rise@0.000ns fall@25.000ns period=50.000ns})
  Path Group:             (none)
  Path Type:              Setup (Max at Slow Process Corner)
  Data Path Delay:        5.332ns  (logic 4.953ns (92.894%)  route 0.379ns (7.106%))
  Logic Levels:           2  (BSCANE2=1 LUT4=1)
  Clock Uncertainty:      0.025ns  ((TSJ^2 + TIJ^2)^1/2 + DJ) / 2 + PE
    Total System Jitter     (TSJ):    0.050ns
    Total Input Jitter      (TIJ):    0.000ns
    Discrete Jitter          (DJ):    0.000ns
    Phase Error              (PE):    0.000ns
  Clock Net Delay (Destination): 2.333ns (routing 1.340ns, distribution 0.993ns)

    Location             Delay type                Incr(ns)  Path(ns)    Netlist Resource(s)
  -------------------------------------------------------------------    -------------------
    CONFIG_SITE_X0Y0     BSCANE2                      0.000     0.000 r  dbg_hub/inst/BSCANID.u_xsdbm_id/SWITCH_N_EXT_BSCAN.bscan_inst/SERIES7_BSCAN.bscan_inst/INTERNAL_TDI
    CONFIG_SITE_X0Y0     BSCANE2 (Prop_BSCAN1_CONFIG_SITE_INTERNAL_TDI_TDI)
                                                      4.800     4.800 r  dbg_hub/inst/BSCANID.u_xsdbm_id/SWITCH_N_EXT_BSCAN.bscan_inst/SERIES7_BSCAN.bscan_inst/TDI
                         net (fo=4, routed)           0.309     5.109    dbg_hub/inst/BSCANID.u_xsdbm_id/TDI
    SLICE_X48Y165        LUT4 (Prop_H6LUT_SLICEL_I3_O)
                                                      0.153     5.262 r  dbg_hub/inst/BSCANID.u_xsdbm_id/SWITCH_N_EXT_BSCAN.bscanid[31]_i_1/O
                         net (fo=1, routed)           0.070     5.332    dbg_hub/inst/BSCANID.u_xsdbm_id/p_2_in[31]
    SLICE_X48Y165        FDRE                                         r  dbg_hub/inst/BSCANID.u_xsdbm_id/SWITCH_N_EXT_BSCAN.bscanid_reg[31]/D
  -------------------------------------------------------------------    -------------------

                         (clock dbg_hub/inst/BSCANID.u_xsdbm_id/SWITCH_N_EXT_BSCAN.bscan_inst/SERIES7_BSCAN.bscan_inst/INTERNAL_TCK rise edge)
                                                      0.000     0.000 r  
    CONFIG_SITE_X0Y0     BSCANE2                      0.000     0.000 r  dbg_hub/inst/BSCANID.u_xsdbm_id/SWITCH_N_EXT_BSCAN.bscan_inst/SERIES7_BSCAN.bscan_inst/INTERNAL_TCK
    CONFIG_SITE_X0Y0     BSCANE2 (Prop_BSCAN1_CONFIG_SITE_INTERNAL_TCK_TCK)
                                                      0.465     0.465 r  dbg_hub/inst/BSCANID.u_xsdbm_id/SWITCH_N_EXT_BSCAN.bscan_inst/SERIES7_BSCAN.bscan_inst/TCK
                         net (fo=1, routed)           1.120     1.585    dbg_hub/inst/BSCANID.u_xsdbm_id/tck_bs
    BUFGCE_X0Y76         BUFGCE (Prop_BUFCE_BUFGCE_I_O)
                                                      0.039     1.624 r  dbg_hub/inst/BSCANID.u_xsdbm_id/SWITCH_N_EXT_BSCAN.u_bufg_icon_tck/O
    X2Y1 (CLOCK_ROOT)    net (fo=482, routed)         2.333     3.957    dbg_hub/inst/BSCANID.u_xsdbm_id/itck_i
    SLICE_X48Y165        FDRE                                         r  dbg_hub/inst/BSCANID.u_xsdbm_id/SWITCH_N_EXT_BSCAN.bscanid_reg[31]/C





Min Delay Paths
--------------------------------------------------------------------------------------
Slack:                    inf
  Source:                 dbg_hub/inst/BSCANID.u_xsdbm_id/SWITCH_N_EXT_BSCAN.bscan_inst/SERIES7_BSCAN.bscan_inst/INTERNAL_TDI
                            (internal pin)
  Destination:            dbg_hub/inst/BSCANID.u_xsdbm_id/SWITCH_N_EXT_BSCAN.bscanid_reg[31]/D
                            (rising edge-triggered cell FDRE clocked by dbg_hub/inst/BSCANID.u_xsdbm_id/SWITCH_N_EXT_BSCAN.bscan_inst/SERIES7_BSCAN.bscan_inst/INTERNAL_TCK  {rise@0.000ns fall@25.000ns period=50.000ns})
  Path Group:             (none)
  Path Type:              Hold (Min at Fast Process Corner)
  Data Path Delay:        0.702ns  (logic 0.542ns (77.238%)  route 0.160ns (22.762%))
  Logic Levels:           2  (BSCANE2=1 LUT4=1)
  Clock Uncertainty:      0.025ns  ((TSJ^2 + TIJ^2)^1/2 + DJ) / 2 + PE
    Total System Jitter     (TSJ):    0.050ns
    Total Input Jitter      (TIJ):    0.000ns
    Discrete Jitter          (DJ):    0.000ns
    Phase Error              (PE):    0.000ns
  Clock Net Delay (Destination): 1.551ns (routing 0.880ns, distribution 0.671ns)

    Location             Delay type                Incr(ns)  Path(ns)    Netlist Resource(s)
  -------------------------------------------------------------------    -------------------
    CONFIG_SITE_X0Y0     BSCANE2                      0.000     0.000 r  dbg_hub/inst/BSCANID.u_xsdbm_id/SWITCH_N_EXT_BSCAN.bscan_inst/SERIES7_BSCAN.bscan_inst/INTERNAL_TDI
    CONFIG_SITE_X0Y0     BSCANE2 (Prop_BSCAN1_CONFIG_SITE_INTERNAL_TDI_TDI)
                                                      0.465     0.465 r  dbg_hub/inst/BSCANID.u_xsdbm_id/SWITCH_N_EXT_BSCAN.bscan_inst/SERIES7_BSCAN.bscan_inst/TDI
                         net (fo=4, routed)           0.141     0.606    dbg_hub/inst/BSCANID.u_xsdbm_id/TDI
    SLICE_X48Y165        LUT4 (Prop_H6LUT_SLICEL_I3_O)
                                                      0.077     0.683 r  dbg_hub/inst/BSCANID.u_xsdbm_id/SWITCH_N_EXT_BSCAN.bscanid[31]_i_1/O
                         net (fo=1, routed)           0.019     0.702    dbg_hub/inst/BSCANID.u_xsdbm_id/p_2_in[31]
    SLICE_X48Y165        FDRE                                         r  dbg_hub/inst/BSCANID.u_xsdbm_id/SWITCH_N_EXT_BSCAN.bscanid_reg[31]/D
  -------------------------------------------------------------------    -------------------

                         (clock dbg_hub/inst/BSCANID.u_xsdbm_id/SWITCH_N_EXT_BSCAN.bscan_inst/SERIES7_BSCAN.bscan_inst/INTERNAL_TCK rise edge)
                                                      0.000     0.000 r  
    CONFIG_SITE_X0Y0     BSCANE2                      0.000     0.000 r  dbg_hub/inst/BSCANID.u_xsdbm_id/SWITCH_N_EXT_BSCAN.bscan_inst/SERIES7_BSCAN.bscan_inst/INTERNAL_TCK
    CONFIG_SITE_X0Y0     BSCANE2 (Prop_BSCAN1_CONFIG_SITE_INTERNAL_TCK_TCK)
                                                      4.800     4.800 r  dbg_hub/inst/BSCANID.u_xsdbm_id/SWITCH_N_EXT_BSCAN.bscan_inst/SERIES7_BSCAN.bscan_inst/TCK
                         net (fo=1, routed)           1.225     6.025    dbg_hub/inst/BSCANID.u_xsdbm_id/tck_bs
    BUFGCE_X0Y76         BUFGCE (Prop_BUFCE_BUFGCE_I_O)
                                                      0.026     6.051 r  dbg_hub/inst/BSCANID.u_xsdbm_id/SWITCH_N_EXT_BSCAN.u_bufg_icon_tck/O
    X2Y1 (CLOCK_ROOT)    net (fo=482, routed)         1.551     7.602    dbg_hub/inst/BSCANID.u_xsdbm_id/itck_i
    SLICE_X48Y165        FDRE                                         r  dbg_hub/inst/BSCANID.u_xsdbm_id/SWITCH_N_EXT_BSCAN.bscanid_reg[31]/C

Slack:                    inf
  Source:                 dbg_hub/inst/BSCANID.u_xsdbm_id/SWITCH_N_EXT_BSCAN.bscan_inst/SERIES7_BSCAN.bscan_inst/INTERNAL_TDI
                            (internal pin)
  Destination:            dbg_hub/inst/BSCANID.u_xsdbm_id/SWITCH_N_EXT_BSCAN.bscan_switch/bscanid_reg[31]/D
                            (rising edge-triggered cell FDRE clocked by dbg_hub/inst/BSCANID.u_xsdbm_id/SWITCH_N_EXT_BSCAN.bscan_inst/SERIES7_BSCAN.bscan_inst/INTERNAL_TCK  {rise@0.000ns fall@25.000ns period=50.000ns})
  Path Group:             (none)
  Path Type:              Hold (Min at Fast Process Corner)
  Data Path Delay:        0.710ns  (logic 0.502ns (70.686%)  route 0.208ns (29.314%))
  Logic Levels:           2  (BSCANE2=1 LUT2=1)
  Clock Uncertainty:      0.025ns  ((TSJ^2 + TIJ^2)^1/2 + DJ) / 2 + PE
    Total System Jitter     (TSJ):    0.050ns
    Total Input Jitter      (TIJ):    0.000ns
    Discrete Jitter          (DJ):    0.000ns
    Phase Error              (PE):    0.000ns
  Clock Net Delay (Destination): 1.554ns (routing 0.880ns, distribution 0.674ns)

    Location             Delay type                Incr(ns)  Path(ns)    Netlist Resource(s)
  -------------------------------------------------------------------    -------------------
    CONFIG_SITE_X0Y0     BSCANE2                      0.000     0.000 r  dbg_hub/inst/BSCANID.u_xsdbm_id/SWITCH_N_EXT_BSCAN.bscan_inst/SERIES7_BSCAN.bscan_inst/INTERNAL_TDI
    CONFIG_SITE_X0Y0     BSCANE2 (Prop_BSCAN1_CONFIG_SITE_INTERNAL_TDI_TDI)
                                                      0.465     0.465 r  dbg_hub/inst/BSCANID.u_xsdbm_id/SWITCH_N_EXT_BSCAN.bscan_inst/SERIES7_BSCAN.bscan_inst/TDI
                         net (fo=4, routed)           0.190     0.655    dbg_hub/inst/BSCANID.u_xsdbm_id/SWITCH_N_EXT_BSCAN.bscan_switch/s_bscan_tdi
    SLICE_X48Y171        LUT2 (Prop_A6LUT_SLICEL_I1_O)
                                                      0.037     0.692 r  dbg_hub/inst/BSCANID.u_xsdbm_id/SWITCH_N_EXT_BSCAN.bscan_switch/bscanid[31]_i_2/O
                         net (fo=1, routed)           0.018     0.710    dbg_hub/inst/BSCANID.u_xsdbm_id/SWITCH_N_EXT_BSCAN.bscan_switch/bscanid[31]_i_2_n_0
    SLICE_X48Y171        FDRE                                         r  dbg_hub/inst/BSCANID.u_xsdbm_id/SWITCH_N_EXT_BSCAN.bscan_switch/bscanid_reg[31]/D
  -------------------------------------------------------------------    -------------------

                         (clock dbg_hub/inst/BSCANID.u_xsdbm_id/SWITCH_N_EXT_BSCAN.bscan_inst/SERIES7_BSCAN.bscan_inst/INTERNAL_TCK rise edge)
                                                      0.000     0.000 r  
    CONFIG_SITE_X0Y0     BSCANE2                      0.000     0.000 r  dbg_hub/inst/BSCANID.u_xsdbm_id/SWITCH_N_EXT_BSCAN.bscan_inst/SERIES7_BSCAN.bscan_inst/INTERNAL_TCK
    CONFIG_SITE_X0Y0     BSCANE2 (Prop_BSCAN1_CONFIG_SITE_INTERNAL_TCK_TCK)
                                                      4.800     4.800 r  dbg_hub/inst/BSCANID.u_xsdbm_id/SWITCH_N_EXT_BSCAN.bscan_inst/SERIES7_BSCAN.bscan_inst/TCK
                         net (fo=1, routed)           1.225     6.025    dbg_hub/inst/BSCANID.u_xsdbm_id/tck_bs
    BUFGCE_X0Y76         BUFGCE (Prop_BUFCE_BUFGCE_I_O)
                                                      0.026     6.051 r  dbg_hub/inst/BSCANID.u_xsdbm_id/SWITCH_N_EXT_BSCAN.u_bufg_icon_tck/O
    X2Y1 (CLOCK_ROOT)    net (fo=482, routed)         1.554     7.605    dbg_hub/inst/BSCANID.u_xsdbm_id/SWITCH_N_EXT_BSCAN.bscan_switch/s_bscan_tck
    SLICE_X48Y171        FDRE                                         r  dbg_hub/inst/BSCANID.u_xsdbm_id/SWITCH_N_EXT_BSCAN.bscan_switch/bscanid_reg[31]/C

Slack:                    inf
  Source:                 dbg_hub/inst/BSCANID.u_xsdbm_id/SWITCH_N_EXT_BSCAN.bscan_inst/SERIES7_BSCAN.bscan_inst/INTERNAL_TDI
                            (internal pin)
  Destination:            dbg_hub/inst/BSCANID.u_xsdbm_id/CORE_XSDB.U_ICON/iTDI_reg_reg/D
                            (rising edge-triggered cell FDRE clocked by dbg_hub/inst/BSCANID.u_xsdbm_id/SWITCH_N_EXT_BSCAN.bscan_inst/SERIES7_BSCAN.bscan_inst/INTERNAL_TCK  {rise@0.000ns fall@25.000ns period=50.000ns})
  Path Group:             (none)
  Path Type:              Hold (Min at Fast Process Corner)
  Data Path Delay:        0.916ns  (logic 0.465ns (50.766%)  route 0.451ns (49.234%))
  Logic Levels:           1  (BSCANE2=1)
  Clock Uncertainty:      0.025ns  ((TSJ^2 + TIJ^2)^1/2 + DJ) / 2 + PE
    Total System Jitter     (TSJ):    0.050ns
    Total Input Jitter      (TIJ):    0.000ns
    Discrete Jitter          (DJ):    0.000ns
    Phase Error              (PE):    0.000ns
  Clock Net Delay (Destination): 1.532ns (routing 0.880ns, distribution 0.652ns)

    Location             Delay type                Incr(ns)  Path(ns)    Netlist Resource(s)
  -------------------------------------------------------------------    -------------------
    CONFIG_SITE_X0Y0     BSCANE2                      0.000     0.000 r  dbg_hub/inst/BSCANID.u_xsdbm_id/SWITCH_N_EXT_BSCAN.bscan_inst/SERIES7_BSCAN.bscan_inst/INTERNAL_TDI
    CONFIG_SITE_X0Y0     BSCANE2 (Prop_BSCAN1_CONFIG_SITE_INTERNAL_TDI_TDI)
                                                      0.465     0.465 r  dbg_hub/inst/BSCANID.u_xsdbm_id/SWITCH_N_EXT_BSCAN.bscan_inst/SERIES7_BSCAN.bscan_inst/TDI
                         net (fo=4, routed)           0.451     0.916    dbg_hub/inst/BSCANID.u_xsdbm_id/CORE_XSDB.U_ICON/out
    SLICE_X50Y117        FDRE                                         r  dbg_hub/inst/BSCANID.u_xsdbm_id/CORE_XSDB.U_ICON/iTDI_reg_reg/D
  -------------------------------------------------------------------    -------------------

                         (clock dbg_hub/inst/BSCANID.u_xsdbm_id/SWITCH_N_EXT_BSCAN.bscan_inst/SERIES7_BSCAN.bscan_inst/INTERNAL_TCK rise edge)
                                                      0.000     0.000 r  
    CONFIG_SITE_X0Y0     BSCANE2                      0.000     0.000 r  dbg_hub/inst/BSCANID.u_xsdbm_id/SWITCH_N_EXT_BSCAN.bscan_inst/SERIES7_BSCAN.bscan_inst/INTERNAL_TCK
    CONFIG_SITE_X0Y0     BSCANE2 (Prop_BSCAN1_CONFIG_SITE_INTERNAL_TCK_TCK)
                                                      4.800     4.800 r  dbg_hub/inst/BSCANID.u_xsdbm_id/SWITCH_N_EXT_BSCAN.bscan_inst/SERIES7_BSCAN.bscan_inst/TCK
                         net (fo=1, routed)           1.225     6.025    dbg_hub/inst/BSCANID.u_xsdbm_id/tck_bs
    BUFGCE_X0Y76         BUFGCE (Prop_BUFCE_BUFGCE_I_O)
                                                      0.026     6.051 r  dbg_hub/inst/BSCANID.u_xsdbm_id/SWITCH_N_EXT_BSCAN.u_bufg_icon_tck/O
    X2Y1 (CLOCK_ROOT)    net (fo=482, routed)         1.532     7.583    dbg_hub/inst/BSCANID.u_xsdbm_id/CORE_XSDB.U_ICON/m_bscan_tck[0]
    SLICE_X50Y117        FDRE                                         r  dbg_hub/inst/BSCANID.u_xsdbm_id/CORE_XSDB.U_ICON/iTDI_reg_reg/C

Slack:                    inf
  Source:                 dbg_hub/inst/BSCANID.u_xsdbm_id/SWITCH_N_EXT_BSCAN.bscan_inst/SERIES7_BSCAN.bscan_inst/INTERNAL_TDI
                            (internal pin)
  Destination:            dbg_hub/inst/BSCANID.u_xsdbm_id/SWITCH_N_EXT_BSCAN.bscan_switch/shiftreg_reg[31]/D
                            (rising edge-triggered cell FDRE clocked by dbg_hub/inst/BSCANID.u_xsdbm_id/SWITCH_N_EXT_BSCAN.bscan_inst/SERIES7_BSCAN.bscan_inst/INTERNAL_TCK  {rise@0.000ns fall@25.000ns period=50.000ns})
  Path Group:             (none)
  Path Type:              Hold (Min at Fast Process Corner)
  Data Path Delay:        0.935ns  (logic 0.502ns (53.680%)  route 0.433ns (46.320%))
  Logic Levels:           2  (BSCANE2=1 LUT5=1)
  Clock Uncertainty:      0.025ns  ((TSJ^2 + TIJ^2)^1/2 + DJ) / 2 + PE
    Total System Jitter     (TSJ):    0.050ns
    Total Input Jitter      (TIJ):    0.000ns
    Discrete Jitter          (DJ):    0.000ns
    Phase Error              (PE):    0.000ns
  Clock Net Delay (Destination): 1.588ns (routing 0.880ns, distribution 0.708ns)

    Location             Delay type                Incr(ns)  Path(ns)    Netlist Resource(s)
  -------------------------------------------------------------------    -------------------
    CONFIG_SITE_X0Y0     BSCANE2                      0.000     0.000 r  dbg_hub/inst/BSCANID.u_xsdbm_id/SWITCH_N_EXT_BSCAN.bscan_inst/SERIES7_BSCAN.bscan_inst/INTERNAL_TDI
    CONFIG_SITE_X0Y0     BSCANE2 (Prop_BSCAN1_CONFIG_SITE_INTERNAL_TDI_TDI)
                                                      0.465     0.465 r  dbg_hub/inst/BSCANID.u_xsdbm_id/SWITCH_N_EXT_BSCAN.bscan_inst/SERIES7_BSCAN.bscan_inst/TDI
                         net (fo=4, routed)           0.417     0.882    dbg_hub/inst/BSCANID.u_xsdbm_id/SWITCH_N_EXT_BSCAN.bscan_switch/s_bscan_tdi
    SLICE_X50Y175        LUT5 (Prop_E6LUT_SLICEL_I2_O)
                                                      0.037     0.919 r  dbg_hub/inst/BSCANID.u_xsdbm_id/SWITCH_N_EXT_BSCAN.bscan_switch/shiftreg[31]_i_2/O
                         net (fo=1, routed)           0.016     0.935    dbg_hub/inst/BSCANID.u_xsdbm_id/SWITCH_N_EXT_BSCAN.bscan_switch/shiftreg[31]_i_2_n_0
    SLICE_X50Y175        FDRE                                         r  dbg_hub/inst/BSCANID.u_xsdbm_id/SWITCH_N_EXT_BSCAN.bscan_switch/shiftreg_reg[31]/D
  -------------------------------------------------------------------    -------------------

                         (clock dbg_hub/inst/BSCANID.u_xsdbm_id/SWITCH_N_EXT_BSCAN.bscan_inst/SERIES7_BSCAN.bscan_inst/INTERNAL_TCK rise edge)
                                                      0.000     0.000 r  
    CONFIG_SITE_X0Y0     BSCANE2                      0.000     0.000 r  dbg_hub/inst/BSCANID.u_xsdbm_id/SWITCH_N_EXT_BSCAN.bscan_inst/SERIES7_BSCAN.bscan_inst/INTERNAL_TCK
    CONFIG_SITE_X0Y0     BSCANE2 (Prop_BSCAN1_CONFIG_SITE_INTERNAL_TCK_TCK)
                                                      4.800     4.800 r  dbg_hub/inst/BSCANID.u_xsdbm_id/SWITCH_N_EXT_BSCAN.bscan_inst/SERIES7_BSCAN.bscan_inst/TCK
                         net (fo=1, routed)           1.225     6.025    dbg_hub/inst/BSCANID.u_xsdbm_id/tck_bs
    BUFGCE_X0Y76         BUFGCE (Prop_BUFCE_BUFGCE_I_O)
                                                      0.026     6.051 r  dbg_hub/inst/BSCANID.u_xsdbm_id/SWITCH_N_EXT_BSCAN.u_bufg_icon_tck/O
    X2Y1 (CLOCK_ROOT)    net (fo=482, routed)         1.588     7.639    dbg_hub/inst/BSCANID.u_xsdbm_id/SWITCH_N_EXT_BSCAN.bscan_switch/s_bscan_tck
    SLICE_X50Y175        FDRE                                         r  dbg_hub/inst/BSCANID.u_xsdbm_id/SWITCH_N_EXT_BSCAN.bscan_switch/shiftreg_reg[31]/C





