Copyright 1986-2022 Xilinx, Inc. All Rights Reserved.
-----------------------------------------------------------------------------------------------------------------------------------------------------------------------------------------------------------------------------------------
| Tool Version      : Vivado v.2022.2 (win64) Build 3671981 Fri Oct 14 05:00:03 MDT 2022
| Date              : Wed Jun 17 10:02:37 2026
| Host              : LAPTOP-CHCSI1R5 running 64-bit major release  (build 9200)
| Command           : report_timing_summary -max_paths 10 -report_unconstrained -file mixer_wrapper_timing_summary_routed.rpt -pb mixer_wrapper_timing_summary_routed.pb -rpx mixer_wrapper_timing_summary_routed.rpx -warn_on_violation
| Design            : mixer_wrapper
| Device            : xck26-sfvc784
| Speed File        : -2LV  PRODUCTION 1.30 05-15-2022
| Temperature Grade : C
-----------------------------------------------------------------------------------------------------------------------------------------------------------------------------------------------------------------------------------------

Timing Summary Report

------------------------------------------------------------------------------------------------
| Timer Settings
| --------------
------------------------------------------------------------------------------------------------

  Enable Multi Corner Analysis               :  Yes
  Enable Pessimism Removal                   :  Yes
  Pessimism Removal Resolution               :  Nearest Common Node
  Enable Input Delay Default Clock           :  No
  Enable Preset / Clear Arcs                 :  No
  Disable Flight Delays                      :  No
  Ignore I/O Paths                           :  No
  Timing Early Launch at Borrowing Latches   :  No
  Borrow Time for Max Delay Exceptions       :  Yes
  Merge Timing Exceptions                    :  Yes

  Corner  Analyze    Analyze    
  Name    Max Paths  Min Paths  
  ------  ---------  ---------  
  Slow    Yes        Yes        
  Fast    Yes        Yes        


------------------------------------------------------------------------------------------------
| Report Methodology
| ------------------
------------------------------------------------------------------------------------------------

Rule     Severity  Description                   Violations  
-------  --------  ----------------------------  ----------  
LUTAR-1  Warning   LUT drives async reset alert  1           

Note: This report is based on the most recent report_methodology run and may not be up-to-date. Run report_methodology on the current design for the latest report.



check_timing report

Table of Contents
-----------------
1. checking no_clock (0)
2. checking constant_clock (0)
3. checking pulse_width_clock (0)
4. checking unconstrained_internal_endpoints (0)
5. checking no_input_delay (0)
6. checking no_output_delay (0)
7. checking multiple_clock (0)
8. checking generated_clocks (0)
9. checking loops (0)
10. checking partial_input_delay (0)
11. checking partial_output_delay (0)
12. checking latch_loops (0)

1. checking no_clock (0)
------------------------
 There are 0 register/latch pins with no clock.


2. checking constant_clock (0)
------------------------------
 There are 0 register/latch pins with constant_clock.


3. checking pulse_width_clock (0)
---------------------------------
 There are 0 register/latch pins which need pulse_width check


4. checking unconstrained_internal_endpoints (0)
------------------------------------------------
 There are 0 pins that are not constrained for maximum delay.

 There are 0 pins that are not constrained for maximum delay due to constant clock.


5. checking no_input_delay (0)
------------------------------
 There are 0 input ports with no input delay specified.

 There are 0 input ports with no input delay but user has a false path constraint.


6. checking no_output_delay (0)
-------------------------------
 There are 0 ports with no output delay specified.

 There are 0 ports with no output delay but user has a false path constraint

 There are 0 ports with no output delay but with a timing clock defined on it or propagating through it


7. checking multiple_clock (0)
------------------------------
 There are 0 register/latch pins with multiple clocks.


8. checking generated_clocks (0)
--------------------------------
 There are 0 generated clocks that are not connected to a clock source.


9. checking loops (0)
---------------------
 There are 0 combinational loops in the design.


10. checking partial_input_delay (0)
------------------------------------
 There are 0 input ports with partial input delay specified.


11. checking partial_output_delay (0)
-------------------------------------
 There are 0 ports with partial output delay specified.


12. checking latch_loops (0)
----------------------------
 There are 0 combinational latch loops in the design through latch input



------------------------------------------------------------------------------------------------
| Design Timing Summary
| ---------------------
------------------------------------------------------------------------------------------------

    WNS(ns)      TNS(ns)  TNS Failing Endpoints  TNS Total Endpoints      WHS(ns)      THS(ns)  THS Failing Endpoints  THS Total Endpoints     WPWS(ns)     TPWS(ns)  TPWS Failing Endpoints  TPWS Total Endpoints  
    -------      -------  ---------------------  -------------------      -------      -------  ---------------------  -------------------     --------     --------  ----------------------  --------------------  
      2.381        0.000                      0                54206        0.010        0.000                      0                54190        3.656        0.000                       0                 19842  


All user specified timing constraints are met.


------------------------------------------------------------------------------------------------
| Clock Summary
| -------------
------------------------------------------------------------------------------------------------

Clock                                                                                                Waveform(ns)       Period(ns)      Frequency(MHz)
-----                                                                                                ------------       ----------      --------------
clk_pl_0                                                                                             {0.000 5.156}      10.312          96.974          
dbg_hub/inst/BSCANID.u_xsdbm_id/SWITCH_N_EXT_BSCAN.bscan_inst/SERIES7_BSCAN.bscan_inst/INTERNAL_TCK  {0.000 25.000}     50.000          20.000          


------------------------------------------------------------------------------------------------
| Intra Clock Table
| -----------------
------------------------------------------------------------------------------------------------

Clock                                                                                                    WNS(ns)      TNS(ns)  TNS Failing Endpoints  TNS Total Endpoints      WHS(ns)      THS(ns)  THS Failing Endpoints  THS Total Endpoints     WPWS(ns)     TPWS(ns)  TPWS Failing Endpoints  TPWS Total Endpoints  
-----                                                                                                    -------      -------  ---------------------  -------------------      -------      -------  ---------------------  -------------------     --------     --------  ----------------------  --------------------  
clk_pl_0                                                                                                   2.381        0.000                      0                52982        0.010        0.000                      0                52982        3.656        0.000                       0                 19359  
dbg_hub/inst/BSCANID.u_xsdbm_id/SWITCH_N_EXT_BSCAN.bscan_inst/SERIES7_BSCAN.bscan_inst/INTERNAL_TCK       13.362        0.000                      0                  997        0.031        0.000                      0                  997       24.238        0.000                       0                   483  


------------------------------------------------------------------------------------------------
| Inter Clock Table
| -----------------
------------------------------------------------------------------------------------------------

From Clock                                                                                           To Clock                                                                                                 WNS(ns)      TNS(ns)  TNS Failing Endpoints  TNS Total Endpoints      WHS(ns)      THS(ns)  THS Failing Endpoints  THS Total Endpoints  
----------                                                                                           --------                                                                                                 -------      -------  ---------------------  -------------------      -------      -------  ---------------------  -------------------  
dbg_hub/inst/BSCANID.u_xsdbm_id/SWITCH_N_EXT_BSCAN.bscan_inst/SERIES7_BSCAN.bscan_inst/INTERNAL_TCK  clk_pl_0                                                                                                  49.524        0.000                      0                    8                                                                        
clk_pl_0                                                                                             dbg_hub/inst/BSCANID.u_xsdbm_id/SWITCH_N_EXT_BSCAN.bscan_inst/SERIES7_BSCAN.bscan_inst/INTERNAL_TCK        9.856        0.000                      0                    8                                                                        


------------------------------------------------------------------------------------------------
| Other Path Groups Table
| -----------------------
------------------------------------------------------------------------------------------------

Path Group                                                                                           From Clock                                                                                           To Clock                                                                                                 WNS(ns)      TNS(ns)  TNS Failing Endpoints  TNS Total Endpoints      WHS(ns)      THS(ns)  THS Failing Endpoints  THS Total Endpoints  
----------                                                                                           ----------                                                                                           --------                                                                                                 -------      -------  ---------------------  -------------------      -------      -------  ---------------------  -------------------  
**async_default**                                                                                    clk_pl_0                                                                                             clk_pl_0                                                                                                   8.828        0.000                      0                  111        0.168        0.000                      0                  111  
**async_default**                                                                                    dbg_hub/inst/BSCANID.u_xsdbm_id/SWITCH_N_EXT_BSCAN.bscan_inst/SERIES7_BSCAN.bscan_inst/INTERNAL_TCK  dbg_hub/inst/BSCANID.u_xsdbm_id/SWITCH_N_EXT_BSCAN.bscan_inst/SERIES7_BSCAN.bscan_inst/INTERNAL_TCK       47.520        0.000                      0                  100        0.153        0.000                      0                  100  


------------------------------------------------------------------------------------------------
| User Ignored Path Table
| -----------------------
------------------------------------------------------------------------------------------------

Path Group                                                                                           From Clock                                                                                           To Clock                                                                                           
----------                                                                                           ----------                                                                                           --------                                                                                           
(none)                                                                                                                                                                                                    clk_pl_0                                                                                             
(none)                                                                                               clk_pl_0                                                                                             clk_pl_0                                                                                             
(none)                                                                                               dbg_hub/inst/BSCANID.u_xsdbm_id/SWITCH_N_EXT_BSCAN.bscan_inst/SERIES7_BSCAN.bscan_inst/INTERNAL_TCK  clk_pl_0                                                                                             
(none)                                                                                               clk_pl_0                                                                                             dbg_hub/inst/BSCANID.u_xsdbm_id/SWITCH_N_EXT_BSCAN.bscan_inst/SERIES7_BSCAN.bscan_inst/INTERNAL_TCK  


------------------------------------------------------------------------------------------------
| Unconstrained Path Table
| ------------------------
------------------------------------------------------------------------------------------------

Path Group                                                                                           From Clock                                                                                           To Clock                                                                                           
----------                                                                                           ----------                                                                                           --------                                                                                           
(none)                                                                                                                                                                                                    dbg_hub/inst/BSCANID.u_xsdbm_id/SWITCH_N_EXT_BSCAN.bscan_inst/SERIES7_BSCAN.bscan_inst/INTERNAL_TCK  


------------------------------------------------------------------------------------------------
| Timing Details
| --------------
------------------------------------------------------------------------------------------------


---------------------------------------------------------------------------------------------------
From Clock:  clk_pl_0
  To Clock:  clk_pl_0

Setup :            0  Failing Endpoints,  Worst Slack        2.381ns,  Total Violation        0.000ns
Hold  :            0  Failing Endpoints,  Worst Slack        0.010ns,  Total Violation        0.000ns
PW    :            0  Failing Endpoints,  Worst Slack        3.656ns,  Total Violation        0.000ns
---------------------------------------------------------------------------------------------------


Max Delay Paths
--------------------------------------------------------------------------------------
Slack (MET) :             2.381ns  (required time - arrival time)
  Source:                 mixer_i/axi_bram_ctrl_0/U0/gext_inst.abcv4_0_ext_inst/GEN_AXI4.I_FULL_AXI/ADDR_SNG_PORT.bram_addr_int_reg[7]/C
                            (rising edge-triggered cell FDRE clocked by clk_pl_0  {rise@0.000ns fall@5.156ns period=10.312ns})
  Destination:            mixer_i/blk_mem_gen_0/U0/inst_blk_mem_gen/gnbram.gnative_mem_map_bmg.native_mem_map_blk_mem_gen/valid.cstr/ramloop[5].ram.r/prim_noinit.ram/DEVICE_8SERIES.WITH_BMM_INFO.SP.CASCADED_PRIM36.ram_T/ADDRARDADDR[5]
                            (rising edge-triggered cell RAMB36E2 clocked by clk_pl_0  {rise@0.000ns fall@5.156ns period=10.312ns})
  Path Group:             clk_pl_0
  Path Type:              Setup (Max at Slow Process Corner)
  Requirement:            10.312ns  (clk_pl_0 rise@10.312ns - clk_pl_0 rise@0.000ns)
  Data Path Delay:        7.125ns  (logic 0.114ns (1.600%)  route 7.011ns (98.400%))
  Logic Levels:           0  
  Clock Path Skew:        -0.150ns (DCD - SCD + CPR)
    Destination Clock Delay (DCD):    3.067ns = ( 13.379 - 10.312 ) 
    Source Clock Delay      (SCD):    3.468ns
    Clock Pessimism Removal (CPR):    0.251ns
  Clock Uncertainty:      0.159ns  ((TSJ^2 + DJ^2)^1/2) / 2 + PE
    Total System Jitter     (TSJ):    0.071ns
    Discrete Jitter          (DJ):    0.310ns
    Phase Error              (PE):    0.000ns
  Clock Net Delay (Source):      3.201ns (routing 1.681ns, distribution 1.520ns)
  Clock Net Delay (Destination): 2.851ns (routing 1.538ns, distribution 1.313ns)

    Location             Delay type                Incr(ns)  Path(ns)    Netlist Resource(s)
  -------------------------------------------------------------------    -------------------
                         (clock clk_pl_0 rise edge)
                                                      0.000     0.000 r  
    PS8_X0Y0             PS8                          0.000     0.000 r  mixer_i/zynq_ultra_ps_e_0/inst/PS8_i/PLCLK[0]
                         net (fo=1, routed)           0.229     0.229    mixer_i/zynq_ultra_ps_e_0/inst/pl_clk_unbuffered[0]
    BUFG_PS_X0Y90        BUFG_PS (Prop_BUFG_PS_I_O)
                                                      0.038     0.267 r  mixer_i/zynq_ultra_ps_e_0/inst/buffer_pl_clk_0.PL_CLK_0_BUFG/O
    X1Y1 (CLOCK_ROOT)    net (fo=19371, routed)       3.201     3.468    mixer_i/axi_bram_ctrl_0/U0/gext_inst.abcv4_0_ext_inst/GEN_AXI4.I_FULL_AXI/s_axi_aclk
    SLICE_X20Y74         FDRE                                         r  mixer_i/axi_bram_ctrl_0/U0/gext_inst.abcv4_0_ext_inst/GEN_AXI4.I_FULL_AXI/ADDR_SNG_PORT.bram_addr_int_reg[7]/C
  -------------------------------------------------------------------    -------------------
    SLICE_X20Y74         FDRE (Prop_CFF2_SLICEM_C_Q)
                                                      0.114     3.582 r  mixer_i/axi_bram_ctrl_0/U0/gext_inst.abcv4_0_ext_inst/GEN_AXI4.I_FULL_AXI/ADDR_SNG_PORT.bram_addr_int_reg[7]/Q
                         net (fo=133, routed)         7.011    10.594    mixer_i/blk_mem_gen_0/U0/inst_blk_mem_gen/gnbram.gnative_mem_map_bmg.native_mem_map_blk_mem_gen/valid.cstr/ramloop[5].ram.r/prim_noinit.ram/addra[5]
    RAMB36_X1Y21         RAMB36E2                                     r  mixer_i/blk_mem_gen_0/U0/inst_blk_mem_gen/gnbram.gnative_mem_map_bmg.native_mem_map_blk_mem_gen/valid.cstr/ramloop[5].ram.r/prim_noinit.ram/DEVICE_8SERIES.WITH_BMM_INFO.SP.CASCADED_PRIM36.ram_T/ADDRARDADDR[5]
  -------------------------------------------------------------------    -------------------

                         (clock clk_pl_0 rise edge)
                                                     10.312    10.312 r  
    PS8_X0Y0             PS8                          0.000    10.312 r  mixer_i/zynq_ultra_ps_e_0/inst/PS8_i/PLCLK[0]
                         net (fo=1, routed)           0.181    10.493    mixer_i/zynq_ultra_ps_e_0/inst/pl_clk_unbuffered[0]
    BUFG_PS_X0Y90        BUFG_PS (Prop_BUFG_PS_I_O)
                                                      0.035    10.528 r  mixer_i/zynq_ultra_ps_e_0/inst/buffer_pl_clk_0.PL_CLK_0_BUFG/O
    X1Y1 (CLOCK_ROOT)    net (fo=19371, routed)       2.851    13.379    mixer_i/blk_mem_gen_0/U0/inst_blk_mem_gen/gnbram.gnative_mem_map_bmg.native_mem_map_blk_mem_gen/valid.cstr/ramloop[5].ram.r/prim_noinit.ram/clka
    RAMB36_X1Y21         RAMB36E2                                     r  mixer_i/blk_mem_gen_0/U0/inst_blk_mem_gen/gnbram.gnative_mem_map_bmg.native_mem_map_blk_mem_gen/valid.cstr/ramloop[5].ram.r/prim_noinit.ram/DEVICE_8SERIES.WITH_BMM_INFO.SP.CASCADED_PRIM36.ram_T/CLKARDCLK
                         clock pessimism              0.251    13.630    
                         clock uncertainty           -0.159    13.471    
    RAMB36_X1Y21         RAMB36E2 (Setup_RAMB36E2_RAMB36_CLKARDCLK_ADDRARDADDR[5])
                                                     -0.496    12.975    mixer_i/blk_mem_gen_0/U0/inst_blk_mem_gen/gnbram.gnative_mem_map_bmg.native_mem_map_blk_mem_gen/valid.cstr/ramloop[5].ram.r/prim_noinit.ram/DEVICE_8SERIES.WITH_BMM_INFO.SP.CASCADED_PRIM36.ram_T
  -------------------------------------------------------------------
                         required time                         12.975    
                         arrival time                         -10.594    
  -------------------------------------------------------------------
                         slack                                  2.381    

Slack (MET) :             2.485ns  (required time - arrival time)
  Source:                 mixer_i/axi_bram_ctrl_0/U0/gext_inst.abcv4_0_ext_inst/GEN_AXI4.I_FULL_AXI/ADDR_SNG_PORT.bram_addr_int_reg[7]/C
                            (rising edge-triggered cell FDRE clocked by clk_pl_0  {rise@0.000ns fall@5.156ns period=10.312ns})
  Destination:            mixer_i/blk_mem_gen_0/U0/inst_blk_mem_gen/gnbram.gnative_mem_map_bmg.native_mem_map_blk_mem_gen/valid.cstr/ramloop[7].ram.r/prim_noinit.ram/DEVICE_8SERIES.WITH_BMM_INFO.SP.CASCADED_PRIM36.ram_B/ADDRARDADDR[5]
                            (rising edge-triggered cell RAMB36E2 clocked by clk_pl_0  {rise@0.000ns fall@5.156ns period=10.312ns})
  Path Group:             clk_pl_0
  Path Type:              Setup (Max at Slow Process Corner)
  Requirement:            10.312ns  (clk_pl_0 rise@10.312ns - clk_pl_0 rise@0.000ns)
  Data Path Delay:        7.025ns  (logic 0.114ns (1.623%)  route 6.911ns (98.377%))
  Logic Levels:           0  
  Clock Path Skew:        -0.147ns (DCD - SCD + CPR)
    Destination Clock Delay (DCD):    3.070ns = ( 13.382 - 10.312 ) 
    Source Clock Delay      (SCD):    3.468ns
    Clock Pessimism Removal (CPR):    0.251ns
  Clock Uncertainty:      0.159ns  ((TSJ^2 + DJ^2)^1/2) / 2 + PE
    Total System Jitter     (TSJ):    0.071ns
    Discrete Jitter          (DJ):    0.310ns
    Phase Error              (PE):    0.000ns
  Clock Net Delay (Source):      3.201ns (routing 1.681ns, distribution 1.520ns)
  Clock Net Delay (Destination): 2.854ns (routing 1.538ns, distribution 1.316ns)

    Location             Delay type                Incr(ns)  Path(ns)    Netlist Resource(s)
  -------------------------------------------------------------------    -------------------
                         (clock clk_pl_0 rise edge)
                                                      0.000     0.000 r  
    PS8_X0Y0             PS8                          0.000     0.000 r  mixer_i/zynq_ultra_ps_e_0/inst/PS8_i/PLCLK[0]
                         net (fo=1, routed)           0.229     0.229    mixer_i/zynq_ultra_ps_e_0/inst/pl_clk_unbuffered[0]
    BUFG_PS_X0Y90        BUFG_PS (Prop_BUFG_PS_I_O)
                                                      0.038     0.267 r  mixer_i/zynq_ultra_ps_e_0/inst/buffer_pl_clk_0.PL_CLK_0_BUFG/O
    X1Y1 (CLOCK_ROOT)    net (fo=19371, routed)       3.201     3.468    mixer_i/axi_bram_ctrl_0/U0/gext_inst.abcv4_0_ext_inst/GEN_AXI4.I_FULL_AXI/s_axi_aclk
    SLICE_X20Y74         FDRE                                         r  mixer_i/axi_bram_ctrl_0/U0/gext_inst.abcv4_0_ext_inst/GEN_AXI4.I_FULL_AXI/ADDR_SNG_PORT.bram_addr_int_reg[7]/C
  -------------------------------------------------------------------    -------------------
    SLICE_X20Y74         FDRE (Prop_CFF2_SLICEM_C_Q)
                                                      0.114     3.582 r  mixer_i/axi_bram_ctrl_0/U0/gext_inst.abcv4_0_ext_inst/GEN_AXI4.I_FULL_AXI/ADDR_SNG_PORT.bram_addr_int_reg[7]/Q
                         net (fo=133, routed)         6.911    10.493    mixer_i/blk_mem_gen_0/U0/inst_blk_mem_gen/gnbram.gnative_mem_map_bmg.native_mem_map_blk_mem_gen/valid.cstr/ramloop[7].ram.r/prim_noinit.ram/addra[5]
    RAMB36_X1Y22         RAMB36E2                                     r  mixer_i/blk_mem_gen_0/U0/inst_blk_mem_gen/gnbram.gnative_mem_map_bmg.native_mem_map_blk_mem_gen/valid.cstr/ramloop[7].ram.r/prim_noinit.ram/DEVICE_8SERIES.WITH_BMM_INFO.SP.CASCADED_PRIM36.ram_B/ADDRARDADDR[5]
  -------------------------------------------------------------------    -------------------

                         (clock clk_pl_0 rise edge)
                                                     10.312    10.312 r  
    PS8_X0Y0             PS8                          0.000    10.312 r  mixer_i/zynq_ultra_ps_e_0/inst/PS8_i/PLCLK[0]
                         net (fo=1, routed)           0.181    10.493    mixer_i/zynq_ultra_ps_e_0/inst/pl_clk_unbuffered[0]
    BUFG_PS_X0Y90        BUFG_PS (Prop_BUFG_PS_I_O)
                                                      0.035    10.528 r  mixer_i/zynq_ultra_ps_e_0/inst/buffer_pl_clk_0.PL_CLK_0_BUFG/O
    X1Y1 (CLOCK_ROOT)    net (fo=19371, routed)       2.854    13.382    mixer_i/blk_mem_gen_0/U0/inst_blk_mem_gen/gnbram.gnative_mem_map_bmg.native_mem_map_blk_mem_gen/valid.cstr/ramloop[7].ram.r/prim_noinit.ram/clka
    RAMB36_X1Y22         RAMB36E2                                     r  mixer_i/blk_mem_gen_0/U0/inst_blk_mem_gen/gnbram.gnative_mem_map_bmg.native_mem_map_blk_mem_gen/valid.cstr/ramloop[7].ram.r/prim_noinit.ram/DEVICE_8SERIES.WITH_BMM_INFO.SP.CASCADED_PRIM36.ram_B/CLKARDCLK
                         clock pessimism              0.251    13.633    
                         clock uncertainty           -0.159    13.474    
    RAMB36_X1Y22         RAMB36E2 (Setup_RAMB36E2_RAMB36_CLKARDCLK_ADDRARDADDR[5])
                                                     -0.496    12.978    mixer_i/blk_mem_gen_0/U0/inst_blk_mem_gen/gnbram.gnative_mem_map_bmg.native_mem_map_blk_mem_gen/valid.cstr/ramloop[7].ram.r/prim_noinit.ram/DEVICE_8SERIES.WITH_BMM_INFO.SP.CASCADED_PRIM36.ram_B
  -------------------------------------------------------------------
                         required time                         12.978    
                         arrival time                         -10.493    
  -------------------------------------------------------------------
                         slack                                  2.485    

Slack (MET) :             2.618ns  (required time - arrival time)
  Source:                 mixer_i/axi_bram_ctrl_0/U0/gext_inst.abcv4_0_ext_inst/GEN_AXI4.I_FULL_AXI/ADDR_SNG_PORT.bram_addr_int_reg[7]/C
                            (rising edge-triggered cell FDRE clocked by clk_pl_0  {rise@0.000ns fall@5.156ns period=10.312ns})
  Destination:            mixer_i/blk_mem_gen_0/U0/inst_blk_mem_gen/gnbram.gnative_mem_map_bmg.native_mem_map_blk_mem_gen/valid.cstr/ramloop[0].ram.r/prim_noinit.ram/DEVICE_8SERIES.WITH_BMM_INFO.SP.CASCADED_PRIM36.ram_B/ADDRARDADDR[5]
                            (rising edge-triggered cell RAMB36E2 clocked by clk_pl_0  {rise@0.000ns fall@5.156ns period=10.312ns})
  Path Group:             clk_pl_0
  Path Type:              Setup (Max at Slow Process Corner)
  Requirement:            10.312ns  (clk_pl_0 rise@10.312ns - clk_pl_0 rise@0.000ns)
  Data Path Delay:        6.889ns  (logic 0.114ns (1.655%)  route 6.775ns (98.345%))
  Logic Levels:           0  
  Clock Path Skew:        -0.150ns (DCD - SCD + CPR)
    Destination Clock Delay (DCD):    3.124ns = ( 13.436 - 10.312 ) 
    Source Clock Delay      (SCD):    3.468ns
    Clock Pessimism Removal (CPR):    0.194ns
  Clock Uncertainty:      0.159ns  ((TSJ^2 + DJ^2)^1/2) / 2 + PE
    Total System Jitter     (TSJ):    0.071ns
    Discrete Jitter          (DJ):    0.310ns
    Phase Error              (PE):    0.000ns
  Clock Net Delay (Source):      3.201ns (routing 1.681ns, distribution 1.520ns)
  Clock Net Delay (Destination): 2.908ns (routing 1.538ns, distribution 1.370ns)

    Location             Delay type                Incr(ns)  Path(ns)    Netlist Resource(s)
  -------------------------------------------------------------------    -------------------
                         (clock clk_pl_0 rise edge)
                                                      0.000     0.000 r  
    PS8_X0Y0             PS8                          0.000     0.000 r  mixer_i/zynq_ultra_ps_e_0/inst/PS8_i/PLCLK[0]
                         net (fo=1, routed)           0.229     0.229    mixer_i/zynq_ultra_ps_e_0/inst/pl_clk_unbuffered[0]
    BUFG_PS_X0Y90        BUFG_PS (Prop_BUFG_PS_I_O)
                                                      0.038     0.267 r  mixer_i/zynq_ultra_ps_e_0/inst/buffer_pl_clk_0.PL_CLK_0_BUFG/O
    X1Y1 (CLOCK_ROOT)    net (fo=19371, routed)       3.201     3.468    mixer_i/axi_bram_ctrl_0/U0/gext_inst.abcv4_0_ext_inst/GEN_AXI4.I_FULL_AXI/s_axi_aclk
    SLICE_X20Y74         FDRE                                         r  mixer_i/axi_bram_ctrl_0/U0/gext_inst.abcv4_0_ext_inst/GEN_AXI4.I_FULL_AXI/ADDR_SNG_PORT.bram_addr_int_reg[7]/C
  -------------------------------------------------------------------    -------------------
    SLICE_X20Y74         FDRE (Prop_CFF2_SLICEM_C_Q)
                                                      0.114     3.582 r  mixer_i/axi_bram_ctrl_0/U0/gext_inst.abcv4_0_ext_inst/GEN_AXI4.I_FULL_AXI/ADDR_SNG_PORT.bram_addr_int_reg[7]/Q
                         net (fo=133, routed)         6.775    10.357    mixer_i/blk_mem_gen_0/U0/inst_blk_mem_gen/gnbram.gnative_mem_map_bmg.native_mem_map_blk_mem_gen/valid.cstr/ramloop[0].ram.r/prim_noinit.ram/addra[5]
    RAMB36_X1Y24         RAMB36E2                                     r  mixer_i/blk_mem_gen_0/U0/inst_blk_mem_gen/gnbram.gnative_mem_map_bmg.native_mem_map_blk_mem_gen/valid.cstr/ramloop[0].ram.r/prim_noinit.ram/DEVICE_8SERIES.WITH_BMM_INFO.SP.CASCADED_PRIM36.ram_B/ADDRARDADDR[5]
  -------------------------------------------------------------------    -------------------

                         (clock clk_pl_0 rise edge)
                                                     10.312    10.312 r  
    PS8_X0Y0             PS8                          0.000    10.312 r  mixer_i/zynq_ultra_ps_e_0/inst/PS8_i/PLCLK[0]
                         net (fo=1, routed)           0.181    10.493    mixer_i/zynq_ultra_ps_e_0/inst/pl_clk_unbuffered[0]
    BUFG_PS_X0Y90        BUFG_PS (Prop_BUFG_PS_I_O)
                                                      0.035    10.528 r  mixer_i/zynq_ultra_ps_e_0/inst/buffer_pl_clk_0.PL_CLK_0_BUFG/O
    X1Y1 (CLOCK_ROOT)    net (fo=19371, routed)       2.908    13.436    mixer_i/blk_mem_gen_0/U0/inst_blk_mem_gen/gnbram.gnative_mem_map_bmg.native_mem_map_blk_mem_gen/valid.cstr/ramloop[0].ram.r/prim_noinit.ram/clka
    RAMB36_X1Y24         RAMB36E2                                     r  mixer_i/blk_mem_gen_0/U0/inst_blk_mem_gen/gnbram.gnative_mem_map_bmg.native_mem_map_blk_mem_gen/valid.cstr/ramloop[0].ram.r/prim_noinit.ram/DEVICE_8SERIES.WITH_BMM_INFO.SP.CASCADED_PRIM36.ram_B/CLKARDCLK
                         clock pessimism              0.194    13.630    
                         clock uncertainty           -0.159    13.471    
    RAMB36_X1Y24         RAMB36E2 (Setup_RAMB36E2_RAMB36_CLKARDCLK_ADDRARDADDR[5])
                                                     -0.496    12.975    mixer_i/blk_mem_gen_0/U0/inst_blk_mem_gen/gnbram.gnative_mem_map_bmg.native_mem_map_blk_mem_gen/valid.cstr/ramloop[0].ram.r/prim_noinit.ram/DEVICE_8SERIES.WITH_BMM_INFO.SP.CASCADED_PRIM36.ram_B
  -------------------------------------------------------------------
                         required time                         12.975    
                         arrival time                         -10.357    
  -------------------------------------------------------------------
                         slack                                  2.618    

Slack (MET) :             2.650ns  (required time - arrival time)
  Source:                 mixer_i/axi_bram_ctrl_0/U0/gext_inst.abcv4_0_ext_inst/GEN_AXI4.I_FULL_AXI/ADDR_SNG_PORT.bram_addr_int_reg[7]/C
                            (rising edge-triggered cell FDRE clocked by clk_pl_0  {rise@0.000ns fall@5.156ns period=10.312ns})
  Destination:            mixer_i/blk_mem_gen_0/U0/inst_blk_mem_gen/gnbram.gnative_mem_map_bmg.native_mem_map_blk_mem_gen/valid.cstr/ramloop[3].ram.r/prim_noinit.ram/DEVICE_8SERIES.WITH_BMM_INFO.SP.CASCADED_PRIM36.ram_T/ADDRARDADDR[5]
                            (rising edge-triggered cell RAMB36E2 clocked by clk_pl_0  {rise@0.000ns fall@5.156ns period=10.312ns})
  Path Group:             clk_pl_0
  Path Type:              Setup (Max at Slow Process Corner)
  Requirement:            10.312ns  (clk_pl_0 rise@10.312ns - clk_pl_0 rise@0.000ns)
  Data Path Delay:        6.850ns  (logic 0.114ns (1.664%)  route 6.736ns (98.336%))
  Logic Levels:           0  
  Clock Path Skew:        -0.157ns (DCD - SCD + CPR)
    Destination Clock Delay (DCD):    3.117ns = ( 13.429 - 10.312 ) 
    Source Clock Delay      (SCD):    3.468ns
    Clock Pessimism Removal (CPR):    0.194ns
  Clock Uncertainty:      0.159ns  ((TSJ^2 + DJ^2)^1/2) / 2 + PE
    Total System Jitter     (TSJ):    0.071ns
    Discrete Jitter          (DJ):    0.310ns
    Phase Error              (PE):    0.000ns
  Clock Net Delay (Source):      3.201ns (routing 1.681ns, distribution 1.520ns)
  Clock Net Delay (Destination): 2.901ns (routing 1.538ns, distribution 1.363ns)

    Location             Delay type                Incr(ns)  Path(ns)    Netlist Resource(s)
  -------------------------------------------------------------------    -------------------
                         (clock clk_pl_0 rise edge)
                                                      0.000     0.000 r  
    PS8_X0Y0             PS8                          0.000     0.000 r  mixer_i/zynq_ultra_ps_e_0/inst/PS8_i/PLCLK[0]
                         net (fo=1, routed)           0.229     0.229    mixer_i/zynq_ultra_ps_e_0/inst/pl_clk_unbuffered[0]
    BUFG_PS_X0Y90        BUFG_PS (Prop_BUFG_PS_I_O)
                                                      0.038     0.267 r  mixer_i/zynq_ultra_ps_e_0/inst/buffer_pl_clk_0.PL_CLK_0_BUFG/O
    X1Y1 (CLOCK_ROOT)    net (fo=19371, routed)       3.201     3.468    mixer_i/axi_bram_ctrl_0/U0/gext_inst.abcv4_0_ext_inst/GEN_AXI4.I_FULL_AXI/s_axi_aclk
    SLICE_X20Y74         FDRE                                         r  mixer_i/axi_bram_ctrl_0/U0/gext_inst.abcv4_0_ext_inst/GEN_AXI4.I_FULL_AXI/ADDR_SNG_PORT.bram_addr_int_reg[7]/C
  -------------------------------------------------------------------    -------------------
    SLICE_X20Y74         FDRE (Prop_CFF2_SLICEM_C_Q)
                                                      0.114     3.582 r  mixer_i/axi_bram_ctrl_0/U0/gext_inst.abcv4_0_ext_inst/GEN_AXI4.I_FULL_AXI/ADDR_SNG_PORT.bram_addr_int_reg[7]/Q
                         net (fo=133, routed)         6.736    10.318    mixer_i/blk_mem_gen_0/U0/inst_blk_mem_gen/gnbram.gnative_mem_map_bmg.native_mem_map_blk_mem_gen/valid.cstr/ramloop[3].ram.r/prim_noinit.ram/addra[5]
    RAMB36_X1Y27         RAMB36E2                                     r  mixer_i/blk_mem_gen_0/U0/inst_blk_mem_gen/gnbram.gnative_mem_map_bmg.native_mem_map_blk_mem_gen/valid.cstr/ramloop[3].ram.r/prim_noinit.ram/DEVICE_8SERIES.WITH_BMM_INFO.SP.CASCADED_PRIM36.ram_T/ADDRARDADDR[5]
  -------------------------------------------------------------------    -------------------

                         (clock clk_pl_0 rise edge)
                                                     10.312    10.312 r  
    PS8_X0Y0             PS8                          0.000    10.312 r  mixer_i/zynq_ultra_ps_e_0/inst/PS8_i/PLCLK[0]
                         net (fo=1, routed)           0.181    10.493    mixer_i/zynq_ultra_ps_e_0/inst/pl_clk_unbuffered[0]
    BUFG_PS_X0Y90        BUFG_PS (Prop_BUFG_PS_I_O)
                                                      0.035    10.528 r  mixer_i/zynq_ultra_ps_e_0/inst/buffer_pl_clk_0.PL_CLK_0_BUFG/O
    X1Y1 (CLOCK_ROOT)    net (fo=19371, routed)       2.901    13.429    mixer_i/blk_mem_gen_0/U0/inst_blk_mem_gen/gnbram.gnative_mem_map_bmg.native_mem_map_blk_mem_gen/valid.cstr/ramloop[3].ram.r/prim_noinit.ram/clka
    RAMB36_X1Y27         RAMB36E2                                     r  mixer_i/blk_mem_gen_0/U0/inst_blk_mem_gen/gnbram.gnative_mem_map_bmg.native_mem_map_blk_mem_gen/valid.cstr/ramloop[3].ram.r/prim_noinit.ram/DEVICE_8SERIES.WITH_BMM_INFO.SP.CASCADED_PRIM36.ram_T/CLKARDCLK
                         clock pessimism              0.194    13.623    
                         clock uncertainty           -0.159    13.464    
    RAMB36_X1Y27         RAMB36E2 (Setup_RAMB36E2_RAMB36_CLKARDCLK_ADDRARDADDR[5])
                                                     -0.496    12.968    mixer_i/blk_mem_gen_0/U0/inst_blk_mem_gen/gnbram.gnative_mem_map_bmg.native_mem_map_blk_mem_gen/valid.cstr/ramloop[3].ram.r/prim_noinit.ram/DEVICE_8SERIES.WITH_BMM_INFO.SP.CASCADED_PRIM36.ram_T
  -------------------------------------------------------------------
                         required time                         12.968    
                         arrival time                         -10.318    
  -------------------------------------------------------------------
                         slack                                  2.650    

Slack (MET) :             2.657ns  (required time - arrival time)
  Source:                 mixer_i/axi_bram_ctrl_0/U0/gext_inst.abcv4_0_ext_inst/GEN_AXI4.I_FULL_AXI/ADDR_SNG_PORT.bram_addr_int_reg[7]/C
                            (rising edge-triggered cell FDRE clocked by clk_pl_0  {rise@0.000ns fall@5.156ns period=10.312ns})
  Destination:            mixer_i/blk_mem_gen_0/U0/inst_blk_mem_gen/gnbram.gnative_mem_map_bmg.native_mem_map_blk_mem_gen/valid.cstr/ramloop[7].ram.r/prim_noinit.ram/DEVICE_8SERIES.WITH_BMM_INFO.SP.CASCADED_PRIM36.ram_T/ADDRARDADDR[5]
                            (rising edge-triggered cell RAMB36E2 clocked by clk_pl_0  {rise@0.000ns fall@5.156ns period=10.312ns})
  Path Group:             clk_pl_0
  Path Type:              Setup (Max at Slow Process Corner)
  Requirement:            10.312ns  (clk_pl_0 rise@10.312ns - clk_pl_0 rise@0.000ns)
  Data Path Delay:        6.854ns  (logic 0.114ns (1.663%)  route 6.740ns (98.337%))
  Logic Levels:           0  
  Clock Path Skew:        -0.146ns (DCD - SCD + CPR)
    Destination Clock Delay (DCD):    3.071ns = ( 13.383 - 10.312 ) 
    Source Clock Delay      (SCD):    3.468ns
    Clock Pessimism Removal (CPR):    0.251ns
  Clock Uncertainty:      0.159ns  ((TSJ^2 + DJ^2)^1/2) / 2 + PE
    Total System Jitter     (TSJ):    0.071ns
    Discrete Jitter          (DJ):    0.310ns
    Phase Error              (PE):    0.000ns
  Clock Net Delay (Source):      3.201ns (routing 1.681ns, distribution 1.520ns)
  Clock Net Delay (Destination): 2.855ns (routing 1.538ns, distribution 1.317ns)

    Location             Delay type                Incr(ns)  Path(ns)    Netlist Resource(s)
  -------------------------------------------------------------------    -------------------
                         (clock clk_pl_0 rise edge)
                                                      0.000     0.000 r  
    PS8_X0Y0             PS8                          0.000     0.000 r  mixer_i/zynq_ultra_ps_e_0/inst/PS8_i/PLCLK[0]
                         net (fo=1, routed)           0.229     0.229    mixer_i/zynq_ultra_ps_e_0/inst/pl_clk_unbuffered[0]
    BUFG_PS_X0Y90        BUFG_PS (Prop_BUFG_PS_I_O)
                                                      0.038     0.267 r  mixer_i/zynq_ultra_ps_e_0/inst/buffer_pl_clk_0.PL_CLK_0_BUFG/O
    X1Y1 (CLOCK_ROOT)    net (fo=19371, routed)       3.201     3.468    mixer_i/axi_bram_ctrl_0/U0/gext_inst.abcv4_0_ext_inst/GEN_AXI4.I_FULL_AXI/s_axi_aclk
    SLICE_X20Y74         FDRE                                         r  mixer_i/axi_bram_ctrl_0/U0/gext_inst.abcv4_0_ext_inst/GEN_AXI4.I_FULL_AXI/ADDR_SNG_PORT.bram_addr_int_reg[7]/C
  -------------------------------------------------------------------    -------------------
    SLICE_X20Y74         FDRE (Prop_CFF2_SLICEM_C_Q)
                                                      0.114     3.582 r  mixer_i/axi_bram_ctrl_0/U0/gext_inst.abcv4_0_ext_inst/GEN_AXI4.I_FULL_AXI/ADDR_SNG_PORT.bram_addr_int_reg[7]/Q
                         net (fo=133, routed)         6.740    10.322    mixer_i/blk_mem_gen_0/U0/inst_blk_mem_gen/gnbram.gnative_mem_map_bmg.native_mem_map_blk_mem_gen/valid.cstr/ramloop[7].ram.r/prim_noinit.ram/addra[5]
    RAMB36_X1Y23         RAMB36E2                                     r  mixer_i/blk_mem_gen_0/U0/inst_blk_mem_gen/gnbram.gnative_mem_map_bmg.native_mem_map_blk_mem_gen/valid.cstr/ramloop[7].ram.r/prim_noinit.ram/DEVICE_8SERIES.WITH_BMM_INFO.SP.CASCADED_PRIM36.ram_T/ADDRARDADDR[5]
  -------------------------------------------------------------------    -------------------

                         (clock clk_pl_0 rise edge)
                                                     10.312    10.312 r  
    PS8_X0Y0             PS8                          0.000    10.312 r  mixer_i/zynq_ultra_ps_e_0/inst/PS8_i/PLCLK[0]
                         net (fo=1, routed)           0.181    10.493    mixer_i/zynq_ultra_ps_e_0/inst/pl_clk_unbuffered[0]
    BUFG_PS_X0Y90        BUFG_PS (Prop_BUFG_PS_I_O)
                                                      0.035    10.528 r  mixer_i/zynq_ultra_ps_e_0/inst/buffer_pl_clk_0.PL_CLK_0_BUFG/O
    X1Y1 (CLOCK_ROOT)    net (fo=19371, routed)       2.855    13.383    mixer_i/blk_mem_gen_0/U0/inst_blk_mem_gen/gnbram.gnative_mem_map_bmg.native_mem_map_blk_mem_gen/valid.cstr/ramloop[7].ram.r/prim_noinit.ram/clka
    RAMB36_X1Y23         RAMB36E2                                     r  mixer_i/blk_mem_gen_0/U0/inst_blk_mem_gen/gnbram.gnative_mem_map_bmg.native_mem_map_blk_mem_gen/valid.cstr/ramloop[7].ram.r/prim_noinit.ram/DEVICE_8SERIES.WITH_BMM_INFO.SP.CASCADED_PRIM36.ram_T/CLKARDCLK
                         clock pessimism              0.251    13.634    
                         clock uncertainty           -0.159    13.475    
    RAMB36_X1Y23         RAMB36E2 (Setup_RAMB36E2_RAMB36_CLKARDCLK_ADDRARDADDR[5])
                                                     -0.496    12.979    mixer_i/blk_mem_gen_0/U0/inst_blk_mem_gen/gnbram.gnative_mem_map_bmg.native_mem_map_blk_mem_gen/valid.cstr/ramloop[7].ram.r/prim_noinit.ram/DEVICE_8SERIES.WITH_BMM_INFO.SP.CASCADED_PRIM36.ram_T
  -------------------------------------------------------------------
                         required time                         12.979    
                         arrival time                         -10.322    
  -------------------------------------------------------------------
                         slack                                  2.657    

Slack (MET) :             2.725ns  (required time - arrival time)
  Source:                 mixer_i/axi_bram_ctrl_0/U0/gext_inst.abcv4_0_ext_inst/GEN_AXI4.I_FULL_AXI/ADDR_SNG_PORT.bram_addr_int_reg[7]/C
                            (rising edge-triggered cell FDRE clocked by clk_pl_0  {rise@0.000ns fall@5.156ns period=10.312ns})
  Destination:            mixer_i/blk_mem_gen_0/U0/inst_blk_mem_gen/gnbram.gnative_mem_map_bmg.native_mem_map_blk_mem_gen/valid.cstr/ramloop[0].ram.r/prim_noinit.ram/DEVICE_8SERIES.WITH_BMM_INFO.SP.CASCADED_PRIM36.ram_T/ADDRARDADDR[5]
                            (rising edge-triggered cell RAMB36E2 clocked by clk_pl_0  {rise@0.000ns fall@5.156ns period=10.312ns})
  Path Group:             clk_pl_0
  Path Type:              Setup (Max at Slow Process Corner)
  Requirement:            10.312ns  (clk_pl_0 rise@10.312ns - clk_pl_0 rise@0.000ns)
  Data Path Delay:        6.780ns  (logic 0.114ns (1.681%)  route 6.666ns (98.319%))
  Logic Levels:           0  
  Clock Path Skew:        -0.151ns (DCD - SCD + CPR)
    Destination Clock Delay (DCD):    3.123ns = ( 13.435 - 10.312 ) 
    Source Clock Delay      (SCD):    3.468ns
    Clock Pessimism Removal (CPR):    0.194ns
  Clock Uncertainty:      0.159ns  ((TSJ^2 + DJ^2)^1/2) / 2 + PE
    Total System Jitter     (TSJ):    0.071ns
    Discrete Jitter          (DJ):    0.310ns
    Phase Error              (PE):    0.000ns
  Clock Net Delay (Source):      3.201ns (routing 1.681ns, distribution 1.520ns)
  Clock Net Delay (Destination): 2.907ns (routing 1.538ns, distribution 1.369ns)

    Location             Delay type                Incr(ns)  Path(ns)    Netlist Resource(s)
  -------------------------------------------------------------------    -------------------
                         (clock clk_pl_0 rise edge)
                                                      0.000     0.000 r  
    PS8_X0Y0             PS8                          0.000     0.000 r  mixer_i/zynq_ultra_ps_e_0/inst/PS8_i/PLCLK[0]
                         net (fo=1, routed)           0.229     0.229    mixer_i/zynq_ultra_ps_e_0/inst/pl_clk_unbuffered[0]
    BUFG_PS_X0Y90        BUFG_PS (Prop_BUFG_PS_I_O)
                                                      0.038     0.267 r  mixer_i/zynq_ultra_ps_e_0/inst/buffer_pl_clk_0.PL_CLK_0_BUFG/O
    X1Y1 (CLOCK_ROOT)    net (fo=19371, routed)       3.201     3.468    mixer_i/axi_bram_ctrl_0/U0/gext_inst.abcv4_0_ext_inst/GEN_AXI4.I_FULL_AXI/s_axi_aclk
    SLICE_X20Y74         FDRE                                         r  mixer_i/axi_bram_ctrl_0/U0/gext_inst.abcv4_0_ext_inst/GEN_AXI4.I_FULL_AXI/ADDR_SNG_PORT.bram_addr_int_reg[7]/C
  -------------------------------------------------------------------    -------------------
    SLICE_X20Y74         FDRE (Prop_CFF2_SLICEM_C_Q)
                                                      0.114     3.582 r  mixer_i/axi_bram_ctrl_0/U0/gext_inst.abcv4_0_ext_inst/GEN_AXI4.I_FULL_AXI/ADDR_SNG_PORT.bram_addr_int_reg[7]/Q
                         net (fo=133, routed)         6.666    10.249    mixer_i/blk_mem_gen_0/U0/inst_blk_mem_gen/gnbram.gnative_mem_map_bmg.native_mem_map_blk_mem_gen/valid.cstr/ramloop[0].ram.r/prim_noinit.ram/addra[5]
    RAMB36_X1Y25         RAMB36E2                                     r  mixer_i/blk_mem_gen_0/U0/inst_blk_mem_gen/gnbram.gnative_mem_map_bmg.native_mem_map_blk_mem_gen/valid.cstr/ramloop[0].ram.r/prim_noinit.ram/DEVICE_8SERIES.WITH_BMM_INFO.SP.CASCADED_PRIM36.ram_T/ADDRARDADDR[5]
  -------------------------------------------------------------------    -------------------

                         (clock clk_pl_0 rise edge)
                                                     10.312    10.312 r  
    PS8_X0Y0             PS8                          0.000    10.312 r  mixer_i/zynq_ultra_ps_e_0/inst/PS8_i/PLCLK[0]
                         net (fo=1, routed)           0.181    10.493    mixer_i/zynq_ultra_ps_e_0/inst/pl_clk_unbuffered[0]
    BUFG_PS_X0Y90        BUFG_PS (Prop_BUFG_PS_I_O)
                                                      0.035    10.528 r  mixer_i/zynq_ultra_ps_e_0/inst/buffer_pl_clk_0.PL_CLK_0_BUFG/O
    X1Y1 (CLOCK_ROOT)    net (fo=19371, routed)       2.907    13.435    mixer_i/blk_mem_gen_0/U0/inst_blk_mem_gen/gnbram.gnative_mem_map_bmg.native_mem_map_blk_mem_gen/valid.cstr/ramloop[0].ram.r/prim_noinit.ram/clka
    RAMB36_X1Y25         RAMB36E2                                     r  mixer_i/blk_mem_gen_0/U0/inst_blk_mem_gen/gnbram.gnative_mem_map_bmg.native_mem_map_blk_mem_gen/valid.cstr/ramloop[0].ram.r/prim_noinit.ram/DEVICE_8SERIES.WITH_BMM_INFO.SP.CASCADED_PRIM36.ram_T/CLKARDCLK
                         clock pessimism              0.194    13.629    
                         clock uncertainty           -0.159    13.470    
    RAMB36_X1Y25         RAMB36E2 (Setup_RAMB36E2_RAMB36_CLKARDCLK_ADDRARDADDR[5])
                                                     -0.496    12.974    mixer_i/blk_mem_gen_0/U0/inst_blk_mem_gen/gnbram.gnative_mem_map_bmg.native_mem_map_blk_mem_gen/valid.cstr/ramloop[0].ram.r/prim_noinit.ram/DEVICE_8SERIES.WITH_BMM_INFO.SP.CASCADED_PRIM36.ram_T
  -------------------------------------------------------------------
                         required time                         12.974    
                         arrival time                         -10.249    
  -------------------------------------------------------------------
                         slack                                  2.725    

Slack (MET) :             2.789ns  (required time - arrival time)
  Source:                 mixer_i/axi_bram_ctrl_0/U0/gext_inst.abcv4_0_ext_inst/GEN_AXI4.I_FULL_AXI/ADDR_SNG_PORT.bram_addr_int_reg[7]/C
                            (rising edge-triggered cell FDRE clocked by clk_pl_0  {rise@0.000ns fall@5.156ns period=10.312ns})
  Destination:            mixer_i/blk_mem_gen_0/U0/inst_blk_mem_gen/gnbram.gnative_mem_map_bmg.native_mem_map_blk_mem_gen/valid.cstr/ramloop[3].ram.r/prim_noinit.ram/DEVICE_8SERIES.WITH_BMM_INFO.SP.CASCADED_PRIM36.ram_B/ADDRARDADDR[5]
                            (rising edge-triggered cell RAMB36E2 clocked by clk_pl_0  {rise@0.000ns fall@5.156ns period=10.312ns})
  Path Group:             clk_pl_0
  Path Type:              Setup (Max at Slow Process Corner)
  Requirement:            10.312ns  (clk_pl_0 rise@10.312ns - clk_pl_0 rise@0.000ns)
  Data Path Delay:        6.715ns  (logic 0.114ns (1.698%)  route 6.601ns (98.302%))
  Logic Levels:           0  
  Clock Path Skew:        -0.153ns (DCD - SCD + CPR)
    Destination Clock Delay (DCD):    3.121ns = ( 13.433 - 10.312 ) 
    Source Clock Delay      (SCD):    3.468ns
    Clock Pessimism Removal (CPR):    0.194ns
  Clock Uncertainty:      0.159ns  ((TSJ^2 + DJ^2)^1/2) / 2 + PE
    Total System Jitter     (TSJ):    0.071ns
    Discrete Jitter          (DJ):    0.310ns
    Phase Error              (PE):    0.000ns
  Clock Net Delay (Source):      3.201ns (routing 1.681ns, distribution 1.520ns)
  Clock Net Delay (Destination): 2.905ns (routing 1.538ns, distribution 1.367ns)

    Location             Delay type                Incr(ns)  Path(ns)    Netlist Resource(s)
  -------------------------------------------------------------------    -------------------
                         (clock clk_pl_0 rise edge)
                                                      0.000     0.000 r  
    PS8_X0Y0             PS8                          0.000     0.000 r  mixer_i/zynq_ultra_ps_e_0/inst/PS8_i/PLCLK[0]
                         net (fo=1, routed)           0.229     0.229    mixer_i/zynq_ultra_ps_e_0/inst/pl_clk_unbuffered[0]
    BUFG_PS_X0Y90        BUFG_PS (Prop_BUFG_PS_I_O)
                                                      0.038     0.267 r  mixer_i/zynq_ultra_ps_e_0/inst/buffer_pl_clk_0.PL_CLK_0_BUFG/O
    X1Y1 (CLOCK_ROOT)    net (fo=19371, routed)       3.201     3.468    mixer_i/axi_bram_ctrl_0/U0/gext_inst.abcv4_0_ext_inst/GEN_AXI4.I_FULL_AXI/s_axi_aclk
    SLICE_X20Y74         FDRE                                         r  mixer_i/axi_bram_ctrl_0/U0/gext_inst.abcv4_0_ext_inst/GEN_AXI4.I_FULL_AXI/ADDR_SNG_PORT.bram_addr_int_reg[7]/C
  -------------------------------------------------------------------    -------------------
    SLICE_X20Y74         FDRE (Prop_CFF2_SLICEM_C_Q)
                                                      0.114     3.582 r  mixer_i/axi_bram_ctrl_0/U0/gext_inst.abcv4_0_ext_inst/GEN_AXI4.I_FULL_AXI/ADDR_SNG_PORT.bram_addr_int_reg[7]/Q
                         net (fo=133, routed)         6.601    10.183    mixer_i/blk_mem_gen_0/U0/inst_blk_mem_gen/gnbram.gnative_mem_map_bmg.native_mem_map_blk_mem_gen/valid.cstr/ramloop[3].ram.r/prim_noinit.ram/addra[5]
    RAMB36_X1Y26         RAMB36E2                                     r  mixer_i/blk_mem_gen_0/U0/inst_blk_mem_gen/gnbram.gnative_mem_map_bmg.native_mem_map_blk_mem_gen/valid.cstr/ramloop[3].ram.r/prim_noinit.ram/DEVICE_8SERIES.WITH_BMM_INFO.SP.CASCADED_PRIM36.ram_B/ADDRARDADDR[5]
  -------------------------------------------------------------------    -------------------

                         (clock clk_pl_0 rise edge)
                                                     10.312    10.312 r  
    PS8_X0Y0             PS8                          0.000    10.312 r  mixer_i/zynq_ultra_ps_e_0/inst/PS8_i/PLCLK[0]
                         net (fo=1, routed)           0.181    10.493    mixer_i/zynq_ultra_ps_e_0/inst/pl_clk_unbuffered[0]
    BUFG_PS_X0Y90        BUFG_PS (Prop_BUFG_PS_I_O)
                                                      0.035    10.528 r  mixer_i/zynq_ultra_ps_e_0/inst/buffer_pl_clk_0.PL_CLK_0_BUFG/O
    X1Y1 (CLOCK_ROOT)    net (fo=19371, routed)       2.905    13.433    mixer_i/blk_mem_gen_0/U0/inst_blk_mem_gen/gnbram.gnative_mem_map_bmg.native_mem_map_blk_mem_gen/valid.cstr/ramloop[3].ram.r/prim_noinit.ram/clka
    RAMB36_X1Y26         RAMB36E2                                     r  mixer_i/blk_mem_gen_0/U0/inst_blk_mem_gen/gnbram.gnative_mem_map_bmg.native_mem_map_blk_mem_gen/valid.cstr/ramloop[3].ram.r/prim_noinit.ram/DEVICE_8SERIES.WITH_BMM_INFO.SP.CASCADED_PRIM36.ram_B/CLKARDCLK
                         clock pessimism              0.194    13.627    
                         clock uncertainty           -0.159    13.468    
    RAMB36_X1Y26         RAMB36E2 (Setup_RAMB36E2_RAMB36_CLKARDCLK_ADDRARDADDR[5])
                                                     -0.496    12.972    mixer_i/blk_mem_gen_0/U0/inst_blk_mem_gen/gnbram.gnative_mem_map_bmg.native_mem_map_blk_mem_gen/valid.cstr/ramloop[3].ram.r/prim_noinit.ram/DEVICE_8SERIES.WITH_BMM_INFO.SP.CASCADED_PRIM36.ram_B
  -------------------------------------------------------------------
                         required time                         12.972    
                         arrival time                         -10.183    
  -------------------------------------------------------------------
                         slack                                  2.789    

Slack (MET) :             2.856ns  (required time - arrival time)
  Source:                 mixer_i/axi_bram_ctrl_0/U0/gext_inst.abcv4_0_ext_inst/GEN_AXI4.I_FULL_AXI/ADDR_SNG_PORT.bram_addr_int_reg[7]/C
                            (rising edge-triggered cell FDRE clocked by clk_pl_0  {rise@0.000ns fall@5.156ns period=10.312ns})
  Destination:            mixer_i/blk_mem_gen_0/U0/inst_blk_mem_gen/gnbram.gnative_mem_map_bmg.native_mem_map_blk_mem_gen/valid.cstr/ramloop[22].ram.r/prim_noinit.ram/DEVICE_8SERIES.WITH_BMM_INFO.SP.CASCADED_PRIM36.ram_B/ADDRARDADDR[5]
                            (rising edge-triggered cell RAMB36E2 clocked by clk_pl_0  {rise@0.000ns fall@5.156ns period=10.312ns})
  Path Group:             clk_pl_0
  Path Type:              Setup (Max at Slow Process Corner)
  Requirement:            10.312ns  (clk_pl_0 rise@10.312ns - clk_pl_0 rise@0.000ns)
  Data Path Delay:        6.639ns  (logic 0.114ns (1.717%)  route 6.525ns (98.283%))
  Logic Levels:           0  
  Clock Path Skew:        -0.162ns (DCD - SCD + CPR)
    Destination Clock Delay (DCD):    3.112ns = ( 13.424 - 10.312 ) 
    Source Clock Delay      (SCD):    3.468ns
    Clock Pessimism Removal (CPR):    0.194ns
  Clock Uncertainty:      0.159ns  ((TSJ^2 + DJ^2)^1/2) / 2 + PE
    Total System Jitter     (TSJ):    0.071ns
    Discrete Jitter          (DJ):    0.310ns
    Phase Error              (PE):    0.000ns
  Clock Net Delay (Source):      3.201ns (routing 1.681ns, distribution 1.520ns)
  Clock Net Delay (Destination): 2.896ns (routing 1.538ns, distribution 1.358ns)

    Location             Delay type                Incr(ns)  Path(ns)    Netlist Resource(s)
  -------------------------------------------------------------------    -------------------
                         (clock clk_pl_0 rise edge)
                                                      0.000     0.000 r  
    PS8_X0Y0             PS8                          0.000     0.000 r  mixer_i/zynq_ultra_ps_e_0/inst/PS8_i/PLCLK[0]
                         net (fo=1, routed)           0.229     0.229    mixer_i/zynq_ultra_ps_e_0/inst/pl_clk_unbuffered[0]
    BUFG_PS_X0Y90        BUFG_PS (Prop_BUFG_PS_I_O)
                                                      0.038     0.267 r  mixer_i/zynq_ultra_ps_e_0/inst/buffer_pl_clk_0.PL_CLK_0_BUFG/O
    X1Y1 (CLOCK_ROOT)    net (fo=19371, routed)       3.201     3.468    mixer_i/axi_bram_ctrl_0/U0/gext_inst.abcv4_0_ext_inst/GEN_AXI4.I_FULL_AXI/s_axi_aclk
    SLICE_X20Y74         FDRE                                         r  mixer_i/axi_bram_ctrl_0/U0/gext_inst.abcv4_0_ext_inst/GEN_AXI4.I_FULL_AXI/ADDR_SNG_PORT.bram_addr_int_reg[7]/C
  -------------------------------------------------------------------    -------------------
    SLICE_X20Y74         FDRE (Prop_CFF2_SLICEM_C_Q)
                                                      0.114     3.582 r  mixer_i/axi_bram_ctrl_0/U0/gext_inst.abcv4_0_ext_inst/GEN_AXI4.I_FULL_AXI/ADDR_SNG_PORT.bram_addr_int_reg[7]/Q
                         net (fo=133, routed)         6.525    10.108    mixer_i/blk_mem_gen_0/U0/inst_blk_mem_gen/gnbram.gnative_mem_map_bmg.native_mem_map_blk_mem_gen/valid.cstr/ramloop[22].ram.r/prim_noinit.ram/addra[5]
    RAMB36_X1Y28         RAMB36E2                                     r  mixer_i/blk_mem_gen_0/U0/inst_blk_mem_gen/gnbram.gnative_mem_map_bmg.native_mem_map_blk_mem_gen/valid.cstr/ramloop[22].ram.r/prim_noinit.ram/DEVICE_8SERIES.WITH_BMM_INFO.SP.CASCADED_PRIM36.ram_B/ADDRARDADDR[5]
  -------------------------------------------------------------------    -------------------

                         (clock clk_pl_0 rise edge)
                                                     10.312    10.312 r  
    PS8_X0Y0             PS8                          0.000    10.312 r  mixer_i/zynq_ultra_ps_e_0/inst/PS8_i/PLCLK[0]
                         net (fo=1, routed)           0.181    10.493    mixer_i/zynq_ultra_ps_e_0/inst/pl_clk_unbuffered[0]
    BUFG_PS_X0Y90        BUFG_PS (Prop_BUFG_PS_I_O)
                                                      0.035    10.528 r  mixer_i/zynq_ultra_ps_e_0/inst/buffer_pl_clk_0.PL_CLK_0_BUFG/O
    X1Y1 (CLOCK_ROOT)    net (fo=19371, routed)       2.896    13.424    mixer_i/blk_mem_gen_0/U0/inst_blk_mem_gen/gnbram.gnative_mem_map_bmg.native_mem_map_blk_mem_gen/valid.cstr/ramloop[22].ram.r/prim_noinit.ram/clka
    RAMB36_X1Y28         RAMB36E2                                     r  mixer_i/blk_mem_gen_0/U0/inst_blk_mem_gen/gnbram.gnative_mem_map_bmg.native_mem_map_blk_mem_gen/valid.cstr/ramloop[22].ram.r/prim_noinit.ram/DEVICE_8SERIES.WITH_BMM_INFO.SP.CASCADED_PRIM36.ram_B/CLKARDCLK
                         clock pessimism              0.194    13.618    
                         clock uncertainty           -0.159    13.459    
    RAMB36_X1Y28         RAMB36E2 (Setup_RAMB36E2_RAMB36_CLKARDCLK_ADDRARDADDR[5])
                                                     -0.496    12.963    mixer_i/blk_mem_gen_0/U0/inst_blk_mem_gen/gnbram.gnative_mem_map_bmg.native_mem_map_blk_mem_gen/valid.cstr/ramloop[22].ram.r/prim_noinit.ram/DEVICE_8SERIES.WITH_BMM_INFO.SP.CASCADED_PRIM36.ram_B
  -------------------------------------------------------------------
                         required time                         12.963    
                         arrival time                         -10.108    
  -------------------------------------------------------------------
                         slack                                  2.856    

Slack (MET) :             2.995ns  (required time - arrival time)
  Source:                 mixer_i/axi_bram_ctrl_0/U0/gext_inst.abcv4_0_ext_inst/GEN_AXI4.I_FULL_AXI/ADDR_SNG_PORT.bram_addr_int_reg[7]/C
                            (rising edge-triggered cell FDRE clocked by clk_pl_0  {rise@0.000ns fall@5.156ns period=10.312ns})
  Destination:            mixer_i/blk_mem_gen_0/U0/inst_blk_mem_gen/gnbram.gnative_mem_map_bmg.native_mem_map_blk_mem_gen/valid.cstr/ramloop[22].ram.r/prim_noinit.ram/DEVICE_8SERIES.WITH_BMM_INFO.SP.CASCADED_PRIM36.ram_T/ADDRARDADDR[5]
                            (rising edge-triggered cell RAMB36E2 clocked by clk_pl_0  {rise@0.000ns fall@5.156ns period=10.312ns})
  Path Group:             clk_pl_0
  Path Type:              Setup (Max at Slow Process Corner)
  Requirement:            10.312ns  (clk_pl_0 rise@10.312ns - clk_pl_0 rise@0.000ns)
  Data Path Delay:        6.494ns  (logic 0.114ns (1.755%)  route 6.380ns (98.245%))
  Logic Levels:           0  
  Clock Path Skew:        -0.168ns (DCD - SCD + CPR)
    Destination Clock Delay (DCD):    3.106ns = ( 13.418 - 10.312 ) 
    Source Clock Delay      (SCD):    3.468ns
    Clock Pessimism Removal (CPR):    0.194ns
  Clock Uncertainty:      0.159ns  ((TSJ^2 + DJ^2)^1/2) / 2 + PE
    Total System Jitter     (TSJ):    0.071ns
    Discrete Jitter          (DJ):    0.310ns
    Phase Error              (PE):    0.000ns
  Clock Net Delay (Source):      3.201ns (routing 1.681ns, distribution 1.520ns)
  Clock Net Delay (Destination): 2.890ns (routing 1.538ns, distribution 1.352ns)

    Location             Delay type                Incr(ns)  Path(ns)    Netlist Resource(s)
  -------------------------------------------------------------------    -------------------
                         (clock clk_pl_0 rise edge)
                                                      0.000     0.000 r  
    PS8_X0Y0             PS8                          0.000     0.000 r  mixer_i/zynq_ultra_ps_e_0/inst/PS8_i/PLCLK[0]
                         net (fo=1, routed)           0.229     0.229    mixer_i/zynq_ultra_ps_e_0/inst/pl_clk_unbuffered[0]
    BUFG_PS_X0Y90        BUFG_PS (Prop_BUFG_PS_I_O)
                                                      0.038     0.267 r  mixer_i/zynq_ultra_ps_e_0/inst/buffer_pl_clk_0.PL_CLK_0_BUFG/O
    X1Y1 (CLOCK_ROOT)    net (fo=19371, routed)       3.201     3.468    mixer_i/axi_bram_ctrl_0/U0/gext_inst.abcv4_0_ext_inst/GEN_AXI4.I_FULL_AXI/s_axi_aclk
    SLICE_X20Y74         FDRE                                         r  mixer_i/axi_bram_ctrl_0/U0/gext_inst.abcv4_0_ext_inst/GEN_AXI4.I_FULL_AXI/ADDR_SNG_PORT.bram_addr_int_reg[7]/C
  -------------------------------------------------------------------    -------------------
    SLICE_X20Y74         FDRE (Prop_CFF2_SLICEM_C_Q)
                                                      0.114     3.582 r  mixer_i/axi_bram_ctrl_0/U0/gext_inst.abcv4_0_ext_inst/GEN_AXI4.I_FULL_AXI/ADDR_SNG_PORT.bram_addr_int_reg[7]/Q
                         net (fo=133, routed)         6.380     9.962    mixer_i/blk_mem_gen_0/U0/inst_blk_mem_gen/gnbram.gnative_mem_map_bmg.native_mem_map_blk_mem_gen/valid.cstr/ramloop[22].ram.r/prim_noinit.ram/addra[5]
    RAMB36_X1Y29         RAMB36E2                                     r  mixer_i/blk_mem_gen_0/U0/inst_blk_mem_gen/gnbram.gnative_mem_map_bmg.native_mem_map_blk_mem_gen/valid.cstr/ramloop[22].ram.r/prim_noinit.ram/DEVICE_8SERIES.WITH_BMM_INFO.SP.CASCADED_PRIM36.ram_T/ADDRARDADDR[5]
  -------------------------------------------------------------------    -------------------

                         (clock clk_pl_0 rise edge)
                                                     10.312    10.312 r  
    PS8_X0Y0             PS8                          0.000    10.312 r  mixer_i/zynq_ultra_ps_e_0/inst/PS8_i/PLCLK[0]
                         net (fo=1, routed)           0.181    10.493    mixer_i/zynq_ultra_ps_e_0/inst/pl_clk_unbuffered[0]
    BUFG_PS_X0Y90        BUFG_PS (Prop_BUFG_PS_I_O)
                                                      0.035    10.528 r  mixer_i/zynq_ultra_ps_e_0/inst/buffer_pl_clk_0.PL_CLK_0_BUFG/O
    X1Y1 (CLOCK_ROOT)    net (fo=19371, routed)       2.890    13.418    mixer_i/blk_mem_gen_0/U0/inst_blk_mem_gen/gnbram.gnative_mem_map_bmg.native_mem_map_blk_mem_gen/valid.cstr/ramloop[22].ram.r/prim_noinit.ram/clka
    RAMB36_X1Y29         RAMB36E2                                     r  mixer_i/blk_mem_gen_0/U0/inst_blk_mem_gen/gnbram.gnative_mem_map_bmg.native_mem_map_blk_mem_gen/valid.cstr/ramloop[22].ram.r/prim_noinit.ram/DEVICE_8SERIES.WITH_BMM_INFO.SP.CASCADED_PRIM36.ram_T/CLKARDCLK
                         clock pessimism              0.194    13.612    
                         clock uncertainty           -0.159    13.453    
    RAMB36_X1Y29         RAMB36E2 (Setup_RAMB36E2_RAMB36_CLKARDCLK_ADDRARDADDR[5])
                                                     -0.496    12.957    mixer_i/blk_mem_gen_0/U0/inst_blk_mem_gen/gnbram.gnative_mem_map_bmg.native_mem_map_blk_mem_gen/valid.cstr/ramloop[22].ram.r/prim_noinit.ram/DEVICE_8SERIES.WITH_BMM_INFO.SP.CASCADED_PRIM36.ram_T
  -------------------------------------------------------------------
                         required time                         12.957    
                         arrival time                          -9.962    
  -------------------------------------------------------------------
                         slack                                  2.995    

Slack (MET) :             3.040ns  (required time - arrival time)
  Source:                 mixer_i/axi_bram_ctrl_0/U0/gext_inst.abcv4_0_ext_inst/GEN_AXI4.I_FULL_AXI/ADDR_SNG_PORT.bram_addr_int_reg[6]/C
                            (rising edge-triggered cell FDRE clocked by clk_pl_0  {rise@0.000ns fall@5.156ns period=10.312ns})
  Destination:            mixer_i/blk_mem_gen_0/U0/inst_blk_mem_gen/gnbram.gnative_mem_map_bmg.native_mem_map_blk_mem_gen/valid.cstr/ramloop[61].ram.r/prim_noinit.ram/DEVICE_8SERIES.WITH_BMM_INFO.SP.CASCADED_PRIM36.ram_T/ADDRARDADDR[4]
                            (rising edge-triggered cell RAMB36E2 clocked by clk_pl_0  {rise@0.000ns fall@5.156ns period=10.312ns})
  Path Group:             clk_pl_0
  Path Type:              Setup (Max at Slow Process Corner)
  Requirement:            10.312ns  (clk_pl_0 rise@10.312ns - clk_pl_0 rise@0.000ns)
  Data Path Delay:        6.313ns  (logic 0.116ns (1.837%)  route 6.197ns (98.162%))
  Logic Levels:           0  
  Clock Path Skew:        -0.258ns (DCD - SCD + CPR)
    Destination Clock Delay (DCD):    2.956ns = ( 13.268 - 10.312 ) 
    Source Clock Delay      (SCD):    3.465ns
    Clock Pessimism Removal (CPR):    0.251ns
  Clock Uncertainty:      0.159ns  ((TSJ^2 + DJ^2)^1/2) / 2 + PE
    Total System Jitter     (TSJ):    0.071ns
    Discrete Jitter          (DJ):    0.310ns
    Phase Error              (PE):    0.000ns
  Clock Net Delay (Source):      3.198ns (routing 1.681ns, distribution 1.517ns)
  Clock Net Delay (Destination): 2.740ns (routing 1.538ns, distribution 1.202ns)

    Location             Delay type                Incr(ns)  Path(ns)    Netlist Resource(s)
  -------------------------------------------------------------------    -------------------
                         (clock clk_pl_0 rise edge)
                                                      0.000     0.000 r  
    PS8_X0Y0             PS8                          0.000     0.000 r  mixer_i/zynq_ultra_ps_e_0/inst/PS8_i/PLCLK[0]
                         net (fo=1, routed)           0.229     0.229    mixer_i/zynq_ultra_ps_e_0/inst/pl_clk_unbuffered[0]
    BUFG_PS_X0Y90        BUFG_PS (Prop_BUFG_PS_I_O)
                                                      0.038     0.267 r  mixer_i/zynq_ultra_ps_e_0/inst/buffer_pl_clk_0.PL_CLK_0_BUFG/O
    X1Y1 (CLOCK_ROOT)    net (fo=19371, routed)       3.198     3.465    mixer_i/axi_bram_ctrl_0/U0/gext_inst.abcv4_0_ext_inst/GEN_AXI4.I_FULL_AXI/s_axi_aclk
    SLICE_X20Y76         FDRE                                         r  mixer_i/axi_bram_ctrl_0/U0/gext_inst.abcv4_0_ext_inst/GEN_AXI4.I_FULL_AXI/ADDR_SNG_PORT.bram_addr_int_reg[6]/C
  -------------------------------------------------------------------    -------------------
    SLICE_X20Y76         FDRE (Prop_FFF2_SLICEM_C_Q)
                                                      0.116     3.581 r  mixer_i/axi_bram_ctrl_0/U0/gext_inst.abcv4_0_ext_inst/GEN_AXI4.I_FULL_AXI/ADDR_SNG_PORT.bram_addr_int_reg[6]/Q
                         net (fo=134, routed)         6.197     9.778    mixer_i/blk_mem_gen_0/U0/inst_blk_mem_gen/gnbram.gnative_mem_map_bmg.native_mem_map_blk_mem_gen/valid.cstr/ramloop[61].ram.r/prim_noinit.ram/addra[4]
    RAMB36_X0Y19         RAMB36E2                                     r  mixer_i/blk_mem_gen_0/U0/inst_blk_mem_gen/gnbram.gnative_mem_map_bmg.native_mem_map_blk_mem_gen/valid.cstr/ramloop[61].ram.r/prim_noinit.ram/DEVICE_8SERIES.WITH_BMM_INFO.SP.CASCADED_PRIM36.ram_T/ADDRARDADDR[4]
  -------------------------------------------------------------------    -------------------

                         (clock clk_pl_0 rise edge)
                                                     10.312    10.312 r  
    PS8_X0Y0             PS8                          0.000    10.312 r  mixer_i/zynq_ultra_ps_e_0/inst/PS8_i/PLCLK[0]
                         net (fo=1, routed)           0.181    10.493    mixer_i/zynq_ultra_ps_e_0/inst/pl_clk_unbuffered[0]
    BUFG_PS_X0Y90        BUFG_PS (Prop_BUFG_PS_I_O)
                                                      0.035    10.528 r  mixer_i/zynq_ultra_ps_e_0/inst/buffer_pl_clk_0.PL_CLK_0_BUFG/O
    X1Y1 (CLOCK_ROOT)    net (fo=19371, routed)       2.740    13.268    mixer_i/blk_mem_gen_0/U0/inst_blk_mem_gen/gnbram.gnative_mem_map_bmg.native_mem_map_blk_mem_gen/valid.cstr/ramloop[61].ram.r/prim_noinit.ram/clka
    RAMB36_X0Y19         RAMB36E2                                     r  mixer_i/blk_mem_gen_0/U0/inst_blk_mem_gen/gnbram.gnative_mem_map_bmg.native_mem_map_blk_mem_gen/valid.cstr/ramloop[61].ram.r/prim_noinit.ram/DEVICE_8SERIES.WITH_BMM_INFO.SP.CASCADED_PRIM36.ram_T/CLKARDCLK
                         clock pessimism              0.251    13.519    
                         clock uncertainty           -0.159    13.360    
    RAMB36_X0Y19         RAMB36E2 (Setup_RAMB36E2_RAMB36_CLKARDCLK_ADDRARDADDR[4])
                                                     -0.542    12.818    mixer_i/blk_mem_gen_0/U0/inst_blk_mem_gen/gnbram.gnative_mem_map_bmg.native_mem_map_blk_mem_gen/valid.cstr/ramloop[61].ram.r/prim_noinit.ram/DEVICE_8SERIES.WITH_BMM_INFO.SP.CASCADED_PRIM36.ram_T
  -------------------------------------------------------------------
                         required time                         12.818    
                         arrival time                          -9.778    
  -------------------------------------------------------------------
                         slack                                  3.040    





Min Delay Paths
--------------------------------------------------------------------------------------
Slack (MET) :             0.010ns  (arrival time - required time)
  Source:                 mixer_i/system_ila_1/inst/ila_lib/inst/ila_core_inst/shifted_data_in_reg[8][7]/C
                            (rising edge-triggered cell FDRE clocked by clk_pl_0  {rise@0.000ns fall@5.156ns period=10.312ns})
  Destination:            mixer_i/system_ila_1/inst/ila_lib/inst/ila_core_inst/ila_trace_memory_inst/SUBCORE_RAM_BLK_MEM_1.trace_block_memory/inst_blk_mem_gen/gnbram.gnativebmg.native_blk_mem_gen/valid.cstr/ramloop[0].ram.r/prim_noinit.ram/DEVICE_8SERIES.NO_BMM_INFO.SDP.SIMPLE_PRIM18.ram/DINADIN[7]
                            (rising edge-triggered cell RAMB18E2 clocked by clk_pl_0  {rise@0.000ns fall@5.156ns period=10.312ns})
  Path Group:             clk_pl_0
  Path Type:              Hold (Min at Slow Process Corner)
  Requirement:            0.000ns  (clk_pl_0 rise@0.000ns - clk_pl_0 rise@0.000ns)
  Data Path Delay:        0.230ns  (logic 0.112ns (48.696%)  route 0.118ns (51.304%))
  Logic Levels:           0  
  Clock Path Skew:        0.268ns (DCD - SCD - CPR)
    Destination Clock Delay (DCD):    3.621ns
    Source Clock Delay      (SCD):    3.101ns
    Clock Pessimism Removal (CPR):    0.252ns
  Clock Net Delay (Source):      2.885ns (routing 1.538ns, distribution 1.347ns)
  Clock Net Delay (Destination): 3.354ns (routing 1.681ns, distribution 1.673ns)

    Location             Delay type                Incr(ns)  Path(ns)    Netlist Resource(s)
  -------------------------------------------------------------------    -------------------
                         (clock clk_pl_0 rise edge)
                                                      0.000     0.000 r  
    PS8_X0Y0             PS8                          0.000     0.000 r  mixer_i/zynq_ultra_ps_e_0/inst/PS8_i/PLCLK[0]
                         net (fo=1, routed)           0.181     0.181    mixer_i/zynq_ultra_ps_e_0/inst/pl_clk_unbuffered[0]
    BUFG_PS_X0Y90        BUFG_PS (Prop_BUFG_PS_I_O)
                                                      0.035     0.216 r  mixer_i/zynq_ultra_ps_e_0/inst/buffer_pl_clk_0.PL_CLK_0_BUFG/O
    X1Y1 (CLOCK_ROOT)    net (fo=19371, routed)       2.885     3.101    mixer_i/system_ila_1/inst/ila_lib/inst/ila_core_inst/DESIGN_CLK_I
    SLICE_X53Y81         FDRE                                         r  mixer_i/system_ila_1/inst/ila_lib/inst/ila_core_inst/shifted_data_in_reg[8][7]/C
  -------------------------------------------------------------------    -------------------
    SLICE_X53Y81         FDRE (Prop_HFF_SLICEM_C_Q)
                                                      0.112     3.213 r  mixer_i/system_ila_1/inst/ila_lib/inst/ila_core_inst/shifted_data_in_reg[8][7]/Q
                         net (fo=1, routed)           0.118     3.331    mixer_i/system_ila_1/inst/ila_lib/inst/ila_core_inst/ila_trace_memory_inst/SUBCORE_RAM_BLK_MEM_1.trace_block_memory/inst_blk_mem_gen/gnbram.gnativebmg.native_blk_mem_gen/valid.cstr/ramloop[0].ram.r/prim_noinit.ram/dina[7]
    RAMB18_X2Y32         RAMB18E2                                     r  mixer_i/system_ila_1/inst/ila_lib/inst/ila_core_inst/ila_trace_memory_inst/SUBCORE_RAM_BLK_MEM_1.trace_block_memory/inst_blk_mem_gen/gnbram.gnativebmg.native_blk_mem_gen/valid.cstr/ramloop[0].ram.r/prim_noinit.ram/DEVICE_8SERIES.NO_BMM_INFO.SDP.SIMPLE_PRIM18.ram/DINADIN[7]
  -------------------------------------------------------------------    -------------------

                         (clock clk_pl_0 rise edge)
                                                      0.000     0.000 r  
    PS8_X0Y0             PS8                          0.000     0.000 r  mixer_i/zynq_ultra_ps_e_0/inst/PS8_i/PLCLK[0]
                         net (fo=1, routed)           0.229     0.229    mixer_i/zynq_ultra_ps_e_0/inst/pl_clk_unbuffered[0]
    BUFG_PS_X0Y90        BUFG_PS (Prop_BUFG_PS_I_O)
                                                      0.038     0.267 r  mixer_i/zynq_ultra_ps_e_0/inst/buffer_pl_clk_0.PL_CLK_0_BUFG/O
    X1Y1 (CLOCK_ROOT)    net (fo=19371, routed)       3.354     3.621    mixer_i/system_ila_1/inst/ila_lib/inst/ila_core_inst/ila_trace_memory_inst/SUBCORE_RAM_BLK_MEM_1.trace_block_memory/inst_blk_mem_gen/gnbram.gnativebmg.native_blk_mem_gen/valid.cstr/ramloop[0].ram.r/prim_noinit.ram/clka
    RAMB18_X2Y32         RAMB18E2                                     r  mixer_i/system_ila_1/inst/ila_lib/inst/ila_core_inst/ila_trace_memory_inst/SUBCORE_RAM_BLK_MEM_1.trace_block_memory/inst_blk_mem_gen/gnbram.gnativebmg.native_blk_mem_gen/valid.cstr/ramloop[0].ram.r/prim_noinit.ram/DEVICE_8SERIES.NO_BMM_INFO.SDP.SIMPLE_PRIM18.ram/CLKARDCLK
                         clock pessimism             -0.252     3.369    
    RAMB18_X2Y32         RAMB18E2 (Hold_RAMB18E2_L_RAMB180_CLKARDCLK_DINADIN[7])
                                                     -0.048     3.321    mixer_i/system_ila_1/inst/ila_lib/inst/ila_core_inst/ila_trace_memory_inst/SUBCORE_RAM_BLK_MEM_1.trace_block_memory/inst_blk_mem_gen/gnbram.gnativebmg.native_blk_mem_gen/valid.cstr/ramloop[0].ram.r/prim_noinit.ram/DEVICE_8SERIES.NO_BMM_INFO.SDP.SIMPLE_PRIM18.ram
  -------------------------------------------------------------------
                         required time                         -3.321    
                         arrival time                           3.331    
  -------------------------------------------------------------------
                         slack                                  0.010    

Slack (MET) :             0.010ns  (arrival time - required time)
  Source:                 mixer_i/smartconnect_0/inst/s02_nodes/s02_w_node/inst/inst_mi_handler/gen_normal_area.gen_upsizer.inst_upsizer/gen_w_ch.accum_reg[bytes][12][userdata][3]/C
                            (rising edge-triggered cell FDRE clocked by clk_pl_0  {rise@0.000ns fall@5.156ns period=10.312ns})
  Destination:            mixer_i/smartconnect_0/inst/s02_nodes/s02_w_node/inst/inst_mi_handler/gen_normal_area.inst_fifo_node_payld/gen_xpm_memory_fifo.inst_fifo/gen_mem_rep[0].inst_xpm_memory/xpm_memory_base_inst/gen_wr_a.gen_word_narrow.mem_reg_0_31_126_139/RAMB_D1/I
                            (rising edge-triggered cell RAMD32 clocked by clk_pl_0  {rise@0.000ns fall@5.156ns period=10.312ns})
  Path Group:             clk_pl_0
  Path Type:              Hold (Min at Slow Process Corner)
  Requirement:            0.000ns  (clk_pl_0 rise@0.000ns - clk_pl_0 rise@0.000ns)
  Data Path Delay:        0.239ns  (logic 0.112ns (46.862%)  route 0.127ns (53.138%))
  Logic Levels:           0  
  Clock Path Skew:        0.148ns (DCD - SCD - CPR)
    Destination Clock Delay (DCD):    3.557ns
    Source Clock Delay      (SCD):    3.159ns
    Clock Pessimism Removal (CPR):    0.251ns
  Clock Net Delay (Source):      2.943ns (routing 1.538ns, distribution 1.405ns)
  Clock Net Delay (Destination): 3.290ns (routing 1.681ns, distribution 1.609ns)

    Location             Delay type                Incr(ns)  Path(ns)    Netlist Resource(s)
  -------------------------------------------------------------------    -------------------
                         (clock clk_pl_0 rise edge)
                                                      0.000     0.000 r  
    PS8_X0Y0             PS8                          0.000     0.000 r  mixer_i/zynq_ultra_ps_e_0/inst/PS8_i/PLCLK[0]
                         net (fo=1, routed)           0.181     0.181    mixer_i/zynq_ultra_ps_e_0/inst/pl_clk_unbuffered[0]
    BUFG_PS_X0Y90        BUFG_PS (Prop_BUFG_PS_I_O)
                                                      0.035     0.216 r  mixer_i/zynq_ultra_ps_e_0/inst/buffer_pl_clk_0.PL_CLK_0_BUFG/O
    X1Y1 (CLOCK_ROOT)    net (fo=19371, routed)       2.943     3.159    mixer_i/smartconnect_0/inst/s02_nodes/s02_w_node/inst/inst_mi_handler/gen_normal_area.gen_upsizer.inst_upsizer/s_sc_aclk
    SLICE_X9Y81          FDRE                                         r  mixer_i/smartconnect_0/inst/s02_nodes/s02_w_node/inst/inst_mi_handler/gen_normal_area.gen_upsizer.inst_upsizer/gen_w_ch.accum_reg[bytes][12][userdata][3]/C
  -------------------------------------------------------------------    -------------------
    SLICE_X9Y81          FDRE (Prop_FFF_SLICEL_C_Q)
                                                      0.112     3.271 r  mixer_i/smartconnect_0/inst/s02_nodes/s02_w_node/inst/inst_mi_handler/gen_normal_area.gen_upsizer.inst_upsizer/gen_w_ch.accum_reg[bytes][12][userdata][3]/Q
                         net (fo=1, routed)           0.127     3.398    mixer_i/smartconnect_0/inst/s02_nodes/s02_w_node/inst/inst_mi_handler/gen_normal_area.inst_fifo_node_payld/gen_xpm_memory_fifo.inst_fifo/gen_mem_rep[0].inst_xpm_memory/xpm_memory_base_inst/gen_wr_a.gen_word_narrow.mem_reg_0_31_126_139/DIB1
    SLICE_X10Y81         RAMD32                                       r  mixer_i/smartconnect_0/inst/s02_nodes/s02_w_node/inst/inst_mi_handler/gen_normal_area.inst_fifo_node_payld/gen_xpm_memory_fifo.inst_fifo/gen_mem_rep[0].inst_xpm_memory/xpm_memory_base_inst/gen_wr_a.gen_word_narrow.mem_reg_0_31_126_139/RAMB_D1/I
  -------------------------------------------------------------------    -------------------

                         (clock clk_pl_0 rise edge)
                                                      0.000     0.000 r  
    PS8_X0Y0             PS8                          0.000     0.000 r  mixer_i/zynq_ultra_ps_e_0/inst/PS8_i/PLCLK[0]
                         net (fo=1, routed)           0.229     0.229    mixer_i/zynq_ultra_ps_e_0/inst/pl_clk_unbuffered[0]
    BUFG_PS_X0Y90        BUFG_PS (Prop_BUFG_PS_I_O)
                                                      0.038     0.267 r  mixer_i/zynq_ultra_ps_e_0/inst/buffer_pl_clk_0.PL_CLK_0_BUFG/O
    X1Y1 (CLOCK_ROOT)    net (fo=19371, routed)       3.290     3.557    mixer_i/smartconnect_0/inst/s02_nodes/s02_w_node/inst/inst_mi_handler/gen_normal_area.inst_fifo_node_payld/gen_xpm_memory_fifo.inst_fifo/gen_mem_rep[0].inst_xpm_memory/xpm_memory_base_inst/gen_wr_a.gen_word_narrow.mem_reg_0_31_126_139/WCLK
    SLICE_X10Y81         RAMD32                                       r  mixer_i/smartconnect_0/inst/s02_nodes/s02_w_node/inst/inst_mi_handler/gen_normal_area.inst_fifo_node_payld/gen_xpm_memory_fifo.inst_fifo/gen_mem_rep[0].inst_xpm_memory/xpm_memory_base_inst/gen_wr_a.gen_word_narrow.mem_reg_0_31_126_139/RAMB_D1/CLK
                         clock pessimism             -0.251     3.307    
    SLICE_X10Y81         RAMD32 (Hold_B6LUT_SLICEM_CLK_I)
                                                      0.081     3.388    mixer_i/smartconnect_0/inst/s02_nodes/s02_w_node/inst/inst_mi_handler/gen_normal_area.inst_fifo_node_payld/gen_xpm_memory_fifo.inst_fifo/gen_mem_rep[0].inst_xpm_memory/xpm_memory_base_inst/gen_wr_a.gen_word_narrow.mem_reg_0_31_126_139/RAMB_D1
  -------------------------------------------------------------------
                         required time                         -3.388    
                         arrival time                           3.398    
  -------------------------------------------------------------------
                         slack                                  0.010    

Slack (MET) :             0.011ns  (arrival time - required time)
  Source:                 mixer_i/axi_dma_0/U0/I_PRMRY_DATAMOVER/GEN_S2MM_FULL.I_S2MM_FULL_WRAPPER/GEN_INCLUDE_REALIGNER.I_S2MM_REALIGNER/GEN_INCLUDE_SCATTER.I_S2MM_SCATTER/I_MSSAI_SKID_BUF/sig_data_reg_out_reg[23]/C
                            (rising edge-triggered cell FDRE clocked by clk_pl_0  {rise@0.000ns fall@5.156ns period=10.312ns})
  Destination:            mixer_i/axi_dma_0/U0/I_PRMRY_DATAMOVER/GEN_S2MM_FULL.I_S2MM_FULL_WRAPPER/GEN_ENABLE_INDET_BTT_SF.I_INDET_BTT/I_DATA_FIFO/BLK_MEM.I_SYNC_FIFOGEN_FIFO/xpm_fifo_instance.xpm_fifo_sync_inst/xpm_fifo_base_inst/gen_sdpram.xpm_memory_base_inst/gen_wr_a.gen_word_narrow.mem_reg/DINADIN[23]
                            (rising edge-triggered cell RAMB36E2 clocked by clk_pl_0  {rise@0.000ns fall@5.156ns period=10.312ns})
  Path Group:             clk_pl_0
  Path Type:              Hold (Min at Slow Process Corner)
  Requirement:            0.000ns  (clk_pl_0 rise@0.000ns - clk_pl_0 rise@0.000ns)
  Data Path Delay:        0.259ns  (logic 0.112ns (43.243%)  route 0.147ns (56.757%))
  Logic Levels:           0  
  Clock Path Skew:        0.296ns (DCD - SCD - CPR)
    Destination Clock Delay (DCD):    3.571ns
    Source Clock Delay      (SCD):    3.022ns
    Clock Pessimism Removal (CPR):    0.252ns
  Clock Net Delay (Source):      2.806ns (routing 1.538ns, distribution 1.268ns)
  Clock Net Delay (Destination): 3.304ns (routing 1.681ns, distribution 1.623ns)

    Location             Delay type                Incr(ns)  Path(ns)    Netlist Resource(s)
  -------------------------------------------------------------------    -------------------
                         (clock clk_pl_0 rise edge)
                                                      0.000     0.000 r  
    PS8_X0Y0             PS8                          0.000     0.000 r  mixer_i/zynq_ultra_ps_e_0/inst/PS8_i/PLCLK[0]
                         net (fo=1, routed)           0.181     0.181    mixer_i/zynq_ultra_ps_e_0/inst/pl_clk_unbuffered[0]
    BUFG_PS_X0Y90        BUFG_PS (Prop_BUFG_PS_I_O)
                                                      0.035     0.216 r  mixer_i/zynq_ultra_ps_e_0/inst/buffer_pl_clk_0.PL_CLK_0_BUFG/O
    X1Y1 (CLOCK_ROOT)    net (fo=19371, routed)       2.806     3.022    mixer_i/axi_dma_0/U0/I_PRMRY_DATAMOVER/GEN_S2MM_FULL.I_S2MM_FULL_WRAPPER/GEN_INCLUDE_REALIGNER.I_S2MM_REALIGNER/GEN_INCLUDE_SCATTER.I_S2MM_SCATTER/I_MSSAI_SKID_BUF/m_axi_s2mm_aclk
    SLICE_X45Y89         FDRE                                         r  mixer_i/axi_dma_0/U0/I_PRMRY_DATAMOVER/GEN_S2MM_FULL.I_S2MM_FULL_WRAPPER/GEN_INCLUDE_REALIGNER.I_S2MM_REALIGNER/GEN_INCLUDE_SCATTER.I_S2MM_SCATTER/I_MSSAI_SKID_BUF/sig_data_reg_out_reg[23]/C
  -------------------------------------------------------------------    -------------------
    SLICE_X45Y89         FDRE (Prop_DFF_SLICEM_C_Q)
                                                      0.112     3.134 r  mixer_i/axi_dma_0/U0/I_PRMRY_DATAMOVER/GEN_S2MM_FULL.I_S2MM_FULL_WRAPPER/GEN_INCLUDE_REALIGNER.I_S2MM_REALIGNER/GEN_INCLUDE_SCATTER.I_S2MM_SCATTER/I_MSSAI_SKID_BUF/sig_data_reg_out_reg[23]/Q
                         net (fo=1, routed)           0.147     3.281    mixer_i/axi_dma_0/U0/I_PRMRY_DATAMOVER/GEN_S2MM_FULL.I_S2MM_FULL_WRAPPER/GEN_ENABLE_INDET_BTT_SF.I_INDET_BTT/I_DATA_FIFO/BLK_MEM.I_SYNC_FIFOGEN_FIFO/xpm_fifo_instance.xpm_fifo_sync_inst/xpm_fifo_base_inst/gen_sdpram.xpm_memory_base_inst/dina[23]
    RAMB36_X1Y17         RAMB36E2                                     r  mixer_i/axi_dma_0/U0/I_PRMRY_DATAMOVER/GEN_S2MM_FULL.I_S2MM_FULL_WRAPPER/GEN_ENABLE_INDET_BTT_SF.I_INDET_BTT/I_DATA_FIFO/BLK_MEM.I_SYNC_FIFOGEN_FIFO/xpm_fifo_instance.xpm_fifo_sync_inst/xpm_fifo_base_inst/gen_sdpram.xpm_memory_base_inst/gen_wr_a.gen_word_narrow.mem_reg/DINADIN[23]
  -------------------------------------------------------------------    -------------------

                         (clock clk_pl_0 rise edge)
                                                      0.000     0.000 r  
    PS8_X0Y0             PS8                          0.000     0.000 r  mixer_i/zynq_ultra_ps_e_0/inst/PS8_i/PLCLK[0]
                         net (fo=1, routed)           0.229     0.229    mixer_i/zynq_ultra_ps_e_0/inst/pl_clk_unbuffered[0]
    BUFG_PS_X0Y90        BUFG_PS (Prop_BUFG_PS_I_O)
                                                      0.038     0.267 r  mixer_i/zynq_ultra_ps_e_0/inst/buffer_pl_clk_0.PL_CLK_0_BUFG/O
    X1Y1 (CLOCK_ROOT)    net (fo=19371, routed)       3.304     3.571    mixer_i/axi_dma_0/U0/I_PRMRY_DATAMOVER/GEN_S2MM_FULL.I_S2MM_FULL_WRAPPER/GEN_ENABLE_INDET_BTT_SF.I_INDET_BTT/I_DATA_FIFO/BLK_MEM.I_SYNC_FIFOGEN_FIFO/xpm_fifo_instance.xpm_fifo_sync_inst/xpm_fifo_base_inst/gen_sdpram.xpm_memory_base_inst/clka
    RAMB36_X1Y17         RAMB36E2                                     r  mixer_i/axi_dma_0/U0/I_PRMRY_DATAMOVER/GEN_S2MM_FULL.I_S2MM_FULL_WRAPPER/GEN_ENABLE_INDET_BTT_SF.I_INDET_BTT/I_DATA_FIFO/BLK_MEM.I_SYNC_FIFOGEN_FIFO/xpm_fifo_instance.xpm_fifo_sync_inst/xpm_fifo_base_inst/gen_sdpram.xpm_memory_base_inst/gen_wr_a.gen_word_narrow.mem_reg/CLKBWRCLK
                         clock pessimism             -0.252     3.318    
    RAMB36_X1Y17         RAMB36E2 (Hold_RAMB36E2_RAMB36_CLKBWRCLK_DINADIN[23])
                                                     -0.048     3.270    mixer_i/axi_dma_0/U0/I_PRMRY_DATAMOVER/GEN_S2MM_FULL.I_S2MM_FULL_WRAPPER/GEN_ENABLE_INDET_BTT_SF.I_INDET_BTT/I_DATA_FIFO/BLK_MEM.I_SYNC_FIFOGEN_FIFO/xpm_fifo_instance.xpm_fifo_sync_inst/xpm_fifo_base_inst/gen_sdpram.xpm_memory_base_inst/gen_wr_a.gen_word_narrow.mem_reg
  -------------------------------------------------------------------
                         required time                         -3.270    
                         arrival time                           3.281    
  -------------------------------------------------------------------
                         slack                                  0.011    

Slack (MET) :             0.011ns  (arrival time - required time)
  Source:                 mixer_i/axi_dma_0/U0/I_PRMRY_DATAMOVER/GEN_S2MM_FULL.I_S2MM_FULL_WRAPPER/GEN_INCLUDE_REALIGNER.I_S2MM_REALIGNER/GEN_INCLUDE_SCATTER.I_S2MM_SCATTER/I_MSSAI_SKID_BUF/sig_data_reg_out_reg[25]/C
                            (rising edge-triggered cell FDRE clocked by clk_pl_0  {rise@0.000ns fall@5.156ns period=10.312ns})
  Destination:            mixer_i/axi_dma_0/U0/I_PRMRY_DATAMOVER/GEN_S2MM_FULL.I_S2MM_FULL_WRAPPER/GEN_ENABLE_INDET_BTT_SF.I_INDET_BTT/I_DATA_FIFO/BLK_MEM.I_SYNC_FIFOGEN_FIFO/xpm_fifo_instance.xpm_fifo_sync_inst/xpm_fifo_base_inst/gen_sdpram.xpm_memory_base_inst/gen_wr_a.gen_word_narrow.mem_reg/DINADIN[25]
                            (rising edge-triggered cell RAMB36E2 clocked by clk_pl_0  {rise@0.000ns fall@5.156ns period=10.312ns})
  Path Group:             clk_pl_0
  Path Type:              Hold (Min at Slow Process Corner)
  Requirement:            0.000ns  (clk_pl_0 rise@0.000ns - clk_pl_0 rise@0.000ns)
  Data Path Delay:        0.259ns  (logic 0.112ns (43.243%)  route 0.147ns (56.757%))
  Logic Levels:           0  
  Clock Path Skew:        0.296ns (DCD - SCD - CPR)
    Destination Clock Delay (DCD):    3.571ns
    Source Clock Delay      (SCD):    3.022ns
    Clock Pessimism Removal (CPR):    0.252ns
  Clock Net Delay (Source):      2.806ns (routing 1.538ns, distribution 1.268ns)
  Clock Net Delay (Destination): 3.304ns (routing 1.681ns, distribution 1.623ns)

    Location             Delay type                Incr(ns)  Path(ns)    Netlist Resource(s)
  -------------------------------------------------------------------    -------------------
                         (clock clk_pl_0 rise edge)
                                                      0.000     0.000 r  
    PS8_X0Y0             PS8                          0.000     0.000 r  mixer_i/zynq_ultra_ps_e_0/inst/PS8_i/PLCLK[0]
                         net (fo=1, routed)           0.181     0.181    mixer_i/zynq_ultra_ps_e_0/inst/pl_clk_unbuffered[0]
    BUFG_PS_X0Y90        BUFG_PS (Prop_BUFG_PS_I_O)
                                                      0.035     0.216 r  mixer_i/zynq_ultra_ps_e_0/inst/buffer_pl_clk_0.PL_CLK_0_BUFG/O
    X1Y1 (CLOCK_ROOT)    net (fo=19371, routed)       2.806     3.022    mixer_i/axi_dma_0/U0/I_PRMRY_DATAMOVER/GEN_S2MM_FULL.I_S2MM_FULL_WRAPPER/GEN_INCLUDE_REALIGNER.I_S2MM_REALIGNER/GEN_INCLUDE_SCATTER.I_S2MM_SCATTER/I_MSSAI_SKID_BUF/m_axi_s2mm_aclk
    SLICE_X45Y89         FDRE                                         r  mixer_i/axi_dma_0/U0/I_PRMRY_DATAMOVER/GEN_S2MM_FULL.I_S2MM_FULL_WRAPPER/GEN_INCLUDE_REALIGNER.I_S2MM_REALIGNER/GEN_INCLUDE_SCATTER.I_S2MM_SCATTER/I_MSSAI_SKID_BUF/sig_data_reg_out_reg[25]/C
  -------------------------------------------------------------------    -------------------
    SLICE_X45Y89         FDRE (Prop_CFF_SLICEM_C_Q)
                                                      0.112     3.134 r  mixer_i/axi_dma_0/U0/I_PRMRY_DATAMOVER/GEN_S2MM_FULL.I_S2MM_FULL_WRAPPER/GEN_INCLUDE_REALIGNER.I_S2MM_REALIGNER/GEN_INCLUDE_SCATTER.I_S2MM_SCATTER/I_MSSAI_SKID_BUF/sig_data_reg_out_reg[25]/Q
                         net (fo=1, routed)           0.147     3.281    mixer_i/axi_dma_0/U0/I_PRMRY_DATAMOVER/GEN_S2MM_FULL.I_S2MM_FULL_WRAPPER/GEN_ENABLE_INDET_BTT_SF.I_INDET_BTT/I_DATA_FIFO/BLK_MEM.I_SYNC_FIFOGEN_FIFO/xpm_fifo_instance.xpm_fifo_sync_inst/xpm_fifo_base_inst/gen_sdpram.xpm_memory_base_inst/dina[25]
    RAMB36_X1Y17         RAMB36E2                                     r  mixer_i/axi_dma_0/U0/I_PRMRY_DATAMOVER/GEN_S2MM_FULL.I_S2MM_FULL_WRAPPER/GEN_ENABLE_INDET_BTT_SF.I_INDET_BTT/I_DATA_FIFO/BLK_MEM.I_SYNC_FIFOGEN_FIFO/xpm_fifo_instance.xpm_fifo_sync_inst/xpm_fifo_base_inst/gen_sdpram.xpm_memory_base_inst/gen_wr_a.gen_word_narrow.mem_reg/DINADIN[25]
  -------------------------------------------------------------------    -------------------

                         (clock clk_pl_0 rise edge)
                                                      0.000     0.000 r  
    PS8_X0Y0             PS8                          0.000     0.000 r  mixer_i/zynq_ultra_ps_e_0/inst/PS8_i/PLCLK[0]
                         net (fo=1, routed)           0.229     0.229    mixer_i/zynq_ultra_ps_e_0/inst/pl_clk_unbuffered[0]
    BUFG_PS_X0Y90        BUFG_PS (Prop_BUFG_PS_I_O)
                                                      0.038     0.267 r  mixer_i/zynq_ultra_ps_e_0/inst/buffer_pl_clk_0.PL_CLK_0_BUFG/O
    X1Y1 (CLOCK_ROOT)    net (fo=19371, routed)       3.304     3.571    mixer_i/axi_dma_0/U0/I_PRMRY_DATAMOVER/GEN_S2MM_FULL.I_S2MM_FULL_WRAPPER/GEN_ENABLE_INDET_BTT_SF.I_INDET_BTT/I_DATA_FIFO/BLK_MEM.I_SYNC_FIFOGEN_FIFO/xpm_fifo_instance.xpm_fifo_sync_inst/xpm_fifo_base_inst/gen_sdpram.xpm_memory_base_inst/clka
    RAMB36_X1Y17         RAMB36E2                                     r  mixer_i/axi_dma_0/U0/I_PRMRY_DATAMOVER/GEN_S2MM_FULL.I_S2MM_FULL_WRAPPER/GEN_ENABLE_INDET_BTT_SF.I_INDET_BTT/I_DATA_FIFO/BLK_MEM.I_SYNC_FIFOGEN_FIFO/xpm_fifo_instance.xpm_fifo_sync_inst/xpm_fifo_base_inst/gen_sdpram.xpm_memory_base_inst/gen_wr_a.gen_word_narrow.mem_reg/CLKBWRCLK
                         clock pessimism             -0.252     3.318    
    RAMB36_X1Y17         RAMB36E2 (Hold_RAMB36E2_RAMB36_CLKBWRCLK_DINADIN[25])
                                                     -0.048     3.270    mixer_i/axi_dma_0/U0/I_PRMRY_DATAMOVER/GEN_S2MM_FULL.I_S2MM_FULL_WRAPPER/GEN_ENABLE_INDET_BTT_SF.I_INDET_BTT/I_DATA_FIFO/BLK_MEM.I_SYNC_FIFOGEN_FIFO/xpm_fifo_instance.xpm_fifo_sync_inst/xpm_fifo_base_inst/gen_sdpram.xpm_memory_base_inst/gen_wr_a.gen_word_narrow.mem_reg
  -------------------------------------------------------------------
                         required time                         -3.270    
                         arrival time                           3.281    
  -------------------------------------------------------------------
                         slack                                  0.011    

Slack (MET) :             0.011ns  (arrival time - required time)
  Source:                 mixer_i/axis_mixer_down_0/inst/mixer_cmpy_0/U0/i_synth/i_synth/three_mult_structure.use_dsp.i_dsp48/dsp_preadder_1.reg_mult1_preadd_d/dN.std_srl.shift_reg_reg[0][10]/C
                            (rising edge-triggered cell FDRE clocked by clk_pl_0  {rise@0.000ns fall@5.156ns period=10.312ns})
  Destination:            mixer_i/axis_mixer_down_0/inst/mixer_cmpy_0/U0/i_synth/i_synth/three_mult_structure.use_dsp.i_dsp48/dsp_preadder_3.reg_mult3_preadd_d/dN.std_srl.shift_reg_reg[1][10]/D
                            (rising edge-triggered cell FDRE clocked by clk_pl_0  {rise@0.000ns fall@5.156ns period=10.312ns})
  Path Group:             clk_pl_0
  Path Type:              Hold (Min at Slow Process Corner)
  Requirement:            0.000ns  (clk_pl_0 rise@0.000ns - clk_pl_0 rise@0.000ns)
  Data Path Delay:        0.250ns  (logic 0.112ns (44.800%)  route 0.138ns (55.200%))
  Logic Levels:           0  
  Clock Path Skew:        0.136ns (DCD - SCD - CPR)
    Destination Clock Delay (DCD):    3.457ns
    Source Clock Delay      (SCD):    3.072ns
    Clock Pessimism Removal (CPR):    0.248ns
  Clock Net Delay (Source):      2.856ns (routing 1.538ns, distribution 1.318ns)
  Clock Net Delay (Destination): 3.190ns (routing 1.681ns, distribution 1.509ns)

    Location             Delay type                Incr(ns)  Path(ns)    Netlist Resource(s)
  -------------------------------------------------------------------    -------------------
                         (clock clk_pl_0 rise edge)
                                                      0.000     0.000 r  
    PS8_X0Y0             PS8                          0.000     0.000 r  mixer_i/zynq_ultra_ps_e_0/inst/PS8_i/PLCLK[0]
                         net (fo=1, routed)           0.181     0.181    mixer_i/zynq_ultra_ps_e_0/inst/pl_clk_unbuffered[0]
    BUFG_PS_X0Y90        BUFG_PS (Prop_BUFG_PS_I_O)
                                                      0.035     0.216 r  mixer_i/zynq_ultra_ps_e_0/inst/buffer_pl_clk_0.PL_CLK_0_BUFG/O
    X1Y1 (CLOCK_ROOT)    net (fo=19371, routed)       2.856     3.072    mixer_i/axis_mixer_down_0/inst/mixer_cmpy_0/U0/i_synth/i_synth/three_mult_structure.use_dsp.i_dsp48/dsp_preadder_1.reg_mult1_preadd_d/aclk
    SLICE_X49Y80         FDRE                                         r  mixer_i/axis_mixer_down_0/inst/mixer_cmpy_0/U0/i_synth/i_synth/three_mult_structure.use_dsp.i_dsp48/dsp_preadder_1.reg_mult1_preadd_d/dN.std_srl.shift_reg_reg[0][10]/C
  -------------------------------------------------------------------    -------------------
    SLICE_X49Y80         FDRE (Prop_AFF_SLICEL_C_Q)
                                                      0.112     3.184 r  mixer_i/axis_mixer_down_0/inst/mixer_cmpy_0/U0/i_synth/i_synth/three_mult_structure.use_dsp.i_dsp48/dsp_preadder_1.reg_mult1_preadd_d/dN.std_srl.shift_reg_reg[0][10]/Q
                         net (fo=1, routed)           0.138     3.322    mixer_i/axis_mixer_down_0/inst/mixer_cmpy_0/U0/i_synth/i_synth/three_mult_structure.use_dsp.i_dsp48/dsp_preadder_3.reg_mult3_preadd_d/Q[10]
    SLICE_X51Y80         FDRE                                         r  mixer_i/axis_mixer_down_0/inst/mixer_cmpy_0/U0/i_synth/i_synth/three_mult_structure.use_dsp.i_dsp48/dsp_preadder_3.reg_mult3_preadd_d/dN.std_srl.shift_reg_reg[1][10]/D
  -------------------------------------------------------------------    -------------------

                         (clock clk_pl_0 rise edge)
                                                      0.000     0.000 r  
    PS8_X0Y0             PS8                          0.000     0.000 r  mixer_i/zynq_ultra_ps_e_0/inst/PS8_i/PLCLK[0]
                         net (fo=1, routed)           0.229     0.229    mixer_i/zynq_ultra_ps_e_0/inst/pl_clk_unbuffered[0]
    BUFG_PS_X0Y90        BUFG_PS (Prop_BUFG_PS_I_O)
                                                      0.038     0.267 r  mixer_i/zynq_ultra_ps_e_0/inst/buffer_pl_clk_0.PL_CLK_0_BUFG/O
    X1Y1 (CLOCK_ROOT)    net (fo=19371, routed)       3.190     3.457    mixer_i/axis_mixer_down_0/inst/mixer_cmpy_0/U0/i_synth/i_synth/three_mult_structure.use_dsp.i_dsp48/dsp_preadder_3.reg_mult3_preadd_d/aclk
    SLICE_X51Y80         FDRE                                         r  mixer_i/axis_mixer_down_0/inst/mixer_cmpy_0/U0/i_synth/i_synth/three_mult_structure.use_dsp.i_dsp48/dsp_preadder_3.reg_mult3_preadd_d/dN.std_srl.shift_reg_reg[1][10]/C
                         clock pessimism             -0.248     3.208    
    SLICE_X51Y80         FDRE (Hold_GFF2_SLICEL_C_D)
                                                      0.103     3.311    mixer_i/axis_mixer_down_0/inst/mixer_cmpy_0/U0/i_synth/i_synth/three_mult_structure.use_dsp.i_dsp48/dsp_preadder_3.reg_mult3_preadd_d/dN.std_srl.shift_reg_reg[1][10]
  -------------------------------------------------------------------
                         required time                         -3.311    
                         arrival time                           3.322    
  -------------------------------------------------------------------
                         slack                                  0.011    

Slack (MET) :             0.011ns  (arrival time - required time)
  Source:                 mixer_i/smartconnect_0/inst/switchboards/w_switchboard/inst/gen_mi[0].inst_opipe_payld/gen_pipe[1].pipe_reg[1][101]/C
                            (rising edge-triggered cell FDRE clocked by clk_pl_0  {rise@0.000ns fall@5.156ns period=10.312ns})
  Destination:            mixer_i/smartconnect_0/inst/m00_nodes/m00_w_node/inst/inst_mi_handler/gen_normal_area.inst_fifo_node_payld/gen_xpm_memory_fifo.inst_fifo/gen_mem_rep[0].inst_xpm_memory/xpm_memory_base_inst/gen_wr_a.gen_word_narrow.mem_reg_0_31_98_111/RAMB_D1/I
                            (rising edge-triggered cell RAMD32 clocked by clk_pl_0  {rise@0.000ns fall@5.156ns period=10.312ns})
  Path Group:             clk_pl_0
  Path Type:              Hold (Min at Slow Process Corner)
  Requirement:            0.000ns  (clk_pl_0 rise@0.000ns - clk_pl_0 rise@0.000ns)
  Data Path Delay:        0.250ns  (logic 0.115ns (46.000%)  route 0.135ns (54.000%))
  Logic Levels:           0  
  Clock Path Skew:        0.158ns (DCD - SCD - CPR)
    Destination Clock Delay (DCD):    3.552ns
    Source Clock Delay      (SCD):    3.144ns
    Clock Pessimism Removal (CPR):    0.251ns
  Clock Net Delay (Source):      2.928ns (routing 1.538ns, distribution 1.390ns)
  Clock Net Delay (Destination): 3.285ns (routing 1.681ns, distribution 1.604ns)

    Location             Delay type                Incr(ns)  Path(ns)    Netlist Resource(s)
  -------------------------------------------------------------------    -------------------
                         (clock clk_pl_0 rise edge)
                                                      0.000     0.000 r  
    PS8_X0Y0             PS8                          0.000     0.000 r  mixer_i/zynq_ultra_ps_e_0/inst/PS8_i/PLCLK[0]
                         net (fo=1, routed)           0.181     0.181    mixer_i/zynq_ultra_ps_e_0/inst/pl_clk_unbuffered[0]
    BUFG_PS_X0Y90        BUFG_PS (Prop_BUFG_PS_I_O)
                                                      0.035     0.216 r  mixer_i/zynq_ultra_ps_e_0/inst/buffer_pl_clk_0.PL_CLK_0_BUFG/O
    X1Y1 (CLOCK_ROOT)    net (fo=19371, routed)       2.928     3.144    mixer_i/smartconnect_0/inst/switchboards/w_switchboard/inst/gen_mi[0].inst_opipe_payld/aclk
    SLICE_X9Y86          FDRE                                         r  mixer_i/smartconnect_0/inst/switchboards/w_switchboard/inst/gen_mi[0].inst_opipe_payld/gen_pipe[1].pipe_reg[1][101]/C
  -------------------------------------------------------------------    -------------------
    SLICE_X9Y86          FDRE (Prop_DFF2_SLICEL_C_Q)
                                                      0.115     3.259 r  mixer_i/smartconnect_0/inst/switchboards/w_switchboard/inst/gen_mi[0].inst_opipe_payld/gen_pipe[1].pipe_reg[1][101]/Q
                         net (fo=1, routed)           0.135     3.394    mixer_i/smartconnect_0/inst/m00_nodes/m00_w_node/inst/inst_mi_handler/gen_normal_area.inst_fifo_node_payld/gen_xpm_memory_fifo.inst_fifo/gen_mem_rep[0].inst_xpm_memory/xpm_memory_base_inst/gen_wr_a.gen_word_narrow.mem_reg_0_31_98_111/DIB1
    SLICE_X10Y85         RAMD32                                       r  mixer_i/smartconnect_0/inst/m00_nodes/m00_w_node/inst/inst_mi_handler/gen_normal_area.inst_fifo_node_payld/gen_xpm_memory_fifo.inst_fifo/gen_mem_rep[0].inst_xpm_memory/xpm_memory_base_inst/gen_wr_a.gen_word_narrow.mem_reg_0_31_98_111/RAMB_D1/I
  -------------------------------------------------------------------    -------------------

                         (clock clk_pl_0 rise edge)
                                                      0.000     0.000 r  
    PS8_X0Y0             PS8                          0.000     0.000 r  mixer_i/zynq_ultra_ps_e_0/inst/PS8_i/PLCLK[0]
                         net (fo=1, routed)           0.229     0.229    mixer_i/zynq_ultra_ps_e_0/inst/pl_clk_unbuffered[0]
    BUFG_PS_X0Y90        BUFG_PS (Prop_BUFG_PS_I_O)
                                                      0.038     0.267 r  mixer_i/zynq_ultra_ps_e_0/inst/buffer_pl_clk_0.PL_CLK_0_BUFG/O
    X1Y1 (CLOCK_ROOT)    net (fo=19371, routed)       3.285     3.552    mixer_i/smartconnect_0/inst/m00_nodes/m00_w_node/inst/inst_mi_handler/gen_normal_area.inst_fifo_node_payld/gen_xpm_memory_fifo.inst_fifo/gen_mem_rep[0].inst_xpm_memory/xpm_memory_base_inst/gen_wr_a.gen_word_narrow.mem_reg_0_31_98_111/WCLK
    SLICE_X10Y85         RAMD32                                       r  mixer_i/smartconnect_0/inst/m00_nodes/m00_w_node/inst/inst_mi_handler/gen_normal_area.inst_fifo_node_payld/gen_xpm_memory_fifo.inst_fifo/gen_mem_rep[0].inst_xpm_memory/xpm_memory_base_inst/gen_wr_a.gen_word_narrow.mem_reg_0_31_98_111/RAMB_D1/CLK
                         clock pessimism             -0.251     3.301    
    SLICE_X10Y85         RAMD32 (Hold_B6LUT_SLICEM_CLK_I)
                                                      0.081     3.382    mixer_i/smartconnect_0/inst/m00_nodes/m00_w_node/inst/inst_mi_handler/gen_normal_area.inst_fifo_node_payld/gen_xpm_memory_fifo.inst_fifo/gen_mem_rep[0].inst_xpm_memory/xpm_memory_base_inst/gen_wr_a.gen_word_narrow.mem_reg_0_31_98_111/RAMB_D1
  -------------------------------------------------------------------
                         required time                         -3.382    
                         arrival time                           3.394    
  -------------------------------------------------------------------
                         slack                                  0.011    

Slack (MET) :             0.011ns  (arrival time - required time)
  Source:                 mixer_i/smartconnect_0/inst/s00_entry_pipeline/s00_si_converter/inst/converter.wrap_narrow_inst/gen_thread_loop[3].r_cmd_fifo/gen_pipelined.mesg_reg_reg[18]/C
                            (rising edge-triggered cell FDRE clocked by clk_pl_0  {rise@0.000ns fall@5.156ns period=10.312ns})
  Destination:            mixer_i/smartconnect_0/inst/s00_entry_pipeline/s00_si_converter/inst/converter.wrap_narrow_inst/gen_thread_loop[3].r_pack_ratio_log_reg[3][2]/D
                            (rising edge-triggered cell FDRE clocked by clk_pl_0  {rise@0.000ns fall@5.156ns period=10.312ns})
  Path Group:             clk_pl_0
  Path Type:              Hold (Min at Slow Process Corner)
  Requirement:            0.000ns  (clk_pl_0 rise@0.000ns - clk_pl_0 rise@0.000ns)
  Data Path Delay:        0.240ns  (logic 0.112ns (46.743%)  route 0.128ns (53.257%))
  Logic Levels:           0  
  Clock Path Skew:        0.125ns (DCD - SCD - CPR)
    Destination Clock Delay (DCD):    3.480ns
    Source Clock Delay      (SCD):    3.103ns
    Clock Pessimism Removal (CPR):    0.251ns
  Clock Net Delay (Source):      2.887ns (routing 1.538ns, distribution 1.349ns)
  Clock Net Delay (Destination): 3.213ns (routing 1.681ns, distribution 1.532ns)

    Location             Delay type                Incr(ns)  Path(ns)    Netlist Resource(s)
  -------------------------------------------------------------------    -------------------
                         (clock clk_pl_0 rise edge)
                                                      0.000     0.000 r  
    PS8_X0Y0             PS8                          0.000     0.000 r  mixer_i/zynq_ultra_ps_e_0/inst/PS8_i/PLCLK[0]
                         net (fo=1, routed)           0.181     0.181    mixer_i/zynq_ultra_ps_e_0/inst/pl_clk_unbuffered[0]
    BUFG_PS_X0Y90        BUFG_PS (Prop_BUFG_PS_I_O)
                                                      0.035     0.216 r  mixer_i/zynq_ultra_ps_e_0/inst/buffer_pl_clk_0.PL_CLK_0_BUFG/O
    X1Y1 (CLOCK_ROOT)    net (fo=19371, routed)       2.887     3.103    mixer_i/smartconnect_0/inst/s00_entry_pipeline/s00_si_converter/inst/converter.wrap_narrow_inst/gen_thread_loop[3].r_cmd_fifo/aclk
    SLICE_X20Y115        FDRE                                         r  mixer_i/smartconnect_0/inst/s00_entry_pipeline/s00_si_converter/inst/converter.wrap_narrow_inst/gen_thread_loop[3].r_cmd_fifo/gen_pipelined.mesg_reg_reg[18]/C
  -------------------------------------------------------------------    -------------------
    SLICE_X20Y115        FDRE (Prop_CFF_SLICEM_C_Q)
                                                      0.112     3.215 r  mixer_i/smartconnect_0/inst/s00_entry_pipeline/s00_si_converter/inst/converter.wrap_narrow_inst/gen_thread_loop[3].r_cmd_fifo/gen_pipelined.mesg_reg_reg[18]/Q
                         net (fo=3, routed)           0.128     3.343    mixer_i/smartconnect_0/inst/s00_entry_pipeline/s00_si_converter/inst/converter.wrap_narrow_inst/r_cmd_mesg[3]_8[18]
    SLICE_X19Y115        FDRE                                         r  mixer_i/smartconnect_0/inst/s00_entry_pipeline/s00_si_converter/inst/converter.wrap_narrow_inst/gen_thread_loop[3].r_pack_ratio_log_reg[3][2]/D
  -------------------------------------------------------------------    -------------------

                         (clock clk_pl_0 rise edge)
                                                      0.000     0.000 r  
    PS8_X0Y0             PS8                          0.000     0.000 r  mixer_i/zynq_ultra_ps_e_0/inst/PS8_i/PLCLK[0]
                         net (fo=1, routed)           0.229     0.229    mixer_i/zynq_ultra_ps_e_0/inst/pl_clk_unbuffered[0]
    BUFG_PS_X0Y90        BUFG_PS (Prop_BUFG_PS_I_O)
                                                      0.038     0.267 r  mixer_i/zynq_ultra_ps_e_0/inst/buffer_pl_clk_0.PL_CLK_0_BUFG/O
    X1Y1 (CLOCK_ROOT)    net (fo=19371, routed)       3.213     3.480    mixer_i/smartconnect_0/inst/s00_entry_pipeline/s00_si_converter/inst/converter.wrap_narrow_inst/aclk
    SLICE_X19Y115        FDRE                                         r  mixer_i/smartconnect_0/inst/s00_entry_pipeline/s00_si_converter/inst/converter.wrap_narrow_inst/gen_thread_loop[3].r_pack_ratio_log_reg[3][2]/C
                         clock pessimism             -0.251     3.228    
    SLICE_X19Y115        FDRE (Hold_FFF2_SLICEL_C_D)
                                                      0.103     3.331    mixer_i/smartconnect_0/inst/s00_entry_pipeline/s00_si_converter/inst/converter.wrap_narrow_inst/gen_thread_loop[3].r_pack_ratio_log_reg[3][2]
  -------------------------------------------------------------------
                         required time                         -3.331    
                         arrival time                           3.343    
  -------------------------------------------------------------------
                         slack                                  0.011    

Slack (MET) :             0.011ns  (arrival time - required time)
  Source:                 mixer_i/smartconnect_0/inst/s00_entry_pipeline/s00_mmu/inst/aw_sreg/m_vector_i_reg[1075]/C
                            (rising edge-triggered cell FDRE clocked by clk_pl_0  {rise@0.000ns fall@5.156ns period=10.312ns})
  Destination:            mixer_i/smartconnect_0/inst/s00_entry_pipeline/s00_mmu/inst/aw_reg_stall/skid_buffer_reg[1075]/D
                            (rising edge-triggered cell FDRE clocked by clk_pl_0  {rise@0.000ns fall@5.156ns period=10.312ns})
  Path Group:             clk_pl_0
  Path Type:              Hold (Min at Slow Process Corner)
  Requirement:            0.000ns  (clk_pl_0 rise@0.000ns - clk_pl_0 rise@0.000ns)
  Data Path Delay:        0.221ns  (logic 0.115ns (52.036%)  route 0.106ns (47.964%))
  Logic Levels:           0  
  Clock Path Skew:        0.108ns (DCD - SCD - CPR)
    Destination Clock Delay (DCD):    3.501ns
    Source Clock Delay      (SCD):    3.142ns
    Clock Pessimism Removal (CPR):    0.251ns
  Clock Net Delay (Source):      2.926ns (routing 1.538ns, distribution 1.388ns)
  Clock Net Delay (Destination): 3.234ns (routing 1.681ns, distribution 1.553ns)

    Location             Delay type                Incr(ns)  Path(ns)    Netlist Resource(s)
  -------------------------------------------------------------------    -------------------
                         (clock clk_pl_0 rise edge)
                                                      0.000     0.000 r  
    PS8_X0Y0             PS8                          0.000     0.000 r  mixer_i/zynq_ultra_ps_e_0/inst/PS8_i/PLCLK[0]
                         net (fo=1, routed)           0.181     0.181    mixer_i/zynq_ultra_ps_e_0/inst/pl_clk_unbuffered[0]
    BUFG_PS_X0Y90        BUFG_PS (Prop_BUFG_PS_I_O)
                                                      0.035     0.216 r  mixer_i/zynq_ultra_ps_e_0/inst/buffer_pl_clk_0.PL_CLK_0_BUFG/O
    X1Y1 (CLOCK_ROOT)    net (fo=19371, routed)       2.926     3.142    mixer_i/smartconnect_0/inst/s00_entry_pipeline/s00_mmu/inst/aw_sreg/aclk
    SLICE_X0Y103         FDRE                                         r  mixer_i/smartconnect_0/inst/s00_entry_pipeline/s00_mmu/inst/aw_sreg/m_vector_i_reg[1075]/C
  -------------------------------------------------------------------    -------------------
    SLICE_X0Y103         FDRE (Prop_DFF2_SLICEL_C_Q)
                                                      0.115     3.257 r  mixer_i/smartconnect_0/inst/s00_entry_pipeline/s00_mmu/inst/aw_sreg/m_vector_i_reg[1075]/Q
                         net (fo=2, routed)           0.106     3.363    mixer_i/smartconnect_0/inst/s00_entry_pipeline/s00_mmu/inst/aw_reg_stall/skid_buffer_reg[1144]_0[51]
    SLICE_X1Y103         FDRE                                         r  mixer_i/smartconnect_0/inst/s00_entry_pipeline/s00_mmu/inst/aw_reg_stall/skid_buffer_reg[1075]/D
  -------------------------------------------------------------------    -------------------

                         (clock clk_pl_0 rise edge)
                                                      0.000     0.000 r  
    PS8_X0Y0             PS8                          0.000     0.000 r  mixer_i/zynq_ultra_ps_e_0/inst/PS8_i/PLCLK[0]
                         net (fo=1, routed)           0.229     0.229    mixer_i/zynq_ultra_ps_e_0/inst/pl_clk_unbuffered[0]
    BUFG_PS_X0Y90        BUFG_PS (Prop_BUFG_PS_I_O)
                                                      0.038     0.267 r  mixer_i/zynq_ultra_ps_e_0/inst/buffer_pl_clk_0.PL_CLK_0_BUFG/O
    X1Y1 (CLOCK_ROOT)    net (fo=19371, routed)       3.234     3.501    mixer_i/smartconnect_0/inst/s00_entry_pipeline/s00_mmu/inst/aw_reg_stall/aclk
    SLICE_X1Y103         FDRE                                         r  mixer_i/smartconnect_0/inst/s00_entry_pipeline/s00_mmu/inst/aw_reg_stall/skid_buffer_reg[1075]/C
                         clock pessimism             -0.251     3.250    
    SLICE_X1Y103         FDRE (Hold_EFF2_SLICEM_C_D)
                                                      0.102     3.352    mixer_i/smartconnect_0/inst/s00_entry_pipeline/s00_mmu/inst/aw_reg_stall/skid_buffer_reg[1075]
  -------------------------------------------------------------------
                         required time                         -3.352    
                         arrival time                           3.363    
  -------------------------------------------------------------------
                         slack                                  0.011    

Slack (MET) :             0.011ns  (arrival time - required time)
  Source:                 mixer_i/system_ila_0/inst/ila_lib/inst/ila_core_inst/shifted_data_in_reg[8][13]/C
                            (rising edge-triggered cell FDRE clocked by clk_pl_0  {rise@0.000ns fall@5.156ns period=10.312ns})
  Destination:            mixer_i/system_ila_0/inst/ila_lib/inst/ila_core_inst/ila_trace_memory_inst/SUBCORE_RAM_BLK_MEM_1.trace_block_memory/inst_blk_mem_gen/gnbram.gnativebmg.native_blk_mem_gen/valid.cstr/ramloop[0].ram.r/prim_noinit.ram/DEVICE_8SERIES.NO_BMM_INFO.SDP.SIMPLE_PRIM18.ram/DINADIN[12]
                            (rising edge-triggered cell RAMB18E2 clocked by clk_pl_0  {rise@0.000ns fall@5.156ns period=10.312ns})
  Path Group:             clk_pl_0
  Path Type:              Hold (Min at Slow Process Corner)
  Requirement:            0.000ns  (clk_pl_0 rise@0.000ns - clk_pl_0 rise@0.000ns)
  Data Path Delay:        0.201ns  (logic 0.115ns (57.214%)  route 0.086ns (42.786%))
  Logic Levels:           0  
  Clock Path Skew:        0.238ns (DCD - SCD - CPR)
    Destination Clock Delay (DCD):    3.595ns
    Source Clock Delay      (SCD):    3.106ns
    Clock Pessimism Removal (CPR):    0.252ns
  Clock Net Delay (Source):      2.890ns (routing 1.538ns, distribution 1.352ns)
  Clock Net Delay (Destination): 3.328ns (routing 1.681ns, distribution 1.647ns)

    Location             Delay type                Incr(ns)  Path(ns)    Netlist Resource(s)
  -------------------------------------------------------------------    -------------------
                         (clock clk_pl_0 rise edge)
                                                      0.000     0.000 r  
    PS8_X0Y0             PS8                          0.000     0.000 r  mixer_i/zynq_ultra_ps_e_0/inst/PS8_i/PLCLK[0]
                         net (fo=1, routed)           0.181     0.181    mixer_i/zynq_ultra_ps_e_0/inst/pl_clk_unbuffered[0]
    BUFG_PS_X0Y90        BUFG_PS (Prop_BUFG_PS_I_O)
                                                      0.035     0.216 r  mixer_i/zynq_ultra_ps_e_0/inst/buffer_pl_clk_0.PL_CLK_0_BUFG/O
    X1Y1 (CLOCK_ROOT)    net (fo=19371, routed)       2.890     3.106    mixer_i/system_ila_0/inst/ila_lib/inst/ila_core_inst/DESIGN_CLK_I
    SLICE_X53Y76         FDRE                                         r  mixer_i/system_ila_0/inst/ila_lib/inst/ila_core_inst/shifted_data_in_reg[8][13]/C
  -------------------------------------------------------------------    -------------------
    SLICE_X53Y76         FDRE (Prop_FFF2_SLICEM_C_Q)
                                                      0.115     3.221 r  mixer_i/system_ila_0/inst/ila_lib/inst/ila_core_inst/shifted_data_in_reg[8][13]/Q
                         net (fo=1, routed)           0.086     3.307    mixer_i/system_ila_0/inst/ila_lib/inst/ila_core_inst/ila_trace_memory_inst/SUBCORE_RAM_BLK_MEM_1.trace_block_memory/inst_blk_mem_gen/gnbram.gnativebmg.native_blk_mem_gen/valid.cstr/ramloop[0].ram.r/prim_noinit.ram/dina[13]
    RAMB18_X2Y30         RAMB18E2                                     r  mixer_i/system_ila_0/inst/ila_lib/inst/ila_core_inst/ila_trace_memory_inst/SUBCORE_RAM_BLK_MEM_1.trace_block_memory/inst_blk_mem_gen/gnbram.gnativebmg.native_blk_mem_gen/valid.cstr/ramloop[0].ram.r/prim_noinit.ram/DEVICE_8SERIES.NO_BMM_INFO.SDP.SIMPLE_PRIM18.ram/DINADIN[12]
  -------------------------------------------------------------------    -------------------

                         (clock clk_pl_0 rise edge)
                                                      0.000     0.000 r  
    PS8_X0Y0             PS8                          0.000     0.000 r  mixer_i/zynq_ultra_ps_e_0/inst/PS8_i/PLCLK[0]
                         net (fo=1, routed)           0.229     0.229    mixer_i/zynq_ultra_ps_e_0/inst/pl_clk_unbuffered[0]
    BUFG_PS_X0Y90        BUFG_PS (Prop_BUFG_PS_I_O)
                                                      0.038     0.267 r  mixer_i/zynq_ultra_ps_e_0/inst/buffer_pl_clk_0.PL_CLK_0_BUFG/O
    X1Y1 (CLOCK_ROOT)    net (fo=19371, routed)       3.328     3.595    mixer_i/system_ila_0/inst/ila_lib/inst/ila_core_inst/ila_trace_memory_inst/SUBCORE_RAM_BLK_MEM_1.trace_block_memory/inst_blk_mem_gen/gnbram.gnativebmg.native_blk_mem_gen/valid.cstr/ramloop[0].ram.r/prim_noinit.ram/clka
    RAMB18_X2Y30         RAMB18E2                                     r  mixer_i/system_ila_0/inst/ila_lib/inst/ila_core_inst/ila_trace_memory_inst/SUBCORE_RAM_BLK_MEM_1.trace_block_memory/inst_blk_mem_gen/gnbram.gnativebmg.native_blk_mem_gen/valid.cstr/ramloop[0].ram.r/prim_noinit.ram/DEVICE_8SERIES.NO_BMM_INFO.SDP.SIMPLE_PRIM18.ram/CLKARDCLK
                         clock pessimism             -0.252     3.343    
    RAMB18_X2Y30         RAMB18E2 (Hold_RAMB18E2_L_RAMB180_CLKARDCLK_DINADIN[12])
                                                     -0.048     3.295    mixer_i/system_ila_0/inst/ila_lib/inst/ila_core_inst/ila_trace_memory_inst/SUBCORE_RAM_BLK_MEM_1.trace_block_memory/inst_blk_mem_gen/gnbram.gnativebmg.native_blk_mem_gen/valid.cstr/ramloop[0].ram.r/prim_noinit.ram/DEVICE_8SERIES.NO_BMM_INFO.SDP.SIMPLE_PRIM18.ram
  -------------------------------------------------------------------
                         required time                         -3.295    
                         arrival time                           3.307    
  -------------------------------------------------------------------
                         slack                                  0.011    

Slack (MET) :             0.012ns  (arrival time - required time)
  Source:                 mixer_i/system_ila_1/inst/ila_lib/inst/ila_core_inst/shifted_data_in_reg[8][14]/C
                            (rising edge-triggered cell FDRE clocked by clk_pl_0  {rise@0.000ns fall@5.156ns period=10.312ns})
  Destination:            mixer_i/system_ila_1/inst/ila_lib/inst/ila_core_inst/ila_trace_memory_inst/SUBCORE_RAM_BLK_MEM_1.trace_block_memory/inst_blk_mem_gen/gnbram.gnativebmg.native_blk_mem_gen/valid.cstr/ramloop[0].ram.r/prim_noinit.ram/DEVICE_8SERIES.NO_BMM_INFO.SDP.SIMPLE_PRIM18.ram/DINADIN[13]
                            (rising edge-triggered cell RAMB18E2 clocked by clk_pl_0  {rise@0.000ns fall@5.156ns period=10.312ns})
  Path Group:             clk_pl_0
  Path Type:              Hold (Min at Slow Process Corner)
  Requirement:            0.000ns  (clk_pl_0 rise@0.000ns - clk_pl_0 rise@0.000ns)
  Data Path Delay:        0.232ns  (logic 0.114ns (49.138%)  route 0.118ns (50.862%))
  Logic Levels:           0  
  Clock Path Skew:        0.268ns (DCD - SCD - CPR)
    Destination Clock Delay (DCD):    3.621ns
    Source Clock Delay      (SCD):    3.101ns
    Clock Pessimism Removal (CPR):    0.252ns
  Clock Net Delay (Source):      2.885ns (routing 1.538ns, distribution 1.347ns)
  Clock Net Delay (Destination): 3.354ns (routing 1.681ns, distribution 1.673ns)

    Location             Delay type                Incr(ns)  Path(ns)    Netlist Resource(s)
  -------------------------------------------------------------------    -------------------
                         (clock clk_pl_0 rise edge)
                                                      0.000     0.000 r  
    PS8_X0Y0             PS8                          0.000     0.000 r  mixer_i/zynq_ultra_ps_e_0/inst/PS8_i/PLCLK[0]
                         net (fo=1, routed)           0.181     0.181    mixer_i/zynq_ultra_ps_e_0/inst/pl_clk_unbuffered[0]
    BUFG_PS_X0Y90        BUFG_PS (Prop_BUFG_PS_I_O)
                                                      0.035     0.216 r  mixer_i/zynq_ultra_ps_e_0/inst/buffer_pl_clk_0.PL_CLK_0_BUFG/O
    X1Y1 (CLOCK_ROOT)    net (fo=19371, routed)       2.885     3.101    mixer_i/system_ila_1/inst/ila_lib/inst/ila_core_inst/DESIGN_CLK_I
    SLICE_X53Y81         FDRE                                         r  mixer_i/system_ila_1/inst/ila_lib/inst/ila_core_inst/shifted_data_in_reg[8][14]/C
  -------------------------------------------------------------------    -------------------
    SLICE_X53Y81         FDRE (Prop_GFF2_SLICEM_C_Q)
                                                      0.114     3.215 r  mixer_i/system_ila_1/inst/ila_lib/inst/ila_core_inst/shifted_data_in_reg[8][14]/Q
                         net (fo=1, routed)           0.118     3.333    mixer_i/system_ila_1/inst/ila_lib/inst/ila_core_inst/ila_trace_memory_inst/SUBCORE_RAM_BLK_MEM_1.trace_block_memory/inst_blk_mem_gen/gnbram.gnativebmg.native_blk_mem_gen/valid.cstr/ramloop[0].ram.r/prim_noinit.ram/dina[14]
    RAMB18_X2Y32         RAMB18E2                                     r  mixer_i/system_ila_1/inst/ila_lib/inst/ila_core_inst/ila_trace_memory_inst/SUBCORE_RAM_BLK_MEM_1.trace_block_memory/inst_blk_mem_gen/gnbram.gnativebmg.native_blk_mem_gen/valid.cstr/ramloop[0].ram.r/prim_noinit.ram/DEVICE_8SERIES.NO_BMM_INFO.SDP.SIMPLE_PRIM18.ram/DINADIN[13]
  -------------------------------------------------------------------    -------------------

                         (clock clk_pl_0 rise edge)
                                                      0.000     0.000 r  
    PS8_X0Y0             PS8                          0.000     0.000 r  mixer_i/zynq_ultra_ps_e_0/inst/PS8_i/PLCLK[0]
                         net (fo=1, routed)           0.229     0.229    mixer_i/zynq_ultra_ps_e_0/inst/pl_clk_unbuffered[0]
    BUFG_PS_X0Y90        BUFG_PS (Prop_BUFG_PS_I_O)
                                                      0.038     0.267 r  mixer_i/zynq_ultra_ps_e_0/inst/buffer_pl_clk_0.PL_CLK_0_BUFG/O
    X1Y1 (CLOCK_ROOT)    net (fo=19371, routed)       3.354     3.621    mixer_i/system_ila_1/inst/ila_lib/inst/ila_core_inst/ila_trace_memory_inst/SUBCORE_RAM_BLK_MEM_1.trace_block_memory/inst_blk_mem_gen/gnbram.gnativebmg.native_blk_mem_gen/valid.cstr/ramloop[0].ram.r/prim_noinit.ram/clka
    RAMB18_X2Y32         RAMB18E2                                     r  mixer_i/system_ila_1/inst/ila_lib/inst/ila_core_inst/ila_trace_memory_inst/SUBCORE_RAM_BLK_MEM_1.trace_block_memory/inst_blk_mem_gen/gnbram.gnativebmg.native_blk_mem_gen/valid.cstr/ramloop[0].ram.r/prim_noinit.ram/DEVICE_8SERIES.NO_BMM_INFO.SDP.SIMPLE_PRIM18.ram/CLKARDCLK
                         clock pessimism             -0.252     3.369    
    RAMB18_X2Y32         RAMB18E2 (Hold_RAMB18E2_L_RAMB180_CLKARDCLK_DINADIN[13])
                                                     -0.048     3.321    mixer_i/system_ila_1/inst/ila_lib/inst/ila_core_inst/ila_trace_memory_inst/SUBCORE_RAM_BLK_MEM_1.trace_block_memory/inst_blk_mem_gen/gnbram.gnativebmg.native_blk_mem_gen/valid.cstr/ramloop[0].ram.r/prim_noinit.ram/DEVICE_8SERIES.NO_BMM_INFO.SDP.SIMPLE_PRIM18.ram
  -------------------------------------------------------------------
                         required time                         -3.321    
                         arrival time                           3.333    
  -------------------------------------------------------------------
                         slack                                  0.012    





Pulse Width Checks
--------------------------------------------------------------------------------------
Clock Name:         clk_pl_0
Waveform(ns):       { 0.000 5.156 }
Period(ns):         10.312
Sources:            { mixer_i/zynq_ultra_ps_e_0/inst/PS8_i/PLCLK[0] }

Check Type        Corner  Lib Pin             Reference Pin  Required(ns)  Actual(ns)  Slack(ns)  Location      Pin
Min Period        n/a     PS8/MAXIGP0ACLK     n/a            3.000         10.312      7.312      PS8_X0Y0      mixer_i/zynq_ultra_ps_e_0/inst/PS8_i/MAXIGP0ACLK
Min Period        n/a     RAMB18E2/CLKARDCLK  n/a            1.960         10.312      8.352      RAMB18_X2Y30  mixer_i/system_ila_0/inst/ila_lib/inst/ila_core_inst/ila_trace_memory_inst/SUBCORE_RAM_BLK_MEM_1.trace_block_memory/inst_blk_mem_gen/gnbram.gnativebmg.native_blk_mem_gen/valid.cstr/ramloop[0].ram.r/prim_noinit.ram/DEVICE_8SERIES.NO_BMM_INFO.SDP.SIMPLE_PRIM18.ram/CLKARDCLK
Min Period        n/a     RAMB18E2/CLKBWRCLK  n/a            1.960         10.312      8.352      RAMB18_X2Y30  mixer_i/system_ila_0/inst/ila_lib/inst/ila_core_inst/ila_trace_memory_inst/SUBCORE_RAM_BLK_MEM_1.trace_block_memory/inst_blk_mem_gen/gnbram.gnativebmg.native_blk_mem_gen/valid.cstr/ramloop[0].ram.r/prim_noinit.ram/DEVICE_8SERIES.NO_BMM_INFO.SDP.SIMPLE_PRIM18.ram/CLKBWRCLK
Min Period        n/a     RAMB36E2/CLKARDCLK  n/a            1.960         10.312      8.352      RAMB36_X1Y15  mixer_i/system_ila_0/inst/ila_lib/inst/ila_core_inst/ila_trace_memory_inst/SUBCORE_RAM_BLK_MEM_1.trace_block_memory/inst_blk_mem_gen/gnbram.gnativebmg.native_blk_mem_gen/valid.cstr/ramloop[1].ram.r/prim_noinit.ram/DEVICE_8SERIES.NO_BMM_INFO.SDP.SIMPLE_PRIM36.ram/CLKARDCLK
Min Period        n/a     RAMB36E2/CLKBWRCLK  n/a            1.960         10.312      8.352      RAMB36_X1Y15  mixer_i/system_ila_0/inst/ila_lib/inst/ila_core_inst/ila_trace_memory_inst/SUBCORE_RAM_BLK_MEM_1.trace_block_memory/inst_blk_mem_gen/gnbram.gnativebmg.native_blk_mem_gen/valid.cstr/ramloop[1].ram.r/prim_noinit.ram/DEVICE_8SERIES.NO_BMM_INFO.SDP.SIMPLE_PRIM36.ram/CLKBWRCLK
Min Period        n/a     RAMB18E2/CLKARDCLK  n/a            1.960         10.312      8.352      RAMB18_X2Y32  mixer_i/system_ila_1/inst/ila_lib/inst/ila_core_inst/ila_trace_memory_inst/SUBCORE_RAM_BLK_MEM_1.trace_block_memory/inst_blk_mem_gen/gnbram.gnativebmg.native_blk_mem_gen/valid.cstr/ramloop[0].ram.r/prim_noinit.ram/DEVICE_8SERIES.NO_BMM_INFO.SDP.SIMPLE_PRIM18.ram/CLKARDCLK
Min Period        n/a     RAMB18E2/CLKBWRCLK  n/a            1.960         10.312      8.352      RAMB18_X2Y32  mixer_i/system_ila_1/inst/ila_lib/inst/ila_core_inst/ila_trace_memory_inst/SUBCORE_RAM_BLK_MEM_1.trace_block_memory/inst_blk_mem_gen/gnbram.gnativebmg.native_blk_mem_gen/valid.cstr/ramloop[0].ram.r/prim_noinit.ram/DEVICE_8SERIES.NO_BMM_INFO.SDP.SIMPLE_PRIM18.ram/CLKBWRCLK
Min Period        n/a     RAMB36E2/CLKARDCLK  n/a            1.960         10.312      8.352      RAMB36_X2Y17  mixer_i/system_ila_1/inst/ila_lib/inst/ila_core_inst/ila_trace_memory_inst/SUBCORE_RAM_BLK_MEM_1.trace_block_memory/inst_blk_mem_gen/gnbram.gnativebmg.native_blk_mem_gen/valid.cstr/ramloop[1].ram.r/prim_noinit.ram/DEVICE_8SERIES.NO_BMM_INFO.SDP.SIMPLE_PRIM36.ram/CLKARDCLK
Min Period        n/a     RAMB36E2/CLKBWRCLK  n/a            1.960         10.312      8.352      RAMB36_X2Y17  mixer_i/system_ila_1/inst/ila_lib/inst/ila_core_inst/ila_trace_memory_inst/SUBCORE_RAM_BLK_MEM_1.trace_block_memory/inst_blk_mem_gen/gnbram.gnativebmg.native_blk_mem_gen/valid.cstr/ramloop[1].ram.r/prim_noinit.ram/DEVICE_8SERIES.NO_BMM_INFO.SDP.SIMPLE_PRIM36.ram/CLKBWRCLK
Min Period        n/a     RAMB36E2/CLKARDCLK  n/a            1.709         10.312      8.603      RAMB36_X1Y16  mixer_i/axi_dma_0/U0/I_PRMRY_DATAMOVER/GEN_MM2S_FULL.I_MM2S_FULL_WRAPPER/GEN_INCLUDE_MM2S_SF.I_RD_SF/I_DATA_FIFO/BLK_MEM.I_SYNC_FIFOGEN_FIFO/xpm_fifo_instance.xpm_fifo_sync_inst/xpm_fifo_base_inst/gen_sdpram.xpm_memory_base_inst/gen_wr_a.gen_word_narrow.mem_reg/CLKARDCLK
Low Pulse Width   Slow    PS8/MAXIGP0ACLK     n/a            1.500         5.156       3.656      PS8_X0Y0      mixer_i/zynq_ultra_ps_e_0/inst/PS8_i/MAXIGP0ACLK
Low Pulse Width   Fast    PS8/MAXIGP0ACLK     n/a            1.500         5.156       3.656      PS8_X0Y0      mixer_i/zynq_ultra_ps_e_0/inst/PS8_i/MAXIGP0ACLK
Low Pulse Width   Slow    RAMD32/CLK          n/a            0.762         5.156       4.394      SLICE_X54Y78  dbg_hub/inst/BSCANID.u_xsdbm_id/CORE_XSDB.UUT_MASTER/U_ICON_INTERFACE/U_CMD6_RD/U_RD_FIFO/SUBCORE_FIFO.xsdbm_v3_0_0_rdfifo_inst/inst_fifo_gen/gconvfifo.rf/grf.rf/gntv_or_sync_fifo.mem/gdm.dm_gen.dm/RAM_reg_0_15_0_13/RAMA/CLK
Low Pulse Width   Fast    RAMD32/CLK          n/a            0.762         5.156       4.394      SLICE_X54Y78  dbg_hub/inst/BSCANID.u_xsdbm_id/CORE_XSDB.UUT_MASTER/U_ICON_INTERFACE/U_CMD6_RD/U_RD_FIFO/SUBCORE_FIFO.xsdbm_v3_0_0_rdfifo_inst/inst_fifo_gen/gconvfifo.rf/grf.rf/gntv_or_sync_fifo.mem/gdm.dm_gen.dm/RAM_reg_0_15_0_13/RAMA/CLK
Low Pulse Width   Slow    RAMD32/CLK          n/a            0.762         5.156       4.394      SLICE_X54Y78  dbg_hub/inst/BSCANID.u_xsdbm_id/CORE_XSDB.UUT_MASTER/U_ICON_INTERFACE/U_CMD6_RD/U_RD_FIFO/SUBCORE_FIFO.xsdbm_v3_0_0_rdfifo_inst/inst_fifo_gen/gconvfifo.rf/grf.rf/gntv_or_sync_fifo.mem/gdm.dm_gen.dm/RAM_reg_0_15_0_13/RAMA_D1/CLK
Low Pulse Width   Fast    RAMD32/CLK          n/a            0.762         5.156       4.394      SLICE_X54Y78  dbg_hub/inst/BSCANID.u_xsdbm_id/CORE_XSDB.UUT_MASTER/U_ICON_INTERFACE/U_CMD6_RD/U_RD_FIFO/SUBCORE_FIFO.xsdbm_v3_0_0_rdfifo_inst/inst_fifo_gen/gconvfifo.rf/grf.rf/gntv_or_sync_fifo.mem/gdm.dm_gen.dm/RAM_reg_0_15_0_13/RAMA_D1/CLK
Low Pulse Width   Slow    RAMD32/CLK          n/a            0.762         5.156       4.394      SLICE_X54Y78  dbg_hub/inst/BSCANID.u_xsdbm_id/CORE_XSDB.UUT_MASTER/U_ICON_INTERFACE/U_CMD6_RD/U_RD_FIFO/SUBCORE_FIFO.xsdbm_v3_0_0_rdfifo_inst/inst_fifo_gen/gconvfifo.rf/grf.rf/gntv_or_sync_fifo.mem/gdm.dm_gen.dm/RAM_reg_0_15_0_13/RAMB/CLK
Low Pulse Width   Fast    RAMD32/CLK          n/a            0.762         5.156       4.394      SLICE_X54Y78  dbg_hub/inst/BSCANID.u_xsdbm_id/CORE_XSDB.UUT_MASTER/U_ICON_INTERFACE/U_CMD6_RD/U_RD_FIFO/SUBCORE_FIFO.xsdbm_v3_0_0_rdfifo_inst/inst_fifo_gen/gconvfifo.rf/grf.rf/gntv_or_sync_fifo.mem/gdm.dm_gen.dm/RAM_reg_0_15_0_13/RAMB/CLK
Low Pulse Width   Slow    RAMD32/CLK          n/a            0.762         5.156       4.394      SLICE_X54Y78  dbg_hub/inst/BSCANID.u_xsdbm_id/CORE_XSDB.UUT_MASTER/U_ICON_INTERFACE/U_CMD6_RD/U_RD_FIFO/SUBCORE_FIFO.xsdbm_v3_0_0_rdfifo_inst/inst_fifo_gen/gconvfifo.rf/grf.rf/gntv_or_sync_fifo.mem/gdm.dm_gen.dm/RAM_reg_0_15_0_13/RAMB_D1/CLK
Low Pulse Width   Fast    RAMD32/CLK          n/a            0.762         5.156       4.394      SLICE_X54Y78  dbg_hub/inst/BSCANID.u_xsdbm_id/CORE_XSDB.UUT_MASTER/U_ICON_INTERFACE/U_CMD6_RD/U_RD_FIFO/SUBCORE_FIFO.xsdbm_v3_0_0_rdfifo_inst/inst_fifo_gen/gconvfifo.rf/grf.rf/gntv_or_sync_fifo.mem/gdm.dm_gen.dm/RAM_reg_0_15_0_13/RAMB_D1/CLK
High Pulse Width  Slow    PS8/MAXIGP0ACLK     n/a            1.500         5.156       3.656      PS8_X0Y0      mixer_i/zynq_ultra_ps_e_0/inst/PS8_i/MAXIGP0ACLK
High Pulse Width  Fast    PS8/MAXIGP0ACLK     n/a            1.500         5.156       3.656      PS8_X0Y0      mixer_i/zynq_ultra_ps_e_0/inst/PS8_i/MAXIGP0ACLK
High Pulse Width  Slow    RAMD32/CLK          n/a            0.762         5.156       4.394      SLICE_X54Y78  dbg_hub/inst/BSCANID.u_xsdbm_id/CORE_XSDB.UUT_MASTER/U_ICON_INTERFACE/U_CMD6_RD/U_RD_FIFO/SUBCORE_FIFO.xsdbm_v3_0_0_rdfifo_inst/inst_fifo_gen/gconvfifo.rf/grf.rf/gntv_or_sync_fifo.mem/gdm.dm_gen.dm/RAM_reg_0_15_0_13/RAMA/CLK
High Pulse Width  Fast    RAMD32/CLK          n/a            0.762         5.156       4.394      SLICE_X54Y78  dbg_hub/inst/BSCANID.u_xsdbm_id/CORE_XSDB.UUT_MASTER/U_ICON_INTERFACE/U_CMD6_RD/U_RD_FIFO/SUBCORE_FIFO.xsdbm_v3_0_0_rdfifo_inst/inst_fifo_gen/gconvfifo.rf/grf.rf/gntv_or_sync_fifo.mem/gdm.dm_gen.dm/RAM_reg_0_15_0_13/RAMA/CLK
High Pulse Width  Slow    RAMD32/CLK          n/a            0.762         5.156       4.394      SLICE_X54Y78  dbg_hub/inst/BSCANID.u_xsdbm_id/CORE_XSDB.UUT_MASTER/U_ICON_INTERFACE/U_CMD6_RD/U_RD_FIFO/SUBCORE_FIFO.xsdbm_v3_0_0_rdfifo_inst/inst_fifo_gen/gconvfifo.rf/grf.rf/gntv_or_sync_fifo.mem/gdm.dm_gen.dm/RAM_reg_0_15_0_13/RAMA_D1/CLK
High Pulse Width  Fast    RAMD32/CLK          n/a            0.762         5.156       4.394      SLICE_X54Y78  dbg_hub/inst/BSCANID.u_xsdbm_id/CORE_XSDB.UUT_MASTER/U_ICON_INTERFACE/U_CMD6_RD/U_RD_FIFO/SUBCORE_FIFO.xsdbm_v3_0_0_rdfifo_inst/inst_fifo_gen/gconvfifo.rf/grf.rf/gntv_or_sync_fifo.mem/gdm.dm_gen.dm/RAM_reg_0_15_0_13/RAMA_D1/CLK
High Pulse Width  Slow    RAMD32/CLK          n/a            0.762         5.156       4.394      SLICE_X54Y78  dbg_hub/inst/BSCANID.u_xsdbm_id/CORE_XSDB.UUT_MASTER/U_ICON_INTERFACE/U_CMD6_RD/U_RD_FIFO/SUBCORE_FIFO.xsdbm_v3_0_0_rdfifo_inst/inst_fifo_gen/gconvfifo.rf/grf.rf/gntv_or_sync_fifo.mem/gdm.dm_gen.dm/RAM_reg_0_15_0_13/RAMB/CLK
High Pulse Width  Fast    RAMD32/CLK          n/a            0.762         5.156       4.394      SLICE_X54Y78  dbg_hub/inst/BSCANID.u_xsdbm_id/CORE_XSDB.UUT_MASTER/U_ICON_INTERFACE/U_CMD6_RD/U_RD_FIFO/SUBCORE_FIFO.xsdbm_v3_0_0_rdfifo_inst/inst_fifo_gen/gconvfifo.rf/grf.rf/gntv_or_sync_fifo.mem/gdm.dm_gen.dm/RAM_reg_0_15_0_13/RAMB/CLK
High Pulse Width  Slow    RAMD32/CLK          n/a            0.762         5.156       4.394      SLICE_X54Y78  dbg_hub/inst/BSCANID.u_xsdbm_id/CORE_XSDB.UUT_MASTER/U_ICON_INTERFACE/U_CMD6_RD/U_RD_FIFO/SUBCORE_FIFO.xsdbm_v3_0_0_rdfifo_inst/inst_fifo_gen/gconvfifo.rf/grf.rf/gntv_or_sync_fifo.mem/gdm.dm_gen.dm/RAM_reg_0_15_0_13/RAMB_D1/CLK
High Pulse Width  Fast    RAMD32/CLK          n/a            0.762         5.156       4.394      SLICE_X54Y78  dbg_hub/inst/BSCANID.u_xsdbm_id/CORE_XSDB.UUT_MASTER/U_ICON_INTERFACE/U_CMD6_RD/U_RD_FIFO/SUBCORE_FIFO.xsdbm_v3_0_0_rdfifo_inst/inst_fifo_gen/gconvfifo.rf/grf.rf/gntv_or_sync_fifo.mem/gdm.dm_gen.dm/RAM_reg_0_15_0_13/RAMB_D1/CLK



---------------------------------------------------------------------------------------------------
From Clock:  dbg_hub/inst/BSCANID.u_xsdbm_id/SWITCH_N_EXT_BSCAN.bscan_inst/SERIES7_BSCAN.bscan_inst/INTERNAL_TCK
  To Clock:  dbg_hub/inst/BSCANID.u_xsdbm_id/SWITCH_N_EXT_BSCAN.bscan_inst/SERIES7_BSCAN.bscan_inst/INTERNAL_TCK

Setup :            0  Failing Endpoints,  Worst Slack       13.362ns,  Total Violation        0.000ns
Hold  :            0  Failing Endpoints,  Worst Slack        0.031ns,  Total Violation        0.000ns
PW    :            0  Failing Endpoints,  Worst Slack       24.238ns,  Total Violation        0.000ns
---------------------------------------------------------------------------------------------------


Max Delay Paths
--------------------------------------------------------------------------------------
Slack (MET) :             13.362ns  (required time - arrival time)
  Source:                 dbg_hub/inst/BSCANID.u_xsdbm_id/CORE_XSDB.U_ICON/iTDO_reg/C
                            (rising edge-triggered cell FDRE clocked by dbg_hub/inst/BSCANID.u_xsdbm_id/SWITCH_N_EXT_BSCAN.bscan_inst/SERIES7_BSCAN.bscan_inst/INTERNAL_TCK  {rise@0.000ns fall@25.000ns period=50.000ns})
  Destination:            dbg_hub/inst/BSCANID.u_xsdbm_id/SWITCH_N_EXT_BSCAN.bscan_inst/SERIES7_BSCAN.bscan_inst/TDO
                            (falling edge-triggered cell BSCANE2 clocked by dbg_hub/inst/BSCANID.u_xsdbm_id/SWITCH_N_EXT_BSCAN.bscan_inst/SERIES7_BSCAN.bscan_inst/INTERNAL_TCK  {rise@0.000ns fall@25.000ns period=50.000ns})
  Path Group:             dbg_hub/inst/BSCANID.u_xsdbm_id/SWITCH_N_EXT_BSCAN.bscan_inst/SERIES7_BSCAN.bscan_inst/INTERNAL_TCK
  Path Type:              Setup (Max at Slow Process Corner)
  Requirement:            25.000ns  (dbg_hub/inst/BSCANID.u_xsdbm_id/SWITCH_N_EXT_BSCAN.bscan_inst/SERIES7_BSCAN.bscan_inst/INTERNAL_TCK fall@25.000ns - dbg_hub/inst/BSCANID.u_xsdbm_id/SWITCH_N_EXT_BSCAN.bscan_inst/SERIES7_BSCAN.bscan_inst/INTERNAL_TCK rise@0.000ns)
  Data Path Delay:        2.326ns  (logic 0.360ns (15.478%)  route 1.966ns (84.522%))
  Logic Levels:           2  (LUT3=1 LUT6=1)
  Clock Path Skew:        -9.077ns (DCD - SCD + CPR)
    Destination Clock Delay (DCD):    0.000ns = ( 25.000 - 25.000 ) 
    Source Clock Delay      (SCD):    9.077ns
    Clock Pessimism Removal (CPR):    0.000ns
  Clock Uncertainty:      0.235ns  ((TSJ^2 + TIJ^2)^1/2 + DJ) / 2 + PE + DCD
    Total System Jitter     (TSJ):    0.071ns
    Total Input Jitter      (TIJ):    0.000ns
    Discrete Jitter          (DJ):    0.000ns
    Phase Error              (PE):    0.000ns
    Duty Cycle Distortion   (DCD):    0.200ns
  Clock Net Delay (Source):      2.602ns (routing 1.467ns, distribution 1.135ns)

    Location             Delay type                Incr(ns)  Path(ns)    Netlist Resource(s)
  -------------------------------------------------------------------    -------------------
                         (clock dbg_hub/inst/BSCANID.u_xsdbm_id/SWITCH_N_EXT_BSCAN.bscan_inst/SERIES7_BSCAN.bscan_inst/INTERNAL_TCK rise edge)
                                                      0.000     0.000 r  
    CONFIG_SITE_X0Y0     BSCANE2                      0.000     0.000 r  dbg_hub/inst/BSCANID.u_xsdbm_id/SWITCH_N_EXT_BSCAN.bscan_inst/SERIES7_BSCAN.bscan_inst/INTERNAL_TCK
    CONFIG_SITE_X0Y0     BSCANE2 (Prop_BSCAN1_CONFIG_SITE_INTERNAL_TCK_TCK)
                                                      4.800     4.800 r  dbg_hub/inst/BSCANID.u_xsdbm_id/SWITCH_N_EXT_BSCAN.bscan_inst/SERIES7_BSCAN.bscan_inst/TCK
                         net (fo=1, routed)           1.631     6.431    dbg_hub/inst/BSCANID.u_xsdbm_id/tck_bs
    BUFGCE_X0Y76         BUFGCE (Prop_BUFCE_BUFGCE_I_O)
                                                      0.044     6.475 r  dbg_hub/inst/BSCANID.u_xsdbm_id/SWITCH_N_EXT_BSCAN.u_bufg_icon_tck/O
    X2Y1 (CLOCK_ROOT)    net (fo=482, routed)         2.602     9.077    dbg_hub/inst/BSCANID.u_xsdbm_id/CORE_XSDB.U_ICON/m_bscan_tck[0]
    SLICE_X59Y89         FDRE                                         r  dbg_hub/inst/BSCANID.u_xsdbm_id/CORE_XSDB.U_ICON/iTDO_reg/C
  -------------------------------------------------------------------    -------------------
    SLICE_X59Y89         FDRE (Prop_GFF2_SLICEL_C_Q)
                                                      0.116     9.193 r  dbg_hub/inst/BSCANID.u_xsdbm_id/CORE_XSDB.U_ICON/iTDO_reg/Q
                         net (fo=1, routed)           1.073    10.266    dbg_hub/inst/BSCANID.u_xsdbm_id/TDO
    SLICE_X49Y164        LUT3 (Prop_E6LUT_SLICEL_I2_O)
                                                      0.187    10.453 r  dbg_hub/inst/BSCANID.u_xsdbm_id/SWITCH_N_EXT_BSCAN.bscan_switch_i_1/O
                         net (fo=2, routed)           0.226    10.678    dbg_hub/inst/BSCANID.u_xsdbm_id/SWITCH_N_EXT_BSCAN.bscan_switch/m_bscan_tdo[0]
    SLICE_X49Y164        LUT6 (Prop_G6LUT_SLICEL_I5_O)
                                                      0.057    10.735 r  dbg_hub/inst/BSCANID.u_xsdbm_id/SWITCH_N_EXT_BSCAN.bscan_switch/s_bscan_tdo_INST_0/O
                         net (fo=1, routed)           0.667    11.402    dbg_hub/inst/BSCANID.u_xsdbm_id/SWITCH_N_EXT_BSCAN.bscan_inst/TDO
    CONFIG_SITE_X0Y0     BSCANE2                                      r  dbg_hub/inst/BSCANID.u_xsdbm_id/SWITCH_N_EXT_BSCAN.bscan_inst/SERIES7_BSCAN.bscan_inst/TDO
  -------------------------------------------------------------------    -------------------

                         (clock dbg_hub/inst/BSCANID.u_xsdbm_id/SWITCH_N_EXT_BSCAN.bscan_inst/SERIES7_BSCAN.bscan_inst/INTERNAL_TCK fall edge)
                                                     25.000    25.000 f  
    CONFIG_SITE_X0Y0     BSCANE2                      0.000    25.000 f  dbg_hub/inst/BSCANID.u_xsdbm_id/SWITCH_N_EXT_BSCAN.bscan_inst/SERIES7_BSCAN.bscan_inst/INTERNAL_TCK
                         clock pessimism              0.000    25.000    
                         clock uncertainty           -0.235    24.765    
    CONFIG_SITE_X0Y0     BSCANE2 (Setup_BSCAN1_CONFIG_SITE_INTERNAL_TCK_TDO)
                                                      0.000    24.765    dbg_hub/inst/BSCANID.u_xsdbm_id/SWITCH_N_EXT_BSCAN.bscan_inst/SERIES7_BSCAN.bscan_inst
  -------------------------------------------------------------------
                         required time                         24.765    
                         arrival time                         -11.402    
  -------------------------------------------------------------------
                         slack                                 13.362    

Slack (MET) :             19.694ns  (required time - arrival time)
  Source:                 dbg_hub/inst/BSCANID.u_xsdbm_id/SWITCH_N_EXT_BSCAN.bscan_inst/SERIES7_BSCAN.bscan_inst/INTERNAL_TCK
                            (falling edge-triggered cell BSCANE2 clocked by dbg_hub/inst/BSCANID.u_xsdbm_id/SWITCH_N_EXT_BSCAN.bscan_inst/SERIES7_BSCAN.bscan_inst/INTERNAL_TCK  {rise@0.000ns fall@25.000ns period=50.000ns})
  Destination:            dbg_hub/inst/BSCANID.u_xsdbm_id/CORE_XSDB.U_ICON/U_STAT/iSTAT_CNT_reg[0]/R
                            (rising edge-triggered cell FDRE clocked by dbg_hub/inst/BSCANID.u_xsdbm_id/SWITCH_N_EXT_BSCAN.bscan_inst/SERIES7_BSCAN.bscan_inst/INTERNAL_TCK  {rise@0.000ns fall@25.000ns period=50.000ns})
  Path Group:             dbg_hub/inst/BSCANID.u_xsdbm_id/SWITCH_N_EXT_BSCAN.bscan_inst/SERIES7_BSCAN.bscan_inst/INTERNAL_TCK
  Path Type:              Setup (Max at Fast Process Corner)
  Requirement:            25.000ns  (dbg_hub/inst/BSCANID.u_xsdbm_id/SWITCH_N_EXT_BSCAN.bscan_inst/SERIES7_BSCAN.bscan_inst/INTERNAL_TCK rise@50.000ns - dbg_hub/inst/BSCANID.u_xsdbm_id/SWITCH_N_EXT_BSCAN.bscan_inst/SERIES7_BSCAN.bscan_inst/INTERNAL_TCK fall@25.000ns)
  Data Path Delay:        7.636ns  (logic 5.982ns (78.337%)  route 1.654ns (21.663%))
  Logic Levels:           3  (LUT4=1 LUT5=2)
  Clock Path Skew:        2.615ns (DCD - SCD + CPR)
    Destination Clock Delay (DCD):    2.615ns = ( 52.615 - 50.000 ) 
    Source Clock Delay      (SCD):    0.000ns = ( 25.000 - 25.000 ) 
    Clock Pessimism Removal (CPR):    0.000ns
  Clock Uncertainty:      0.235ns  ((TSJ^2 + TIJ^2)^1/2 + DJ) / 2 + PE + DCD
    Total System Jitter     (TSJ):    0.071ns
    Total Input Jitter      (TIJ):    0.000ns
    Discrete Jitter          (DJ):    0.000ns
    Phase Error              (PE):    0.000ns
    Duty Cycle Distortion   (DCD):    0.200ns
  Clock Net Delay (Destination): 1.399ns (routing 0.805ns, distribution 0.594ns)

    Location             Delay type                Incr(ns)  Path(ns)    Netlist Resource(s)
  -------------------------------------------------------------------    -------------------
                         (clock dbg_hub/inst/BSCANID.u_xsdbm_id/SWITCH_N_EXT_BSCAN.bscan_inst/SERIES7_BSCAN.bscan_inst/INTERNAL_TCK fall edge)
                                                     25.000    25.000 f  
    CONFIG_SITE_X0Y0     BSCANE2                      0.000    25.000 f  dbg_hub/inst/BSCANID.u_xsdbm_id/SWITCH_N_EXT_BSCAN.bscan_inst/SERIES7_BSCAN.bscan_inst/INTERNAL_TCK
  -------------------------------------------------------------------    -------------------
    CONFIG_SITE_X0Y0     BSCANE2 (Prop_BSCAN1_CONFIG_SITE_INTERNAL_TCK_SHIFT)
                                                      5.600    30.600 f  dbg_hub/inst/BSCANID.u_xsdbm_id/SWITCH_N_EXT_BSCAN.bscan_inst/SERIES7_BSCAN.bscan_inst/SHIFT
                         net (fo=37, routed)          0.590    31.190    dbg_hub/inst/BSCANID.u_xsdbm_id/SWITCH_N_EXT_BSCAN.bscan_switch/s_bscan_shift
    SLICE_X50Y164        LUT5 (Prop_F6LUT_SLICEL_I4_O)
                                                      0.170    31.360 f  dbg_hub/inst/BSCANID.u_xsdbm_id/SWITCH_N_EXT_BSCAN.bscan_switch/m_bscan_shift[0]_INST_0/O
                         net (fo=4, routed)           0.808    32.168    dbg_hub/inst/BSCANID.u_xsdbm_id/CORE_XSDB.U_ICON/U_CMD/icn_cmd_en_reg[7]
    SLICE_X58Y89         LUT4 (Prop_D6LUT_SLICEM_I1_O)
                                                      0.135    32.303 f  dbg_hub/inst/BSCANID.u_xsdbm_id/CORE_XSDB.U_ICON/U_CMD/iSTAT_CNT[5]_i_4/O
                         net (fo=1, routed)           0.064    32.367    dbg_hub/inst/BSCANID.u_xsdbm_id/CORE_XSDB.U_ICON/U_CMD/iSTAT_CNT[5]_i_4_n_0
    SLICE_X59Y89         LUT5 (Prop_H6LUT_SLICEL_I4_O)
                                                      0.077    32.444 r  dbg_hub/inst/BSCANID.u_xsdbm_id/CORE_XSDB.U_ICON/U_CMD/iSTAT_CNT[5]_i_1/O
                         net (fo=6, routed)           0.192    32.636    dbg_hub/inst/BSCANID.u_xsdbm_id/CORE_XSDB.U_ICON/U_STAT/SR[0]
    SLICE_X57Y89         FDRE                                         r  dbg_hub/inst/BSCANID.u_xsdbm_id/CORE_XSDB.U_ICON/U_STAT/iSTAT_CNT_reg[0]/R
  -------------------------------------------------------------------    -------------------

                         (clock dbg_hub/inst/BSCANID.u_xsdbm_id/SWITCH_N_EXT_BSCAN.bscan_inst/SERIES7_BSCAN.bscan_inst/INTERNAL_TCK rise edge)
                                                     50.000    50.000 r  
    CONFIG_SITE_X0Y0     BSCANE2                      0.000    50.000 r  dbg_hub/inst/BSCANID.u_xsdbm_id/SWITCH_N_EXT_BSCAN.bscan_inst/SERIES7_BSCAN.bscan_inst/INTERNAL_TCK
    CONFIG_SITE_X0Y0     BSCANE2 (Prop_BSCAN1_CONFIG_SITE_INTERNAL_TCK_TCK)
                                                      0.465    50.465 r  dbg_hub/inst/BSCANID.u_xsdbm_id/SWITCH_N_EXT_BSCAN.bscan_inst/SERIES7_BSCAN.bscan_inst/TCK
                         net (fo=1, routed)           0.728    51.193    dbg_hub/inst/BSCANID.u_xsdbm_id/tck_bs
    BUFGCE_X0Y76         BUFGCE (Prop_BUFCE_BUFGCE_I_O)
                                                      0.023    51.216 r  dbg_hub/inst/BSCANID.u_xsdbm_id/SWITCH_N_EXT_BSCAN.u_bufg_icon_tck/O
    X2Y1 (CLOCK_ROOT)    net (fo=482, routed)         1.399    52.615    dbg_hub/inst/BSCANID.u_xsdbm_id/CORE_XSDB.U_ICON/U_STAT/m_bscan_tck[0]
    SLICE_X57Y89         FDRE                                         r  dbg_hub/inst/BSCANID.u_xsdbm_id/CORE_XSDB.U_ICON/U_STAT/iSTAT_CNT_reg[0]/C
                         clock pessimism              0.000    52.615    
                         clock uncertainty           -0.235    52.379    
    SLICE_X57Y89         FDRE (Setup_BFF2_SLICEL_C_R)
                                                     -0.049    52.330    dbg_hub/inst/BSCANID.u_xsdbm_id/CORE_XSDB.U_ICON/U_STAT/iSTAT_CNT_reg[0]
  -------------------------------------------------------------------
                         required time                         52.330    
                         arrival time                         -32.636    
  -------------------------------------------------------------------
                         slack                                 19.694    

Slack (MET) :             19.694ns  (required time - arrival time)
  Source:                 dbg_hub/inst/BSCANID.u_xsdbm_id/SWITCH_N_EXT_BSCAN.bscan_inst/SERIES7_BSCAN.bscan_inst/INTERNAL_TCK
                            (falling edge-triggered cell BSCANE2 clocked by dbg_hub/inst/BSCANID.u_xsdbm_id/SWITCH_N_EXT_BSCAN.bscan_inst/SERIES7_BSCAN.bscan_inst/INTERNAL_TCK  {rise@0.000ns fall@25.000ns period=50.000ns})
  Destination:            dbg_hub/inst/BSCANID.u_xsdbm_id/CORE_XSDB.U_ICON/U_STAT/iSTAT_CNT_reg[1]/R
                            (rising edge-triggered cell FDRE clocked by dbg_hub/inst/BSCANID.u_xsdbm_id/SWITCH_N_EXT_BSCAN.bscan_inst/SERIES7_BSCAN.bscan_inst/INTERNAL_TCK  {rise@0.000ns fall@25.000ns period=50.000ns})
  Path Group:             dbg_hub/inst/BSCANID.u_xsdbm_id/SWITCH_N_EXT_BSCAN.bscan_inst/SERIES7_BSCAN.bscan_inst/INTERNAL_TCK
  Path Type:              Setup (Max at Fast Process Corner)
  Requirement:            25.000ns  (dbg_hub/inst/BSCANID.u_xsdbm_id/SWITCH_N_EXT_BSCAN.bscan_inst/SERIES7_BSCAN.bscan_inst/INTERNAL_TCK rise@50.000ns - dbg_hub/inst/BSCANID.u_xsdbm_id/SWITCH_N_EXT_BSCAN.bscan_inst/SERIES7_BSCAN.bscan_inst/INTERNAL_TCK fall@25.000ns)
  Data Path Delay:        7.636ns  (logic 5.982ns (78.337%)  route 1.654ns (21.663%))
  Logic Levels:           3  (LUT4=1 LUT5=2)
  Clock Path Skew:        2.615ns (DCD - SCD + CPR)
    Destination Clock Delay (DCD):    2.615ns = ( 52.615 - 50.000 ) 
    Source Clock Delay      (SCD):    0.000ns = ( 25.000 - 25.000 ) 
    Clock Pessimism Removal (CPR):    0.000ns
  Clock Uncertainty:      0.235ns  ((TSJ^2 + TIJ^2)^1/2 + DJ) / 2 + PE + DCD
    Total System Jitter     (TSJ):    0.071ns
    Total Input Jitter      (TIJ):    0.000ns
    Discrete Jitter          (DJ):    0.000ns
    Phase Error              (PE):    0.000ns
    Duty Cycle Distortion   (DCD):    0.200ns
  Clock Net Delay (Destination): 1.399ns (routing 0.805ns, distribution 0.594ns)

    Location             Delay type                Incr(ns)  Path(ns)    Netlist Resource(s)
  -------------------------------------------------------------------    -------------------
                         (clock dbg_hub/inst/BSCANID.u_xsdbm_id/SWITCH_N_EXT_BSCAN.bscan_inst/SERIES7_BSCAN.bscan_inst/INTERNAL_TCK fall edge)
                                                     25.000    25.000 f  
    CONFIG_SITE_X0Y0     BSCANE2                      0.000    25.000 f  dbg_hub/inst/BSCANID.u_xsdbm_id/SWITCH_N_EXT_BSCAN.bscan_inst/SERIES7_BSCAN.bscan_inst/INTERNAL_TCK
  -------------------------------------------------------------------    -------------------
    CONFIG_SITE_X0Y0     BSCANE2 (Prop_BSCAN1_CONFIG_SITE_INTERNAL_TCK_SHIFT)
                                                      5.600    30.600 f  dbg_hub/inst/BSCANID.u_xsdbm_id/SWITCH_N_EXT_BSCAN.bscan_inst/SERIES7_BSCAN.bscan_inst/SHIFT
                         net (fo=37, routed)          0.590    31.190    dbg_hub/inst/BSCANID.u_xsdbm_id/SWITCH_N_EXT_BSCAN.bscan_switch/s_bscan_shift
    SLICE_X50Y164        LUT5 (Prop_F6LUT_SLICEL_I4_O)
                                                      0.170    31.360 f  dbg_hub/inst/BSCANID.u_xsdbm_id/SWITCH_N_EXT_BSCAN.bscan_switch/m_bscan_shift[0]_INST_0/O
                         net (fo=4, routed)           0.808    32.168    dbg_hub/inst/BSCANID.u_xsdbm_id/CORE_XSDB.U_ICON/U_CMD/icn_cmd_en_reg[7]
    SLICE_X58Y89         LUT4 (Prop_D6LUT_SLICEM_I1_O)
                                                      0.135    32.303 f  dbg_hub/inst/BSCANID.u_xsdbm_id/CORE_XSDB.U_ICON/U_CMD/iSTAT_CNT[5]_i_4/O
                         net (fo=1, routed)           0.064    32.367    dbg_hub/inst/BSCANID.u_xsdbm_id/CORE_XSDB.U_ICON/U_CMD/iSTAT_CNT[5]_i_4_n_0
    SLICE_X59Y89         LUT5 (Prop_H6LUT_SLICEL_I4_O)
                                                      0.077    32.444 r  dbg_hub/inst/BSCANID.u_xsdbm_id/CORE_XSDB.U_ICON/U_CMD/iSTAT_CNT[5]_i_1/O
                         net (fo=6, routed)           0.192    32.636    dbg_hub/inst/BSCANID.u_xsdbm_id/CORE_XSDB.U_ICON/U_STAT/SR[0]
    SLICE_X57Y89         FDRE                                         r  dbg_hub/inst/BSCANID.u_xsdbm_id/CORE_XSDB.U_ICON/U_STAT/iSTAT_CNT_reg[1]/R
  -------------------------------------------------------------------    -------------------

                         (clock dbg_hub/inst/BSCANID.u_xsdbm_id/SWITCH_N_EXT_BSCAN.bscan_inst/SERIES7_BSCAN.bscan_inst/INTERNAL_TCK rise edge)
                                                     50.000    50.000 r  
    CONFIG_SITE_X0Y0     BSCANE2                      0.000    50.000 r  dbg_hub/inst/BSCANID.u_xsdbm_id/SWITCH_N_EXT_BSCAN.bscan_inst/SERIES7_BSCAN.bscan_inst/INTERNAL_TCK
    CONFIG_SITE_X0Y0     BSCANE2 (Prop_BSCAN1_CONFIG_SITE_INTERNAL_TCK_TCK)
                                                      0.465    50.465 r  dbg_hub/inst/BSCANID.u_xsdbm_id/SWITCH_N_EXT_BSCAN.bscan_inst/SERIES7_BSCAN.bscan_inst/TCK
                         net (fo=1, routed)           0.728    51.193    dbg_hub/inst/BSCANID.u_xsdbm_id/tck_bs
    BUFGCE_X0Y76         BUFGCE (Prop_BUFCE_BUFGCE_I_O)
                                                      0.023    51.216 r  dbg_hub/inst/BSCANID.u_xsdbm_id/SWITCH_N_EXT_BSCAN.u_bufg_icon_tck/O
    X2Y1 (CLOCK_ROOT)    net (fo=482, routed)         1.399    52.615    dbg_hub/inst/BSCANID.u_xsdbm_id/CORE_XSDB.U_ICON/U_STAT/m_bscan_tck[0]
    SLICE_X57Y89         FDRE                                         r  dbg_hub/inst/BSCANID.u_xsdbm_id/CORE_XSDB.U_ICON/U_STAT/iSTAT_CNT_reg[1]/C
                         clock pessimism              0.000    52.615    
                         clock uncertainty           -0.235    52.379    
    SLICE_X57Y89         FDRE (Setup_DFF_SLICEL_C_R)
                                                     -0.049    52.330    dbg_hub/inst/BSCANID.u_xsdbm_id/CORE_XSDB.U_ICON/U_STAT/iSTAT_CNT_reg[1]
  -------------------------------------------------------------------
                         required time                         52.330    
                         arrival time                         -32.636    
  -------------------------------------------------------------------
                         slack                                 19.694    

Slack (MET) :             19.694ns  (required time - arrival time)
  Source:                 dbg_hub/inst/BSCANID.u_xsdbm_id/SWITCH_N_EXT_BSCAN.bscan_inst/SERIES7_BSCAN.bscan_inst/INTERNAL_TCK
                            (falling edge-triggered cell BSCANE2 clocked by dbg_hub/inst/BSCANID.u_xsdbm_id/SWITCH_N_EXT_BSCAN.bscan_inst/SERIES7_BSCAN.bscan_inst/INTERNAL_TCK  {rise@0.000ns fall@25.000ns period=50.000ns})
  Destination:            dbg_hub/inst/BSCANID.u_xsdbm_id/CORE_XSDB.U_ICON/U_STAT/iSTAT_CNT_reg[2]/R
                            (rising edge-triggered cell FDRE clocked by dbg_hub/inst/BSCANID.u_xsdbm_id/SWITCH_N_EXT_BSCAN.bscan_inst/SERIES7_BSCAN.bscan_inst/INTERNAL_TCK  {rise@0.000ns fall@25.000ns period=50.000ns})
  Path Group:             dbg_hub/inst/BSCANID.u_xsdbm_id/SWITCH_N_EXT_BSCAN.bscan_inst/SERIES7_BSCAN.bscan_inst/INTERNAL_TCK
  Path Type:              Setup (Max at Fast Process Corner)
  Requirement:            25.000ns  (dbg_hub/inst/BSCANID.u_xsdbm_id/SWITCH_N_EXT_BSCAN.bscan_inst/SERIES7_BSCAN.bscan_inst/INTERNAL_TCK rise@50.000ns - dbg_hub/inst/BSCANID.u_xsdbm_id/SWITCH_N_EXT_BSCAN.bscan_inst/SERIES7_BSCAN.bscan_inst/INTERNAL_TCK fall@25.000ns)
  Data Path Delay:        7.636ns  (logic 5.982ns (78.337%)  route 1.654ns (21.663%))
  Logic Levels:           3  (LUT4=1 LUT5=2)
  Clock Path Skew:        2.615ns (DCD - SCD + CPR)
    Destination Clock Delay (DCD):    2.615ns = ( 52.615 - 50.000 ) 
    Source Clock Delay      (SCD):    0.000ns = ( 25.000 - 25.000 ) 
    Clock Pessimism Removal (CPR):    0.000ns
  Clock Uncertainty:      0.235ns  ((TSJ^2 + TIJ^2)^1/2 + DJ) / 2 + PE + DCD
    Total System Jitter     (TSJ):    0.071ns
    Total Input Jitter      (TIJ):    0.000ns
    Discrete Jitter          (DJ):    0.000ns
    Phase Error              (PE):    0.000ns
    Duty Cycle Distortion   (DCD):    0.200ns
  Clock Net Delay (Destination): 1.399ns (routing 0.805ns, distribution 0.594ns)

    Location             Delay type                Incr(ns)  Path(ns)    Netlist Resource(s)
  -------------------------------------------------------------------    -------------------
                         (clock dbg_hub/inst/BSCANID.u_xsdbm_id/SWITCH_N_EXT_BSCAN.bscan_inst/SERIES7_BSCAN.bscan_inst/INTERNAL_TCK fall edge)
                                                     25.000    25.000 f  
    CONFIG_SITE_X0Y0     BSCANE2                      0.000    25.000 f  dbg_hub/inst/BSCANID.u_xsdbm_id/SWITCH_N_EXT_BSCAN.bscan_inst/SERIES7_BSCAN.bscan_inst/INTERNAL_TCK
  -------------------------------------------------------------------    -------------------
    CONFIG_SITE_X0Y0     BSCANE2 (Prop_BSCAN1_CONFIG_SITE_INTERNAL_TCK_SHIFT)
                                                      5.600    30.600 f  dbg_hub/inst/BSCANID.u_xsdbm_id/SWITCH_N_EXT_BSCAN.bscan_inst/SERIES7_BSCAN.bscan_inst/SHIFT
                         net (fo=37, routed)          0.590    31.190    dbg_hub/inst/BSCANID.u_xsdbm_id/SWITCH_N_EXT_BSCAN.bscan_switch/s_bscan_shift
    SLICE_X50Y164        LUT5 (Prop_F6LUT_SLICEL_I4_O)
                                                      0.170    31.360 f  dbg_hub/inst/BSCANID.u_xsdbm_id/SWITCH_N_EXT_BSCAN.bscan_switch/m_bscan_shift[0]_INST_0/O
                         net (fo=4, routed)           0.808    32.168    dbg_hub/inst/BSCANID.u_xsdbm_id/CORE_XSDB.U_ICON/U_CMD/icn_cmd_en_reg[7]
    SLICE_X58Y89         LUT4 (Prop_D6LUT_SLICEM_I1_O)
                                                      0.135    32.303 f  dbg_hub/inst/BSCANID.u_xsdbm_id/CORE_XSDB.U_ICON/U_CMD/iSTAT_CNT[5]_i_4/O
                         net (fo=1, routed)           0.064    32.367    dbg_hub/inst/BSCANID.u_xsdbm_id/CORE_XSDB.U_ICON/U_CMD/iSTAT_CNT[5]_i_4_n_0
    SLICE_X59Y89         LUT5 (Prop_H6LUT_SLICEL_I4_O)
                                                      0.077    32.444 r  dbg_hub/inst/BSCANID.u_xsdbm_id/CORE_XSDB.U_ICON/U_CMD/iSTAT_CNT[5]_i_1/O
                         net (fo=6, routed)           0.192    32.636    dbg_hub/inst/BSCANID.u_xsdbm_id/CORE_XSDB.U_ICON/U_STAT/SR[0]
    SLICE_X57Y89         FDRE                                         r  dbg_hub/inst/BSCANID.u_xsdbm_id/CORE_XSDB.U_ICON/U_STAT/iSTAT_CNT_reg[2]/R
  -------------------------------------------------------------------    -------------------

                         (clock dbg_hub/inst/BSCANID.u_xsdbm_id/SWITCH_N_EXT_BSCAN.bscan_inst/SERIES7_BSCAN.bscan_inst/INTERNAL_TCK rise edge)
                                                     50.000    50.000 r  
    CONFIG_SITE_X0Y0     BSCANE2                      0.000    50.000 r  dbg_hub/inst/BSCANID.u_xsdbm_id/SWITCH_N_EXT_BSCAN.bscan_inst/SERIES7_BSCAN.bscan_inst/INTERNAL_TCK
    CONFIG_SITE_X0Y0     BSCANE2 (Prop_BSCAN1_CONFIG_SITE_INTERNAL_TCK_TCK)
                                                      0.465    50.465 r  dbg_hub/inst/BSCANID.u_xsdbm_id/SWITCH_N_EXT_BSCAN.bscan_inst/SERIES7_BSCAN.bscan_inst/TCK
                         net (fo=1, routed)           0.728    51.193    dbg_hub/inst/BSCANID.u_xsdbm_id/tck_bs
    BUFGCE_X0Y76         BUFGCE (Prop_BUFCE_BUFGCE_I_O)
                                                      0.023    51.216 r  dbg_hub/inst/BSCANID.u_xsdbm_id/SWITCH_N_EXT_BSCAN.u_bufg_icon_tck/O
    X2Y1 (CLOCK_ROOT)    net (fo=482, routed)         1.399    52.615    dbg_hub/inst/BSCANID.u_xsdbm_id/CORE_XSDB.U_ICON/U_STAT/m_bscan_tck[0]
    SLICE_X57Y89         FDRE                                         r  dbg_hub/inst/BSCANID.u_xsdbm_id/CORE_XSDB.U_ICON/U_STAT/iSTAT_CNT_reg[2]/C
                         clock pessimism              0.000    52.615    
                         clock uncertainty           -0.235    52.379    
    SLICE_X57Y89         FDRE (Setup_DFF2_SLICEL_C_R)
                                                     -0.049    52.330    dbg_hub/inst/BSCANID.u_xsdbm_id/CORE_XSDB.U_ICON/U_STAT/iSTAT_CNT_reg[2]
  -------------------------------------------------------------------
                         required time                         52.330    
                         arrival time                         -32.636    
  -------------------------------------------------------------------
                         slack                                 19.694    

Slack (MET) :             19.694ns  (required time - arrival time)
  Source:                 dbg_hub/inst/BSCANID.u_xsdbm_id/SWITCH_N_EXT_BSCAN.bscan_inst/SERIES7_BSCAN.bscan_inst/INTERNAL_TCK
                            (falling edge-triggered cell BSCANE2 clocked by dbg_hub/inst/BSCANID.u_xsdbm_id/SWITCH_N_EXT_BSCAN.bscan_inst/SERIES7_BSCAN.bscan_inst/INTERNAL_TCK  {rise@0.000ns fall@25.000ns period=50.000ns})
  Destination:            dbg_hub/inst/BSCANID.u_xsdbm_id/CORE_XSDB.U_ICON/U_STAT/iSTAT_CNT_reg[3]/R
                            (rising edge-triggered cell FDRE clocked by dbg_hub/inst/BSCANID.u_xsdbm_id/SWITCH_N_EXT_BSCAN.bscan_inst/SERIES7_BSCAN.bscan_inst/INTERNAL_TCK  {rise@0.000ns fall@25.000ns period=50.000ns})
  Path Group:             dbg_hub/inst/BSCANID.u_xsdbm_id/SWITCH_N_EXT_BSCAN.bscan_inst/SERIES7_BSCAN.bscan_inst/INTERNAL_TCK
  Path Type:              Setup (Max at Fast Process Corner)
  Requirement:            25.000ns  (dbg_hub/inst/BSCANID.u_xsdbm_id/SWITCH_N_EXT_BSCAN.bscan_inst/SERIES7_BSCAN.bscan_inst/INTERNAL_TCK rise@50.000ns - dbg_hub/inst/BSCANID.u_xsdbm_id/SWITCH_N_EXT_BSCAN.bscan_inst/SERIES7_BSCAN.bscan_inst/INTERNAL_TCK fall@25.000ns)
  Data Path Delay:        7.636ns  (logic 5.982ns (78.337%)  route 1.654ns (21.663%))
  Logic Levels:           3  (LUT4=1 LUT5=2)
  Clock Path Skew:        2.615ns (DCD - SCD + CPR)
    Destination Clock Delay (DCD):    2.615ns = ( 52.615 - 50.000 ) 
    Source Clock Delay      (SCD):    0.000ns = ( 25.000 - 25.000 ) 
    Clock Pessimism Removal (CPR):    0.000ns
  Clock Uncertainty:      0.235ns  ((TSJ^2 + TIJ^2)^1/2 + DJ) / 2 + PE + DCD
    Total System Jitter     (TSJ):    0.071ns
    Total Input Jitter      (TIJ):    0.000ns
    Discrete Jitter          (DJ):    0.000ns
    Phase Error              (PE):    0.000ns
    Duty Cycle Distortion   (DCD):    0.200ns
  Clock Net Delay (Destination): 1.399ns (routing 0.805ns, distribution 0.594ns)

    Location             Delay type                Incr(ns)  Path(ns)    Netlist Resource(s)
  -------------------------------------------------------------------    -------------------
                         (clock dbg_hub/inst/BSCANID.u_xsdbm_id/SWITCH_N_EXT_BSCAN.bscan_inst/SERIES7_BSCAN.bscan_inst/INTERNAL_TCK fall edge)
                                                     25.000    25.000 f  
    CONFIG_SITE_X0Y0     BSCANE2                      0.000    25.000 f  dbg_hub/inst/BSCANID.u_xsdbm_id/SWITCH_N_EXT_BSCAN.bscan_inst/SERIES7_BSCAN.bscan_inst/INTERNAL_TCK
  -------------------------------------------------------------------    -------------------
    CONFIG_SITE_X0Y0     BSCANE2 (Prop_BSCAN1_CONFIG_SITE_INTERNAL_TCK_SHIFT)
                                                      5.600    30.600 f  dbg_hub/inst/BSCANID.u_xsdbm_id/SWITCH_N_EXT_BSCAN.bscan_inst/SERIES7_BSCAN.bscan_inst/SHIFT
                         net (fo=37, routed)          0.590    31.190    dbg_hub/inst/BSCANID.u_xsdbm_id/SWITCH_N_EXT_BSCAN.bscan_switch/s_bscan_shift
    SLICE_X50Y164        LUT5 (Prop_F6LUT_SLICEL_I4_O)
                                                      0.170    31.360 f  dbg_hub/inst/BSCANID.u_xsdbm_id/SWITCH_N_EXT_BSCAN.bscan_switch/m_bscan_shift[0]_INST_0/O
                         net (fo=4, routed)           0.808    32.168    dbg_hub/inst/BSCANID.u_xsdbm_id/CORE_XSDB.U_ICON/U_CMD/icn_cmd_en_reg[7]
    SLICE_X58Y89         LUT4 (Prop_D6LUT_SLICEM_I1_O)
                                                      0.135    32.303 f  dbg_hub/inst/BSCANID.u_xsdbm_id/CORE_XSDB.U_ICON/U_CMD/iSTAT_CNT[5]_i_4/O
                         net (fo=1, routed)           0.064    32.367    dbg_hub/inst/BSCANID.u_xsdbm_id/CORE_XSDB.U_ICON/U_CMD/iSTAT_CNT[5]_i_4_n_0
    SLICE_X59Y89         LUT5 (Prop_H6LUT_SLICEL_I4_O)
                                                      0.077    32.444 r  dbg_hub/inst/BSCANID.u_xsdbm_id/CORE_XSDB.U_ICON/U_CMD/iSTAT_CNT[5]_i_1/O
                         net (fo=6, routed)           0.192    32.636    dbg_hub/inst/BSCANID.u_xsdbm_id/CORE_XSDB.U_ICON/U_STAT/SR[0]
    SLICE_X57Y89         FDRE                                         r  dbg_hub/inst/BSCANID.u_xsdbm_id/CORE_XSDB.U_ICON/U_STAT/iSTAT_CNT_reg[3]/R
  -------------------------------------------------------------------    -------------------

                         (clock dbg_hub/inst/BSCANID.u_xsdbm_id/SWITCH_N_EXT_BSCAN.bscan_inst/SERIES7_BSCAN.bscan_inst/INTERNAL_TCK rise edge)
                                                     50.000    50.000 r  
    CONFIG_SITE_X0Y0     BSCANE2                      0.000    50.000 r  dbg_hub/inst/BSCANID.u_xsdbm_id/SWITCH_N_EXT_BSCAN.bscan_inst/SERIES7_BSCAN.bscan_inst/INTERNAL_TCK
    CONFIG_SITE_X0Y0     BSCANE2 (Prop_BSCAN1_CONFIG_SITE_INTERNAL_TCK_TCK)
                                                      0.465    50.465 r  dbg_hub/inst/BSCANID.u_xsdbm_id/SWITCH_N_EXT_BSCAN.bscan_inst/SERIES7_BSCAN.bscan_inst/TCK
                         net (fo=1, routed)           0.728    51.193    dbg_hub/inst/BSCANID.u_xsdbm_id/tck_bs
    BUFGCE_X0Y76         BUFGCE (Prop_BUFCE_BUFGCE_I_O)
                                                      0.023    51.216 r  dbg_hub/inst/BSCANID.u_xsdbm_id/SWITCH_N_EXT_BSCAN.u_bufg_icon_tck/O
    X2Y1 (CLOCK_ROOT)    net (fo=482, routed)         1.399    52.615    dbg_hub/inst/BSCANID.u_xsdbm_id/CORE_XSDB.U_ICON/U_STAT/m_bscan_tck[0]
    SLICE_X57Y89         FDRE                                         r  dbg_hub/inst/BSCANID.u_xsdbm_id/CORE_XSDB.U_ICON/U_STAT/iSTAT_CNT_reg[3]/C
                         clock pessimism              0.000    52.615    
                         clock uncertainty           -0.235    52.379    
    SLICE_X57Y89         FDRE (Setup_CFF_SLICEL_C_R)
                                                     -0.049    52.330    dbg_hub/inst/BSCANID.u_xsdbm_id/CORE_XSDB.U_ICON/U_STAT/iSTAT_CNT_reg[3]
  -------------------------------------------------------------------
                         required time                         52.330    
                         arrival time                         -32.636    
  -------------------------------------------------------------------
                         slack                                 19.694    

Slack (MET) :             19.694ns  (required time - arrival time)
  Source:                 dbg_hub/inst/BSCANID.u_xsdbm_id/SWITCH_N_EXT_BSCAN.bscan_inst/SERIES7_BSCAN.bscan_inst/INTERNAL_TCK
                            (falling edge-triggered cell BSCANE2 clocked by dbg_hub/inst/BSCANID.u_xsdbm_id/SWITCH_N_EXT_BSCAN.bscan_inst/SERIES7_BSCAN.bscan_inst/INTERNAL_TCK  {rise@0.000ns fall@25.000ns period=50.000ns})
  Destination:            dbg_hub/inst/BSCANID.u_xsdbm_id/CORE_XSDB.U_ICON/U_STAT/iSTAT_CNT_reg[4]/R
                            (rising edge-triggered cell FDRE clocked by dbg_hub/inst/BSCANID.u_xsdbm_id/SWITCH_N_EXT_BSCAN.bscan_inst/SERIES7_BSCAN.bscan_inst/INTERNAL_TCK  {rise@0.000ns fall@25.000ns period=50.000ns})
  Path Group:             dbg_hub/inst/BSCANID.u_xsdbm_id/SWITCH_N_EXT_BSCAN.bscan_inst/SERIES7_BSCAN.bscan_inst/INTERNAL_TCK
  Path Type:              Setup (Max at Fast Process Corner)
  Requirement:            25.000ns  (dbg_hub/inst/BSCANID.u_xsdbm_id/SWITCH_N_EXT_BSCAN.bscan_inst/SERIES7_BSCAN.bscan_inst/INTERNAL_TCK rise@50.000ns - dbg_hub/inst/BSCANID.u_xsdbm_id/SWITCH_N_EXT_BSCAN.bscan_inst/SERIES7_BSCAN.bscan_inst/INTERNAL_TCK fall@25.000ns)
  Data Path Delay:        7.636ns  (logic 5.982ns (78.337%)  route 1.654ns (21.663%))
  Logic Levels:           3  (LUT4=1 LUT5=2)
  Clock Path Skew:        2.615ns (DCD - SCD + CPR)
    Destination Clock Delay (DCD):    2.615ns = ( 52.615 - 50.000 ) 
    Source Clock Delay      (SCD):    0.000ns = ( 25.000 - 25.000 ) 
    Clock Pessimism Removal (CPR):    0.000ns
  Clock Uncertainty:      0.235ns  ((TSJ^2 + TIJ^2)^1/2 + DJ) / 2 + PE + DCD
    Total System Jitter     (TSJ):    0.071ns
    Total Input Jitter      (TIJ):    0.000ns
    Discrete Jitter          (DJ):    0.000ns
    Phase Error              (PE):    0.000ns
    Duty Cycle Distortion   (DCD):    0.200ns
  Clock Net Delay (Destination): 1.399ns (routing 0.805ns, distribution 0.594ns)

    Location             Delay type                Incr(ns)  Path(ns)    Netlist Resource(s)
  -------------------------------------------------------------------    -------------------
                         (clock dbg_hub/inst/BSCANID.u_xsdbm_id/SWITCH_N_EXT_BSCAN.bscan_inst/SERIES7_BSCAN.bscan_inst/INTERNAL_TCK fall edge)
                                                     25.000    25.000 f  
    CONFIG_SITE_X0Y0     BSCANE2                      0.000    25.000 f  dbg_hub/inst/BSCANID.u_xsdbm_id/SWITCH_N_EXT_BSCAN.bscan_inst/SERIES7_BSCAN.bscan_inst/INTERNAL_TCK
  -------------------------------------------------------------------    -------------------
    CONFIG_SITE_X0Y0     BSCANE2 (Prop_BSCAN1_CONFIG_SITE_INTERNAL_TCK_SHIFT)
                                                      5.600    30.600 f  dbg_hub/inst/BSCANID.u_xsdbm_id/SWITCH_N_EXT_BSCAN.bscan_inst/SERIES7_BSCAN.bscan_inst/SHIFT
                         net (fo=37, routed)          0.590    31.190    dbg_hub/inst/BSCANID.u_xsdbm_id/SWITCH_N_EXT_BSCAN.bscan_switch/s_bscan_shift
    SLICE_X50Y164        LUT5 (Prop_F6LUT_SLICEL_I4_O)
                                                      0.170    31.360 f  dbg_hub/inst/BSCANID.u_xsdbm_id/SWITCH_N_EXT_BSCAN.bscan_switch/m_bscan_shift[0]_INST_0/O
                         net (fo=4, routed)           0.808    32.168    dbg_hub/inst/BSCANID.u_xsdbm_id/CORE_XSDB.U_ICON/U_CMD/icn_cmd_en_reg[7]
    SLICE_X58Y89         LUT4 (Prop_D6LUT_SLICEM_I1_O)
                                                      0.135    32.303 f  dbg_hub/inst/BSCANID.u_xsdbm_id/CORE_XSDB.U_ICON/U_CMD/iSTAT_CNT[5]_i_4/O
                         net (fo=1, routed)           0.064    32.367    dbg_hub/inst/BSCANID.u_xsdbm_id/CORE_XSDB.U_ICON/U_CMD/iSTAT_CNT[5]_i_4_n_0
    SLICE_X59Y89         LUT5 (Prop_H6LUT_SLICEL_I4_O)
                                                      0.077    32.444 r  dbg_hub/inst/BSCANID.u_xsdbm_id/CORE_XSDB.U_ICON/U_CMD/iSTAT_CNT[5]_i_1/O
                         net (fo=6, routed)           0.192    32.636    dbg_hub/inst/BSCANID.u_xsdbm_id/CORE_XSDB.U_ICON/U_STAT/SR[0]
    SLICE_X57Y89         FDRE                                         r  dbg_hub/inst/BSCANID.u_xsdbm_id/CORE_XSDB.U_ICON/U_STAT/iSTAT_CNT_reg[4]/R
  -------------------------------------------------------------------    -------------------

                         (clock dbg_hub/inst/BSCANID.u_xsdbm_id/SWITCH_N_EXT_BSCAN.bscan_inst/SERIES7_BSCAN.bscan_inst/INTERNAL_TCK rise edge)
                                                     50.000    50.000 r  
    CONFIG_SITE_X0Y0     BSCANE2                      0.000    50.000 r  dbg_hub/inst/BSCANID.u_xsdbm_id/SWITCH_N_EXT_BSCAN.bscan_inst/SERIES7_BSCAN.bscan_inst/INTERNAL_TCK
    CONFIG_SITE_X0Y0     BSCANE2 (Prop_BSCAN1_CONFIG_SITE_INTERNAL_TCK_TCK)
                                                      0.465    50.465 r  dbg_hub/inst/BSCANID.u_xsdbm_id/SWITCH_N_EXT_BSCAN.bscan_inst/SERIES7_BSCAN.bscan_inst/TCK
                         net (fo=1, routed)           0.728    51.193    dbg_hub/inst/BSCANID.u_xsdbm_id/tck_bs
    BUFGCE_X0Y76         BUFGCE (Prop_BUFCE_BUFGCE_I_O)
                                                      0.023    51.216 r  dbg_hub/inst/BSCANID.u_xsdbm_id/SWITCH_N_EXT_BSCAN.u_bufg_icon_tck/O
    X2Y1 (CLOCK_ROOT)    net (fo=482, routed)         1.399    52.615    dbg_hub/inst/BSCANID.u_xsdbm_id/CORE_XSDB.U_ICON/U_STAT/m_bscan_tck[0]
    SLICE_X57Y89         FDRE                                         r  dbg_hub/inst/BSCANID.u_xsdbm_id/CORE_XSDB.U_ICON/U_STAT/iSTAT_CNT_reg[4]/C
                         clock pessimism              0.000    52.615    
                         clock uncertainty           -0.235    52.379    
    SLICE_X57Y89         FDRE (Setup_CFF2_SLICEL_C_R)
                                                     -0.049    52.330    dbg_hub/inst/BSCANID.u_xsdbm_id/CORE_XSDB.U_ICON/U_STAT/iSTAT_CNT_reg[4]
  -------------------------------------------------------------------
                         required time                         52.330    
                         arrival time                         -32.636    
  -------------------------------------------------------------------
                         slack                                 19.694    

Slack (MET) :             19.694ns  (required time - arrival time)
  Source:                 dbg_hub/inst/BSCANID.u_xsdbm_id/SWITCH_N_EXT_BSCAN.bscan_inst/SERIES7_BSCAN.bscan_inst/INTERNAL_TCK
                            (falling edge-triggered cell BSCANE2 clocked by dbg_hub/inst/BSCANID.u_xsdbm_id/SWITCH_N_EXT_BSCAN.bscan_inst/SERIES7_BSCAN.bscan_inst/INTERNAL_TCK  {rise@0.000ns fall@25.000ns period=50.000ns})
  Destination:            dbg_hub/inst/BSCANID.u_xsdbm_id/CORE_XSDB.U_ICON/U_STAT/iSTAT_CNT_reg[5]/R
                            (rising edge-triggered cell FDRE clocked by dbg_hub/inst/BSCANID.u_xsdbm_id/SWITCH_N_EXT_BSCAN.bscan_inst/SERIES7_BSCAN.bscan_inst/INTERNAL_TCK  {rise@0.000ns fall@25.000ns period=50.000ns})
  Path Group:             dbg_hub/inst/BSCANID.u_xsdbm_id/SWITCH_N_EXT_BSCAN.bscan_inst/SERIES7_BSCAN.bscan_inst/INTERNAL_TCK
  Path Type:              Setup (Max at Fast Process Corner)
  Requirement:            25.000ns  (dbg_hub/inst/BSCANID.u_xsdbm_id/SWITCH_N_EXT_BSCAN.bscan_inst/SERIES7_BSCAN.bscan_inst/INTERNAL_TCK rise@50.000ns - dbg_hub/inst/BSCANID.u_xsdbm_id/SWITCH_N_EXT_BSCAN.bscan_inst/SERIES7_BSCAN.bscan_inst/INTERNAL_TCK fall@25.000ns)
  Data Path Delay:        7.636ns  (logic 5.982ns (78.337%)  route 1.654ns (21.663%))
  Logic Levels:           3  (LUT4=1 LUT5=2)
  Clock Path Skew:        2.615ns (DCD - SCD + CPR)
    Destination Clock Delay (DCD):    2.615ns = ( 52.615 - 50.000 ) 
    Source Clock Delay      (SCD):    0.000ns = ( 25.000 - 25.000 ) 
    Clock Pessimism Removal (CPR):    0.000ns
  Clock Uncertainty:      0.235ns  ((TSJ^2 + TIJ^2)^1/2 + DJ) / 2 + PE + DCD
    Total System Jitter     (TSJ):    0.071ns
    Total Input Jitter      (TIJ):    0.000ns
    Discrete Jitter          (DJ):    0.000ns
    Phase Error              (PE):    0.000ns
    Duty Cycle Distortion   (DCD):    0.200ns
  Clock Net Delay (Destination): 1.399ns (routing 0.805ns, distribution 0.594ns)

    Location             Delay type                Incr(ns)  Path(ns)    Netlist Resource(s)
  -------------------------------------------------------------------    -------------------
                         (clock dbg_hub/inst/BSCANID.u_xsdbm_id/SWITCH_N_EXT_BSCAN.bscan_inst/SERIES7_BSCAN.bscan_inst/INTERNAL_TCK fall edge)
                                                     25.000    25.000 f  
    CONFIG_SITE_X0Y0     BSCANE2                      0.000    25.000 f  dbg_hub/inst/BSCANID.u_xsdbm_id/SWITCH_N_EXT_BSCAN.bscan_inst/SERIES7_BSCAN.bscan_inst/INTERNAL_TCK
  -------------------------------------------------------------------    -------------------
    CONFIG_SITE_X0Y0     BSCANE2 (Prop_BSCAN1_CONFIG_SITE_INTERNAL_TCK_SHIFT)
                                                      5.600    30.600 f  dbg_hub/inst/BSCANID.u_xsdbm_id/SWITCH_N_EXT_BSCAN.bscan_inst/SERIES7_BSCAN.bscan_inst/SHIFT
                         net (fo=37, routed)          0.590    31.190    dbg_hub/inst/BSCANID.u_xsdbm_id/SWITCH_N_EXT_BSCAN.bscan_switch/s_bscan_shift
    SLICE_X50Y164        LUT5 (Prop_F6LUT_SLICEL_I4_O)
                                                      0.170    31.360 f  dbg_hub/inst/BSCANID.u_xsdbm_id/SWITCH_N_EXT_BSCAN.bscan_switch/m_bscan_shift[0]_INST_0/O
                         net (fo=4, routed)           0.808    32.168    dbg_hub/inst/BSCANID.u_xsdbm_id/CORE_XSDB.U_ICON/U_CMD/icn_cmd_en_reg[7]
    SLICE_X58Y89         LUT4 (Prop_D6LUT_SLICEM_I1_O)
                                                      0.135    32.303 f  dbg_hub/inst/BSCANID.u_xsdbm_id/CORE_XSDB.U_ICON/U_CMD/iSTAT_CNT[5]_i_4/O
                         net (fo=1, routed)           0.064    32.367    dbg_hub/inst/BSCANID.u_xsdbm_id/CORE_XSDB.U_ICON/U_CMD/iSTAT_CNT[5]_i_4_n_0
    SLICE_X59Y89         LUT5 (Prop_H6LUT_SLICEL_I4_O)
                                                      0.077    32.444 r  dbg_hub/inst/BSCANID.u_xsdbm_id/CORE_XSDB.U_ICON/U_CMD/iSTAT_CNT[5]_i_1/O
                         net (fo=6, routed)           0.192    32.636    dbg_hub/inst/BSCANID.u_xsdbm_id/CORE_XSDB.U_ICON/U_STAT/SR[0]
    SLICE_X57Y89         FDRE                                         r  dbg_hub/inst/BSCANID.u_xsdbm_id/CORE_XSDB.U_ICON/U_STAT/iSTAT_CNT_reg[5]/R
  -------------------------------------------------------------------    -------------------

                         (clock dbg_hub/inst/BSCANID.u_xsdbm_id/SWITCH_N_EXT_BSCAN.bscan_inst/SERIES7_BSCAN.bscan_inst/INTERNAL_TCK rise edge)
                                                     50.000    50.000 r  
    CONFIG_SITE_X0Y0     BSCANE2                      0.000    50.000 r  dbg_hub/inst/BSCANID.u_xsdbm_id/SWITCH_N_EXT_BSCAN.bscan_inst/SERIES7_BSCAN.bscan_inst/INTERNAL_TCK
    CONFIG_SITE_X0Y0     BSCANE2 (Prop_BSCAN1_CONFIG_SITE_INTERNAL_TCK_TCK)
                                                      0.465    50.465 r  dbg_hub/inst/BSCANID.u_xsdbm_id/SWITCH_N_EXT_BSCAN.bscan_inst/SERIES7_BSCAN.bscan_inst/TCK
                         net (fo=1, routed)           0.728    51.193    dbg_hub/inst/BSCANID.u_xsdbm_id/tck_bs
    BUFGCE_X0Y76         BUFGCE (Prop_BUFCE_BUFGCE_I_O)
                                                      0.023    51.216 r  dbg_hub/inst/BSCANID.u_xsdbm_id/SWITCH_N_EXT_BSCAN.u_bufg_icon_tck/O
    X2Y1 (CLOCK_ROOT)    net (fo=482, routed)         1.399    52.615    dbg_hub/inst/BSCANID.u_xsdbm_id/CORE_XSDB.U_ICON/U_STAT/m_bscan_tck[0]
    SLICE_X57Y89         FDRE                                         r  dbg_hub/inst/BSCANID.u_xsdbm_id/CORE_XSDB.U_ICON/U_STAT/iSTAT_CNT_reg[5]/C
                         clock pessimism              0.000    52.615    
                         clock uncertainty           -0.235    52.379    
    SLICE_X57Y89         FDRE (Setup_AFF_SLICEL_C_R)
                                                     -0.049    52.330    dbg_hub/inst/BSCANID.u_xsdbm_id/CORE_XSDB.U_ICON/U_STAT/iSTAT_CNT_reg[5]
  -------------------------------------------------------------------
                         required time                         52.330    
                         arrival time                         -32.636    
  -------------------------------------------------------------------
                         slack                                 19.694    

Slack (MET) :             19.712ns  (required time - arrival time)
  Source:                 dbg_hub/inst/BSCANID.u_xsdbm_id/SWITCH_N_EXT_BSCAN.bscan_inst/SERIES7_BSCAN.bscan_inst/INTERNAL_TCK
                            (falling edge-triggered cell BSCANE2 clocked by dbg_hub/inst/BSCANID.u_xsdbm_id/SWITCH_N_EXT_BSCAN.bscan_inst/SERIES7_BSCAN.bscan_inst/INTERNAL_TCK  {rise@0.000ns fall@25.000ns period=50.000ns})
  Destination:            dbg_hub/inst/BSCANID.u_xsdbm_id/CORE_XSDB.UUT_MASTER/U_ICON_INTERFACE/icn_cmd_en_reg[0]/R
                            (rising edge-triggered cell FDRE clocked by dbg_hub/inst/BSCANID.u_xsdbm_id/SWITCH_N_EXT_BSCAN.bscan_inst/SERIES7_BSCAN.bscan_inst/INTERNAL_TCK  {rise@0.000ns fall@25.000ns period=50.000ns})
  Path Group:             dbg_hub/inst/BSCANID.u_xsdbm_id/SWITCH_N_EXT_BSCAN.bscan_inst/SERIES7_BSCAN.bscan_inst/INTERNAL_TCK
  Path Type:              Setup (Max at Fast Process Corner)
  Requirement:            25.000ns  (dbg_hub/inst/BSCANID.u_xsdbm_id/SWITCH_N_EXT_BSCAN.bscan_inst/SERIES7_BSCAN.bscan_inst/INTERNAL_TCK rise@50.000ns - dbg_hub/inst/BSCANID.u_xsdbm_id/SWITCH_N_EXT_BSCAN.bscan_inst/SERIES7_BSCAN.bscan_inst/INTERNAL_TCK fall@25.000ns)
  Data Path Delay:        7.621ns  (logic 5.984ns (78.517%)  route 1.637ns (21.483%))
  Logic Levels:           2  (LUT4=1 LUT5=1)
  Clock Path Skew:        2.619ns (DCD - SCD + CPR)
    Destination Clock Delay (DCD):    2.619ns = ( 52.619 - 50.000 ) 
    Source Clock Delay      (SCD):    0.000ns = ( 25.000 - 25.000 ) 
    Clock Pessimism Removal (CPR):    0.000ns
  Clock Uncertainty:      0.235ns  ((TSJ^2 + TIJ^2)^1/2 + DJ) / 2 + PE + DCD
    Total System Jitter     (TSJ):    0.071ns
    Total Input Jitter      (TIJ):    0.000ns
    Discrete Jitter          (DJ):    0.000ns
    Phase Error              (PE):    0.000ns
    Duty Cycle Distortion   (DCD):    0.200ns
  Clock Net Delay (Destination): 1.403ns (routing 0.805ns, distribution 0.598ns)

    Location             Delay type                Incr(ns)  Path(ns)    Netlist Resource(s)
  -------------------------------------------------------------------    -------------------
                         (clock dbg_hub/inst/BSCANID.u_xsdbm_id/SWITCH_N_EXT_BSCAN.bscan_inst/SERIES7_BSCAN.bscan_inst/INTERNAL_TCK fall edge)
                                                     25.000    25.000 f  
    CONFIG_SITE_X0Y0     BSCANE2                      0.000    25.000 f  dbg_hub/inst/BSCANID.u_xsdbm_id/SWITCH_N_EXT_BSCAN.bscan_inst/SERIES7_BSCAN.bscan_inst/INTERNAL_TCK
  -------------------------------------------------------------------    -------------------
    CONFIG_SITE_X0Y0     BSCANE2 (Prop_BSCAN1_CONFIG_SITE_INTERNAL_TCK_SHIFT)
                                                      5.600    30.600 f  dbg_hub/inst/BSCANID.u_xsdbm_id/SWITCH_N_EXT_BSCAN.bscan_inst/SERIES7_BSCAN.bscan_inst/SHIFT
                         net (fo=37, routed)          0.590    31.190    dbg_hub/inst/BSCANID.u_xsdbm_id/SWITCH_N_EXT_BSCAN.bscan_switch/s_bscan_shift
    SLICE_X50Y164        LUT5 (Prop_F6LUT_SLICEL_I4_O)
                                                      0.170    31.360 f  dbg_hub/inst/BSCANID.u_xsdbm_id/SWITCH_N_EXT_BSCAN.bscan_switch/m_bscan_shift[0]_INST_0/O
                         net (fo=4, routed)           0.828    32.188    dbg_hub/inst/BSCANID.u_xsdbm_id/CORE_XSDB.UUT_MASTER/U_ICON_INTERFACE/icn_cmd_en_reg[0]_0
    SLICE_X58Y89         LUT4 (Prop_H6LUT_SLICEM_I2_O)
                                                      0.214    32.402 r  dbg_hub/inst/BSCANID.u_xsdbm_id/CORE_XSDB.UUT_MASTER/U_ICON_INTERFACE/icn_cmd_en[3]_i_1/O
                         net (fo=4, routed)           0.219    32.621    dbg_hub/inst/BSCANID.u_xsdbm_id/CORE_XSDB.UUT_MASTER/U_ICON_INTERFACE/icn_cmd_en[3]_i_1_n_0
    SLICE_X59Y88         FDRE                                         r  dbg_hub/inst/BSCANID.u_xsdbm_id/CORE_XSDB.UUT_MASTER/U_ICON_INTERFACE/icn_cmd_en_reg[0]/R
  -------------------------------------------------------------------    -------------------

                         (clock dbg_hub/inst/BSCANID.u_xsdbm_id/SWITCH_N_EXT_BSCAN.bscan_inst/SERIES7_BSCAN.bscan_inst/INTERNAL_TCK rise edge)
                                                     50.000    50.000 r  
    CONFIG_SITE_X0Y0     BSCANE2                      0.000    50.000 r  dbg_hub/inst/BSCANID.u_xsdbm_id/SWITCH_N_EXT_BSCAN.bscan_inst/SERIES7_BSCAN.bscan_inst/INTERNAL_TCK
    CONFIG_SITE_X0Y0     BSCANE2 (Prop_BSCAN1_CONFIG_SITE_INTERNAL_TCK_TCK)
                                                      0.465    50.465 r  dbg_hub/inst/BSCANID.u_xsdbm_id/SWITCH_N_EXT_BSCAN.bscan_inst/SERIES7_BSCAN.bscan_inst/TCK
                         net (fo=1, routed)           0.728    51.193    dbg_hub/inst/BSCANID.u_xsdbm_id/tck_bs
    BUFGCE_X0Y76         BUFGCE (Prop_BUFCE_BUFGCE_I_O)
                                                      0.023    51.216 r  dbg_hub/inst/BSCANID.u_xsdbm_id/SWITCH_N_EXT_BSCAN.u_bufg_icon_tck/O
    X2Y1 (CLOCK_ROOT)    net (fo=482, routed)         1.403    52.619    dbg_hub/inst/BSCANID.u_xsdbm_id/CORE_XSDB.UUT_MASTER/U_ICON_INTERFACE/m_bscan_tck[0]
    SLICE_X59Y88         FDRE                                         r  dbg_hub/inst/BSCANID.u_xsdbm_id/CORE_XSDB.UUT_MASTER/U_ICON_INTERFACE/icn_cmd_en_reg[0]/C
                         clock pessimism              0.000    52.619    
                         clock uncertainty           -0.235    52.383    
    SLICE_X59Y88         FDRE (Setup_EFF_SLICEL_C_R)
                                                     -0.050    52.333    dbg_hub/inst/BSCANID.u_xsdbm_id/CORE_XSDB.UUT_MASTER/U_ICON_INTERFACE/icn_cmd_en_reg[0]
  -------------------------------------------------------------------
                         required time                         52.333    
                         arrival time                         -32.621    
  -------------------------------------------------------------------
                         slack                                 19.712    

Slack (MET) :             19.712ns  (required time - arrival time)
  Source:                 dbg_hub/inst/BSCANID.u_xsdbm_id/SWITCH_N_EXT_BSCAN.bscan_inst/SERIES7_BSCAN.bscan_inst/INTERNAL_TCK
                            (falling edge-triggered cell BSCANE2 clocked by dbg_hub/inst/BSCANID.u_xsdbm_id/SWITCH_N_EXT_BSCAN.bscan_inst/SERIES7_BSCAN.bscan_inst/INTERNAL_TCK  {rise@0.000ns fall@25.000ns period=50.000ns})
  Destination:            dbg_hub/inst/BSCANID.u_xsdbm_id/CORE_XSDB.UUT_MASTER/U_ICON_INTERFACE/icn_cmd_en_reg[1]/R
                            (rising edge-triggered cell FDRE clocked by dbg_hub/inst/BSCANID.u_xsdbm_id/SWITCH_N_EXT_BSCAN.bscan_inst/SERIES7_BSCAN.bscan_inst/INTERNAL_TCK  {rise@0.000ns fall@25.000ns period=50.000ns})
  Path Group:             dbg_hub/inst/BSCANID.u_xsdbm_id/SWITCH_N_EXT_BSCAN.bscan_inst/SERIES7_BSCAN.bscan_inst/INTERNAL_TCK
  Path Type:              Setup (Max at Fast Process Corner)
  Requirement:            25.000ns  (dbg_hub/inst/BSCANID.u_xsdbm_id/SWITCH_N_EXT_BSCAN.bscan_inst/SERIES7_BSCAN.bscan_inst/INTERNAL_TCK rise@50.000ns - dbg_hub/inst/BSCANID.u_xsdbm_id/SWITCH_N_EXT_BSCAN.bscan_inst/SERIES7_BSCAN.bscan_inst/INTERNAL_TCK fall@25.000ns)
  Data Path Delay:        7.621ns  (logic 5.984ns (78.517%)  route 1.637ns (21.483%))
  Logic Levels:           2  (LUT4=1 LUT5=1)
  Clock Path Skew:        2.619ns (DCD - SCD + CPR)
    Destination Clock Delay (DCD):    2.619ns = ( 52.619 - 50.000 ) 
    Source Clock Delay      (SCD):    0.000ns = ( 25.000 - 25.000 ) 
    Clock Pessimism Removal (CPR):    0.000ns
  Clock Uncertainty:      0.235ns  ((TSJ^2 + TIJ^2)^1/2 + DJ) / 2 + PE + DCD
    Total System Jitter     (TSJ):    0.071ns
    Total Input Jitter      (TIJ):    0.000ns
    Discrete Jitter          (DJ):    0.000ns
    Phase Error              (PE):    0.000ns
    Duty Cycle Distortion   (DCD):    0.200ns
  Clock Net Delay (Destination): 1.403ns (routing 0.805ns, distribution 0.598ns)

    Location             Delay type                Incr(ns)  Path(ns)    Netlist Resource(s)
  -------------------------------------------------------------------    -------------------
                         (clock dbg_hub/inst/BSCANID.u_xsdbm_id/SWITCH_N_EXT_BSCAN.bscan_inst/SERIES7_BSCAN.bscan_inst/INTERNAL_TCK fall edge)
                                                     25.000    25.000 f  
    CONFIG_SITE_X0Y0     BSCANE2                      0.000    25.000 f  dbg_hub/inst/BSCANID.u_xsdbm_id/SWITCH_N_EXT_BSCAN.bscan_inst/SERIES7_BSCAN.bscan_inst/INTERNAL_TCK
  -------------------------------------------------------------------    -------------------
    CONFIG_SITE_X0Y0     BSCANE2 (Prop_BSCAN1_CONFIG_SITE_INTERNAL_TCK_SHIFT)
                                                      5.600    30.600 f  dbg_hub/inst/BSCANID.u_xsdbm_id/SWITCH_N_EXT_BSCAN.bscan_inst/SERIES7_BSCAN.bscan_inst/SHIFT
                         net (fo=37, routed)          0.590    31.190    dbg_hub/inst/BSCANID.u_xsdbm_id/SWITCH_N_EXT_BSCAN.bscan_switch/s_bscan_shift
    SLICE_X50Y164        LUT5 (Prop_F6LUT_SLICEL_I4_O)
                                                      0.170    31.360 f  dbg_hub/inst/BSCANID.u_xsdbm_id/SWITCH_N_EXT_BSCAN.bscan_switch/m_bscan_shift[0]_INST_0/O
                         net (fo=4, routed)           0.828    32.188    dbg_hub/inst/BSCANID.u_xsdbm_id/CORE_XSDB.UUT_MASTER/U_ICON_INTERFACE/icn_cmd_en_reg[0]_0
    SLICE_X58Y89         LUT4 (Prop_H6LUT_SLICEM_I2_O)
                                                      0.214    32.402 r  dbg_hub/inst/BSCANID.u_xsdbm_id/CORE_XSDB.UUT_MASTER/U_ICON_INTERFACE/icn_cmd_en[3]_i_1/O
                         net (fo=4, routed)           0.219    32.621    dbg_hub/inst/BSCANID.u_xsdbm_id/CORE_XSDB.UUT_MASTER/U_ICON_INTERFACE/icn_cmd_en[3]_i_1_n_0
    SLICE_X59Y88         FDRE                                         r  dbg_hub/inst/BSCANID.u_xsdbm_id/CORE_XSDB.UUT_MASTER/U_ICON_INTERFACE/icn_cmd_en_reg[1]/R
  -------------------------------------------------------------------    -------------------

                         (clock dbg_hub/inst/BSCANID.u_xsdbm_id/SWITCH_N_EXT_BSCAN.bscan_inst/SERIES7_BSCAN.bscan_inst/INTERNAL_TCK rise edge)
                                                     50.000    50.000 r  
    CONFIG_SITE_X0Y0     BSCANE2                      0.000    50.000 r  dbg_hub/inst/BSCANID.u_xsdbm_id/SWITCH_N_EXT_BSCAN.bscan_inst/SERIES7_BSCAN.bscan_inst/INTERNAL_TCK
    CONFIG_SITE_X0Y0     BSCANE2 (Prop_BSCAN1_CONFIG_SITE_INTERNAL_TCK_TCK)
                                                      0.465    50.465 r  dbg_hub/inst/BSCANID.u_xsdbm_id/SWITCH_N_EXT_BSCAN.bscan_inst/SERIES7_BSCAN.bscan_inst/TCK
                         net (fo=1, routed)           0.728    51.193    dbg_hub/inst/BSCANID.u_xsdbm_id/tck_bs
    BUFGCE_X0Y76         BUFGCE (Prop_BUFCE_BUFGCE_I_O)
                                                      0.023    51.216 r  dbg_hub/inst/BSCANID.u_xsdbm_id/SWITCH_N_EXT_BSCAN.u_bufg_icon_tck/O
    X2Y1 (CLOCK_ROOT)    net (fo=482, routed)         1.403    52.619    dbg_hub/inst/BSCANID.u_xsdbm_id/CORE_XSDB.UUT_MASTER/U_ICON_INTERFACE/m_bscan_tck[0]
    SLICE_X59Y88         FDRE                                         r  dbg_hub/inst/BSCANID.u_xsdbm_id/CORE_XSDB.UUT_MASTER/U_ICON_INTERFACE/icn_cmd_en_reg[1]/C
                         clock pessimism              0.000    52.619    
                         clock uncertainty           -0.235    52.383    
    SLICE_X59Y88         FDRE (Setup_EFF2_SLICEL_C_R)
                                                     -0.050    52.333    dbg_hub/inst/BSCANID.u_xsdbm_id/CORE_XSDB.UUT_MASTER/U_ICON_INTERFACE/icn_cmd_en_reg[1]
  -------------------------------------------------------------------
                         required time                         52.333    
                         arrival time                         -32.621    
  -------------------------------------------------------------------
                         slack                                 19.712    

Slack (MET) :             19.712ns  (required time - arrival time)
  Source:                 dbg_hub/inst/BSCANID.u_xsdbm_id/SWITCH_N_EXT_BSCAN.bscan_inst/SERIES7_BSCAN.bscan_inst/INTERNAL_TCK
                            (falling edge-triggered cell BSCANE2 clocked by dbg_hub/inst/BSCANID.u_xsdbm_id/SWITCH_N_EXT_BSCAN.bscan_inst/SERIES7_BSCAN.bscan_inst/INTERNAL_TCK  {rise@0.000ns fall@25.000ns period=50.000ns})
  Destination:            dbg_hub/inst/BSCANID.u_xsdbm_id/CORE_XSDB.UUT_MASTER/U_ICON_INTERFACE/icn_cmd_en_reg[2]/R
                            (rising edge-triggered cell FDRE clocked by dbg_hub/inst/BSCANID.u_xsdbm_id/SWITCH_N_EXT_BSCAN.bscan_inst/SERIES7_BSCAN.bscan_inst/INTERNAL_TCK  {rise@0.000ns fall@25.000ns period=50.000ns})
  Path Group:             dbg_hub/inst/BSCANID.u_xsdbm_id/SWITCH_N_EXT_BSCAN.bscan_inst/SERIES7_BSCAN.bscan_inst/INTERNAL_TCK
  Path Type:              Setup (Max at Fast Process Corner)
  Requirement:            25.000ns  (dbg_hub/inst/BSCANID.u_xsdbm_id/SWITCH_N_EXT_BSCAN.bscan_inst/SERIES7_BSCAN.bscan_inst/INTERNAL_TCK rise@50.000ns - dbg_hub/inst/BSCANID.u_xsdbm_id/SWITCH_N_EXT_BSCAN.bscan_inst/SERIES7_BSCAN.bscan_inst/INTERNAL_TCK fall@25.000ns)
  Data Path Delay:        7.621ns  (logic 5.984ns (78.517%)  route 1.637ns (21.483%))
  Logic Levels:           2  (LUT4=1 LUT5=1)
  Clock Path Skew:        2.619ns (DCD - SCD + CPR)
    Destination Clock Delay (DCD):    2.619ns = ( 52.619 - 50.000 ) 
    Source Clock Delay      (SCD):    0.000ns = ( 25.000 - 25.000 ) 
    Clock Pessimism Removal (CPR):    0.000ns
  Clock Uncertainty:      0.235ns  ((TSJ^2 + TIJ^2)^1/2 + DJ) / 2 + PE + DCD
    Total System Jitter     (TSJ):    0.071ns
    Total Input Jitter      (TIJ):    0.000ns
    Discrete Jitter          (DJ):    0.000ns
    Phase Error              (PE):    0.000ns
    Duty Cycle Distortion   (DCD):    0.200ns
  Clock Net Delay (Destination): 1.403ns (routing 0.805ns, distribution 0.598ns)

    Location             Delay type                Incr(ns)  Path(ns)    Netlist Resource(s)
  -------------------------------------------------------------------    -------------------
                         (clock dbg_hub/inst/BSCANID.u_xsdbm_id/SWITCH_N_EXT_BSCAN.bscan_inst/SERIES7_BSCAN.bscan_inst/INTERNAL_TCK fall edge)
                                                     25.000    25.000 f  
    CONFIG_SITE_X0Y0     BSCANE2                      0.000    25.000 f  dbg_hub/inst/BSCANID.u_xsdbm_id/SWITCH_N_EXT_BSCAN.bscan_inst/SERIES7_BSCAN.bscan_inst/INTERNAL_TCK
  -------------------------------------------------------------------    -------------------
    CONFIG_SITE_X0Y0     BSCANE2 (Prop_BSCAN1_CONFIG_SITE_INTERNAL_TCK_SHIFT)
                                                      5.600    30.600 f  dbg_hub/inst/BSCANID.u_xsdbm_id/SWITCH_N_EXT_BSCAN.bscan_inst/SERIES7_BSCAN.bscan_inst/SHIFT
                         net (fo=37, routed)          0.590    31.190    dbg_hub/inst/BSCANID.u_xsdbm_id/SWITCH_N_EXT_BSCAN.bscan_switch/s_bscan_shift
    SLICE_X50Y164        LUT5 (Prop_F6LUT_SLICEL_I4_O)
                                                      0.170    31.360 f  dbg_hub/inst/BSCANID.u_xsdbm_id/SWITCH_N_EXT_BSCAN.bscan_switch/m_bscan_shift[0]_INST_0/O
                         net (fo=4, routed)           0.828    32.188    dbg_hub/inst/BSCANID.u_xsdbm_id/CORE_XSDB.UUT_MASTER/U_ICON_INTERFACE/icn_cmd_en_reg[0]_0
    SLICE_X58Y89         LUT4 (Prop_H6LUT_SLICEM_I2_O)
                                                      0.214    32.402 r  dbg_hub/inst/BSCANID.u_xsdbm_id/CORE_XSDB.UUT_MASTER/U_ICON_INTERFACE/icn_cmd_en[3]_i_1/O
                         net (fo=4, routed)           0.219    32.621    dbg_hub/inst/BSCANID.u_xsdbm_id/CORE_XSDB.UUT_MASTER/U_ICON_INTERFACE/icn_cmd_en[3]_i_1_n_0
    SLICE_X59Y88         FDRE                                         r  dbg_hub/inst/BSCANID.u_xsdbm_id/CORE_XSDB.UUT_MASTER/U_ICON_INTERFACE/icn_cmd_en_reg[2]/R
  -------------------------------------------------------------------    -------------------

                         (clock dbg_hub/inst/BSCANID.u_xsdbm_id/SWITCH_N_EXT_BSCAN.bscan_inst/SERIES7_BSCAN.bscan_inst/INTERNAL_TCK rise edge)
                                                     50.000    50.000 r  
    CONFIG_SITE_X0Y0     BSCANE2                      0.000    50.000 r  dbg_hub/inst/BSCANID.u_xsdbm_id/SWITCH_N_EXT_BSCAN.bscan_inst/SERIES7_BSCAN.bscan_inst/INTERNAL_TCK
    CONFIG_SITE_X0Y0     BSCANE2 (Prop_BSCAN1_CONFIG_SITE_INTERNAL_TCK_TCK)
                                                      0.465    50.465 r  dbg_hub/inst/BSCANID.u_xsdbm_id/SWITCH_N_EXT_BSCAN.bscan_inst/SERIES7_BSCAN.bscan_inst/TCK
                         net (fo=1, routed)           0.728    51.193    dbg_hub/inst/BSCANID.u_xsdbm_id/tck_bs
    BUFGCE_X0Y76         BUFGCE (Prop_BUFCE_BUFGCE_I_O)
                                                      0.023    51.216 r  dbg_hub/inst/BSCANID.u_xsdbm_id/SWITCH_N_EXT_BSCAN.u_bufg_icon_tck/O
    X2Y1 (CLOCK_ROOT)    net (fo=482, routed)         1.403    52.619    dbg_hub/inst/BSCANID.u_xsdbm_id/CORE_XSDB.UUT_MASTER/U_ICON_INTERFACE/m_bscan_tck[0]
    SLICE_X59Y88         FDRE                                         r  dbg_hub/inst/BSCANID.u_xsdbm_id/CORE_XSDB.UUT_MASTER/U_ICON_INTERFACE/icn_cmd_en_reg[2]/C
                         clock pessimism              0.000    52.619    
                         clock uncertainty           -0.235    52.383    
    SLICE_X59Y88         FDRE (Setup_FFF_SLICEL_C_R)
                                                     -0.050    52.333    dbg_hub/inst/BSCANID.u_xsdbm_id/CORE_XSDB.UUT_MASTER/U_ICON_INTERFACE/icn_cmd_en_reg[2]
  -------------------------------------------------------------------
                         required time                         52.333    
                         arrival time                         -32.621    
  -------------------------------------------------------------------
                         slack                                 19.712    





Min Delay Paths
--------------------------------------------------------------------------------------
Slack (MET) :             0.031ns  (arrival time - required time)
  Source:                 dbg_hub/inst/BSCANID.u_xsdbm_id/CORE_XSDB.UUT_MASTER/U_ICON_INTERFACE/U_CMD6_WR/shift_reg_in_reg[9]/C
                            (rising edge-triggered cell FDCE clocked by dbg_hub/inst/BSCANID.u_xsdbm_id/SWITCH_N_EXT_BSCAN.bscan_inst/SERIES7_BSCAN.bscan_inst/INTERNAL_TCK  {rise@0.000ns fall@25.000ns period=50.000ns})
  Destination:            dbg_hub/inst/BSCANID.u_xsdbm_id/CORE_XSDB.UUT_MASTER/U_ICON_INTERFACE/U_CMD6_WR/U_WR_FIFO/SUBCORE_FIFO.xsdbm_v3_0_0_wrfifo_inst/inst_fifo_gen/gconvfifo.rf/grf.rf/gntv_or_sync_fifo.mem/gdm.dm_gen.dm/RAM_reg_0_15_0_13/RAME/I
                            (rising edge-triggered cell RAMD32 clocked by dbg_hub/inst/BSCANID.u_xsdbm_id/SWITCH_N_EXT_BSCAN.bscan_inst/SERIES7_BSCAN.bscan_inst/INTERNAL_TCK  {rise@0.000ns fall@25.000ns period=50.000ns})
  Path Group:             dbg_hub/inst/BSCANID.u_xsdbm_id/SWITCH_N_EXT_BSCAN.bscan_inst/SERIES7_BSCAN.bscan_inst/INTERNAL_TCK
  Path Type:              Hold (Min at Slow Process Corner)
  Requirement:            0.000ns  (dbg_hub/inst/BSCANID.u_xsdbm_id/SWITCH_N_EXT_BSCAN.bscan_inst/SERIES7_BSCAN.bscan_inst/INTERNAL_TCK rise@0.000ns - dbg_hub/inst/BSCANID.u_xsdbm_id/SWITCH_N_EXT_BSCAN.bscan_inst/SERIES7_BSCAN.bscan_inst/INTERNAL_TCK rise@0.000ns)
  Data Path Delay:        0.201ns  (logic 0.115ns (57.120%)  route 0.086ns (42.880%))
  Logic Levels:           0  
  Clock Path Skew:        0.067ns (DCD - SCD - CPR)
    Destination Clock Delay (DCD):    9.085ns
    Source Clock Delay      (SCD):    3.949ns
    Clock Pessimism Removal (CPR):    5.068ns
  Clock Net Delay (Source):      2.325ns (routing 1.340ns, distribution 0.985ns)
  Clock Net Delay (Destination): 2.610ns (routing 1.467ns, distribution 1.143ns)

    Location             Delay type                Incr(ns)  Path(ns)    Netlist Resource(s)
  -------------------------------------------------------------------    -------------------
                         (clock dbg_hub/inst/BSCANID.u_xsdbm_id/SWITCH_N_EXT_BSCAN.bscan_inst/SERIES7_BSCAN.bscan_inst/INTERNAL_TCK rise edge)
                                                      0.000     0.000 r  
    CONFIG_SITE_X0Y0     BSCANE2                      0.000     0.000 r  dbg_hub/inst/BSCANID.u_xsdbm_id/SWITCH_N_EXT_BSCAN.bscan_inst/SERIES7_BSCAN.bscan_inst/INTERNAL_TCK
    CONFIG_SITE_X0Y0     BSCANE2 (Prop_BSCAN1_CONFIG_SITE_INTERNAL_TCK_TCK)
                                                      0.465     0.465 r  dbg_hub/inst/BSCANID.u_xsdbm_id/SWITCH_N_EXT_BSCAN.bscan_inst/SERIES7_BSCAN.bscan_inst/TCK
                         net (fo=1, routed)           1.120     1.585    dbg_hub/inst/BSCANID.u_xsdbm_id/tck_bs
    BUFGCE_X0Y76         BUFGCE (Prop_BUFCE_BUFGCE_I_O)
                                                      0.039     1.624 r  dbg_hub/inst/BSCANID.u_xsdbm_id/SWITCH_N_EXT_BSCAN.u_bufg_icon_tck/O
    X2Y1 (CLOCK_ROOT)    net (fo=482, routed)         2.325     3.949    dbg_hub/inst/BSCANID.u_xsdbm_id/CORE_XSDB.UUT_MASTER/U_ICON_INTERFACE/U_CMD6_WR/m_bscan_tck[0]
    SLICE_X58Y86         FDCE                                         r  dbg_hub/inst/BSCANID.u_xsdbm_id/CORE_XSDB.UUT_MASTER/U_ICON_INTERFACE/U_CMD6_WR/shift_reg_in_reg[9]/C
  -------------------------------------------------------------------    -------------------
    SLICE_X58Y86         FDCE (Prop_DFF2_SLICEM_C_Q)
                                                      0.115     4.064 r  dbg_hub/inst/BSCANID.u_xsdbm_id/CORE_XSDB.UUT_MASTER/U_ICON_INTERFACE/U_CMD6_WR/shift_reg_in_reg[9]/Q
                         net (fo=2, routed)           0.086     4.150    dbg_hub/inst/BSCANID.u_xsdbm_id/CORE_XSDB.UUT_MASTER/U_ICON_INTERFACE/U_CMD6_WR/U_WR_FIFO/SUBCORE_FIFO.xsdbm_v3_0_0_wrfifo_inst/inst_fifo_gen/gconvfifo.rf/grf.rf/gntv_or_sync_fifo.mem/gdm.dm_gen.dm/RAM_reg_0_15_0_13/DIE0
    SLICE_X58Y85         RAMD32                                       r  dbg_hub/inst/BSCANID.u_xsdbm_id/CORE_XSDB.UUT_MASTER/U_ICON_INTERFACE/U_CMD6_WR/U_WR_FIFO/SUBCORE_FIFO.xsdbm_v3_0_0_wrfifo_inst/inst_fifo_gen/gconvfifo.rf/grf.rf/gntv_or_sync_fifo.mem/gdm.dm_gen.dm/RAM_reg_0_15_0_13/RAME/I
  -------------------------------------------------------------------    -------------------

                         (clock dbg_hub/inst/BSCANID.u_xsdbm_id/SWITCH_N_EXT_BSCAN.bscan_inst/SERIES7_BSCAN.bscan_inst/INTERNAL_TCK rise edge)
                                                      0.000     0.000 r  
    CONFIG_SITE_X0Y0     BSCANE2                      0.000     0.000 r  dbg_hub/inst/BSCANID.u_xsdbm_id/SWITCH_N_EXT_BSCAN.bscan_inst/SERIES7_BSCAN.bscan_inst/INTERNAL_TCK
    CONFIG_SITE_X0Y0     BSCANE2 (Prop_BSCAN1_CONFIG_SITE_INTERNAL_TCK_TCK)
                                                      4.800     4.800 r  dbg_hub/inst/BSCANID.u_xsdbm_id/SWITCH_N_EXT_BSCAN.bscan_inst/SERIES7_BSCAN.bscan_inst/TCK
                         net (fo=1, routed)           1.631     6.431    dbg_hub/inst/BSCANID.u_xsdbm_id/tck_bs
    BUFGCE_X0Y76         BUFGCE (Prop_BUFCE_BUFGCE_I_O)
                                                      0.044     6.475 r  dbg_hub/inst/BSCANID.u_xsdbm_id/SWITCH_N_EXT_BSCAN.u_bufg_icon_tck/O
    X2Y1 (CLOCK_ROOT)    net (fo=482, routed)         2.610     9.085    dbg_hub/inst/BSCANID.u_xsdbm_id/CORE_XSDB.UUT_MASTER/U_ICON_INTERFACE/U_CMD6_WR/U_WR_FIFO/SUBCORE_FIFO.xsdbm_v3_0_0_wrfifo_inst/inst_fifo_gen/gconvfifo.rf/grf.rf/gntv_or_sync_fifo.mem/gdm.dm_gen.dm/RAM_reg_0_15_0_13/WCLK
    SLICE_X58Y85         RAMD32                                       r  dbg_hub/inst/BSCANID.u_xsdbm_id/CORE_XSDB.UUT_MASTER/U_ICON_INTERFACE/U_CMD6_WR/U_WR_FIFO/SUBCORE_FIFO.xsdbm_v3_0_0_wrfifo_inst/inst_fifo_gen/gconvfifo.rf/grf.rf/gntv_or_sync_fifo.mem/gdm.dm_gen.dm/RAM_reg_0_15_0_13/RAME/CLK
                         clock pessimism             -5.068     4.017    
    SLICE_X58Y85         RAMD32 (Hold_E5LUT_SLICEM_CLK_I)
                                                      0.103     4.120    dbg_hub/inst/BSCANID.u_xsdbm_id/CORE_XSDB.UUT_MASTER/U_ICON_INTERFACE/U_CMD6_WR/U_WR_FIFO/SUBCORE_FIFO.xsdbm_v3_0_0_wrfifo_inst/inst_fifo_gen/gconvfifo.rf/grf.rf/gntv_or_sync_fifo.mem/gdm.dm_gen.dm/RAM_reg_0_15_0_13/RAME
  -------------------------------------------------------------------
                         required time                         -4.120    
                         arrival time                           4.150    
  -------------------------------------------------------------------
                         slack                                  0.031    

Slack (MET) :             0.031ns  (arrival time - required time)
  Source:                 dbg_hub/inst/BSCANID.u_xsdbm_id/CORE_XSDB.U_ICON/iTDI_reg_reg/C
                            (rising edge-triggered cell FDRE clocked by dbg_hub/inst/BSCANID.u_xsdbm_id/SWITCH_N_EXT_BSCAN.bscan_inst/SERIES7_BSCAN.bscan_inst/INTERNAL_TCK  {rise@0.000ns fall@25.000ns period=50.000ns})
  Destination:            dbg_hub/inst/BSCANID.u_xsdbm_id/CORE_XSDB.U_ICON/U_CMD/iTARGET_reg[15]/D
                            (rising edge-triggered cell FDCE clocked by dbg_hub/inst/BSCANID.u_xsdbm_id/SWITCH_N_EXT_BSCAN.bscan_inst/SERIES7_BSCAN.bscan_inst/INTERNAL_TCK  {rise@0.000ns fall@25.000ns period=50.000ns})
  Path Group:             dbg_hub/inst/BSCANID.u_xsdbm_id/SWITCH_N_EXT_BSCAN.bscan_inst/SERIES7_BSCAN.bscan_inst/INTERNAL_TCK
  Path Type:              Hold (Min at Slow Process Corner)
  Requirement:            0.000ns  (dbg_hub/inst/BSCANID.u_xsdbm_id/SWITCH_N_EXT_BSCAN.bscan_inst/SERIES7_BSCAN.bscan_inst/INTERNAL_TCK rise@0.000ns - dbg_hub/inst/BSCANID.u_xsdbm_id/SWITCH_N_EXT_BSCAN.bscan_inst/SERIES7_BSCAN.bscan_inst/INTERNAL_TCK rise@0.000ns)
  Data Path Delay:        0.239ns  (logic 0.112ns (46.803%)  route 0.127ns (53.197%))
  Logic Levels:           0  
  Clock Path Skew:        0.107ns (DCD - SCD - CPR)
    Destination Clock Delay (DCD):    9.041ns
    Source Clock Delay      (SCD):    3.924ns
    Clock Pessimism Removal (CPR):    5.010ns
  Clock Net Delay (Source):      2.300ns (routing 1.340ns, distribution 0.960ns)
  Clock Net Delay (Destination): 2.566ns (routing 1.467ns, distribution 1.099ns)

    Location             Delay type                Incr(ns)  Path(ns)    Netlist Resource(s)
  -------------------------------------------------------------------    -------------------
                         (clock dbg_hub/inst/BSCANID.u_xsdbm_id/SWITCH_N_EXT_BSCAN.bscan_inst/SERIES7_BSCAN.bscan_inst/INTERNAL_TCK rise edge)
                                                      0.000     0.000 r  
    CONFIG_SITE_X0Y0     BSCANE2                      0.000     0.000 r  dbg_hub/inst/BSCANID.u_xsdbm_id/SWITCH_N_EXT_BSCAN.bscan_inst/SERIES7_BSCAN.bscan_inst/INTERNAL_TCK
    CONFIG_SITE_X0Y0     BSCANE2 (Prop_BSCAN1_CONFIG_SITE_INTERNAL_TCK_TCK)
                                                      0.465     0.465 r  dbg_hub/inst/BSCANID.u_xsdbm_id/SWITCH_N_EXT_BSCAN.bscan_inst/SERIES7_BSCAN.bscan_inst/TCK
                         net (fo=1, routed)           1.120     1.585    dbg_hub/inst/BSCANID.u_xsdbm_id/tck_bs
    BUFGCE_X0Y76         BUFGCE (Prop_BUFCE_BUFGCE_I_O)
                                                      0.039     1.624 r  dbg_hub/inst/BSCANID.u_xsdbm_id/SWITCH_N_EXT_BSCAN.u_bufg_icon_tck/O
    X2Y1 (CLOCK_ROOT)    net (fo=482, routed)         2.300     3.924    dbg_hub/inst/BSCANID.u_xsdbm_id/CORE_XSDB.U_ICON/m_bscan_tck[0]
    SLICE_X57Y90         FDRE                                         r  dbg_hub/inst/BSCANID.u_xsdbm_id/CORE_XSDB.U_ICON/iTDI_reg_reg/C
  -------------------------------------------------------------------    -------------------
    SLICE_X57Y90         FDRE (Prop_AFF_SLICEL_C_Q)
                                                      0.112     4.036 r  dbg_hub/inst/BSCANID.u_xsdbm_id/CORE_XSDB.U_ICON/iTDI_reg_reg/Q
                         net (fo=4, routed)           0.127     4.163    dbg_hub/inst/BSCANID.u_xsdbm_id/CORE_XSDB.U_ICON/U_CMD/D[0]
    SLICE_X58Y90         FDCE                                         r  dbg_hub/inst/BSCANID.u_xsdbm_id/CORE_XSDB.U_ICON/U_CMD/iTARGET_reg[15]/D
  -------------------------------------------------------------------    -------------------

                         (clock dbg_hub/inst/BSCANID.u_xsdbm_id/SWITCH_N_EXT_BSCAN.bscan_inst/SERIES7_BSCAN.bscan_inst/INTERNAL_TCK rise edge)
                                                      0.000     0.000 r  
    CONFIG_SITE_X0Y0     BSCANE2                      0.000     0.000 r  dbg_hub/inst/BSCANID.u_xsdbm_id/SWITCH_N_EXT_BSCAN.bscan_inst/SERIES7_BSCAN.bscan_inst/INTERNAL_TCK
    CONFIG_SITE_X0Y0     BSCANE2 (Prop_BSCAN1_CONFIG_SITE_INTERNAL_TCK_TCK)
                                                      4.800     4.800 r  dbg_hub/inst/BSCANID.u_xsdbm_id/SWITCH_N_EXT_BSCAN.bscan_inst/SERIES7_BSCAN.bscan_inst/TCK
                         net (fo=1, routed)           1.631     6.431    dbg_hub/inst/BSCANID.u_xsdbm_id/tck_bs
    BUFGCE_X0Y76         BUFGCE (Prop_BUFCE_BUFGCE_I_O)
                                                      0.044     6.475 r  dbg_hub/inst/BSCANID.u_xsdbm_id/SWITCH_N_EXT_BSCAN.u_bufg_icon_tck/O
    X2Y1 (CLOCK_ROOT)    net (fo=482, routed)         2.566     9.041    dbg_hub/inst/BSCANID.u_xsdbm_id/CORE_XSDB.U_ICON/U_CMD/m_bscan_tck[0]
    SLICE_X58Y90         FDCE                                         r  dbg_hub/inst/BSCANID.u_xsdbm_id/CORE_XSDB.U_ICON/U_CMD/iTARGET_reg[15]/C
                         clock pessimism             -5.010     4.031    
    SLICE_X58Y90         FDCE (Hold_EFF_SLICEM_C_D)
                                                      0.101     4.132    dbg_hub/inst/BSCANID.u_xsdbm_id/CORE_XSDB.U_ICON/U_CMD/iTARGET_reg[15]
  -------------------------------------------------------------------
                         required time                         -4.132    
                         arrival time                           4.163    
  -------------------------------------------------------------------
                         slack                                  0.031    

Slack (MET) :             0.042ns  (arrival time - required time)
  Source:                 dbg_hub/inst/BSCANID.u_xsdbm_id/CORE_XSDB.UUT_MASTER/U_ICON_INTERFACE/U_CMD6_WR/shift_reg_in_reg[13]/C
                            (rising edge-triggered cell FDCE clocked by dbg_hub/inst/BSCANID.u_xsdbm_id/SWITCH_N_EXT_BSCAN.bscan_inst/SERIES7_BSCAN.bscan_inst/INTERNAL_TCK  {rise@0.000ns fall@25.000ns period=50.000ns})
  Destination:            dbg_hub/inst/BSCANID.u_xsdbm_id/CORE_XSDB.UUT_MASTER/U_ICON_INTERFACE/U_CMD6_WR/U_WR_FIFO/SUBCORE_FIFO.xsdbm_v3_0_0_wrfifo_inst/inst_fifo_gen/gconvfifo.rf/grf.rf/gntv_or_sync_fifo.mem/gdm.dm_gen.dm/RAM_reg_0_15_0_13/RAMG/I
                            (rising edge-triggered cell RAMD32 clocked by dbg_hub/inst/BSCANID.u_xsdbm_id/SWITCH_N_EXT_BSCAN.bscan_inst/SERIES7_BSCAN.bscan_inst/INTERNAL_TCK  {rise@0.000ns fall@25.000ns period=50.000ns})
  Path Group:             dbg_hub/inst/BSCANID.u_xsdbm_id/SWITCH_N_EXT_BSCAN.bscan_inst/SERIES7_BSCAN.bscan_inst/INTERNAL_TCK
  Path Type:              Hold (Min at Fast Process Corner)
  Requirement:            0.000ns  (dbg_hub/inst/BSCANID.u_xsdbm_id/SWITCH_N_EXT_BSCAN.bscan_inst/SERIES7_BSCAN.bscan_inst/INTERNAL_TCK rise@0.000ns - dbg_hub/inst/BSCANID.u_xsdbm_id/SWITCH_N_EXT_BSCAN.bscan_inst/SERIES7_BSCAN.bscan_inst/INTERNAL_TCK rise@0.000ns)
  Data Path Delay:        0.154ns  (logic 0.083ns (53.890%)  route 0.071ns (46.110%))
  Logic Levels:           0  
  Clock Path Skew:        0.051ns (DCD - SCD - CPR)
    Destination Clock Delay (DCD):    7.627ns
    Source Clock Delay      (SCD):    2.625ns
    Clock Pessimism Removal (CPR):    4.951ns
  Clock Net Delay (Source):      1.409ns (routing 0.805ns, distribution 0.604ns)
  Clock Net Delay (Destination): 1.576ns (routing 0.880ns, distribution 0.696ns)

    Location             Delay type                Incr(ns)  Path(ns)    Netlist Resource(s)
  -------------------------------------------------------------------    -------------------
                         (clock dbg_hub/inst/BSCANID.u_xsdbm_id/SWITCH_N_EXT_BSCAN.bscan_inst/SERIES7_BSCAN.bscan_inst/INTERNAL_TCK rise edge)
                                                      0.000     0.000 r  
    CONFIG_SITE_X0Y0     BSCANE2                      0.000     0.000 r  dbg_hub/inst/BSCANID.u_xsdbm_id/SWITCH_N_EXT_BSCAN.bscan_inst/SERIES7_BSCAN.bscan_inst/INTERNAL_TCK
    CONFIG_SITE_X0Y0     BSCANE2 (Prop_BSCAN1_CONFIG_SITE_INTERNAL_TCK_TCK)
                                                      0.465     0.465 r  dbg_hub/inst/BSCANID.u_xsdbm_id/SWITCH_N_EXT_BSCAN.bscan_inst/SERIES7_BSCAN.bscan_inst/TCK
                         net (fo=1, routed)           0.728     1.193    dbg_hub/inst/BSCANID.u_xsdbm_id/tck_bs
    BUFGCE_X0Y76         BUFGCE (Prop_BUFCE_BUFGCE_I_O)
                                                      0.023     1.216 r  dbg_hub/inst/BSCANID.u_xsdbm_id/SWITCH_N_EXT_BSCAN.u_bufg_icon_tck/O
    X2Y1 (CLOCK_ROOT)    net (fo=482, routed)         1.409     2.625    dbg_hub/inst/BSCANID.u_xsdbm_id/CORE_XSDB.UUT_MASTER/U_ICON_INTERFACE/U_CMD6_WR/m_bscan_tck[0]
    SLICE_X58Y86         FDCE                                         r  dbg_hub/inst/BSCANID.u_xsdbm_id/CORE_XSDB.UUT_MASTER/U_ICON_INTERFACE/U_CMD6_WR/shift_reg_in_reg[13]/C
  -------------------------------------------------------------------    -------------------
    SLICE_X58Y86         FDCE (Prop_CFF_SLICEM_C_Q)
                                                      0.083     2.708 r  dbg_hub/inst/BSCANID.u_xsdbm_id/CORE_XSDB.UUT_MASTER/U_ICON_INTERFACE/U_CMD6_WR/shift_reg_in_reg[13]/Q
                         net (fo=2, routed)           0.071     2.779    dbg_hub/inst/BSCANID.u_xsdbm_id/CORE_XSDB.UUT_MASTER/U_ICON_INTERFACE/U_CMD6_WR/U_WR_FIFO/SUBCORE_FIFO.xsdbm_v3_0_0_wrfifo_inst/inst_fifo_gen/gconvfifo.rf/grf.rf/gntv_or_sync_fifo.mem/gdm.dm_gen.dm/RAM_reg_0_15_0_13/DIG0
    SLICE_X58Y85         RAMD32                                       r  dbg_hub/inst/BSCANID.u_xsdbm_id/CORE_XSDB.UUT_MASTER/U_ICON_INTERFACE/U_CMD6_WR/U_WR_FIFO/SUBCORE_FIFO.xsdbm_v3_0_0_wrfifo_inst/inst_fifo_gen/gconvfifo.rf/grf.rf/gntv_or_sync_fifo.mem/gdm.dm_gen.dm/RAM_reg_0_15_0_13/RAMG/I
  -------------------------------------------------------------------    -------------------

                         (clock dbg_hub/inst/BSCANID.u_xsdbm_id/SWITCH_N_EXT_BSCAN.bscan_inst/SERIES7_BSCAN.bscan_inst/INTERNAL_TCK rise edge)
                                                      0.000     0.000 r  
    CONFIG_SITE_X0Y0     BSCANE2                      0.000     0.000 r  dbg_hub/inst/BSCANID.u_xsdbm_id/SWITCH_N_EXT_BSCAN.bscan_inst/SERIES7_BSCAN.bscan_inst/INTERNAL_TCK
    CONFIG_SITE_X0Y0     BSCANE2 (Prop_BSCAN1_CONFIG_SITE_INTERNAL_TCK_TCK)
                                                      4.800     4.800 r  dbg_hub/inst/BSCANID.u_xsdbm_id/SWITCH_N_EXT_BSCAN.bscan_inst/SERIES7_BSCAN.bscan_inst/TCK
                         net (fo=1, routed)           1.225     6.025    dbg_hub/inst/BSCANID.u_xsdbm_id/tck_bs
    BUFGCE_X0Y76         BUFGCE (Prop_BUFCE_BUFGCE_I_O)
                                                      0.026     6.051 r  dbg_hub/inst/BSCANID.u_xsdbm_id/SWITCH_N_EXT_BSCAN.u_bufg_icon_tck/O
    X2Y1 (CLOCK_ROOT)    net (fo=482, routed)         1.576     7.627    dbg_hub/inst/BSCANID.u_xsdbm_id/CORE_XSDB.UUT_MASTER/U_ICON_INTERFACE/U_CMD6_WR/U_WR_FIFO/SUBCORE_FIFO.xsdbm_v3_0_0_wrfifo_inst/inst_fifo_gen/gconvfifo.rf/grf.rf/gntv_or_sync_fifo.mem/gdm.dm_gen.dm/RAM_reg_0_15_0_13/WCLK
    SLICE_X58Y85         RAMD32                                       r  dbg_hub/inst/BSCANID.u_xsdbm_id/CORE_XSDB.UUT_MASTER/U_ICON_INTERFACE/U_CMD6_WR/U_WR_FIFO/SUBCORE_FIFO.xsdbm_v3_0_0_wrfifo_inst/inst_fifo_gen/gconvfifo.rf/grf.rf/gntv_or_sync_fifo.mem/gdm.dm_gen.dm/RAM_reg_0_15_0_13/RAMG/CLK
                         clock pessimism             -4.951     2.676    
    SLICE_X58Y85         RAMD32 (Hold_G5LUT_SLICEM_CLK_I)
                                                      0.061     2.737    dbg_hub/inst/BSCANID.u_xsdbm_id/CORE_XSDB.UUT_MASTER/U_ICON_INTERFACE/U_CMD6_WR/U_WR_FIFO/SUBCORE_FIFO.xsdbm_v3_0_0_wrfifo_inst/inst_fifo_gen/gconvfifo.rf/grf.rf/gntv_or_sync_fifo.mem/gdm.dm_gen.dm/RAM_reg_0_15_0_13/RAMG
  -------------------------------------------------------------------
                         required time                         -2.737    
                         arrival time                           2.779    
  -------------------------------------------------------------------
                         slack                                  0.042    

Slack (MET) :             0.046ns  (arrival time - required time)
  Source:                 dbg_hub/inst/BSCANID.u_xsdbm_id/CORE_XSDB.UUT_MASTER/U_ICON_INTERFACE/U_CMD6_RD/U_RD_FIFO/SUBCORE_FIFO.xsdbm_v3_0_0_rdfifo_inst/inst_fifo_gen/gconvfifo.rf/grf.rf/gntv_or_sync_fifo.mem/goreg_dm.dout_i_reg[13]/C
                            (rising edge-triggered cell FDRE clocked by dbg_hub/inst/BSCANID.u_xsdbm_id/SWITCH_N_EXT_BSCAN.bscan_inst/SERIES7_BSCAN.bscan_inst/INTERNAL_TCK  {rise@0.000ns fall@25.000ns period=50.000ns})
  Destination:            dbg_hub/inst/BSCANID.u_xsdbm_id/CORE_XSDB.UUT_MASTER/U_ICON_INTERFACE/U_CMD6_RD/shift_reg_in_reg[12]/D
                            (rising edge-triggered cell FDCE clocked by dbg_hub/inst/BSCANID.u_xsdbm_id/SWITCH_N_EXT_BSCAN.bscan_inst/SERIES7_BSCAN.bscan_inst/INTERNAL_TCK  {rise@0.000ns fall@25.000ns period=50.000ns})
  Path Group:             dbg_hub/inst/BSCANID.u_xsdbm_id/SWITCH_N_EXT_BSCAN.bscan_inst/SERIES7_BSCAN.bscan_inst/INTERNAL_TCK
  Path Type:              Hold (Min at Slow Process Corner)
  Requirement:            0.000ns  (dbg_hub/inst/BSCANID.u_xsdbm_id/SWITCH_N_EXT_BSCAN.bscan_inst/SERIES7_BSCAN.bscan_inst/INTERNAL_TCK rise@0.000ns - dbg_hub/inst/BSCANID.u_xsdbm_id/SWITCH_N_EXT_BSCAN.bscan_inst/SERIES7_BSCAN.bscan_inst/INTERNAL_TCK rise@0.000ns)
  Data Path Delay:        0.254ns  (logic 0.144ns (56.693%)  route 0.110ns (43.307%))
  Logic Levels:           1  (LUT5=1)
  Clock Path Skew:        0.107ns (DCD - SCD - CPR)
    Destination Clock Delay (DCD):    9.068ns
    Source Clock Delay      (SCD):    3.951ns
    Clock Pessimism Removal (CPR):    5.009ns
  Clock Net Delay (Source):      2.327ns (routing 1.340ns, distribution 0.987ns)
  Clock Net Delay (Destination): 2.593ns (routing 1.467ns, distribution 1.126ns)

    Location             Delay type                Incr(ns)  Path(ns)    Netlist Resource(s)
  -------------------------------------------------------------------    -------------------
                         (clock dbg_hub/inst/BSCANID.u_xsdbm_id/SWITCH_N_EXT_BSCAN.bscan_inst/SERIES7_BSCAN.bscan_inst/INTERNAL_TCK rise edge)
                                                      0.000     0.000 r  
    CONFIG_SITE_X0Y0     BSCANE2                      0.000     0.000 r  dbg_hub/inst/BSCANID.u_xsdbm_id/SWITCH_N_EXT_BSCAN.bscan_inst/SERIES7_BSCAN.bscan_inst/INTERNAL_TCK
    CONFIG_SITE_X0Y0     BSCANE2 (Prop_BSCAN1_CONFIG_SITE_INTERNAL_TCK_TCK)
                                                      0.465     0.465 r  dbg_hub/inst/BSCANID.u_xsdbm_id/SWITCH_N_EXT_BSCAN.bscan_inst/SERIES7_BSCAN.bscan_inst/TCK
                         net (fo=1, routed)           1.120     1.585    dbg_hub/inst/BSCANID.u_xsdbm_id/tck_bs
    BUFGCE_X0Y76         BUFGCE (Prop_BUFCE_BUFGCE_I_O)
                                                      0.039     1.624 r  dbg_hub/inst/BSCANID.u_xsdbm_id/SWITCH_N_EXT_BSCAN.u_bufg_icon_tck/O
    X2Y1 (CLOCK_ROOT)    net (fo=482, routed)         2.327     3.951    dbg_hub/inst/BSCANID.u_xsdbm_id/CORE_XSDB.UUT_MASTER/U_ICON_INTERFACE/U_CMD6_RD/U_RD_FIFO/SUBCORE_FIFO.xsdbm_v3_0_0_rdfifo_inst/inst_fifo_gen/gconvfifo.rf/grf.rf/gntv_or_sync_fifo.mem/rd_clk
    SLICE_X58Y79         FDRE                                         r  dbg_hub/inst/BSCANID.u_xsdbm_id/CORE_XSDB.UUT_MASTER/U_ICON_INTERFACE/U_CMD6_RD/U_RD_FIFO/SUBCORE_FIFO.xsdbm_v3_0_0_rdfifo_inst/inst_fifo_gen/gconvfifo.rf/grf.rf/gntv_or_sync_fifo.mem/goreg_dm.dout_i_reg[13]/C
  -------------------------------------------------------------------    -------------------
    SLICE_X58Y79         FDRE (Prop_CFF_SLICEM_C_Q)
                                                      0.112     4.063 r  dbg_hub/inst/BSCANID.u_xsdbm_id/CORE_XSDB.UUT_MASTER/U_ICON_INTERFACE/U_CMD6_RD/U_RD_FIFO/SUBCORE_FIFO.xsdbm_v3_0_0_rdfifo_inst/inst_fifo_gen/gconvfifo.rf/grf.rf/gntv_or_sync_fifo.mem/goreg_dm.dout_i_reg[13]/Q
                         net (fo=1, routed)           0.079     4.142    dbg_hub/inst/BSCANID.u_xsdbm_id/CORE_XSDB.UUT_MASTER/U_ICON_INTERFACE/U_CMD6_RD/U_RD_FIFO/fifo_dout[13]
    SLICE_X57Y79         LUT5 (Prop_C6LUT_SLICEL_I3_O)
                                                      0.032     4.174 r  dbg_hub/inst/BSCANID.u_xsdbm_id/CORE_XSDB.UUT_MASTER/U_ICON_INTERFACE/U_CMD6_RD/U_RD_FIFO/shift_reg_in[12]_i_1/O
                         net (fo=1, routed)           0.031     4.205    dbg_hub/inst/BSCANID.u_xsdbm_id/CORE_XSDB.UUT_MASTER/U_ICON_INTERFACE/U_CMD6_RD/U_RD_FIFO_n_3
    SLICE_X57Y79         FDCE                                         r  dbg_hub/inst/BSCANID.u_xsdbm_id/CORE_XSDB.UUT_MASTER/U_ICON_INTERFACE/U_CMD6_RD/shift_reg_in_reg[12]/D
  -------------------------------------------------------------------    -------------------

                         (clock dbg_hub/inst/BSCANID.u_xsdbm_id/SWITCH_N_EXT_BSCAN.bscan_inst/SERIES7_BSCAN.bscan_inst/INTERNAL_TCK rise edge)
                                                      0.000     0.000 r  
    CONFIG_SITE_X0Y0     BSCANE2                      0.000     0.000 r  dbg_hub/inst/BSCANID.u_xsdbm_id/SWITCH_N_EXT_BSCAN.bscan_inst/SERIES7_BSCAN.bscan_inst/INTERNAL_TCK
    CONFIG_SITE_X0Y0     BSCANE2 (Prop_BSCAN1_CONFIG_SITE_INTERNAL_TCK_TCK)
                                                      4.800     4.800 r  dbg_hub/inst/BSCANID.u_xsdbm_id/SWITCH_N_EXT_BSCAN.bscan_inst/SERIES7_BSCAN.bscan_inst/TCK
                         net (fo=1, routed)           1.631     6.431    dbg_hub/inst/BSCANID.u_xsdbm_id/tck_bs
    BUFGCE_X0Y76         BUFGCE (Prop_BUFCE_BUFGCE_I_O)
                                                      0.044     6.475 r  dbg_hub/inst/BSCANID.u_xsdbm_id/SWITCH_N_EXT_BSCAN.u_bufg_icon_tck/O
    X2Y1 (CLOCK_ROOT)    net (fo=482, routed)         2.593     9.068    dbg_hub/inst/BSCANID.u_xsdbm_id/CORE_XSDB.UUT_MASTER/U_ICON_INTERFACE/U_CMD6_RD/m_bscan_tck[0]
    SLICE_X57Y79         FDCE                                         r  dbg_hub/inst/BSCANID.u_xsdbm_id/CORE_XSDB.UUT_MASTER/U_ICON_INTERFACE/U_CMD6_RD/shift_reg_in_reg[12]/C
                         clock pessimism             -5.009     4.058    
    SLICE_X57Y79         FDCE (Hold_CFF_SLICEL_C_D)
                                                      0.101     4.159    dbg_hub/inst/BSCANID.u_xsdbm_id/CORE_XSDB.UUT_MASTER/U_ICON_INTERFACE/U_CMD6_RD/shift_reg_in_reg[12]
  -------------------------------------------------------------------
                         required time                         -4.159    
                         arrival time                           4.205    
  -------------------------------------------------------------------
                         slack                                  0.046    

Slack (MET) :             0.046ns  (arrival time - required time)
  Source:                 dbg_hub/inst/BSCANID.u_xsdbm_id/SWITCH_N_EXT_BSCAN.bscan_switch/state_temp_reg[1]/C
                            (rising edge-triggered cell FDRE clocked by dbg_hub/inst/BSCANID.u_xsdbm_id/SWITCH_N_EXT_BSCAN.bscan_inst/SERIES7_BSCAN.bscan_inst/INTERNAL_TCK  {rise@0.000ns fall@25.000ns period=50.000ns})
  Destination:            dbg_hub/inst/BSCANID.u_xsdbm_id/SWITCH_N_EXT_BSCAN.bscan_switch/state_reg[1]/D
                            (rising edge-triggered cell FDRE clocked by dbg_hub/inst/BSCANID.u_xsdbm_id/SWITCH_N_EXT_BSCAN.bscan_inst/SERIES7_BSCAN.bscan_inst/INTERNAL_TCK  {rise@0.000ns fall@25.000ns period=50.000ns})
  Path Group:             dbg_hub/inst/BSCANID.u_xsdbm_id/SWITCH_N_EXT_BSCAN.bscan_inst/SERIES7_BSCAN.bscan_inst/INTERNAL_TCK
  Path Type:              Hold (Min at Slow Process Corner)
  Requirement:            0.000ns  (dbg_hub/inst/BSCANID.u_xsdbm_id/SWITCH_N_EXT_BSCAN.bscan_inst/SERIES7_BSCAN.bscan_inst/INTERNAL_TCK rise@0.000ns - dbg_hub/inst/BSCANID.u_xsdbm_id/SWITCH_N_EXT_BSCAN.bscan_inst/SERIES7_BSCAN.bscan_inst/INTERNAL_TCK rise@0.000ns)
  Data Path Delay:        0.208ns  (logic 0.112ns (53.846%)  route 0.096ns (46.154%))
  Logic Levels:           0  
  Clock Path Skew:        0.060ns (DCD - SCD - CPR)
    Destination Clock Delay (DCD):    9.130ns
    Source Clock Delay      (SCD):    3.999ns
    Clock Pessimism Removal (CPR):    5.070ns
  Clock Net Delay (Source):      2.375ns (routing 1.340ns, distribution 1.035ns)
  Clock Net Delay (Destination): 2.655ns (routing 1.467ns, distribution 1.188ns)

    Location             Delay type                Incr(ns)  Path(ns)    Netlist Resource(s)
  -------------------------------------------------------------------    -------------------
                         (clock dbg_hub/inst/BSCANID.u_xsdbm_id/SWITCH_N_EXT_BSCAN.bscan_inst/SERIES7_BSCAN.bscan_inst/INTERNAL_TCK rise edge)
                                                      0.000     0.000 r  
    CONFIG_SITE_X0Y0     BSCANE2                      0.000     0.000 r  dbg_hub/inst/BSCANID.u_xsdbm_id/SWITCH_N_EXT_BSCAN.bscan_inst/SERIES7_BSCAN.bscan_inst/INTERNAL_TCK
    CONFIG_SITE_X0Y0     BSCANE2 (Prop_BSCAN1_CONFIG_SITE_INTERNAL_TCK_TCK)
                                                      0.465     0.465 r  dbg_hub/inst/BSCANID.u_xsdbm_id/SWITCH_N_EXT_BSCAN.bscan_inst/SERIES7_BSCAN.bscan_inst/TCK
                         net (fo=1, routed)           1.120     1.585    dbg_hub/inst/BSCANID.u_xsdbm_id/tck_bs
    BUFGCE_X0Y76         BUFGCE (Prop_BUFCE_BUFGCE_I_O)
                                                      0.039     1.624 r  dbg_hub/inst/BSCANID.u_xsdbm_id/SWITCH_N_EXT_BSCAN.u_bufg_icon_tck/O
    X2Y1 (CLOCK_ROOT)    net (fo=482, routed)         2.375     3.999    dbg_hub/inst/BSCANID.u_xsdbm_id/SWITCH_N_EXT_BSCAN.bscan_switch/s_bscan_tck
    SLICE_X51Y164        FDRE                                         r  dbg_hub/inst/BSCANID.u_xsdbm_id/SWITCH_N_EXT_BSCAN.bscan_switch/state_temp_reg[1]/C
  -------------------------------------------------------------------    -------------------
    SLICE_X51Y164        FDRE (Prop_HFF_SLICEL_C_Q)
                                                      0.112     4.111 r  dbg_hub/inst/BSCANID.u_xsdbm_id/SWITCH_N_EXT_BSCAN.bscan_switch/state_temp_reg[1]/Q
                         net (fo=2, routed)           0.096     4.207    dbg_hub/inst/BSCANID.u_xsdbm_id/SWITCH_N_EXT_BSCAN.bscan_switch/state_temp[1]
    SLICE_X51Y165        FDRE                                         r  dbg_hub/inst/BSCANID.u_xsdbm_id/SWITCH_N_EXT_BSCAN.bscan_switch/state_reg[1]/D
  -------------------------------------------------------------------    -------------------

                         (clock dbg_hub/inst/BSCANID.u_xsdbm_id/SWITCH_N_EXT_BSCAN.bscan_inst/SERIES7_BSCAN.bscan_inst/INTERNAL_TCK rise edge)
                                                      0.000     0.000 r  
    CONFIG_SITE_X0Y0     BSCANE2                      0.000     0.000 r  dbg_hub/inst/BSCANID.u_xsdbm_id/SWITCH_N_EXT_BSCAN.bscan_inst/SERIES7_BSCAN.bscan_inst/INTERNAL_TCK
    CONFIG_SITE_X0Y0     BSCANE2 (Prop_BSCAN1_CONFIG_SITE_INTERNAL_TCK_TCK)
                                                      4.800     4.800 r  dbg_hub/inst/BSCANID.u_xsdbm_id/SWITCH_N_EXT_BSCAN.bscan_inst/SERIES7_BSCAN.bscan_inst/TCK
                         net (fo=1, routed)           1.631     6.431    dbg_hub/inst/BSCANID.u_xsdbm_id/tck_bs
    BUFGCE_X0Y76         BUFGCE (Prop_BUFCE_BUFGCE_I_O)
                                                      0.044     6.475 r  dbg_hub/inst/BSCANID.u_xsdbm_id/SWITCH_N_EXT_BSCAN.u_bufg_icon_tck/O
    X2Y1 (CLOCK_ROOT)    net (fo=482, routed)         2.655     9.130    dbg_hub/inst/BSCANID.u_xsdbm_id/SWITCH_N_EXT_BSCAN.bscan_switch/s_bscan_tck
    SLICE_X51Y165        FDRE                                         r  dbg_hub/inst/BSCANID.u_xsdbm_id/SWITCH_N_EXT_BSCAN.bscan_switch/state_reg[1]/C
                         clock pessimism             -5.070     4.059    
    SLICE_X51Y165        FDRE (Hold_EFF2_SLICEL_C_D)
                                                      0.102     4.161    dbg_hub/inst/BSCANID.u_xsdbm_id/SWITCH_N_EXT_BSCAN.bscan_switch/state_reg[1]
  -------------------------------------------------------------------
                         required time                         -4.161    
                         arrival time                           4.207    
  -------------------------------------------------------------------
                         slack                                  0.046    

Slack (MET) :             0.050ns  (arrival time - required time)
  Source:                 dbg_hub/inst/BSCANID.u_xsdbm_id/CORE_XSDB.UUT_MASTER/U_ICON_INTERFACE/U_CMD4/icn_cmd_din_temp_reg/C
                            (rising edge-triggered cell FDRE clocked by dbg_hub/inst/BSCANID.u_xsdbm_id/SWITCH_N_EXT_BSCAN.bscan_inst/SERIES7_BSCAN.bscan_inst/INTERNAL_TCK  {rise@0.000ns fall@25.000ns period=50.000ns})
  Destination:            dbg_hub/inst/BSCANID.u_xsdbm_id/CORE_XSDB.UUT_MASTER/U_ICON_INTERFACE/U_CMD4/shift_reg_in_reg[27]/D
                            (rising edge-triggered cell FDRE clocked by dbg_hub/inst/BSCANID.u_xsdbm_id/SWITCH_N_EXT_BSCAN.bscan_inst/SERIES7_BSCAN.bscan_inst/INTERNAL_TCK  {rise@0.000ns fall@25.000ns period=50.000ns})
  Path Group:             dbg_hub/inst/BSCANID.u_xsdbm_id/SWITCH_N_EXT_BSCAN.bscan_inst/SERIES7_BSCAN.bscan_inst/INTERNAL_TCK
  Path Type:              Hold (Min at Slow Process Corner)
  Requirement:            0.000ns  (dbg_hub/inst/BSCANID.u_xsdbm_id/SWITCH_N_EXT_BSCAN.bscan_inst/SERIES7_BSCAN.bscan_inst/INTERNAL_TCK rise@0.000ns - dbg_hub/inst/BSCANID.u_xsdbm_id/SWITCH_N_EXT_BSCAN.bscan_inst/SERIES7_BSCAN.bscan_inst/INTERNAL_TCK rise@0.000ns)
  Data Path Delay:        0.253ns  (logic 0.112ns (44.269%)  route 0.141ns (55.731%))
  Logic Levels:           0  
  Clock Path Skew:        0.102ns (DCD - SCD - CPR)
    Destination Clock Delay (DCD):    9.065ns
    Source Clock Delay      (SCD):    3.953ns
    Clock Pessimism Removal (CPR):    5.009ns
  Clock Net Delay (Source):      2.329ns (routing 1.340ns, distribution 0.989ns)
  Clock Net Delay (Destination): 2.590ns (routing 1.467ns, distribution 1.123ns)

    Location             Delay type                Incr(ns)  Path(ns)    Netlist Resource(s)
  -------------------------------------------------------------------    -------------------
                         (clock dbg_hub/inst/BSCANID.u_xsdbm_id/SWITCH_N_EXT_BSCAN.bscan_inst/SERIES7_BSCAN.bscan_inst/INTERNAL_TCK rise edge)
                                                      0.000     0.000 r  
    CONFIG_SITE_X0Y0     BSCANE2                      0.000     0.000 r  dbg_hub/inst/BSCANID.u_xsdbm_id/SWITCH_N_EXT_BSCAN.bscan_inst/SERIES7_BSCAN.bscan_inst/INTERNAL_TCK
    CONFIG_SITE_X0Y0     BSCANE2 (Prop_BSCAN1_CONFIG_SITE_INTERNAL_TCK_TCK)
                                                      0.465     0.465 r  dbg_hub/inst/BSCANID.u_xsdbm_id/SWITCH_N_EXT_BSCAN.bscan_inst/SERIES7_BSCAN.bscan_inst/TCK
                         net (fo=1, routed)           1.120     1.585    dbg_hub/inst/BSCANID.u_xsdbm_id/tck_bs
    BUFGCE_X0Y76         BUFGCE (Prop_BUFCE_BUFGCE_I_O)
                                                      0.039     1.624 r  dbg_hub/inst/BSCANID.u_xsdbm_id/SWITCH_N_EXT_BSCAN.u_bufg_icon_tck/O
    X2Y1 (CLOCK_ROOT)    net (fo=482, routed)         2.329     3.953    dbg_hub/inst/BSCANID.u_xsdbm_id/CORE_XSDB.UUT_MASTER/U_ICON_INTERFACE/U_CMD4/m_bscan_tck[0]
    SLICE_X57Y74         FDRE                                         r  dbg_hub/inst/BSCANID.u_xsdbm_id/CORE_XSDB.UUT_MASTER/U_ICON_INTERFACE/U_CMD4/icn_cmd_din_temp_reg/C
  -------------------------------------------------------------------    -------------------
    SLICE_X57Y74         FDRE (Prop_EFF_SLICEL_C_Q)
                                                      0.112     4.065 r  dbg_hub/inst/BSCANID.u_xsdbm_id/CORE_XSDB.UUT_MASTER/U_ICON_INTERFACE/U_CMD4/icn_cmd_din_temp_reg/Q
                         net (fo=1, routed)           0.141     4.206    dbg_hub/inst/BSCANID.u_xsdbm_id/CORE_XSDB.UUT_MASTER/U_ICON_INTERFACE/U_CMD4/icn_cmd_din_temp
    SLICE_X59Y72         FDRE                                         r  dbg_hub/inst/BSCANID.u_xsdbm_id/CORE_XSDB.UUT_MASTER/U_ICON_INTERFACE/U_CMD4/shift_reg_in_reg[27]/D
  -------------------------------------------------------------------    -------------------

                         (clock dbg_hub/inst/BSCANID.u_xsdbm_id/SWITCH_N_EXT_BSCAN.bscan_inst/SERIES7_BSCAN.bscan_inst/INTERNAL_TCK rise edge)
                                                      0.000     0.000 r  
    CONFIG_SITE_X0Y0     BSCANE2                      0.000     0.000 r  dbg_hub/inst/BSCANID.u_xsdbm_id/SWITCH_N_EXT_BSCAN.bscan_inst/SERIES7_BSCAN.bscan_inst/INTERNAL_TCK
    CONFIG_SITE_X0Y0     BSCANE2 (Prop_BSCAN1_CONFIG_SITE_INTERNAL_TCK_TCK)
                                                      4.800     4.800 r  dbg_hub/inst/BSCANID.u_xsdbm_id/SWITCH_N_EXT_BSCAN.bscan_inst/SERIES7_BSCAN.bscan_inst/TCK
                         net (fo=1, routed)           1.631     6.431    dbg_hub/inst/BSCANID.u_xsdbm_id/tck_bs
    BUFGCE_X0Y76         BUFGCE (Prop_BUFCE_BUFGCE_I_O)
                                                      0.044     6.475 r  dbg_hub/inst/BSCANID.u_xsdbm_id/SWITCH_N_EXT_BSCAN.u_bufg_icon_tck/O
    X2Y1 (CLOCK_ROOT)    net (fo=482, routed)         2.590     9.065    dbg_hub/inst/BSCANID.u_xsdbm_id/CORE_XSDB.UUT_MASTER/U_ICON_INTERFACE/U_CMD4/m_bscan_tck[0]
    SLICE_X59Y72         FDRE                                         r  dbg_hub/inst/BSCANID.u_xsdbm_id/CORE_XSDB.UUT_MASTER/U_ICON_INTERFACE/U_CMD4/shift_reg_in_reg[27]/C
                         clock pessimism             -5.009     4.055    
    SLICE_X59Y72         FDRE (Hold_HFF_SLICEL_C_D)
                                                      0.101     4.156    dbg_hub/inst/BSCANID.u_xsdbm_id/CORE_XSDB.UUT_MASTER/U_ICON_INTERFACE/U_CMD4/shift_reg_in_reg[27]
  -------------------------------------------------------------------
                         required time                         -4.156    
                         arrival time                           4.206    
  -------------------------------------------------------------------
                         slack                                  0.050    

Slack (MET) :             0.050ns  (arrival time - required time)
  Source:                 dbg_hub/inst/BSCANID.u_xsdbm_id/CORE_XSDB.U_ICON/iTDI_reg_reg/C
                            (rising edge-triggered cell FDRE clocked by dbg_hub/inst/BSCANID.u_xsdbm_id/SWITCH_N_EXT_BSCAN.bscan_inst/SERIES7_BSCAN.bscan_inst/INTERNAL_TCK  {rise@0.000ns fall@25.000ns period=50.000ns})
  Destination:            dbg_hub/inst/BSCANID.u_xsdbm_id/CORE_XSDB.UUT_MASTER/U_ICON_INTERFACE/icn_cmd_din_reg/D
                            (rising edge-triggered cell FDRE clocked by dbg_hub/inst/BSCANID.u_xsdbm_id/SWITCH_N_EXT_BSCAN.bscan_inst/SERIES7_BSCAN.bscan_inst/INTERNAL_TCK  {rise@0.000ns fall@25.000ns period=50.000ns})
  Path Group:             dbg_hub/inst/BSCANID.u_xsdbm_id/SWITCH_N_EXT_BSCAN.bscan_inst/SERIES7_BSCAN.bscan_inst/INTERNAL_TCK
  Path Type:              Hold (Min at Slow Process Corner)
  Requirement:            0.000ns  (dbg_hub/inst/BSCANID.u_xsdbm_id/SWITCH_N_EXT_BSCAN.bscan_inst/SERIES7_BSCAN.bscan_inst/INTERNAL_TCK rise@0.000ns - dbg_hub/inst/BSCANID.u_xsdbm_id/SWITCH_N_EXT_BSCAN.bscan_inst/SERIES7_BSCAN.bscan_inst/INTERNAL_TCK rise@0.000ns)
  Data Path Delay:        0.264ns  (logic 0.112ns (42.376%)  route 0.152ns (57.624%))
  Logic Levels:           0  
  Clock Path Skew:        0.113ns (DCD - SCD - CPR)
    Destination Clock Delay (DCD):    9.047ns
    Source Clock Delay      (SCD):    3.924ns
    Clock Pessimism Removal (CPR):    5.010ns
  Clock Net Delay (Source):      2.300ns (routing 1.340ns, distribution 0.960ns)
  Clock Net Delay (Destination): 2.572ns (routing 1.467ns, distribution 1.105ns)

    Location             Delay type                Incr(ns)  Path(ns)    Netlist Resource(s)
  -------------------------------------------------------------------    -------------------
                         (clock dbg_hub/inst/BSCANID.u_xsdbm_id/SWITCH_N_EXT_BSCAN.bscan_inst/SERIES7_BSCAN.bscan_inst/INTERNAL_TCK rise edge)
                                                      0.000     0.000 r  
    CONFIG_SITE_X0Y0     BSCANE2                      0.000     0.000 r  dbg_hub/inst/BSCANID.u_xsdbm_id/SWITCH_N_EXT_BSCAN.bscan_inst/SERIES7_BSCAN.bscan_inst/INTERNAL_TCK
    CONFIG_SITE_X0Y0     BSCANE2 (Prop_BSCAN1_CONFIG_SITE_INTERNAL_TCK_TCK)
                                                      0.465     0.465 r  dbg_hub/inst/BSCANID.u_xsdbm_id/SWITCH_N_EXT_BSCAN.bscan_inst/SERIES7_BSCAN.bscan_inst/TCK
                         net (fo=1, routed)           1.120     1.585    dbg_hub/inst/BSCANID.u_xsdbm_id/tck_bs
    BUFGCE_X0Y76         BUFGCE (Prop_BUFCE_BUFGCE_I_O)
                                                      0.039     1.624 r  dbg_hub/inst/BSCANID.u_xsdbm_id/SWITCH_N_EXT_BSCAN.u_bufg_icon_tck/O
    X2Y1 (CLOCK_ROOT)    net (fo=482, routed)         2.300     3.924    dbg_hub/inst/BSCANID.u_xsdbm_id/CORE_XSDB.U_ICON/m_bscan_tck[0]
    SLICE_X57Y90         FDRE                                         r  dbg_hub/inst/BSCANID.u_xsdbm_id/CORE_XSDB.U_ICON/iTDI_reg_reg/C
  -------------------------------------------------------------------    -------------------
    SLICE_X57Y90         FDRE (Prop_AFF_SLICEL_C_Q)
                                                      0.112     4.036 r  dbg_hub/inst/BSCANID.u_xsdbm_id/CORE_XSDB.U_ICON/iTDI_reg_reg/Q
                         net (fo=4, routed)           0.152     4.188    dbg_hub/inst/BSCANID.u_xsdbm_id/CORE_XSDB.UUT_MASTER/U_ICON_INTERFACE/icn_cmd_din_reg_0[0]
    SLICE_X57Y89         FDRE                                         r  dbg_hub/inst/BSCANID.u_xsdbm_id/CORE_XSDB.UUT_MASTER/U_ICON_INTERFACE/icn_cmd_din_reg/D
  -------------------------------------------------------------------    -------------------

                         (clock dbg_hub/inst/BSCANID.u_xsdbm_id/SWITCH_N_EXT_BSCAN.bscan_inst/SERIES7_BSCAN.bscan_inst/INTERNAL_TCK rise edge)
                                                      0.000     0.000 r  
    CONFIG_SITE_X0Y0     BSCANE2                      0.000     0.000 r  dbg_hub/inst/BSCANID.u_xsdbm_id/SWITCH_N_EXT_BSCAN.bscan_inst/SERIES7_BSCAN.bscan_inst/INTERNAL_TCK
    CONFIG_SITE_X0Y0     BSCANE2 (Prop_BSCAN1_CONFIG_SITE_INTERNAL_TCK_TCK)
                                                      4.800     4.800 r  dbg_hub/inst/BSCANID.u_xsdbm_id/SWITCH_N_EXT_BSCAN.bscan_inst/SERIES7_BSCAN.bscan_inst/TCK
                         net (fo=1, routed)           1.631     6.431    dbg_hub/inst/BSCANID.u_xsdbm_id/tck_bs
    BUFGCE_X0Y76         BUFGCE (Prop_BUFCE_BUFGCE_I_O)
                                                      0.044     6.475 r  dbg_hub/inst/BSCANID.u_xsdbm_id/SWITCH_N_EXT_BSCAN.u_bufg_icon_tck/O
    X2Y1 (CLOCK_ROOT)    net (fo=482, routed)         2.572     9.047    dbg_hub/inst/BSCANID.u_xsdbm_id/CORE_XSDB.UUT_MASTER/U_ICON_INTERFACE/m_bscan_tck[0]
    SLICE_X57Y89         FDRE                                         r  dbg_hub/inst/BSCANID.u_xsdbm_id/CORE_XSDB.UUT_MASTER/U_ICON_INTERFACE/icn_cmd_din_reg/C
                         clock pessimism             -5.010     4.037    
    SLICE_X57Y89         FDRE (Hold_EFF_SLICEL_C_D)
                                                      0.101     4.138    dbg_hub/inst/BSCANID.u_xsdbm_id/CORE_XSDB.UUT_MASTER/U_ICON_INTERFACE/icn_cmd_din_reg
  -------------------------------------------------------------------
                         required time                         -4.138    
                         arrival time                           4.188    
  -------------------------------------------------------------------
                         slack                                  0.050    

Slack (MET) :             0.053ns  (arrival time - required time)
  Source:                 dbg_hub/inst/BSCANID.u_xsdbm_id/CORE_XSDB.UUT_MASTER/U_ICON_INTERFACE/U_CMD6_WR/shift_reg_in_reg[8]/C
                            (rising edge-triggered cell FDCE clocked by dbg_hub/inst/BSCANID.u_xsdbm_id/SWITCH_N_EXT_BSCAN.bscan_inst/SERIES7_BSCAN.bscan_inst/INTERNAL_TCK  {rise@0.000ns fall@25.000ns period=50.000ns})
  Destination:            dbg_hub/inst/BSCANID.u_xsdbm_id/CORE_XSDB.UUT_MASTER/U_ICON_INTERFACE/U_CMD6_WR/U_WR_FIFO/SUBCORE_FIFO.xsdbm_v3_0_0_wrfifo_inst/inst_fifo_gen/gconvfifo.rf/grf.rf/gntv_or_sync_fifo.mem/gdm.dm_gen.dm/RAM_reg_0_15_0_13/RAMD_D1/I
                            (rising edge-triggered cell RAMD32 clocked by dbg_hub/inst/BSCANID.u_xsdbm_id/SWITCH_N_EXT_BSCAN.bscan_inst/SERIES7_BSCAN.bscan_inst/INTERNAL_TCK  {rise@0.000ns fall@25.000ns period=50.000ns})
  Path Group:             dbg_hub/inst/BSCANID.u_xsdbm_id/SWITCH_N_EXT_BSCAN.bscan_inst/SERIES7_BSCAN.bscan_inst/INTERNAL_TCK
  Path Type:              Hold (Min at Fast Process Corner)
  Requirement:            0.000ns  (dbg_hub/inst/BSCANID.u_xsdbm_id/SWITCH_N_EXT_BSCAN.bscan_inst/SERIES7_BSCAN.bscan_inst/INTERNAL_TCK rise@0.000ns - dbg_hub/inst/BSCANID.u_xsdbm_id/SWITCH_N_EXT_BSCAN.bscan_inst/SERIES7_BSCAN.bscan_inst/INTERNAL_TCK rise@0.000ns)
  Data Path Delay:        0.153ns  (logic 0.083ns (54.199%)  route 0.070ns (45.801%))
  Logic Levels:           0  
  Clock Path Skew:        0.051ns (DCD - SCD - CPR)
    Destination Clock Delay (DCD):    7.627ns
    Source Clock Delay      (SCD):    2.625ns
    Clock Pessimism Removal (CPR):    4.951ns
  Clock Net Delay (Source):      1.409ns (routing 0.805ns, distribution 0.604ns)
  Clock Net Delay (Destination): 1.576ns (routing 0.880ns, distribution 0.696ns)

    Location             Delay type                Incr(ns)  Path(ns)    Netlist Resource(s)
  -------------------------------------------------------------------    -------------------
                         (clock dbg_hub/inst/BSCANID.u_xsdbm_id/SWITCH_N_EXT_BSCAN.bscan_inst/SERIES7_BSCAN.bscan_inst/INTERNAL_TCK rise edge)
                                                      0.000     0.000 r  
    CONFIG_SITE_X0Y0     BSCANE2                      0.000     0.000 r  dbg_hub/inst/BSCANID.u_xsdbm_id/SWITCH_N_EXT_BSCAN.bscan_inst/SERIES7_BSCAN.bscan_inst/INTERNAL_TCK
    CONFIG_SITE_X0Y0     BSCANE2 (Prop_BSCAN1_CONFIG_SITE_INTERNAL_TCK_TCK)
                                                      0.465     0.465 r  dbg_hub/inst/BSCANID.u_xsdbm_id/SWITCH_N_EXT_BSCAN.bscan_inst/SERIES7_BSCAN.bscan_inst/TCK
                         net (fo=1, routed)           0.728     1.193    dbg_hub/inst/BSCANID.u_xsdbm_id/tck_bs
    BUFGCE_X0Y76         BUFGCE (Prop_BUFCE_BUFGCE_I_O)
                                                      0.023     1.216 r  dbg_hub/inst/BSCANID.u_xsdbm_id/SWITCH_N_EXT_BSCAN.u_bufg_icon_tck/O
    X2Y1 (CLOCK_ROOT)    net (fo=482, routed)         1.409     2.625    dbg_hub/inst/BSCANID.u_xsdbm_id/CORE_XSDB.UUT_MASTER/U_ICON_INTERFACE/U_CMD6_WR/m_bscan_tck[0]
    SLICE_X58Y86         FDCE                                         r  dbg_hub/inst/BSCANID.u_xsdbm_id/CORE_XSDB.UUT_MASTER/U_ICON_INTERFACE/U_CMD6_WR/shift_reg_in_reg[8]/C
  -------------------------------------------------------------------    -------------------
    SLICE_X58Y86         FDCE (Prop_DFF_SLICEM_C_Q)
                                                      0.083     2.708 r  dbg_hub/inst/BSCANID.u_xsdbm_id/CORE_XSDB.UUT_MASTER/U_ICON_INTERFACE/U_CMD6_WR/shift_reg_in_reg[8]/Q
                         net (fo=2, routed)           0.070     2.778    dbg_hub/inst/BSCANID.u_xsdbm_id/CORE_XSDB.UUT_MASTER/U_ICON_INTERFACE/U_CMD6_WR/U_WR_FIFO/SUBCORE_FIFO.xsdbm_v3_0_0_wrfifo_inst/inst_fifo_gen/gconvfifo.rf/grf.rf/gntv_or_sync_fifo.mem/gdm.dm_gen.dm/RAM_reg_0_15_0_13/DID1
    SLICE_X58Y85         RAMD32                                       r  dbg_hub/inst/BSCANID.u_xsdbm_id/CORE_XSDB.UUT_MASTER/U_ICON_INTERFACE/U_CMD6_WR/U_WR_FIFO/SUBCORE_FIFO.xsdbm_v3_0_0_wrfifo_inst/inst_fifo_gen/gconvfifo.rf/grf.rf/gntv_or_sync_fifo.mem/gdm.dm_gen.dm/RAM_reg_0_15_0_13/RAMD_D1/I
  -------------------------------------------------------------------    -------------------

                         (clock dbg_hub/inst/BSCANID.u_xsdbm_id/SWITCH_N_EXT_BSCAN.bscan_inst/SERIES7_BSCAN.bscan_inst/INTERNAL_TCK rise edge)
                                                      0.000     0.000 r  
    CONFIG_SITE_X0Y0     BSCANE2                      0.000     0.000 r  dbg_hub/inst/BSCANID.u_xsdbm_id/SWITCH_N_EXT_BSCAN.bscan_inst/SERIES7_BSCAN.bscan_inst/INTERNAL_TCK
    CONFIG_SITE_X0Y0     BSCANE2 (Prop_BSCAN1_CONFIG_SITE_INTERNAL_TCK_TCK)
                                                      4.800     4.800 r  dbg_hub/inst/BSCANID.u_xsdbm_id/SWITCH_N_EXT_BSCAN.bscan_inst/SERIES7_BSCAN.bscan_inst/TCK
                         net (fo=1, routed)           1.225     6.025    dbg_hub/inst/BSCANID.u_xsdbm_id/tck_bs
    BUFGCE_X0Y76         BUFGCE (Prop_BUFCE_BUFGCE_I_O)
                                                      0.026     6.051 r  dbg_hub/inst/BSCANID.u_xsdbm_id/SWITCH_N_EXT_BSCAN.u_bufg_icon_tck/O
    X2Y1 (CLOCK_ROOT)    net (fo=482, routed)         1.576     7.627    dbg_hub/inst/BSCANID.u_xsdbm_id/CORE_XSDB.UUT_MASTER/U_ICON_INTERFACE/U_CMD6_WR/U_WR_FIFO/SUBCORE_FIFO.xsdbm_v3_0_0_wrfifo_inst/inst_fifo_gen/gconvfifo.rf/grf.rf/gntv_or_sync_fifo.mem/gdm.dm_gen.dm/RAM_reg_0_15_0_13/WCLK
    SLICE_X58Y85         RAMD32                                       r  dbg_hub/inst/BSCANID.u_xsdbm_id/CORE_XSDB.UUT_MASTER/U_ICON_INTERFACE/U_CMD6_WR/U_WR_FIFO/SUBCORE_FIFO.xsdbm_v3_0_0_wrfifo_inst/inst_fifo_gen/gconvfifo.rf/grf.rf/gntv_or_sync_fifo.mem/gdm.dm_gen.dm/RAM_reg_0_15_0_13/RAMD_D1/CLK
                         clock pessimism             -4.951     2.676    
    SLICE_X58Y85         RAMD32 (Hold_D6LUT_SLICEM_CLK_I)
                                                      0.049     2.725    dbg_hub/inst/BSCANID.u_xsdbm_id/CORE_XSDB.UUT_MASTER/U_ICON_INTERFACE/U_CMD6_WR/U_WR_FIFO/SUBCORE_FIFO.xsdbm_v3_0_0_wrfifo_inst/inst_fifo_gen/gconvfifo.rf/grf.rf/gntv_or_sync_fifo.mem/gdm.dm_gen.dm/RAM_reg_0_15_0_13/RAMD_D1
  -------------------------------------------------------------------
                         required time                         -2.725    
                         arrival time                           2.778    
  -------------------------------------------------------------------
                         slack                                  0.053    

Slack (MET) :             0.054ns  (arrival time - required time)
  Source:                 dbg_hub/inst/BSCANID.u_xsdbm_id/CORE_XSDB.UUT_MASTER/U_ICON_INTERFACE/U_CMD6_RD/U_RD_FIFO/SUBCORE_FIFO.xsdbm_v3_0_0_rdfifo_inst/inst_fifo_gen/gconvfifo.rf/grf.rf/gntv_or_sync_fifo.mem/goreg_dm.dout_i_reg[12]/C
                            (rising edge-triggered cell FDRE clocked by dbg_hub/inst/BSCANID.u_xsdbm_id/SWITCH_N_EXT_BSCAN.bscan_inst/SERIES7_BSCAN.bscan_inst/INTERNAL_TCK  {rise@0.000ns fall@25.000ns period=50.000ns})
  Destination:            dbg_hub/inst/BSCANID.u_xsdbm_id/CORE_XSDB.UUT_MASTER/U_ICON_INTERFACE/U_CMD6_RD/shift_reg_in_reg[11]/D
                            (rising edge-triggered cell FDCE clocked by dbg_hub/inst/BSCANID.u_xsdbm_id/SWITCH_N_EXT_BSCAN.bscan_inst/SERIES7_BSCAN.bscan_inst/INTERNAL_TCK  {rise@0.000ns fall@25.000ns period=50.000ns})
  Path Group:             dbg_hub/inst/BSCANID.u_xsdbm_id/SWITCH_N_EXT_BSCAN.bscan_inst/SERIES7_BSCAN.bscan_inst/INTERNAL_TCK
  Path Type:              Hold (Min at Slow Process Corner)
  Requirement:            0.000ns  (dbg_hub/inst/BSCANID.u_xsdbm_id/SWITCH_N_EXT_BSCAN.bscan_inst/SERIES7_BSCAN.bscan_inst/INTERNAL_TCK rise@0.000ns - dbg_hub/inst/BSCANID.u_xsdbm_id/SWITCH_N_EXT_BSCAN.bscan_inst/SERIES7_BSCAN.bscan_inst/INTERNAL_TCK rise@0.000ns)
  Data Path Delay:        0.264ns  (logic 0.163ns (61.742%)  route 0.101ns (38.258%))
  Logic Levels:           1  (LUT5=1)
  Clock Path Skew:        0.109ns (DCD - SCD - CPR)
    Destination Clock Delay (DCD):    9.068ns
    Source Clock Delay      (SCD):    3.949ns
    Clock Pessimism Removal (CPR):    5.009ns
  Clock Net Delay (Source):      2.325ns (routing 1.340ns, distribution 0.985ns)
  Clock Net Delay (Destination): 2.593ns (routing 1.467ns, distribution 1.126ns)

    Location             Delay type                Incr(ns)  Path(ns)    Netlist Resource(s)
  -------------------------------------------------------------------    -------------------
                         (clock dbg_hub/inst/BSCANID.u_xsdbm_id/SWITCH_N_EXT_BSCAN.bscan_inst/SERIES7_BSCAN.bscan_inst/INTERNAL_TCK rise edge)
                                                      0.000     0.000 r  
    CONFIG_SITE_X0Y0     BSCANE2                      0.000     0.000 r  dbg_hub/inst/BSCANID.u_xsdbm_id/SWITCH_N_EXT_BSCAN.bscan_inst/SERIES7_BSCAN.bscan_inst/INTERNAL_TCK
    CONFIG_SITE_X0Y0     BSCANE2 (Prop_BSCAN1_CONFIG_SITE_INTERNAL_TCK_TCK)
                                                      0.465     0.465 r  dbg_hub/inst/BSCANID.u_xsdbm_id/SWITCH_N_EXT_BSCAN.bscan_inst/SERIES7_BSCAN.bscan_inst/TCK
                         net (fo=1, routed)           1.120     1.585    dbg_hub/inst/BSCANID.u_xsdbm_id/tck_bs
    BUFGCE_X0Y76         BUFGCE (Prop_BUFCE_BUFGCE_I_O)
                                                      0.039     1.624 r  dbg_hub/inst/BSCANID.u_xsdbm_id/SWITCH_N_EXT_BSCAN.u_bufg_icon_tck/O
    X2Y1 (CLOCK_ROOT)    net (fo=482, routed)         2.325     3.949    dbg_hub/inst/BSCANID.u_xsdbm_id/CORE_XSDB.UUT_MASTER/U_ICON_INTERFACE/U_CMD6_RD/U_RD_FIFO/SUBCORE_FIFO.xsdbm_v3_0_0_rdfifo_inst/inst_fifo_gen/gconvfifo.rf/grf.rf/gntv_or_sync_fifo.mem/rd_clk
    SLICE_X55Y79         FDRE                                         r  dbg_hub/inst/BSCANID.u_xsdbm_id/CORE_XSDB.UUT_MASTER/U_ICON_INTERFACE/U_CMD6_RD/U_RD_FIFO/SUBCORE_FIFO.xsdbm_v3_0_0_rdfifo_inst/inst_fifo_gen/gconvfifo.rf/grf.rf/gntv_or_sync_fifo.mem/goreg_dm.dout_i_reg[12]/C
  -------------------------------------------------------------------    -------------------
    SLICE_X55Y79         FDRE (Prop_GFF_SLICEL_C_Q)
                                                      0.112     4.061 r  dbg_hub/inst/BSCANID.u_xsdbm_id/CORE_XSDB.UUT_MASTER/U_ICON_INTERFACE/U_CMD6_RD/U_RD_FIFO/SUBCORE_FIFO.xsdbm_v3_0_0_rdfifo_inst/inst_fifo_gen/gconvfifo.rf/grf.rf/gntv_or_sync_fifo.mem/goreg_dm.dout_i_reg[12]/Q
                         net (fo=1, routed)           0.072     4.133    dbg_hub/inst/BSCANID.u_xsdbm_id/CORE_XSDB.UUT_MASTER/U_ICON_INTERFACE/U_CMD6_RD/U_RD_FIFO/fifo_dout[12]
    SLICE_X57Y79         LUT5 (Prop_D6LUT_SLICEL_I3_O)
                                                      0.051     4.184 r  dbg_hub/inst/BSCANID.u_xsdbm_id/CORE_XSDB.UUT_MASTER/U_ICON_INTERFACE/U_CMD6_RD/U_RD_FIFO/shift_reg_in[11]_i_1/O
                         net (fo=1, routed)           0.029     4.213    dbg_hub/inst/BSCANID.u_xsdbm_id/CORE_XSDB.UUT_MASTER/U_ICON_INTERFACE/U_CMD6_RD/U_RD_FIFO_n_4
    SLICE_X57Y79         FDCE                                         r  dbg_hub/inst/BSCANID.u_xsdbm_id/CORE_XSDB.UUT_MASTER/U_ICON_INTERFACE/U_CMD6_RD/shift_reg_in_reg[11]/D
  -------------------------------------------------------------------    -------------------

                         (clock dbg_hub/inst/BSCANID.u_xsdbm_id/SWITCH_N_EXT_BSCAN.bscan_inst/SERIES7_BSCAN.bscan_inst/INTERNAL_TCK rise edge)
                                                      0.000     0.000 r  
    CONFIG_SITE_X0Y0     BSCANE2                      0.000     0.000 r  dbg_hub/inst/BSCANID.u_xsdbm_id/SWITCH_N_EXT_BSCAN.bscan_inst/SERIES7_BSCAN.bscan_inst/INTERNAL_TCK
    CONFIG_SITE_X0Y0     BSCANE2 (Prop_BSCAN1_CONFIG_SITE_INTERNAL_TCK_TCK)
                                                      4.800     4.800 r  dbg_hub/inst/BSCANID.u_xsdbm_id/SWITCH_N_EXT_BSCAN.bscan_inst/SERIES7_BSCAN.bscan_inst/TCK
                         net (fo=1, routed)           1.631     6.431    dbg_hub/inst/BSCANID.u_xsdbm_id/tck_bs
    BUFGCE_X0Y76         BUFGCE (Prop_BUFCE_BUFGCE_I_O)
                                                      0.044     6.475 r  dbg_hub/inst/BSCANID.u_xsdbm_id/SWITCH_N_EXT_BSCAN.u_bufg_icon_tck/O
    X2Y1 (CLOCK_ROOT)    net (fo=482, routed)         2.593     9.068    dbg_hub/inst/BSCANID.u_xsdbm_id/CORE_XSDB.UUT_MASTER/U_ICON_INTERFACE/U_CMD6_RD/m_bscan_tck[0]
    SLICE_X57Y79         FDCE                                         r  dbg_hub/inst/BSCANID.u_xsdbm_id/CORE_XSDB.UUT_MASTER/U_ICON_INTERFACE/U_CMD6_RD/shift_reg_in_reg[11]/C
                         clock pessimism             -5.009     4.058    
    SLICE_X57Y79         FDCE (Hold_DFF_SLICEL_C_D)
                                                      0.101     4.159    dbg_hub/inst/BSCANID.u_xsdbm_id/CORE_XSDB.UUT_MASTER/U_ICON_INTERFACE/U_CMD6_RD/shift_reg_in_reg[11]
  -------------------------------------------------------------------
                         required time                         -4.159    
                         arrival time                           4.213    
  -------------------------------------------------------------------
                         slack                                  0.054    

Slack (MET) :             0.054ns  (arrival time - required time)
  Source:                 dbg_hub/inst/BSCANID.u_xsdbm_id/CORE_XSDB.UUT_MASTER/U_ICON_INTERFACE/U_CMD6_WR/U_WR_FIFO/SUBCORE_FIFO.xsdbm_v3_0_0_wrfifo_inst/inst_fifo_gen/gconvfifo.rf/grf.rf/rstblk/ngwrdrst.grst.g7serrst.wr_rst_asreg_reg/C
                            (rising edge-triggered cell FDPE clocked by dbg_hub/inst/BSCANID.u_xsdbm_id/SWITCH_N_EXT_BSCAN.bscan_inst/SERIES7_BSCAN.bscan_inst/INTERNAL_TCK  {rise@0.000ns fall@25.000ns period=50.000ns})
  Destination:            dbg_hub/inst/BSCANID.u_xsdbm_id/CORE_XSDB.UUT_MASTER/U_ICON_INTERFACE/U_CMD6_WR/U_WR_FIFO/SUBCORE_FIFO.xsdbm_v3_0_0_wrfifo_inst/inst_fifo_gen/gconvfifo.rf/grf.rf/rstblk/ngwrdrst.grst.g7serrst.gwrrd_rst_sync_stage[1].wrst_inst/Q_reg_reg[0]/D
                            (rising edge-triggered cell FDRE clocked by dbg_hub/inst/BSCANID.u_xsdbm_id/SWITCH_N_EXT_BSCAN.bscan_inst/SERIES7_BSCAN.bscan_inst/INTERNAL_TCK  {rise@0.000ns fall@25.000ns period=50.000ns})
  Path Group:             dbg_hub/inst/BSCANID.u_xsdbm_id/SWITCH_N_EXT_BSCAN.bscan_inst/SERIES7_BSCAN.bscan_inst/INTERNAL_TCK
  Path Type:              Hold (Min at Slow Process Corner)
  Requirement:            0.000ns  (dbg_hub/inst/BSCANID.u_xsdbm_id/SWITCH_N_EXT_BSCAN.bscan_inst/SERIES7_BSCAN.bscan_inst/INTERNAL_TCK rise@0.000ns - dbg_hub/inst/BSCANID.u_xsdbm_id/SWITCH_N_EXT_BSCAN.bscan_inst/SERIES7_BSCAN.bscan_inst/INTERNAL_TCK rise@0.000ns)
  Data Path Delay:        0.212ns  (logic 0.115ns (54.131%)  route 0.097ns (45.869%))
  Logic Levels:           0  
  Clock Path Skew:        0.056ns (DCD - SCD - CPR)
    Destination Clock Delay (DCD):    9.072ns
    Source Clock Delay      (SCD):    3.948ns
    Clock Pessimism Removal (CPR):    5.068ns
  Clock Net Delay (Source):      2.324ns (routing 1.340ns, distribution 0.984ns)
  Clock Net Delay (Destination): 2.597ns (routing 1.467ns, distribution 1.130ns)

    Location             Delay type                Incr(ns)  Path(ns)    Netlist Resource(s)
  -------------------------------------------------------------------    -------------------
                         (clock dbg_hub/inst/BSCANID.u_xsdbm_id/SWITCH_N_EXT_BSCAN.bscan_inst/SERIES7_BSCAN.bscan_inst/INTERNAL_TCK rise edge)
                                                      0.000     0.000 r  
    CONFIG_SITE_X0Y0     BSCANE2                      0.000     0.000 r  dbg_hub/inst/BSCANID.u_xsdbm_id/SWITCH_N_EXT_BSCAN.bscan_inst/SERIES7_BSCAN.bscan_inst/INTERNAL_TCK
    CONFIG_SITE_X0Y0     BSCANE2 (Prop_BSCAN1_CONFIG_SITE_INTERNAL_TCK_TCK)
                                                      0.465     0.465 r  dbg_hub/inst/BSCANID.u_xsdbm_id/SWITCH_N_EXT_BSCAN.bscan_inst/SERIES7_BSCAN.bscan_inst/TCK
                         net (fo=1, routed)           1.120     1.585    dbg_hub/inst/BSCANID.u_xsdbm_id/tck_bs
    BUFGCE_X0Y76         BUFGCE (Prop_BUFCE_BUFGCE_I_O)
                                                      0.039     1.624 r  dbg_hub/inst/BSCANID.u_xsdbm_id/SWITCH_N_EXT_BSCAN.u_bufg_icon_tck/O
    X2Y1 (CLOCK_ROOT)    net (fo=482, routed)         2.324     3.948    dbg_hub/inst/BSCANID.u_xsdbm_id/CORE_XSDB.UUT_MASTER/U_ICON_INTERFACE/U_CMD6_WR/U_WR_FIFO/SUBCORE_FIFO.xsdbm_v3_0_0_wrfifo_inst/inst_fifo_gen/gconvfifo.rf/grf.rf/rstblk/wr_clk
    SLICE_X58Y82         FDPE                                         r  dbg_hub/inst/BSCANID.u_xsdbm_id/CORE_XSDB.UUT_MASTER/U_ICON_INTERFACE/U_CMD6_WR/U_WR_FIFO/SUBCORE_FIFO.xsdbm_v3_0_0_wrfifo_inst/inst_fifo_gen/gconvfifo.rf/grf.rf/rstblk/ngwrdrst.grst.g7serrst.wr_rst_asreg_reg/C
  -------------------------------------------------------------------    -------------------
    SLICE_X58Y82         FDPE (Prop_DFF2_SLICEM_C_Q)
                                                      0.115     4.063 r  dbg_hub/inst/BSCANID.u_xsdbm_id/CORE_XSDB.UUT_MASTER/U_ICON_INTERFACE/U_CMD6_WR/U_WR_FIFO/SUBCORE_FIFO.xsdbm_v3_0_0_wrfifo_inst/inst_fifo_gen/gconvfifo.rf/grf.rf/rstblk/ngwrdrst.grst.g7serrst.wr_rst_asreg_reg/Q
                         net (fo=3, routed)           0.097     4.161    dbg_hub/inst/BSCANID.u_xsdbm_id/CORE_XSDB.UUT_MASTER/U_ICON_INTERFACE/U_CMD6_WR/U_WR_FIFO/SUBCORE_FIFO.xsdbm_v3_0_0_wrfifo_inst/inst_fifo_gen/gconvfifo.rf/grf.rf/rstblk/ngwrdrst.grst.g7serrst.gwrrd_rst_sync_stage[1].wrst_inst/in0[0]
    SLICE_X58Y81         FDRE                                         r  dbg_hub/inst/BSCANID.u_xsdbm_id/CORE_XSDB.UUT_MASTER/U_ICON_INTERFACE/U_CMD6_WR/U_WR_FIFO/SUBCORE_FIFO.xsdbm_v3_0_0_wrfifo_inst/inst_fifo_gen/gconvfifo.rf/grf.rf/rstblk/ngwrdrst.grst.g7serrst.gwrrd_rst_sync_stage[1].wrst_inst/Q_reg_reg[0]/D
  -------------------------------------------------------------------    -------------------

                         (clock dbg_hub/inst/BSCANID.u_xsdbm_id/SWITCH_N_EXT_BSCAN.bscan_inst/SERIES7_BSCAN.bscan_inst/INTERNAL_TCK rise edge)
                                                      0.000     0.000 r  
    CONFIG_SITE_X0Y0     BSCANE2                      0.000     0.000 r  dbg_hub/inst/BSCANID.u_xsdbm_id/SWITCH_N_EXT_BSCAN.bscan_inst/SERIES7_BSCAN.bscan_inst/INTERNAL_TCK
    CONFIG_SITE_X0Y0     BSCANE2 (Prop_BSCAN1_CONFIG_SITE_INTERNAL_TCK_TCK)
                                                      4.800     4.800 r  dbg_hub/inst/BSCANID.u_xsdbm_id/SWITCH_N_EXT_BSCAN.bscan_inst/SERIES7_BSCAN.bscan_inst/TCK
                         net (fo=1, routed)           1.631     6.431    dbg_hub/inst/BSCANID.u_xsdbm_id/tck_bs
    BUFGCE_X0Y76         BUFGCE (Prop_BUFCE_BUFGCE_I_O)
                                                      0.044     6.475 r  dbg_hub/inst/BSCANID.u_xsdbm_id/SWITCH_N_EXT_BSCAN.u_bufg_icon_tck/O
    X2Y1 (CLOCK_ROOT)    net (fo=482, routed)         2.597     9.072    dbg_hub/inst/BSCANID.u_xsdbm_id/CORE_XSDB.UUT_MASTER/U_ICON_INTERFACE/U_CMD6_WR/U_WR_FIFO/SUBCORE_FIFO.xsdbm_v3_0_0_wrfifo_inst/inst_fifo_gen/gconvfifo.rf/grf.rf/rstblk/ngwrdrst.grst.g7serrst.gwrrd_rst_sync_stage[1].wrst_inst/wr_clk
    SLICE_X58Y81         FDRE                                         r  dbg_hub/inst/BSCANID.u_xsdbm_id/CORE_XSDB.UUT_MASTER/U_ICON_INTERFACE/U_CMD6_WR/U_WR_FIFO/SUBCORE_FIFO.xsdbm_v3_0_0_wrfifo_inst/inst_fifo_gen/gconvfifo.rf/grf.rf/rstblk/ngwrdrst.grst.g7serrst.gwrrd_rst_sync_stage[1].wrst_inst/Q_reg_reg[0]/C
                         clock pessimism             -5.068     4.004    
    SLICE_X58Y81         FDRE (Hold_HFF2_SLICEM_C_D)
                                                      0.103     4.107    dbg_hub/inst/BSCANID.u_xsdbm_id/CORE_XSDB.UUT_MASTER/U_ICON_INTERFACE/U_CMD6_WR/U_WR_FIFO/SUBCORE_FIFO.xsdbm_v3_0_0_wrfifo_inst/inst_fifo_gen/gconvfifo.rf/grf.rf/rstblk/ngwrdrst.grst.g7serrst.gwrrd_rst_sync_stage[1].wrst_inst/Q_reg_reg[0]
  -------------------------------------------------------------------
                         required time                         -4.107    
                         arrival time                           4.161    
  -------------------------------------------------------------------
                         slack                                  0.054    





Pulse Width Checks
--------------------------------------------------------------------------------------
Clock Name:         dbg_hub/inst/BSCANID.u_xsdbm_id/SWITCH_N_EXT_BSCAN.bscan_inst/SERIES7_BSCAN.bscan_inst/INTERNAL_TCK
Waveform(ns):       { 0.000 25.000 }
Period(ns):         50.000
Sources:            { dbg_hub/inst/BSCANID.u_xsdbm_id/SWITCH_N_EXT_BSCAN.bscan_inst/SERIES7_BSCAN.bscan_inst/INTERNAL_TCK }

Check Type        Corner  Lib Pin     Reference Pin  Required(ns)  Actual(ns)  Slack(ns)  Location      Pin
Min Period        n/a     RAMD32/CLK  n/a            1.524         50.000      48.476     SLICE_X58Y85  dbg_hub/inst/BSCANID.u_xsdbm_id/CORE_XSDB.UUT_MASTER/U_ICON_INTERFACE/U_CMD6_WR/U_WR_FIFO/SUBCORE_FIFO.xsdbm_v3_0_0_wrfifo_inst/inst_fifo_gen/gconvfifo.rf/grf.rf/gntv_or_sync_fifo.mem/gdm.dm_gen.dm/RAM_reg_0_15_0_13/RAMA/CLK
Min Period        n/a     RAMD32/CLK  n/a            1.524         50.000      48.476     SLICE_X58Y85  dbg_hub/inst/BSCANID.u_xsdbm_id/CORE_XSDB.UUT_MASTER/U_ICON_INTERFACE/U_CMD6_WR/U_WR_FIFO/SUBCORE_FIFO.xsdbm_v3_0_0_wrfifo_inst/inst_fifo_gen/gconvfifo.rf/grf.rf/gntv_or_sync_fifo.mem/gdm.dm_gen.dm/RAM_reg_0_15_0_13/RAMA_D1/CLK
Min Period        n/a     RAMD32/CLK  n/a            1.524         50.000      48.476     SLICE_X58Y85  dbg_hub/inst/BSCANID.u_xsdbm_id/CORE_XSDB.UUT_MASTER/U_ICON_INTERFACE/U_CMD6_WR/U_WR_FIFO/SUBCORE_FIFO.xsdbm_v3_0_0_wrfifo_inst/inst_fifo_gen/gconvfifo.rf/grf.rf/gntv_or_sync_fifo.mem/gdm.dm_gen.dm/RAM_reg_0_15_0_13/RAMB/CLK
Min Period        n/a     RAMD32/CLK  n/a            1.524         50.000      48.476     SLICE_X58Y85  dbg_hub/inst/BSCANID.u_xsdbm_id/CORE_XSDB.UUT_MASTER/U_ICON_INTERFACE/U_CMD6_WR/U_WR_FIFO/SUBCORE_FIFO.xsdbm_v3_0_0_wrfifo_inst/inst_fifo_gen/gconvfifo.rf/grf.rf/gntv_or_sync_fifo.mem/gdm.dm_gen.dm/RAM_reg_0_15_0_13/RAMB_D1/CLK
Min Period        n/a     RAMD32/CLK  n/a            1.524         50.000      48.476     SLICE_X58Y85  dbg_hub/inst/BSCANID.u_xsdbm_id/CORE_XSDB.UUT_MASTER/U_ICON_INTERFACE/U_CMD6_WR/U_WR_FIFO/SUBCORE_FIFO.xsdbm_v3_0_0_wrfifo_inst/inst_fifo_gen/gconvfifo.rf/grf.rf/gntv_or_sync_fifo.mem/gdm.dm_gen.dm/RAM_reg_0_15_0_13/RAMC/CLK
Min Period        n/a     RAMD32/CLK  n/a            1.524         50.000      48.476     SLICE_X58Y85  dbg_hub/inst/BSCANID.u_xsdbm_id/CORE_XSDB.UUT_MASTER/U_ICON_INTERFACE/U_CMD6_WR/U_WR_FIFO/SUBCORE_FIFO.xsdbm_v3_0_0_wrfifo_inst/inst_fifo_gen/gconvfifo.rf/grf.rf/gntv_or_sync_fifo.mem/gdm.dm_gen.dm/RAM_reg_0_15_0_13/RAMC_D1/CLK
Min Period        n/a     RAMD32/CLK  n/a            1.524         50.000      48.476     SLICE_X58Y85  dbg_hub/inst/BSCANID.u_xsdbm_id/CORE_XSDB.UUT_MASTER/U_ICON_INTERFACE/U_CMD6_WR/U_WR_FIFO/SUBCORE_FIFO.xsdbm_v3_0_0_wrfifo_inst/inst_fifo_gen/gconvfifo.rf/grf.rf/gntv_or_sync_fifo.mem/gdm.dm_gen.dm/RAM_reg_0_15_0_13/RAMD/CLK
Min Period        n/a     RAMD32/CLK  n/a            1.524         50.000      48.476     SLICE_X58Y85  dbg_hub/inst/BSCANID.u_xsdbm_id/CORE_XSDB.UUT_MASTER/U_ICON_INTERFACE/U_CMD6_WR/U_WR_FIFO/SUBCORE_FIFO.xsdbm_v3_0_0_wrfifo_inst/inst_fifo_gen/gconvfifo.rf/grf.rf/gntv_or_sync_fifo.mem/gdm.dm_gen.dm/RAM_reg_0_15_0_13/RAMD_D1/CLK
Min Period        n/a     RAMD32/CLK  n/a            1.524         50.000      48.476     SLICE_X58Y85  dbg_hub/inst/BSCANID.u_xsdbm_id/CORE_XSDB.UUT_MASTER/U_ICON_INTERFACE/U_CMD6_WR/U_WR_FIFO/SUBCORE_FIFO.xsdbm_v3_0_0_wrfifo_inst/inst_fifo_gen/gconvfifo.rf/grf.rf/gntv_or_sync_fifo.mem/gdm.dm_gen.dm/RAM_reg_0_15_0_13/RAME/CLK
Min Period        n/a     RAMD32/CLK  n/a            1.524         50.000      48.476     SLICE_X58Y85  dbg_hub/inst/BSCANID.u_xsdbm_id/CORE_XSDB.UUT_MASTER/U_ICON_INTERFACE/U_CMD6_WR/U_WR_FIFO/SUBCORE_FIFO.xsdbm_v3_0_0_wrfifo_inst/inst_fifo_gen/gconvfifo.rf/grf.rf/gntv_or_sync_fifo.mem/gdm.dm_gen.dm/RAM_reg_0_15_0_13/RAME_D1/CLK
Low Pulse Width   Slow    RAMD32/CLK  n/a            0.762         25.000      24.238     SLICE_X58Y85  dbg_hub/inst/BSCANID.u_xsdbm_id/CORE_XSDB.UUT_MASTER/U_ICON_INTERFACE/U_CMD6_WR/U_WR_FIFO/SUBCORE_FIFO.xsdbm_v3_0_0_wrfifo_inst/inst_fifo_gen/gconvfifo.rf/grf.rf/gntv_or_sync_fifo.mem/gdm.dm_gen.dm/RAM_reg_0_15_0_13/RAMA/CLK
Low Pulse Width   Fast    RAMD32/CLK  n/a            0.762         25.000      24.238     SLICE_X58Y85  dbg_hub/inst/BSCANID.u_xsdbm_id/CORE_XSDB.UUT_MASTER/U_ICON_INTERFACE/U_CMD6_WR/U_WR_FIFO/SUBCORE_FIFO.xsdbm_v3_0_0_wrfifo_inst/inst_fifo_gen/gconvfifo.rf/grf.rf/gntv_or_sync_fifo.mem/gdm.dm_gen.dm/RAM_reg_0_15_0_13/RAMA/CLK
Low Pulse Width   Slow    RAMD32/CLK  n/a            0.762         25.000      24.238     SLICE_X58Y85  dbg_hub/inst/BSCANID.u_xsdbm_id/CORE_XSDB.UUT_MASTER/U_ICON_INTERFACE/U_CMD6_WR/U_WR_FIFO/SUBCORE_FIFO.xsdbm_v3_0_0_wrfifo_inst/inst_fifo_gen/gconvfifo.rf/grf.rf/gntv_or_sync_fifo.mem/gdm.dm_gen.dm/RAM_reg_0_15_0_13/RAMA_D1/CLK
Low Pulse Width   Fast    RAMD32/CLK  n/a            0.762         25.000      24.238     SLICE_X58Y85  dbg_hub/inst/BSCANID.u_xsdbm_id/CORE_XSDB.UUT_MASTER/U_ICON_INTERFACE/U_CMD6_WR/U_WR_FIFO/SUBCORE_FIFO.xsdbm_v3_0_0_wrfifo_inst/inst_fifo_gen/gconvfifo.rf/grf.rf/gntv_or_sync_fifo.mem/gdm.dm_gen.dm/RAM_reg_0_15_0_13/RAMA_D1/CLK
Low Pulse Width   Slow    RAMD32/CLK  n/a            0.762         25.000      24.238     SLICE_X58Y85  dbg_hub/inst/BSCANID.u_xsdbm_id/CORE_XSDB.UUT_MASTER/U_ICON_INTERFACE/U_CMD6_WR/U_WR_FIFO/SUBCORE_FIFO.xsdbm_v3_0_0_wrfifo_inst/inst_fifo_gen/gconvfifo.rf/grf.rf/gntv_or_sync_fifo.mem/gdm.dm_gen.dm/RAM_reg_0_15_0_13/RAMB/CLK
Low Pulse Width   Fast    RAMD32/CLK  n/a            0.762         25.000      24.238     SLICE_X58Y85  dbg_hub/inst/BSCANID.u_xsdbm_id/CORE_XSDB.UUT_MASTER/U_ICON_INTERFACE/U_CMD6_WR/U_WR_FIFO/SUBCORE_FIFO.xsdbm_v3_0_0_wrfifo_inst/inst_fifo_gen/gconvfifo.rf/grf.rf/gntv_or_sync_fifo.mem/gdm.dm_gen.dm/RAM_reg_0_15_0_13/RAMB/CLK
Low Pulse Width   Slow    RAMD32/CLK  n/a            0.762         25.000      24.238     SLICE_X58Y85  dbg_hub/inst/BSCANID.u_xsdbm_id/CORE_XSDB.UUT_MASTER/U_ICON_INTERFACE/U_CMD6_WR/U_WR_FIFO/SUBCORE_FIFO.xsdbm_v3_0_0_wrfifo_inst/inst_fifo_gen/gconvfifo.rf/grf.rf/gntv_or_sync_fifo.mem/gdm.dm_gen.dm/RAM_reg_0_15_0_13/RAMB_D1/CLK
Low Pulse Width   Fast    RAMD32/CLK  n/a            0.762         25.000      24.238     SLICE_X58Y85  dbg_hub/inst/BSCANID.u_xsdbm_id/CORE_XSDB.UUT_MASTER/U_ICON_INTERFACE/U_CMD6_WR/U_WR_FIFO/SUBCORE_FIFO.xsdbm_v3_0_0_wrfifo_inst/inst_fifo_gen/gconvfifo.rf/grf.rf/gntv_or_sync_fifo.mem/gdm.dm_gen.dm/RAM_reg_0_15_0_13/RAMB_D1/CLK
Low Pulse Width   Slow    RAMD32/CLK  n/a            0.762         25.000      24.238     SLICE_X58Y85  dbg_hub/inst/BSCANID.u_xsdbm_id/CORE_XSDB.UUT_MASTER/U_ICON_INTERFACE/U_CMD6_WR/U_WR_FIFO/SUBCORE_FIFO.xsdbm_v3_0_0_wrfifo_inst/inst_fifo_gen/gconvfifo.rf/grf.rf/gntv_or_sync_fifo.mem/gdm.dm_gen.dm/RAM_reg_0_15_0_13/RAMC/CLK
Low Pulse Width   Fast    RAMD32/CLK  n/a            0.762         25.000      24.238     SLICE_X58Y85  dbg_hub/inst/BSCANID.u_xsdbm_id/CORE_XSDB.UUT_MASTER/U_ICON_INTERFACE/U_CMD6_WR/U_WR_FIFO/SUBCORE_FIFO.xsdbm_v3_0_0_wrfifo_inst/inst_fifo_gen/gconvfifo.rf/grf.rf/gntv_or_sync_fifo.mem/gdm.dm_gen.dm/RAM_reg_0_15_0_13/RAMC/CLK
High Pulse Width  Slow    RAMD32/CLK  n/a            0.762         25.000      24.238     SLICE_X58Y85  dbg_hub/inst/BSCANID.u_xsdbm_id/CORE_XSDB.UUT_MASTER/U_ICON_INTERFACE/U_CMD6_WR/U_WR_FIFO/SUBCORE_FIFO.xsdbm_v3_0_0_wrfifo_inst/inst_fifo_gen/gconvfifo.rf/grf.rf/gntv_or_sync_fifo.mem/gdm.dm_gen.dm/RAM_reg_0_15_0_13/RAMA/CLK
High Pulse Width  Fast    RAMD32/CLK  n/a            0.762         25.000      24.238     SLICE_X58Y85  dbg_hub/inst/BSCANID.u_xsdbm_id/CORE_XSDB.UUT_MASTER/U_ICON_INTERFACE/U_CMD6_WR/U_WR_FIFO/SUBCORE_FIFO.xsdbm_v3_0_0_wrfifo_inst/inst_fifo_gen/gconvfifo.rf/grf.rf/gntv_or_sync_fifo.mem/gdm.dm_gen.dm/RAM_reg_0_15_0_13/RAMA/CLK
High Pulse Width  Slow    RAMD32/CLK  n/a            0.762         25.000      24.238     SLICE_X58Y85  dbg_hub/inst/BSCANID.u_xsdbm_id/CORE_XSDB.UUT_MASTER/U_ICON_INTERFACE/U_CMD6_WR/U_WR_FIFO/SUBCORE_FIFO.xsdbm_v3_0_0_wrfifo_inst/inst_fifo_gen/gconvfifo.rf/grf.rf/gntv_or_sync_fifo.mem/gdm.dm_gen.dm/RAM_reg_0_15_0_13/RAMA_D1/CLK
High Pulse Width  Fast    RAMD32/CLK  n/a            0.762         25.000      24.238     SLICE_X58Y85  dbg_hub/inst/BSCANID.u_xsdbm_id/CORE_XSDB.UUT_MASTER/U_ICON_INTERFACE/U_CMD6_WR/U_WR_FIFO/SUBCORE_FIFO.xsdbm_v3_0_0_wrfifo_inst/inst_fifo_gen/gconvfifo.rf/grf.rf/gntv_or_sync_fifo.mem/gdm.dm_gen.dm/RAM_reg_0_15_0_13/RAMA_D1/CLK
High Pulse Width  Slow    RAMD32/CLK  n/a            0.762         25.000      24.238     SLICE_X58Y85  dbg_hub/inst/BSCANID.u_xsdbm_id/CORE_XSDB.UUT_MASTER/U_ICON_INTERFACE/U_CMD6_WR/U_WR_FIFO/SUBCORE_FIFO.xsdbm_v3_0_0_wrfifo_inst/inst_fifo_gen/gconvfifo.rf/grf.rf/gntv_or_sync_fifo.mem/gdm.dm_gen.dm/RAM_reg_0_15_0_13/RAMB/CLK
High Pulse Width  Fast    RAMD32/CLK  n/a            0.762         25.000      24.238     SLICE_X58Y85  dbg_hub/inst/BSCANID.u_xsdbm_id/CORE_XSDB.UUT_MASTER/U_ICON_INTERFACE/U_CMD6_WR/U_WR_FIFO/SUBCORE_FIFO.xsdbm_v3_0_0_wrfifo_inst/inst_fifo_gen/gconvfifo.rf/grf.rf/gntv_or_sync_fifo.mem/gdm.dm_gen.dm/RAM_reg_0_15_0_13/RAMB/CLK
High Pulse Width  Slow    RAMD32/CLK  n/a            0.762         25.000      24.238     SLICE_X58Y85  dbg_hub/inst/BSCANID.u_xsdbm_id/CORE_XSDB.UUT_MASTER/U_ICON_INTERFACE/U_CMD6_WR/U_WR_FIFO/SUBCORE_FIFO.xsdbm_v3_0_0_wrfifo_inst/inst_fifo_gen/gconvfifo.rf/grf.rf/gntv_or_sync_fifo.mem/gdm.dm_gen.dm/RAM_reg_0_15_0_13/RAMB_D1/CLK
High Pulse Width  Fast    RAMD32/CLK  n/a            0.762         25.000      24.238     SLICE_X58Y85  dbg_hub/inst/BSCANID.u_xsdbm_id/CORE_XSDB.UUT_MASTER/U_ICON_INTERFACE/U_CMD6_WR/U_WR_FIFO/SUBCORE_FIFO.xsdbm_v3_0_0_wrfifo_inst/inst_fifo_gen/gconvfifo.rf/grf.rf/gntv_or_sync_fifo.mem/gdm.dm_gen.dm/RAM_reg_0_15_0_13/RAMB_D1/CLK
High Pulse Width  Slow    RAMD32/CLK  n/a            0.762         25.000      24.238     SLICE_X58Y85  dbg_hub/inst/BSCANID.u_xsdbm_id/CORE_XSDB.UUT_MASTER/U_ICON_INTERFACE/U_CMD6_WR/U_WR_FIFO/SUBCORE_FIFO.xsdbm_v3_0_0_wrfifo_inst/inst_fifo_gen/gconvfifo.rf/grf.rf/gntv_or_sync_fifo.mem/gdm.dm_gen.dm/RAM_reg_0_15_0_13/RAMC/CLK
High Pulse Width  Fast    RAMD32/CLK  n/a            0.762         25.000      24.238     SLICE_X58Y85  dbg_hub/inst/BSCANID.u_xsdbm_id/CORE_XSDB.UUT_MASTER/U_ICON_INTERFACE/U_CMD6_WR/U_WR_FIFO/SUBCORE_FIFO.xsdbm_v3_0_0_wrfifo_inst/inst_fifo_gen/gconvfifo.rf/grf.rf/gntv_or_sync_fifo.mem/gdm.dm_gen.dm/RAM_reg_0_15_0_13/RAMC/CLK



---------------------------------------------------------------------------------------------------
From Clock:  dbg_hub/inst/BSCANID.u_xsdbm_id/SWITCH_N_EXT_BSCAN.bscan_inst/SERIES7_BSCAN.bscan_inst/INTERNAL_TCK
  To Clock:  clk_pl_0

Setup :            0  Failing Endpoints,  Worst Slack       49.524ns,  Total Violation        0.000ns
Hold  :           NA  Failing Endpoints,  Worst Slack           NA  ,  Total Violation           NA
---------------------------------------------------------------------------------------------------


Max Delay Paths
--------------------------------------------------------------------------------------
Slack (MET) :             49.524ns  (required time - arrival time)
  Source:                 dbg_hub/inst/BSCANID.u_xsdbm_id/CORE_XSDB.UUT_MASTER/U_ICON_INTERFACE/U_CMD6_WR/U_WR_FIFO/SUBCORE_FIFO.xsdbm_v3_0_0_wrfifo_inst/inst_fifo_gen/gconvfifo.rf/grf.rf/gntv_or_sync_fifo.gcx.clkx/gnxpm_cdc.wr_pntr_gc_reg[3]/C
                            (rising edge-triggered cell FDCE clocked by dbg_hub/inst/BSCANID.u_xsdbm_id/SWITCH_N_EXT_BSCAN.bscan_inst/SERIES7_BSCAN.bscan_inst/INTERNAL_TCK  {rise@0.000ns fall@25.000ns period=50.000ns})
  Destination:            dbg_hub/inst/BSCANID.u_xsdbm_id/CORE_XSDB.UUT_MASTER/U_ICON_INTERFACE/U_CMD6_WR/U_WR_FIFO/SUBCORE_FIFO.xsdbm_v3_0_0_wrfifo_inst/inst_fifo_gen/gconvfifo.rf/grf.rf/gntv_or_sync_fifo.gcx.clkx/gnxpm_cdc.gsync_stage[1].rd_stg_inst/Q_reg_reg[3]/D
                            (rising edge-triggered cell FDCE clocked by clk_pl_0  {rise@0.000ns fall@5.156ns period=10.312ns})
  Path Group:             clk_pl_0
  Path Type:              Setup (Max at Slow Process Corner)
  Requirement:            50.000ns  (MaxDelay Path 50.000ns)
  Data Path Delay:        0.522ns  (logic 0.114ns (21.839%)  route 0.408ns (78.161%))
  Logic Levels:           0  
  Timing Exception:       MaxDelay Path 50.000ns -datapath_only

    Location             Delay type                Incr(ns)  Path(ns)    Netlist Resource(s)
  -------------------------------------------------------------------    -------------------
    SLICE_X60Y85                                      0.000     0.000 r  dbg_hub/inst/BSCANID.u_xsdbm_id/CORE_XSDB.UUT_MASTER/U_ICON_INTERFACE/U_CMD6_WR/U_WR_FIFO/SUBCORE_FIFO.xsdbm_v3_0_0_wrfifo_inst/inst_fifo_gen/gconvfifo.rf/grf.rf/gntv_or_sync_fifo.gcx.clkx/gnxpm_cdc.wr_pntr_gc_reg[3]/C
    SLICE_X60Y85         FDCE (Prop_EFF_SLICEL_C_Q)
                                                      0.114     0.114 r  dbg_hub/inst/BSCANID.u_xsdbm_id/CORE_XSDB.UUT_MASTER/U_ICON_INTERFACE/U_CMD6_WR/U_WR_FIFO/SUBCORE_FIFO.xsdbm_v3_0_0_wrfifo_inst/inst_fifo_gen/gconvfifo.rf/grf.rf/gntv_or_sync_fifo.gcx.clkx/gnxpm_cdc.wr_pntr_gc_reg[3]/Q
                         net (fo=1, routed)           0.408     0.522    dbg_hub/inst/BSCANID.u_xsdbm_id/CORE_XSDB.UUT_MASTER/U_ICON_INTERFACE/U_CMD6_WR/U_WR_FIFO/SUBCORE_FIFO.xsdbm_v3_0_0_wrfifo_inst/inst_fifo_gen/gconvfifo.rf/grf.rf/gntv_or_sync_fifo.gcx.clkx/gnxpm_cdc.gsync_stage[1].rd_stg_inst/Q[3]
    SLICE_X59Y85         FDCE                                         r  dbg_hub/inst/BSCANID.u_xsdbm_id/CORE_XSDB.UUT_MASTER/U_ICON_INTERFACE/U_CMD6_WR/U_WR_FIFO/SUBCORE_FIFO.xsdbm_v3_0_0_wrfifo_inst/inst_fifo_gen/gconvfifo.rf/grf.rf/gntv_or_sync_fifo.gcx.clkx/gnxpm_cdc.gsync_stage[1].rd_stg_inst/Q_reg_reg[3]/D
  -------------------------------------------------------------------    -------------------

                         max delay                   50.000    50.000    
    SLICE_X59Y85         FDCE (Setup_BFF2_SLICEL_C_D)
                                                      0.046    50.046    dbg_hub/inst/BSCANID.u_xsdbm_id/CORE_XSDB.UUT_MASTER/U_ICON_INTERFACE/U_CMD6_WR/U_WR_FIFO/SUBCORE_FIFO.xsdbm_v3_0_0_wrfifo_inst/inst_fifo_gen/gconvfifo.rf/grf.rf/gntv_or_sync_fifo.gcx.clkx/gnxpm_cdc.gsync_stage[1].rd_stg_inst/Q_reg_reg[3]
  -------------------------------------------------------------------
                         required time                         50.046    
                         arrival time                          -0.522    
  -------------------------------------------------------------------
                         slack                                 49.524    

Slack (MET) :             49.585ns  (required time - arrival time)
  Source:                 dbg_hub/inst/BSCANID.u_xsdbm_id/CORE_XSDB.UUT_MASTER/U_ICON_INTERFACE/U_CMD6_WR/U_WR_FIFO/SUBCORE_FIFO.xsdbm_v3_0_0_wrfifo_inst/inst_fifo_gen/gconvfifo.rf/grf.rf/gntv_or_sync_fifo.gcx.clkx/gnxpm_cdc.wr_pntr_gc_reg[1]/C
                            (rising edge-triggered cell FDCE clocked by dbg_hub/inst/BSCANID.u_xsdbm_id/SWITCH_N_EXT_BSCAN.bscan_inst/SERIES7_BSCAN.bscan_inst/INTERNAL_TCK  {rise@0.000ns fall@25.000ns period=50.000ns})
  Destination:            dbg_hub/inst/BSCANID.u_xsdbm_id/CORE_XSDB.UUT_MASTER/U_ICON_INTERFACE/U_CMD6_WR/U_WR_FIFO/SUBCORE_FIFO.xsdbm_v3_0_0_wrfifo_inst/inst_fifo_gen/gconvfifo.rf/grf.rf/gntv_or_sync_fifo.gcx.clkx/gnxpm_cdc.gsync_stage[1].rd_stg_inst/Q_reg_reg[1]/D
                            (rising edge-triggered cell FDCE clocked by clk_pl_0  {rise@0.000ns fall@5.156ns period=10.312ns})
  Path Group:             clk_pl_0
  Path Type:              Setup (Max at Slow Process Corner)
  Requirement:            50.000ns  (MaxDelay Path 50.000ns)
  Data Path Delay:        0.461ns  (logic 0.115ns (24.946%)  route 0.346ns (75.054%))
  Logic Levels:           0  
  Timing Exception:       MaxDelay Path 50.000ns -datapath_only

    Location             Delay type                Incr(ns)  Path(ns)    Netlist Resource(s)
  -------------------------------------------------------------------    -------------------
    SLICE_X57Y85                                      0.000     0.000 r  dbg_hub/inst/BSCANID.u_xsdbm_id/CORE_XSDB.UUT_MASTER/U_ICON_INTERFACE/U_CMD6_WR/U_WR_FIFO/SUBCORE_FIFO.xsdbm_v3_0_0_wrfifo_inst/inst_fifo_gen/gconvfifo.rf/grf.rf/gntv_or_sync_fifo.gcx.clkx/gnxpm_cdc.wr_pntr_gc_reg[1]/C
    SLICE_X57Y85         FDCE (Prop_DFF2_SLICEL_C_Q)
                                                      0.115     0.115 r  dbg_hub/inst/BSCANID.u_xsdbm_id/CORE_XSDB.UUT_MASTER/U_ICON_INTERFACE/U_CMD6_WR/U_WR_FIFO/SUBCORE_FIFO.xsdbm_v3_0_0_wrfifo_inst/inst_fifo_gen/gconvfifo.rf/grf.rf/gntv_or_sync_fifo.gcx.clkx/gnxpm_cdc.wr_pntr_gc_reg[1]/Q
                         net (fo=1, routed)           0.346     0.461    dbg_hub/inst/BSCANID.u_xsdbm_id/CORE_XSDB.UUT_MASTER/U_ICON_INTERFACE/U_CMD6_WR/U_WR_FIFO/SUBCORE_FIFO.xsdbm_v3_0_0_wrfifo_inst/inst_fifo_gen/gconvfifo.rf/grf.rf/gntv_or_sync_fifo.gcx.clkx/gnxpm_cdc.gsync_stage[1].rd_stg_inst/Q[1]
    SLICE_X59Y85         FDCE                                         r  dbg_hub/inst/BSCANID.u_xsdbm_id/CORE_XSDB.UUT_MASTER/U_ICON_INTERFACE/U_CMD6_WR/U_WR_FIFO/SUBCORE_FIFO.xsdbm_v3_0_0_wrfifo_inst/inst_fifo_gen/gconvfifo.rf/grf.rf/gntv_or_sync_fifo.gcx.clkx/gnxpm_cdc.gsync_stage[1].rd_stg_inst/Q_reg_reg[1]/D
  -------------------------------------------------------------------    -------------------

                         max delay                   50.000    50.000    
    SLICE_X59Y85         FDCE (Setup_GFF2_SLICEL_C_D)
                                                      0.046    50.046    dbg_hub/inst/BSCANID.u_xsdbm_id/CORE_XSDB.UUT_MASTER/U_ICON_INTERFACE/U_CMD6_WR/U_WR_FIFO/SUBCORE_FIFO.xsdbm_v3_0_0_wrfifo_inst/inst_fifo_gen/gconvfifo.rf/grf.rf/gntv_or_sync_fifo.gcx.clkx/gnxpm_cdc.gsync_stage[1].rd_stg_inst/Q_reg_reg[1]
  -------------------------------------------------------------------
                         required time                         50.046    
                         arrival time                          -0.461    
  -------------------------------------------------------------------
                         slack                                 49.585    

Slack (MET) :             49.602ns  (required time - arrival time)
  Source:                 dbg_hub/inst/BSCANID.u_xsdbm_id/CORE_XSDB.UUT_MASTER/U_ICON_INTERFACE/U_CMD6_RD/U_RD_FIFO/SUBCORE_FIFO.xsdbm_v3_0_0_rdfifo_inst/inst_fifo_gen/gconvfifo.rf/grf.rf/gntv_or_sync_fifo.gcx.clkx/gnxpm_cdc.rd_pntr_gc_reg[0]/C
                            (rising edge-triggered cell FDCE clocked by dbg_hub/inst/BSCANID.u_xsdbm_id/SWITCH_N_EXT_BSCAN.bscan_inst/SERIES7_BSCAN.bscan_inst/INTERNAL_TCK  {rise@0.000ns fall@25.000ns period=50.000ns})
  Destination:            dbg_hub/inst/BSCANID.u_xsdbm_id/CORE_XSDB.UUT_MASTER/U_ICON_INTERFACE/U_CMD6_RD/U_RD_FIFO/SUBCORE_FIFO.xsdbm_v3_0_0_rdfifo_inst/inst_fifo_gen/gconvfifo.rf/grf.rf/gntv_or_sync_fifo.gcx.clkx/gnxpm_cdc.gsync_stage[1].wr_stg_inst/Q_reg_reg[0]/D
                            (rising edge-triggered cell FDCE clocked by clk_pl_0  {rise@0.000ns fall@5.156ns period=10.312ns})
  Path Group:             clk_pl_0
  Path Type:              Setup (Max at Slow Process Corner)
  Requirement:            50.000ns  (MaxDelay Path 50.000ns)
  Data Path Delay:        0.444ns  (logic 0.113ns (25.450%)  route 0.331ns (74.550%))
  Logic Levels:           0  
  Timing Exception:       MaxDelay Path 50.000ns -datapath_only

    Location             Delay type                Incr(ns)  Path(ns)    Netlist Resource(s)
  -------------------------------------------------------------------    -------------------
    SLICE_X54Y76                                      0.000     0.000 r  dbg_hub/inst/BSCANID.u_xsdbm_id/CORE_XSDB.UUT_MASTER/U_ICON_INTERFACE/U_CMD6_RD/U_RD_FIFO/SUBCORE_FIFO.xsdbm_v3_0_0_rdfifo_inst/inst_fifo_gen/gconvfifo.rf/grf.rf/gntv_or_sync_fifo.gcx.clkx/gnxpm_cdc.rd_pntr_gc_reg[0]/C
    SLICE_X54Y76         FDCE (Prop_AFF_SLICEM_C_Q)
                                                      0.113     0.113 r  dbg_hub/inst/BSCANID.u_xsdbm_id/CORE_XSDB.UUT_MASTER/U_ICON_INTERFACE/U_CMD6_RD/U_RD_FIFO/SUBCORE_FIFO.xsdbm_v3_0_0_rdfifo_inst/inst_fifo_gen/gconvfifo.rf/grf.rf/gntv_or_sync_fifo.gcx.clkx/gnxpm_cdc.rd_pntr_gc_reg[0]/Q
                         net (fo=1, routed)           0.331     0.444    dbg_hub/inst/BSCANID.u_xsdbm_id/CORE_XSDB.UUT_MASTER/U_ICON_INTERFACE/U_CMD6_RD/U_RD_FIFO/SUBCORE_FIFO.xsdbm_v3_0_0_rdfifo_inst/inst_fifo_gen/gconvfifo.rf/grf.rf/gntv_or_sync_fifo.gcx.clkx/gnxpm_cdc.gsync_stage[1].wr_stg_inst/Q[0]
    SLICE_X55Y77         FDCE                                         r  dbg_hub/inst/BSCANID.u_xsdbm_id/CORE_XSDB.UUT_MASTER/U_ICON_INTERFACE/U_CMD6_RD/U_RD_FIFO/SUBCORE_FIFO.xsdbm_v3_0_0_rdfifo_inst/inst_fifo_gen/gconvfifo.rf/grf.rf/gntv_or_sync_fifo.gcx.clkx/gnxpm_cdc.gsync_stage[1].wr_stg_inst/Q_reg_reg[0]/D
  -------------------------------------------------------------------    -------------------

                         max delay                   50.000    50.000    
    SLICE_X55Y77         FDCE (Setup_CFF2_SLICEL_C_D)
                                                      0.046    50.046    dbg_hub/inst/BSCANID.u_xsdbm_id/CORE_XSDB.UUT_MASTER/U_ICON_INTERFACE/U_CMD6_RD/U_RD_FIFO/SUBCORE_FIFO.xsdbm_v3_0_0_rdfifo_inst/inst_fifo_gen/gconvfifo.rf/grf.rf/gntv_or_sync_fifo.gcx.clkx/gnxpm_cdc.gsync_stage[1].wr_stg_inst/Q_reg_reg[0]
  -------------------------------------------------------------------
                         required time                         50.046    
                         arrival time                          -0.444    
  -------------------------------------------------------------------
                         slack                                 49.602    

Slack (MET) :             49.645ns  (required time - arrival time)
  Source:                 dbg_hub/inst/BSCANID.u_xsdbm_id/CORE_XSDB.UUT_MASTER/U_ICON_INTERFACE/U_CMD6_RD/U_RD_FIFO/SUBCORE_FIFO.xsdbm_v3_0_0_rdfifo_inst/inst_fifo_gen/gconvfifo.rf/grf.rf/gntv_or_sync_fifo.gcx.clkx/gnxpm_cdc.rd_pntr_gc_reg[2]/C
                            (rising edge-triggered cell FDCE clocked by dbg_hub/inst/BSCANID.u_xsdbm_id/SWITCH_N_EXT_BSCAN.bscan_inst/SERIES7_BSCAN.bscan_inst/INTERNAL_TCK  {rise@0.000ns fall@25.000ns period=50.000ns})
  Destination:            dbg_hub/inst/BSCANID.u_xsdbm_id/CORE_XSDB.UUT_MASTER/U_ICON_INTERFACE/U_CMD6_RD/U_RD_FIFO/SUBCORE_FIFO.xsdbm_v3_0_0_rdfifo_inst/inst_fifo_gen/gconvfifo.rf/grf.rf/gntv_or_sync_fifo.gcx.clkx/gnxpm_cdc.gsync_stage[1].wr_stg_inst/Q_reg_reg[2]/D
                            (rising edge-triggered cell FDCE clocked by clk_pl_0  {rise@0.000ns fall@5.156ns period=10.312ns})
  Path Group:             clk_pl_0
  Path Type:              Setup (Max at Slow Process Corner)
  Requirement:            50.000ns  (MaxDelay Path 50.000ns)
  Data Path Delay:        0.401ns  (logic 0.118ns (29.426%)  route 0.283ns (70.574%))
  Logic Levels:           0  
  Timing Exception:       MaxDelay Path 50.000ns -datapath_only

    Location             Delay type                Incr(ns)  Path(ns)    Netlist Resource(s)
  -------------------------------------------------------------------    -------------------
    SLICE_X54Y76                                      0.000     0.000 r  dbg_hub/inst/BSCANID.u_xsdbm_id/CORE_XSDB.UUT_MASTER/U_ICON_INTERFACE/U_CMD6_RD/U_RD_FIFO/SUBCORE_FIFO.xsdbm_v3_0_0_rdfifo_inst/inst_fifo_gen/gconvfifo.rf/grf.rf/gntv_or_sync_fifo.gcx.clkx/gnxpm_cdc.rd_pntr_gc_reg[2]/C
    SLICE_X54Y76         FDCE (Prop_AFF2_SLICEM_C_Q)
                                                      0.118     0.118 r  dbg_hub/inst/BSCANID.u_xsdbm_id/CORE_XSDB.UUT_MASTER/U_ICON_INTERFACE/U_CMD6_RD/U_RD_FIFO/SUBCORE_FIFO.xsdbm_v3_0_0_rdfifo_inst/inst_fifo_gen/gconvfifo.rf/grf.rf/gntv_or_sync_fifo.gcx.clkx/gnxpm_cdc.rd_pntr_gc_reg[2]/Q
                         net (fo=1, routed)           0.283     0.401    dbg_hub/inst/BSCANID.u_xsdbm_id/CORE_XSDB.UUT_MASTER/U_ICON_INTERFACE/U_CMD6_RD/U_RD_FIFO/SUBCORE_FIFO.xsdbm_v3_0_0_rdfifo_inst/inst_fifo_gen/gconvfifo.rf/grf.rf/gntv_or_sync_fifo.gcx.clkx/gnxpm_cdc.gsync_stage[1].wr_stg_inst/Q[2]
    SLICE_X56Y77         FDCE                                         r  dbg_hub/inst/BSCANID.u_xsdbm_id/CORE_XSDB.UUT_MASTER/U_ICON_INTERFACE/U_CMD6_RD/U_RD_FIFO/SUBCORE_FIFO.xsdbm_v3_0_0_rdfifo_inst/inst_fifo_gen/gconvfifo.rf/grf.rf/gntv_or_sync_fifo.gcx.clkx/gnxpm_cdc.gsync_stage[1].wr_stg_inst/Q_reg_reg[2]/D
  -------------------------------------------------------------------    -------------------

                         max delay                   50.000    50.000    
    SLICE_X56Y77         FDCE (Setup_BFF2_SLICEL_C_D)
                                                      0.046    50.046    dbg_hub/inst/BSCANID.u_xsdbm_id/CORE_XSDB.UUT_MASTER/U_ICON_INTERFACE/U_CMD6_RD/U_RD_FIFO/SUBCORE_FIFO.xsdbm_v3_0_0_rdfifo_inst/inst_fifo_gen/gconvfifo.rf/grf.rf/gntv_or_sync_fifo.gcx.clkx/gnxpm_cdc.gsync_stage[1].wr_stg_inst/Q_reg_reg[2]
  -------------------------------------------------------------------
                         required time                         50.046    
                         arrival time                          -0.401    
  -------------------------------------------------------------------
                         slack                                 49.645    

Slack (MET) :             49.657ns  (required time - arrival time)
  Source:                 dbg_hub/inst/BSCANID.u_xsdbm_id/CORE_XSDB.UUT_MASTER/U_ICON_INTERFACE/U_CMD6_RD/U_RD_FIFO/SUBCORE_FIFO.xsdbm_v3_0_0_rdfifo_inst/inst_fifo_gen/gconvfifo.rf/grf.rf/gntv_or_sync_fifo.gcx.clkx/gnxpm_cdc.rd_pntr_gc_reg[3]/C
                            (rising edge-triggered cell FDCE clocked by dbg_hub/inst/BSCANID.u_xsdbm_id/SWITCH_N_EXT_BSCAN.bscan_inst/SERIES7_BSCAN.bscan_inst/INTERNAL_TCK  {rise@0.000ns fall@25.000ns period=50.000ns})
  Destination:            dbg_hub/inst/BSCANID.u_xsdbm_id/CORE_XSDB.UUT_MASTER/U_ICON_INTERFACE/U_CMD6_RD/U_RD_FIFO/SUBCORE_FIFO.xsdbm_v3_0_0_rdfifo_inst/inst_fifo_gen/gconvfifo.rf/grf.rf/gntv_or_sync_fifo.gcx.clkx/gnxpm_cdc.gsync_stage[1].wr_stg_inst/Q_reg_reg[3]/D
                            (rising edge-triggered cell FDCE clocked by clk_pl_0  {rise@0.000ns fall@5.156ns period=10.312ns})
  Path Group:             clk_pl_0
  Path Type:              Setup (Max at Slow Process Corner)
  Requirement:            50.000ns  (MaxDelay Path 50.000ns)
  Data Path Delay:        0.389ns  (logic 0.112ns (28.792%)  route 0.277ns (71.208%))
  Logic Levels:           0  
  Timing Exception:       MaxDelay Path 50.000ns -datapath_only

    Location             Delay type                Incr(ns)  Path(ns)    Netlist Resource(s)
  -------------------------------------------------------------------    -------------------
    SLICE_X54Y76                                      0.000     0.000 r  dbg_hub/inst/BSCANID.u_xsdbm_id/CORE_XSDB.UUT_MASTER/U_ICON_INTERFACE/U_CMD6_RD/U_RD_FIFO/SUBCORE_FIFO.xsdbm_v3_0_0_rdfifo_inst/inst_fifo_gen/gconvfifo.rf/grf.rf/gntv_or_sync_fifo.gcx.clkx/gnxpm_cdc.rd_pntr_gc_reg[3]/C
    SLICE_X54Y76         FDCE (Prop_BFF_SLICEM_C_Q)
                                                      0.112     0.112 r  dbg_hub/inst/BSCANID.u_xsdbm_id/CORE_XSDB.UUT_MASTER/U_ICON_INTERFACE/U_CMD6_RD/U_RD_FIFO/SUBCORE_FIFO.xsdbm_v3_0_0_rdfifo_inst/inst_fifo_gen/gconvfifo.rf/grf.rf/gntv_or_sync_fifo.gcx.clkx/gnxpm_cdc.rd_pntr_gc_reg[3]/Q
                         net (fo=1, routed)           0.277     0.389    dbg_hub/inst/BSCANID.u_xsdbm_id/CORE_XSDB.UUT_MASTER/U_ICON_INTERFACE/U_CMD6_RD/U_RD_FIFO/SUBCORE_FIFO.xsdbm_v3_0_0_rdfifo_inst/inst_fifo_gen/gconvfifo.rf/grf.rf/gntv_or_sync_fifo.gcx.clkx/gnxpm_cdc.gsync_stage[1].wr_stg_inst/Q[3]
    SLICE_X54Y76         FDCE                                         r  dbg_hub/inst/BSCANID.u_xsdbm_id/CORE_XSDB.UUT_MASTER/U_ICON_INTERFACE/U_CMD6_RD/U_RD_FIFO/SUBCORE_FIFO.xsdbm_v3_0_0_rdfifo_inst/inst_fifo_gen/gconvfifo.rf/grf.rf/gntv_or_sync_fifo.gcx.clkx/gnxpm_cdc.gsync_stage[1].wr_stg_inst/Q_reg_reg[3]/D
  -------------------------------------------------------------------    -------------------

                         max delay                   50.000    50.000    
    SLICE_X54Y76         FDCE (Setup_HFF2_SLICEM_C_D)
                                                      0.046    50.046    dbg_hub/inst/BSCANID.u_xsdbm_id/CORE_XSDB.UUT_MASTER/U_ICON_INTERFACE/U_CMD6_RD/U_RD_FIFO/SUBCORE_FIFO.xsdbm_v3_0_0_rdfifo_inst/inst_fifo_gen/gconvfifo.rf/grf.rf/gntv_or_sync_fifo.gcx.clkx/gnxpm_cdc.gsync_stage[1].wr_stg_inst/Q_reg_reg[3]
  -------------------------------------------------------------------
                         required time                         50.046    
                         arrival time                          -0.389    
  -------------------------------------------------------------------
                         slack                                 49.657    

Slack (MET) :             49.658ns  (required time - arrival time)
  Source:                 dbg_hub/inst/BSCANID.u_xsdbm_id/CORE_XSDB.UUT_MASTER/U_ICON_INTERFACE/U_CMD6_WR/U_WR_FIFO/SUBCORE_FIFO.xsdbm_v3_0_0_wrfifo_inst/inst_fifo_gen/gconvfifo.rf/grf.rf/gntv_or_sync_fifo.gcx.clkx/gnxpm_cdc.wr_pntr_gc_reg[2]/C
                            (rising edge-triggered cell FDCE clocked by dbg_hub/inst/BSCANID.u_xsdbm_id/SWITCH_N_EXT_BSCAN.bscan_inst/SERIES7_BSCAN.bscan_inst/INTERNAL_TCK  {rise@0.000ns fall@25.000ns period=50.000ns})
  Destination:            dbg_hub/inst/BSCANID.u_xsdbm_id/CORE_XSDB.UUT_MASTER/U_ICON_INTERFACE/U_CMD6_WR/U_WR_FIFO/SUBCORE_FIFO.xsdbm_v3_0_0_wrfifo_inst/inst_fifo_gen/gconvfifo.rf/grf.rf/gntv_or_sync_fifo.gcx.clkx/gnxpm_cdc.gsync_stage[1].rd_stg_inst/Q_reg_reg[2]/D
                            (rising edge-triggered cell FDCE clocked by clk_pl_0  {rise@0.000ns fall@5.156ns period=10.312ns})
  Path Group:             clk_pl_0
  Path Type:              Setup (Max at Slow Process Corner)
  Requirement:            50.000ns  (MaxDelay Path 50.000ns)
  Data Path Delay:        0.388ns  (logic 0.114ns (29.381%)  route 0.274ns (70.619%))
  Logic Levels:           0  
  Timing Exception:       MaxDelay Path 50.000ns -datapath_only

    Location             Delay type                Incr(ns)  Path(ns)    Netlist Resource(s)
  -------------------------------------------------------------------    -------------------
    SLICE_X59Y86                                      0.000     0.000 r  dbg_hub/inst/BSCANID.u_xsdbm_id/CORE_XSDB.UUT_MASTER/U_ICON_INTERFACE/U_CMD6_WR/U_WR_FIFO/SUBCORE_FIFO.xsdbm_v3_0_0_wrfifo_inst/inst_fifo_gen/gconvfifo.rf/grf.rf/gntv_or_sync_fifo.gcx.clkx/gnxpm_cdc.wr_pntr_gc_reg[2]/C
    SLICE_X59Y86         FDCE (Prop_DFF_SLICEL_C_Q)
                                                      0.114     0.114 r  dbg_hub/inst/BSCANID.u_xsdbm_id/CORE_XSDB.UUT_MASTER/U_ICON_INTERFACE/U_CMD6_WR/U_WR_FIFO/SUBCORE_FIFO.xsdbm_v3_0_0_wrfifo_inst/inst_fifo_gen/gconvfifo.rf/grf.rf/gntv_or_sync_fifo.gcx.clkx/gnxpm_cdc.wr_pntr_gc_reg[2]/Q
                         net (fo=1, routed)           0.274     0.388    dbg_hub/inst/BSCANID.u_xsdbm_id/CORE_XSDB.UUT_MASTER/U_ICON_INTERFACE/U_CMD6_WR/U_WR_FIFO/SUBCORE_FIFO.xsdbm_v3_0_0_wrfifo_inst/inst_fifo_gen/gconvfifo.rf/grf.rf/gntv_or_sync_fifo.gcx.clkx/gnxpm_cdc.gsync_stage[1].rd_stg_inst/Q[2]
    SLICE_X59Y86         FDCE                                         r  dbg_hub/inst/BSCANID.u_xsdbm_id/CORE_XSDB.UUT_MASTER/U_ICON_INTERFACE/U_CMD6_WR/U_WR_FIFO/SUBCORE_FIFO.xsdbm_v3_0_0_wrfifo_inst/inst_fifo_gen/gconvfifo.rf/grf.rf/gntv_or_sync_fifo.gcx.clkx/gnxpm_cdc.gsync_stage[1].rd_stg_inst/Q_reg_reg[2]/D
  -------------------------------------------------------------------    -------------------

                         max delay                   50.000    50.000    
    SLICE_X59Y86         FDCE (Setup_HFF2_SLICEL_C_D)
                                                      0.046    50.046    dbg_hub/inst/BSCANID.u_xsdbm_id/CORE_XSDB.UUT_MASTER/U_ICON_INTERFACE/U_CMD6_WR/U_WR_FIFO/SUBCORE_FIFO.xsdbm_v3_0_0_wrfifo_inst/inst_fifo_gen/gconvfifo.rf/grf.rf/gntv_or_sync_fifo.gcx.clkx/gnxpm_cdc.gsync_stage[1].rd_stg_inst/Q_reg_reg[2]
  -------------------------------------------------------------------
                         required time                         50.046    
                         arrival time                          -0.388    
  -------------------------------------------------------------------
                         slack                                 49.658    

Slack (MET) :             49.659ns  (required time - arrival time)
  Source:                 dbg_hub/inst/BSCANID.u_xsdbm_id/CORE_XSDB.UUT_MASTER/U_ICON_INTERFACE/U_CMD6_RD/U_RD_FIFO/SUBCORE_FIFO.xsdbm_v3_0_0_rdfifo_inst/inst_fifo_gen/gconvfifo.rf/grf.rf/gntv_or_sync_fifo.gcx.clkx/gnxpm_cdc.rd_pntr_gc_reg[1]/C
                            (rising edge-triggered cell FDCE clocked by dbg_hub/inst/BSCANID.u_xsdbm_id/SWITCH_N_EXT_BSCAN.bscan_inst/SERIES7_BSCAN.bscan_inst/INTERNAL_TCK  {rise@0.000ns fall@25.000ns period=50.000ns})
  Destination:            dbg_hub/inst/BSCANID.u_xsdbm_id/CORE_XSDB.UUT_MASTER/U_ICON_INTERFACE/U_CMD6_RD/U_RD_FIFO/SUBCORE_FIFO.xsdbm_v3_0_0_rdfifo_inst/inst_fifo_gen/gconvfifo.rf/grf.rf/gntv_or_sync_fifo.gcx.clkx/gnxpm_cdc.gsync_stage[1].wr_stg_inst/Q_reg_reg[1]/D
                            (rising edge-triggered cell FDCE clocked by clk_pl_0  {rise@0.000ns fall@5.156ns period=10.312ns})
  Path Group:             clk_pl_0
  Path Type:              Setup (Max at Slow Process Corner)
  Requirement:            50.000ns  (MaxDelay Path 50.000ns)
  Data Path Delay:        0.387ns  (logic 0.114ns (29.457%)  route 0.273ns (70.543%))
  Logic Levels:           0  
  Timing Exception:       MaxDelay Path 50.000ns -datapath_only

    Location             Delay type                Incr(ns)  Path(ns)    Netlist Resource(s)
  -------------------------------------------------------------------    -------------------
    SLICE_X54Y77                                      0.000     0.000 r  dbg_hub/inst/BSCANID.u_xsdbm_id/CORE_XSDB.UUT_MASTER/U_ICON_INTERFACE/U_CMD6_RD/U_RD_FIFO/SUBCORE_FIFO.xsdbm_v3_0_0_rdfifo_inst/inst_fifo_gen/gconvfifo.rf/grf.rf/gntv_or_sync_fifo.gcx.clkx/gnxpm_cdc.rd_pntr_gc_reg[1]/C
    SLICE_X54Y77         FDCE (Prop_HFF2_SLICEM_C_Q)
                                                      0.114     0.114 r  dbg_hub/inst/BSCANID.u_xsdbm_id/CORE_XSDB.UUT_MASTER/U_ICON_INTERFACE/U_CMD6_RD/U_RD_FIFO/SUBCORE_FIFO.xsdbm_v3_0_0_rdfifo_inst/inst_fifo_gen/gconvfifo.rf/grf.rf/gntv_or_sync_fifo.gcx.clkx/gnxpm_cdc.rd_pntr_gc_reg[1]/Q
                         net (fo=1, routed)           0.273     0.387    dbg_hub/inst/BSCANID.u_xsdbm_id/CORE_XSDB.UUT_MASTER/U_ICON_INTERFACE/U_CMD6_RD/U_RD_FIFO/SUBCORE_FIFO.xsdbm_v3_0_0_rdfifo_inst/inst_fifo_gen/gconvfifo.rf/grf.rf/gntv_or_sync_fifo.gcx.clkx/gnxpm_cdc.gsync_stage[1].wr_stg_inst/Q[1]
    SLICE_X56Y78         FDCE                                         r  dbg_hub/inst/BSCANID.u_xsdbm_id/CORE_XSDB.UUT_MASTER/U_ICON_INTERFACE/U_CMD6_RD/U_RD_FIFO/SUBCORE_FIFO.xsdbm_v3_0_0_rdfifo_inst/inst_fifo_gen/gconvfifo.rf/grf.rf/gntv_or_sync_fifo.gcx.clkx/gnxpm_cdc.gsync_stage[1].wr_stg_inst/Q_reg_reg[1]/D
  -------------------------------------------------------------------    -------------------

                         max delay                   50.000    50.000    
    SLICE_X56Y78         FDCE (Setup_DFF2_SLICEL_C_D)
                                                      0.046    50.046    dbg_hub/inst/BSCANID.u_xsdbm_id/CORE_XSDB.UUT_MASTER/U_ICON_INTERFACE/U_CMD6_RD/U_RD_FIFO/SUBCORE_FIFO.xsdbm_v3_0_0_rdfifo_inst/inst_fifo_gen/gconvfifo.rf/grf.rf/gntv_or_sync_fifo.gcx.clkx/gnxpm_cdc.gsync_stage[1].wr_stg_inst/Q_reg_reg[1]
  -------------------------------------------------------------------
                         required time                         50.046    
                         arrival time                          -0.387    
  -------------------------------------------------------------------
                         slack                                 49.659    

Slack (MET) :             49.702ns  (required time - arrival time)
  Source:                 dbg_hub/inst/BSCANID.u_xsdbm_id/CORE_XSDB.UUT_MASTER/U_ICON_INTERFACE/U_CMD6_WR/U_WR_FIFO/SUBCORE_FIFO.xsdbm_v3_0_0_wrfifo_inst/inst_fifo_gen/gconvfifo.rf/grf.rf/gntv_or_sync_fifo.gcx.clkx/gnxpm_cdc.wr_pntr_gc_reg[0]/C
                            (rising edge-triggered cell FDCE clocked by dbg_hub/inst/BSCANID.u_xsdbm_id/SWITCH_N_EXT_BSCAN.bscan_inst/SERIES7_BSCAN.bscan_inst/INTERNAL_TCK  {rise@0.000ns fall@25.000ns period=50.000ns})
  Destination:            dbg_hub/inst/BSCANID.u_xsdbm_id/CORE_XSDB.UUT_MASTER/U_ICON_INTERFACE/U_CMD6_WR/U_WR_FIFO/SUBCORE_FIFO.xsdbm_v3_0_0_wrfifo_inst/inst_fifo_gen/gconvfifo.rf/grf.rf/gntv_or_sync_fifo.gcx.clkx/gnxpm_cdc.gsync_stage[1].rd_stg_inst/Q_reg_reg[0]/D
                            (rising edge-triggered cell FDCE clocked by clk_pl_0  {rise@0.000ns fall@5.156ns period=10.312ns})
  Path Group:             clk_pl_0
  Path Type:              Setup (Max at Slow Process Corner)
  Requirement:            50.000ns  (MaxDelay Path 50.000ns)
  Data Path Delay:        0.344ns  (logic 0.114ns (33.140%)  route 0.230ns (66.860%))
  Logic Levels:           0  
  Timing Exception:       MaxDelay Path 50.000ns -datapath_only

    Location             Delay type                Incr(ns)  Path(ns)    Netlist Resource(s)
  -------------------------------------------------------------------    -------------------
    SLICE_X57Y85                                      0.000     0.000 r  dbg_hub/inst/BSCANID.u_xsdbm_id/CORE_XSDB.UUT_MASTER/U_ICON_INTERFACE/U_CMD6_WR/U_WR_FIFO/SUBCORE_FIFO.xsdbm_v3_0_0_wrfifo_inst/inst_fifo_gen/gconvfifo.rf/grf.rf/gntv_or_sync_fifo.gcx.clkx/gnxpm_cdc.wr_pntr_gc_reg[0]/C
    SLICE_X57Y85         FDCE (Prop_DFF_SLICEL_C_Q)
                                                      0.114     0.114 r  dbg_hub/inst/BSCANID.u_xsdbm_id/CORE_XSDB.UUT_MASTER/U_ICON_INTERFACE/U_CMD6_WR/U_WR_FIFO/SUBCORE_FIFO.xsdbm_v3_0_0_wrfifo_inst/inst_fifo_gen/gconvfifo.rf/grf.rf/gntv_or_sync_fifo.gcx.clkx/gnxpm_cdc.wr_pntr_gc_reg[0]/Q
                         net (fo=1, routed)           0.230     0.344    dbg_hub/inst/BSCANID.u_xsdbm_id/CORE_XSDB.UUT_MASTER/U_ICON_INTERFACE/U_CMD6_WR/U_WR_FIFO/SUBCORE_FIFO.xsdbm_v3_0_0_wrfifo_inst/inst_fifo_gen/gconvfifo.rf/grf.rf/gntv_or_sync_fifo.gcx.clkx/gnxpm_cdc.gsync_stage[1].rd_stg_inst/Q[0]
    SLICE_X59Y85         FDCE                                         r  dbg_hub/inst/BSCANID.u_xsdbm_id/CORE_XSDB.UUT_MASTER/U_ICON_INTERFACE/U_CMD6_WR/U_WR_FIFO/SUBCORE_FIFO.xsdbm_v3_0_0_wrfifo_inst/inst_fifo_gen/gconvfifo.rf/grf.rf/gntv_or_sync_fifo.gcx.clkx/gnxpm_cdc.gsync_stage[1].rd_stg_inst/Q_reg_reg[0]/D
  -------------------------------------------------------------------    -------------------

                         max delay                   50.000    50.000    
    SLICE_X59Y85         FDCE (Setup_CFF2_SLICEL_C_D)
                                                      0.046    50.046    dbg_hub/inst/BSCANID.u_xsdbm_id/CORE_XSDB.UUT_MASTER/U_ICON_INTERFACE/U_CMD6_WR/U_WR_FIFO/SUBCORE_FIFO.xsdbm_v3_0_0_wrfifo_inst/inst_fifo_gen/gconvfifo.rf/grf.rf/gntv_or_sync_fifo.gcx.clkx/gnxpm_cdc.gsync_stage[1].rd_stg_inst/Q_reg_reg[0]
  -------------------------------------------------------------------
                         required time                         50.046    
                         arrival time                          -0.344    
  -------------------------------------------------------------------
                         slack                                 49.702    





---------------------------------------------------------------------------------------------------
From Clock:  clk_pl_0
  To Clock:  dbg_hub/inst/BSCANID.u_xsdbm_id/SWITCH_N_EXT_BSCAN.bscan_inst/SERIES7_BSCAN.bscan_inst/INTERNAL_TCK

Setup :            0  Failing Endpoints,  Worst Slack        9.856ns,  Total Violation        0.000ns
Hold  :           NA  Failing Endpoints,  Worst Slack           NA  ,  Total Violation           NA
---------------------------------------------------------------------------------------------------


Max Delay Paths
--------------------------------------------------------------------------------------
Slack (MET) :             9.856ns  (required time - arrival time)
  Source:                 dbg_hub/inst/BSCANID.u_xsdbm_id/CORE_XSDB.UUT_MASTER/U_ICON_INTERFACE/U_CMD6_WR/U_WR_FIFO/SUBCORE_FIFO.xsdbm_v3_0_0_wrfifo_inst/inst_fifo_gen/gconvfifo.rf/grf.rf/gntv_or_sync_fifo.gcx.clkx/gnxpm_cdc.rd_pntr_gc_reg[1]/C
                            (rising edge-triggered cell FDCE clocked by clk_pl_0  {rise@0.000ns fall@5.156ns period=10.312ns})
  Destination:            dbg_hub/inst/BSCANID.u_xsdbm_id/CORE_XSDB.UUT_MASTER/U_ICON_INTERFACE/U_CMD6_WR/U_WR_FIFO/SUBCORE_FIFO.xsdbm_v3_0_0_wrfifo_inst/inst_fifo_gen/gconvfifo.rf/grf.rf/gntv_or_sync_fifo.gcx.clkx/gnxpm_cdc.gsync_stage[1].wr_stg_inst/Q_reg_reg[1]/D
                            (rising edge-triggered cell FDCE clocked by dbg_hub/inst/BSCANID.u_xsdbm_id/SWITCH_N_EXT_BSCAN.bscan_inst/SERIES7_BSCAN.bscan_inst/INTERNAL_TCK  {rise@0.000ns fall@25.000ns period=50.000ns})
  Path Group:             dbg_hub/inst/BSCANID.u_xsdbm_id/SWITCH_N_EXT_BSCAN.bscan_inst/SERIES7_BSCAN.bscan_inst/INTERNAL_TCK
  Path Type:              Setup (Max at Slow Process Corner)
  Requirement:            10.312ns  (MaxDelay Path 10.312ns)
  Data Path Delay:        0.502ns  (logic 0.115ns (22.908%)  route 0.387ns (77.092%))
  Logic Levels:           0  
  Timing Exception:       MaxDelay Path 10.312ns -datapath_only

    Location             Delay type                Incr(ns)  Path(ns)    Netlist Resource(s)
  -------------------------------------------------------------------    -------------------
    SLICE_X59Y85                                      0.000     0.000 r  dbg_hub/inst/BSCANID.u_xsdbm_id/CORE_XSDB.UUT_MASTER/U_ICON_INTERFACE/U_CMD6_WR/U_WR_FIFO/SUBCORE_FIFO.xsdbm_v3_0_0_wrfifo_inst/inst_fifo_gen/gconvfifo.rf/grf.rf/gntv_or_sync_fifo.gcx.clkx/gnxpm_cdc.rd_pntr_gc_reg[1]/C
    SLICE_X59Y85         FDCE (Prop_DFF2_SLICEL_C_Q)
                                                      0.115     0.115 r  dbg_hub/inst/BSCANID.u_xsdbm_id/CORE_XSDB.UUT_MASTER/U_ICON_INTERFACE/U_CMD6_WR/U_WR_FIFO/SUBCORE_FIFO.xsdbm_v3_0_0_wrfifo_inst/inst_fifo_gen/gconvfifo.rf/grf.rf/gntv_or_sync_fifo.gcx.clkx/gnxpm_cdc.rd_pntr_gc_reg[1]/Q
                         net (fo=1, routed)           0.387     0.502    dbg_hub/inst/BSCANID.u_xsdbm_id/CORE_XSDB.UUT_MASTER/U_ICON_INTERFACE/U_CMD6_WR/U_WR_FIFO/SUBCORE_FIFO.xsdbm_v3_0_0_wrfifo_inst/inst_fifo_gen/gconvfifo.rf/grf.rf/gntv_or_sync_fifo.gcx.clkx/gnxpm_cdc.gsync_stage[1].wr_stg_inst/Q[1]
    SLICE_X60Y85         FDCE                                         r  dbg_hub/inst/BSCANID.u_xsdbm_id/CORE_XSDB.UUT_MASTER/U_ICON_INTERFACE/U_CMD6_WR/U_WR_FIFO/SUBCORE_FIFO.xsdbm_v3_0_0_wrfifo_inst/inst_fifo_gen/gconvfifo.rf/grf.rf/gntv_or_sync_fifo.gcx.clkx/gnxpm_cdc.gsync_stage[1].wr_stg_inst/Q_reg_reg[1]/D
  -------------------------------------------------------------------    -------------------

                         max delay                   10.312    10.312    
    SLICE_X60Y85         FDCE (Setup_BFF2_SLICEL_C_D)
                                                      0.046    10.358    dbg_hub/inst/BSCANID.u_xsdbm_id/CORE_XSDB.UUT_MASTER/U_ICON_INTERFACE/U_CMD6_WR/U_WR_FIFO/SUBCORE_FIFO.xsdbm_v3_0_0_wrfifo_inst/inst_fifo_gen/gconvfifo.rf/grf.rf/gntv_or_sync_fifo.gcx.clkx/gnxpm_cdc.gsync_stage[1].wr_stg_inst/Q_reg_reg[1]
  -------------------------------------------------------------------
                         required time                         10.358    
                         arrival time                          -0.502    
  -------------------------------------------------------------------
                         slack                                  9.856    

Slack (MET) :             9.873ns  (required time - arrival time)
  Source:                 dbg_hub/inst/BSCANID.u_xsdbm_id/CORE_XSDB.UUT_MASTER/U_ICON_INTERFACE/U_CMD6_RD/U_RD_FIFO/SUBCORE_FIFO.xsdbm_v3_0_0_rdfifo_inst/inst_fifo_gen/gconvfifo.rf/grf.rf/gntv_or_sync_fifo.gcx.clkx/gnxpm_cdc.wr_pntr_gc_reg[2]/C
                            (rising edge-triggered cell FDCE clocked by clk_pl_0  {rise@0.000ns fall@5.156ns period=10.312ns})
  Destination:            dbg_hub/inst/BSCANID.u_xsdbm_id/CORE_XSDB.UUT_MASTER/U_ICON_INTERFACE/U_CMD6_RD/U_RD_FIFO/SUBCORE_FIFO.xsdbm_v3_0_0_rdfifo_inst/inst_fifo_gen/gconvfifo.rf/grf.rf/gntv_or_sync_fifo.gcx.clkx/gnxpm_cdc.gsync_stage[1].rd_stg_inst/Q_reg_reg[2]/D
                            (rising edge-triggered cell FDCE clocked by dbg_hub/inst/BSCANID.u_xsdbm_id/SWITCH_N_EXT_BSCAN.bscan_inst/SERIES7_BSCAN.bscan_inst/INTERNAL_TCK  {rise@0.000ns fall@25.000ns period=50.000ns})
  Path Group:             dbg_hub/inst/BSCANID.u_xsdbm_id/SWITCH_N_EXT_BSCAN.bscan_inst/SERIES7_BSCAN.bscan_inst/INTERNAL_TCK
  Path Type:              Setup (Max at Slow Process Corner)
  Requirement:            10.312ns  (MaxDelay Path 10.312ns)
  Data Path Delay:        0.485ns  (logic 0.114ns (23.505%)  route 0.371ns (76.495%))
  Logic Levels:           0  
  Timing Exception:       MaxDelay Path 10.312ns -datapath_only

    Location             Delay type                Incr(ns)  Path(ns)    Netlist Resource(s)
  -------------------------------------------------------------------    -------------------
    SLICE_X54Y76                                      0.000     0.000 r  dbg_hub/inst/BSCANID.u_xsdbm_id/CORE_XSDB.UUT_MASTER/U_ICON_INTERFACE/U_CMD6_RD/U_RD_FIFO/SUBCORE_FIFO.xsdbm_v3_0_0_rdfifo_inst/inst_fifo_gen/gconvfifo.rf/grf.rf/gntv_or_sync_fifo.gcx.clkx/gnxpm_cdc.wr_pntr_gc_reg[2]/C
    SLICE_X54Y76         FDCE (Prop_HFF_SLICEM_C_Q)
                                                      0.114     0.114 r  dbg_hub/inst/BSCANID.u_xsdbm_id/CORE_XSDB.UUT_MASTER/U_ICON_INTERFACE/U_CMD6_RD/U_RD_FIFO/SUBCORE_FIFO.xsdbm_v3_0_0_rdfifo_inst/inst_fifo_gen/gconvfifo.rf/grf.rf/gntv_or_sync_fifo.gcx.clkx/gnxpm_cdc.wr_pntr_gc_reg[2]/Q
                         net (fo=1, routed)           0.371     0.485    dbg_hub/inst/BSCANID.u_xsdbm_id/CORE_XSDB.UUT_MASTER/U_ICON_INTERFACE/U_CMD6_RD/U_RD_FIFO/SUBCORE_FIFO.xsdbm_v3_0_0_rdfifo_inst/inst_fifo_gen/gconvfifo.rf/grf.rf/gntv_or_sync_fifo.gcx.clkx/gnxpm_cdc.gsync_stage[1].rd_stg_inst/Q[2]
    SLICE_X55Y76         FDCE                                         r  dbg_hub/inst/BSCANID.u_xsdbm_id/CORE_XSDB.UUT_MASTER/U_ICON_INTERFACE/U_CMD6_RD/U_RD_FIFO/SUBCORE_FIFO.xsdbm_v3_0_0_rdfifo_inst/inst_fifo_gen/gconvfifo.rf/grf.rf/gntv_or_sync_fifo.gcx.clkx/gnxpm_cdc.gsync_stage[1].rd_stg_inst/Q_reg_reg[2]/D
  -------------------------------------------------------------------    -------------------

                         max delay                   10.312    10.312    
    SLICE_X55Y76         FDCE (Setup_GFF2_SLICEL_C_D)
                                                      0.046    10.358    dbg_hub/inst/BSCANID.u_xsdbm_id/CORE_XSDB.UUT_MASTER/U_ICON_INTERFACE/U_CMD6_RD/U_RD_FIFO/SUBCORE_FIFO.xsdbm_v3_0_0_rdfifo_inst/inst_fifo_gen/gconvfifo.rf/grf.rf/gntv_or_sync_fifo.gcx.clkx/gnxpm_cdc.gsync_stage[1].rd_stg_inst/Q_reg_reg[2]
  -------------------------------------------------------------------
                         required time                         10.358    
                         arrival time                          -0.485    
  -------------------------------------------------------------------
                         slack                                  9.873    

Slack (MET) :             9.892ns  (required time - arrival time)
  Source:                 dbg_hub/inst/BSCANID.u_xsdbm_id/CORE_XSDB.UUT_MASTER/U_ICON_INTERFACE/U_CMD6_WR/U_WR_FIFO/SUBCORE_FIFO.xsdbm_v3_0_0_wrfifo_inst/inst_fifo_gen/gconvfifo.rf/grf.rf/gntv_or_sync_fifo.gcx.clkx/gnxpm_cdc.rd_pntr_gc_reg[0]/C
                            (rising edge-triggered cell FDCE clocked by clk_pl_0  {rise@0.000ns fall@5.156ns period=10.312ns})
  Destination:            dbg_hub/inst/BSCANID.u_xsdbm_id/CORE_XSDB.UUT_MASTER/U_ICON_INTERFACE/U_CMD6_WR/U_WR_FIFO/SUBCORE_FIFO.xsdbm_v3_0_0_wrfifo_inst/inst_fifo_gen/gconvfifo.rf/grf.rf/gntv_or_sync_fifo.gcx.clkx/gnxpm_cdc.gsync_stage[1].wr_stg_inst/Q_reg_reg[0]/D
                            (rising edge-triggered cell FDCE clocked by dbg_hub/inst/BSCANID.u_xsdbm_id/SWITCH_N_EXT_BSCAN.bscan_inst/SERIES7_BSCAN.bscan_inst/INTERNAL_TCK  {rise@0.000ns fall@25.000ns period=50.000ns})
  Path Group:             dbg_hub/inst/BSCANID.u_xsdbm_id/SWITCH_N_EXT_BSCAN.bscan_inst/SERIES7_BSCAN.bscan_inst/INTERNAL_TCK
  Path Type:              Setup (Max at Slow Process Corner)
  Requirement:            10.312ns  (MaxDelay Path 10.312ns)
  Data Path Delay:        0.466ns  (logic 0.114ns (24.464%)  route 0.352ns (75.536%))
  Logic Levels:           0  
  Timing Exception:       MaxDelay Path 10.312ns -datapath_only

    Location             Delay type                Incr(ns)  Path(ns)    Netlist Resource(s)
  -------------------------------------------------------------------    -------------------
    SLICE_X59Y85                                      0.000     0.000 r  dbg_hub/inst/BSCANID.u_xsdbm_id/CORE_XSDB.UUT_MASTER/U_ICON_INTERFACE/U_CMD6_WR/U_WR_FIFO/SUBCORE_FIFO.xsdbm_v3_0_0_wrfifo_inst/inst_fifo_gen/gconvfifo.rf/grf.rf/gntv_or_sync_fifo.gcx.clkx/gnxpm_cdc.rd_pntr_gc_reg[0]/C
    SLICE_X59Y85         FDCE (Prop_EFF_SLICEL_C_Q)
                                                      0.114     0.114 r  dbg_hub/inst/BSCANID.u_xsdbm_id/CORE_XSDB.UUT_MASTER/U_ICON_INTERFACE/U_CMD6_WR/U_WR_FIFO/SUBCORE_FIFO.xsdbm_v3_0_0_wrfifo_inst/inst_fifo_gen/gconvfifo.rf/grf.rf/gntv_or_sync_fifo.gcx.clkx/gnxpm_cdc.rd_pntr_gc_reg[0]/Q
                         net (fo=1, routed)           0.352     0.466    dbg_hub/inst/BSCANID.u_xsdbm_id/CORE_XSDB.UUT_MASTER/U_ICON_INTERFACE/U_CMD6_WR/U_WR_FIFO/SUBCORE_FIFO.xsdbm_v3_0_0_wrfifo_inst/inst_fifo_gen/gconvfifo.rf/grf.rf/gntv_or_sync_fifo.gcx.clkx/gnxpm_cdc.gsync_stage[1].wr_stg_inst/Q[0]
    SLICE_X60Y85         FDCE                                         r  dbg_hub/inst/BSCANID.u_xsdbm_id/CORE_XSDB.UUT_MASTER/U_ICON_INTERFACE/U_CMD6_WR/U_WR_FIFO/SUBCORE_FIFO.xsdbm_v3_0_0_wrfifo_inst/inst_fifo_gen/gconvfifo.rf/grf.rf/gntv_or_sync_fifo.gcx.clkx/gnxpm_cdc.gsync_stage[1].wr_stg_inst/Q_reg_reg[0]/D
  -------------------------------------------------------------------    -------------------

                         max delay                   10.312    10.312    
    SLICE_X60Y85         FDCE (Setup_HFF2_SLICEL_C_D)
                                                      0.046    10.358    dbg_hub/inst/BSCANID.u_xsdbm_id/CORE_XSDB.UUT_MASTER/U_ICON_INTERFACE/U_CMD6_WR/U_WR_FIFO/SUBCORE_FIFO.xsdbm_v3_0_0_wrfifo_inst/inst_fifo_gen/gconvfifo.rf/grf.rf/gntv_or_sync_fifo.gcx.clkx/gnxpm_cdc.gsync_stage[1].wr_stg_inst/Q_reg_reg[0]
  -------------------------------------------------------------------
                         required time                         10.358    
                         arrival time                          -0.466    
  -------------------------------------------------------------------
                         slack                                  9.892    

Slack (MET) :             9.897ns  (required time - arrival time)
  Source:                 dbg_hub/inst/BSCANID.u_xsdbm_id/CORE_XSDB.UUT_MASTER/U_ICON_INTERFACE/U_CMD6_WR/U_WR_FIFO/SUBCORE_FIFO.xsdbm_v3_0_0_wrfifo_inst/inst_fifo_gen/gconvfifo.rf/grf.rf/gntv_or_sync_fifo.gcx.clkx/gnxpm_cdc.rd_pntr_gc_reg[3]/C
                            (rising edge-triggered cell FDCE clocked by clk_pl_0  {rise@0.000ns fall@5.156ns period=10.312ns})
  Destination:            dbg_hub/inst/BSCANID.u_xsdbm_id/CORE_XSDB.UUT_MASTER/U_ICON_INTERFACE/U_CMD6_WR/U_WR_FIFO/SUBCORE_FIFO.xsdbm_v3_0_0_wrfifo_inst/inst_fifo_gen/gconvfifo.rf/grf.rf/gntv_or_sync_fifo.gcx.clkx/gnxpm_cdc.gsync_stage[1].wr_stg_inst/Q_reg_reg[3]/D
                            (rising edge-triggered cell FDCE clocked by dbg_hub/inst/BSCANID.u_xsdbm_id/SWITCH_N_EXT_BSCAN.bscan_inst/SERIES7_BSCAN.bscan_inst/INTERNAL_TCK  {rise@0.000ns fall@25.000ns period=50.000ns})
  Path Group:             dbg_hub/inst/BSCANID.u_xsdbm_id/SWITCH_N_EXT_BSCAN.bscan_inst/SERIES7_BSCAN.bscan_inst/INTERNAL_TCK
  Path Type:              Setup (Max at Slow Process Corner)
  Requirement:            10.312ns  (MaxDelay Path 10.312ns)
  Data Path Delay:        0.461ns  (logic 0.113ns (24.512%)  route 0.348ns (75.488%))
  Logic Levels:           0  
  Timing Exception:       MaxDelay Path 10.312ns -datapath_only

    Location             Delay type                Incr(ns)  Path(ns)    Netlist Resource(s)
  -------------------------------------------------------------------    -------------------
    SLICE_X59Y85                                      0.000     0.000 r  dbg_hub/inst/BSCANID.u_xsdbm_id/CORE_XSDB.UUT_MASTER/U_ICON_INTERFACE/U_CMD6_WR/U_WR_FIFO/SUBCORE_FIFO.xsdbm_v3_0_0_wrfifo_inst/inst_fifo_gen/gconvfifo.rf/grf.rf/gntv_or_sync_fifo.gcx.clkx/gnxpm_cdc.rd_pntr_gc_reg[3]/C
    SLICE_X59Y85         FDCE (Prop_FFF_SLICEL_C_Q)
                                                      0.113     0.113 r  dbg_hub/inst/BSCANID.u_xsdbm_id/CORE_XSDB.UUT_MASTER/U_ICON_INTERFACE/U_CMD6_WR/U_WR_FIFO/SUBCORE_FIFO.xsdbm_v3_0_0_wrfifo_inst/inst_fifo_gen/gconvfifo.rf/grf.rf/gntv_or_sync_fifo.gcx.clkx/gnxpm_cdc.rd_pntr_gc_reg[3]/Q
                         net (fo=1, routed)           0.348     0.461    dbg_hub/inst/BSCANID.u_xsdbm_id/CORE_XSDB.UUT_MASTER/U_ICON_INTERFACE/U_CMD6_WR/U_WR_FIFO/SUBCORE_FIFO.xsdbm_v3_0_0_wrfifo_inst/inst_fifo_gen/gconvfifo.rf/grf.rf/gntv_or_sync_fifo.gcx.clkx/gnxpm_cdc.gsync_stage[1].wr_stg_inst/Q[3]
    SLICE_X60Y85         FDCE                                         r  dbg_hub/inst/BSCANID.u_xsdbm_id/CORE_XSDB.UUT_MASTER/U_ICON_INTERFACE/U_CMD6_WR/U_WR_FIFO/SUBCORE_FIFO.xsdbm_v3_0_0_wrfifo_inst/inst_fifo_gen/gconvfifo.rf/grf.rf/gntv_or_sync_fifo.gcx.clkx/gnxpm_cdc.gsync_stage[1].wr_stg_inst/Q_reg_reg[3]/D
  -------------------------------------------------------------------    -------------------

                         max delay                   10.312    10.312    
    SLICE_X60Y85         FDCE (Setup_GFF2_SLICEL_C_D)
                                                      0.046    10.358    dbg_hub/inst/BSCANID.u_xsdbm_id/CORE_XSDB.UUT_MASTER/U_ICON_INTERFACE/U_CMD6_WR/U_WR_FIFO/SUBCORE_FIFO.xsdbm_v3_0_0_wrfifo_inst/inst_fifo_gen/gconvfifo.rf/grf.rf/gntv_or_sync_fifo.gcx.clkx/gnxpm_cdc.gsync_stage[1].wr_stg_inst/Q_reg_reg[3]
  -------------------------------------------------------------------
                         required time                         10.358    
                         arrival time                          -0.461    
  -------------------------------------------------------------------
                         slack                                  9.897    

Slack (MET) :             9.921ns  (required time - arrival time)
  Source:                 dbg_hub/inst/BSCANID.u_xsdbm_id/CORE_XSDB.UUT_MASTER/U_ICON_INTERFACE/U_CMD6_RD/U_RD_FIFO/SUBCORE_FIFO.xsdbm_v3_0_0_rdfifo_inst/inst_fifo_gen/gconvfifo.rf/grf.rf/gntv_or_sync_fifo.gcx.clkx/gnxpm_cdc.wr_pntr_gc_reg[1]/C
                            (rising edge-triggered cell FDCE clocked by clk_pl_0  {rise@0.000ns fall@5.156ns period=10.312ns})
  Destination:            dbg_hub/inst/BSCANID.u_xsdbm_id/CORE_XSDB.UUT_MASTER/U_ICON_INTERFACE/U_CMD6_RD/U_RD_FIFO/SUBCORE_FIFO.xsdbm_v3_0_0_rdfifo_inst/inst_fifo_gen/gconvfifo.rf/grf.rf/gntv_or_sync_fifo.gcx.clkx/gnxpm_cdc.gsync_stage[1].rd_stg_inst/Q_reg_reg[1]/D
                            (rising edge-triggered cell FDCE clocked by dbg_hub/inst/BSCANID.u_xsdbm_id/SWITCH_N_EXT_BSCAN.bscan_inst/SERIES7_BSCAN.bscan_inst/INTERNAL_TCK  {rise@0.000ns fall@25.000ns period=50.000ns})
  Path Group:             dbg_hub/inst/BSCANID.u_xsdbm_id/SWITCH_N_EXT_BSCAN.bscan_inst/SERIES7_BSCAN.bscan_inst/INTERNAL_TCK
  Path Type:              Setup (Max at Slow Process Corner)
  Requirement:            10.312ns  (MaxDelay Path 10.312ns)
  Data Path Delay:        0.437ns  (logic 0.115ns (26.316%)  route 0.322ns (73.684%))
  Logic Levels:           0  
  Timing Exception:       MaxDelay Path 10.312ns -datapath_only

    Location             Delay type                Incr(ns)  Path(ns)    Netlist Resource(s)
  -------------------------------------------------------------------    -------------------
    SLICE_X55Y77                                      0.000     0.000 r  dbg_hub/inst/BSCANID.u_xsdbm_id/CORE_XSDB.UUT_MASTER/U_ICON_INTERFACE/U_CMD6_RD/U_RD_FIFO/SUBCORE_FIFO.xsdbm_v3_0_0_rdfifo_inst/inst_fifo_gen/gconvfifo.rf/grf.rf/gntv_or_sync_fifo.gcx.clkx/gnxpm_cdc.wr_pntr_gc_reg[1]/C
    SLICE_X55Y77         FDCE (Prop_DFF2_SLICEL_C_Q)
                                                      0.115     0.115 r  dbg_hub/inst/BSCANID.u_xsdbm_id/CORE_XSDB.UUT_MASTER/U_ICON_INTERFACE/U_CMD6_RD/U_RD_FIFO/SUBCORE_FIFO.xsdbm_v3_0_0_rdfifo_inst/inst_fifo_gen/gconvfifo.rf/grf.rf/gntv_or_sync_fifo.gcx.clkx/gnxpm_cdc.wr_pntr_gc_reg[1]/Q
                         net (fo=1, routed)           0.322     0.437    dbg_hub/inst/BSCANID.u_xsdbm_id/CORE_XSDB.UUT_MASTER/U_ICON_INTERFACE/U_CMD6_RD/U_RD_FIFO/SUBCORE_FIFO.xsdbm_v3_0_0_rdfifo_inst/inst_fifo_gen/gconvfifo.rf/grf.rf/gntv_or_sync_fifo.gcx.clkx/gnxpm_cdc.gsync_stage[1].rd_stg_inst/Q[1]
    SLICE_X55Y76         FDCE                                         r  dbg_hub/inst/BSCANID.u_xsdbm_id/CORE_XSDB.UUT_MASTER/U_ICON_INTERFACE/U_CMD6_RD/U_RD_FIFO/SUBCORE_FIFO.xsdbm_v3_0_0_rdfifo_inst/inst_fifo_gen/gconvfifo.rf/grf.rf/gntv_or_sync_fifo.gcx.clkx/gnxpm_cdc.gsync_stage[1].rd_stg_inst/Q_reg_reg[1]/D
  -------------------------------------------------------------------    -------------------

                         max delay                   10.312    10.312    
    SLICE_X55Y76         FDCE (Setup_DFF2_SLICEL_C_D)
                                                      0.046    10.358    dbg_hub/inst/BSCANID.u_xsdbm_id/CORE_XSDB.UUT_MASTER/U_ICON_INTERFACE/U_CMD6_RD/U_RD_FIFO/SUBCORE_FIFO.xsdbm_v3_0_0_rdfifo_inst/inst_fifo_gen/gconvfifo.rf/grf.rf/gntv_or_sync_fifo.gcx.clkx/gnxpm_cdc.gsync_stage[1].rd_stg_inst/Q_reg_reg[1]
  -------------------------------------------------------------------
                         required time                         10.358    
                         arrival time                          -0.437    
  -------------------------------------------------------------------
                         slack                                  9.921    

Slack (MET) :             9.973ns  (required time - arrival time)
  Source:                 dbg_hub/inst/BSCANID.u_xsdbm_id/CORE_XSDB.UUT_MASTER/U_ICON_INTERFACE/U_CMD6_WR/U_WR_FIFO/SUBCORE_FIFO.xsdbm_v3_0_0_wrfifo_inst/inst_fifo_gen/gconvfifo.rf/grf.rf/gntv_or_sync_fifo.gcx.clkx/gnxpm_cdc.rd_pntr_gc_reg[2]/C
                            (rising edge-triggered cell FDCE clocked by clk_pl_0  {rise@0.000ns fall@5.156ns period=10.312ns})
  Destination:            dbg_hub/inst/BSCANID.u_xsdbm_id/CORE_XSDB.UUT_MASTER/U_ICON_INTERFACE/U_CMD6_WR/U_WR_FIFO/SUBCORE_FIFO.xsdbm_v3_0_0_wrfifo_inst/inst_fifo_gen/gconvfifo.rf/grf.rf/gntv_or_sync_fifo.gcx.clkx/gnxpm_cdc.gsync_stage[1].wr_stg_inst/Q_reg_reg[2]/D
                            (rising edge-triggered cell FDCE clocked by dbg_hub/inst/BSCANID.u_xsdbm_id/SWITCH_N_EXT_BSCAN.bscan_inst/SERIES7_BSCAN.bscan_inst/INTERNAL_TCK  {rise@0.000ns fall@25.000ns period=50.000ns})
  Path Group:             dbg_hub/inst/BSCANID.u_xsdbm_id/SWITCH_N_EXT_BSCAN.bscan_inst/SERIES7_BSCAN.bscan_inst/INTERNAL_TCK
  Path Type:              Setup (Max at Slow Process Corner)
  Requirement:            10.312ns  (MaxDelay Path 10.312ns)
  Data Path Delay:        0.385ns  (logic 0.114ns (29.610%)  route 0.271ns (70.390%))
  Logic Levels:           0  
  Timing Exception:       MaxDelay Path 10.312ns -datapath_only

    Location             Delay type                Incr(ns)  Path(ns)    Netlist Resource(s)
  -------------------------------------------------------------------    -------------------
    SLICE_X59Y86                                      0.000     0.000 r  dbg_hub/inst/BSCANID.u_xsdbm_id/CORE_XSDB.UUT_MASTER/U_ICON_INTERFACE/U_CMD6_WR/U_WR_FIFO/SUBCORE_FIFO.xsdbm_v3_0_0_wrfifo_inst/inst_fifo_gen/gconvfifo.rf/grf.rf/gntv_or_sync_fifo.gcx.clkx/gnxpm_cdc.rd_pntr_gc_reg[2]/C
    SLICE_X59Y86         FDCE (Prop_EFF_SLICEL_C_Q)
                                                      0.114     0.114 r  dbg_hub/inst/BSCANID.u_xsdbm_id/CORE_XSDB.UUT_MASTER/U_ICON_INTERFACE/U_CMD6_WR/U_WR_FIFO/SUBCORE_FIFO.xsdbm_v3_0_0_wrfifo_inst/inst_fifo_gen/gconvfifo.rf/grf.rf/gntv_or_sync_fifo.gcx.clkx/gnxpm_cdc.rd_pntr_gc_reg[2]/Q
                         net (fo=1, routed)           0.271     0.385    dbg_hub/inst/BSCANID.u_xsdbm_id/CORE_XSDB.UUT_MASTER/U_ICON_INTERFACE/U_CMD6_WR/U_WR_FIFO/SUBCORE_FIFO.xsdbm_v3_0_0_wrfifo_inst/inst_fifo_gen/gconvfifo.rf/grf.rf/gntv_or_sync_fifo.gcx.clkx/gnxpm_cdc.gsync_stage[1].wr_stg_inst/Q[2]
    SLICE_X59Y86         FDCE                                         r  dbg_hub/inst/BSCANID.u_xsdbm_id/CORE_XSDB.UUT_MASTER/U_ICON_INTERFACE/U_CMD6_WR/U_WR_FIFO/SUBCORE_FIFO.xsdbm_v3_0_0_wrfifo_inst/inst_fifo_gen/gconvfifo.rf/grf.rf/gntv_or_sync_fifo.gcx.clkx/gnxpm_cdc.gsync_stage[1].wr_stg_inst/Q_reg_reg[2]/D
  -------------------------------------------------------------------    -------------------

                         max delay                   10.312    10.312    
    SLICE_X59Y86         FDCE (Setup_DFF2_SLICEL_C_D)
                                                      0.046    10.358    dbg_hub/inst/BSCANID.u_xsdbm_id/CORE_XSDB.UUT_MASTER/U_ICON_INTERFACE/U_CMD6_WR/U_WR_FIFO/SUBCORE_FIFO.xsdbm_v3_0_0_wrfifo_inst/inst_fifo_gen/gconvfifo.rf/grf.rf/gntv_or_sync_fifo.gcx.clkx/gnxpm_cdc.gsync_stage[1].wr_stg_inst/Q_reg_reg[2]
  -------------------------------------------------------------------
                         required time                         10.358    
                         arrival time                          -0.385    
  -------------------------------------------------------------------
                         slack                                  9.973    

Slack (MET) :             10.005ns  (required time - arrival time)
  Source:                 dbg_hub/inst/BSCANID.u_xsdbm_id/CORE_XSDB.UUT_MASTER/U_ICON_INTERFACE/U_CMD6_RD/U_RD_FIFO/SUBCORE_FIFO.xsdbm_v3_0_0_rdfifo_inst/inst_fifo_gen/gconvfifo.rf/grf.rf/gntv_or_sync_fifo.gcx.clkx/gnxpm_cdc.wr_pntr_gc_reg[3]/C
                            (rising edge-triggered cell FDCE clocked by clk_pl_0  {rise@0.000ns fall@5.156ns period=10.312ns})
  Destination:            dbg_hub/inst/BSCANID.u_xsdbm_id/CORE_XSDB.UUT_MASTER/U_ICON_INTERFACE/U_CMD6_RD/U_RD_FIFO/SUBCORE_FIFO.xsdbm_v3_0_0_rdfifo_inst/inst_fifo_gen/gconvfifo.rf/grf.rf/gntv_or_sync_fifo.gcx.clkx/gnxpm_cdc.gsync_stage[1].rd_stg_inst/Q_reg_reg[3]/D
                            (rising edge-triggered cell FDCE clocked by dbg_hub/inst/BSCANID.u_xsdbm_id/SWITCH_N_EXT_BSCAN.bscan_inst/SERIES7_BSCAN.bscan_inst/INTERNAL_TCK  {rise@0.000ns fall@25.000ns period=50.000ns})
  Path Group:             dbg_hub/inst/BSCANID.u_xsdbm_id/SWITCH_N_EXT_BSCAN.bscan_inst/SERIES7_BSCAN.bscan_inst/INTERNAL_TCK
  Path Type:              Setup (Max at Slow Process Corner)
  Requirement:            10.312ns  (MaxDelay Path 10.312ns)
  Data Path Delay:        0.353ns  (logic 0.113ns (32.011%)  route 0.240ns (67.989%))
  Logic Levels:           0  
  Timing Exception:       MaxDelay Path 10.312ns -datapath_only

    Location             Delay type                Incr(ns)  Path(ns)    Netlist Resource(s)
  -------------------------------------------------------------------    -------------------
    SLICE_X54Y76                                      0.000     0.000 r  dbg_hub/inst/BSCANID.u_xsdbm_id/CORE_XSDB.UUT_MASTER/U_ICON_INTERFACE/U_CMD6_RD/U_RD_FIFO/SUBCORE_FIFO.xsdbm_v3_0_0_rdfifo_inst/inst_fifo_gen/gconvfifo.rf/grf.rf/gntv_or_sync_fifo.gcx.clkx/gnxpm_cdc.wr_pntr_gc_reg[3]/C
    SLICE_X54Y76         FDCE (Prop_EFF_SLICEM_C_Q)
                                                      0.113     0.113 r  dbg_hub/inst/BSCANID.u_xsdbm_id/CORE_XSDB.UUT_MASTER/U_ICON_INTERFACE/U_CMD6_RD/U_RD_FIFO/SUBCORE_FIFO.xsdbm_v3_0_0_rdfifo_inst/inst_fifo_gen/gconvfifo.rf/grf.rf/gntv_or_sync_fifo.gcx.clkx/gnxpm_cdc.wr_pntr_gc_reg[3]/Q
                         net (fo=1, routed)           0.240     0.353    dbg_hub/inst/BSCANID.u_xsdbm_id/CORE_XSDB.UUT_MASTER/U_ICON_INTERFACE/U_CMD6_RD/U_RD_FIFO/SUBCORE_FIFO.xsdbm_v3_0_0_rdfifo_inst/inst_fifo_gen/gconvfifo.rf/grf.rf/gntv_or_sync_fifo.gcx.clkx/gnxpm_cdc.gsync_stage[1].rd_stg_inst/Q[3]
    SLICE_X54Y77         FDCE                                         r  dbg_hub/inst/BSCANID.u_xsdbm_id/CORE_XSDB.UUT_MASTER/U_ICON_INTERFACE/U_CMD6_RD/U_RD_FIFO/SUBCORE_FIFO.xsdbm_v3_0_0_rdfifo_inst/inst_fifo_gen/gconvfifo.rf/grf.rf/gntv_or_sync_fifo.gcx.clkx/gnxpm_cdc.gsync_stage[1].rd_stg_inst/Q_reg_reg[3]/D
  -------------------------------------------------------------------    -------------------

                         max delay                   10.312    10.312    
    SLICE_X54Y77         FDCE (Setup_GFF2_SLICEM_C_D)
                                                      0.046    10.358    dbg_hub/inst/BSCANID.u_xsdbm_id/CORE_XSDB.UUT_MASTER/U_ICON_INTERFACE/U_CMD6_RD/U_RD_FIFO/SUBCORE_FIFO.xsdbm_v3_0_0_rdfifo_inst/inst_fifo_gen/gconvfifo.rf/grf.rf/gntv_or_sync_fifo.gcx.clkx/gnxpm_cdc.gsync_stage[1].rd_stg_inst/Q_reg_reg[3]
  -------------------------------------------------------------------
                         required time                         10.358    
                         arrival time                          -0.353    
  -------------------------------------------------------------------
                         slack                                 10.005    

Slack (MET) :             10.023ns  (required time - arrival time)
  Source:                 dbg_hub/inst/BSCANID.u_xsdbm_id/CORE_XSDB.UUT_MASTER/U_ICON_INTERFACE/U_CMD6_RD/U_RD_FIFO/SUBCORE_FIFO.xsdbm_v3_0_0_rdfifo_inst/inst_fifo_gen/gconvfifo.rf/grf.rf/gntv_or_sync_fifo.gcx.clkx/gnxpm_cdc.wr_pntr_gc_reg[0]/C
                            (rising edge-triggered cell FDCE clocked by clk_pl_0  {rise@0.000ns fall@5.156ns period=10.312ns})
  Destination:            dbg_hub/inst/BSCANID.u_xsdbm_id/CORE_XSDB.UUT_MASTER/U_ICON_INTERFACE/U_CMD6_RD/U_RD_FIFO/SUBCORE_FIFO.xsdbm_v3_0_0_rdfifo_inst/inst_fifo_gen/gconvfifo.rf/grf.rf/gntv_or_sync_fifo.gcx.clkx/gnxpm_cdc.gsync_stage[1].rd_stg_inst/Q_reg_reg[0]/D
                            (rising edge-triggered cell FDCE clocked by dbg_hub/inst/BSCANID.u_xsdbm_id/SWITCH_N_EXT_BSCAN.bscan_inst/SERIES7_BSCAN.bscan_inst/INTERNAL_TCK  {rise@0.000ns fall@25.000ns period=50.000ns})
  Path Group:             dbg_hub/inst/BSCANID.u_xsdbm_id/SWITCH_N_EXT_BSCAN.bscan_inst/SERIES7_BSCAN.bscan_inst/INTERNAL_TCK
  Path Type:              Setup (Max at Slow Process Corner)
  Requirement:            10.312ns  (MaxDelay Path 10.312ns)
  Data Path Delay:        0.335ns  (logic 0.114ns (34.030%)  route 0.221ns (65.970%))
  Logic Levels:           0  
  Timing Exception:       MaxDelay Path 10.312ns -datapath_only

    Location             Delay type                Incr(ns)  Path(ns)    Netlist Resource(s)
  -------------------------------------------------------------------    -------------------
    SLICE_X55Y77                                      0.000     0.000 r  dbg_hub/inst/BSCANID.u_xsdbm_id/CORE_XSDB.UUT_MASTER/U_ICON_INTERFACE/U_CMD6_RD/U_RD_FIFO/SUBCORE_FIFO.xsdbm_v3_0_0_rdfifo_inst/inst_fifo_gen/gconvfifo.rf/grf.rf/gntv_or_sync_fifo.gcx.clkx/gnxpm_cdc.wr_pntr_gc_reg[0]/C
    SLICE_X55Y77         FDCE (Prop_DFF_SLICEL_C_Q)
                                                      0.114     0.114 r  dbg_hub/inst/BSCANID.u_xsdbm_id/CORE_XSDB.UUT_MASTER/U_ICON_INTERFACE/U_CMD6_RD/U_RD_FIFO/SUBCORE_FIFO.xsdbm_v3_0_0_rdfifo_inst/inst_fifo_gen/gconvfifo.rf/grf.rf/gntv_or_sync_fifo.gcx.clkx/gnxpm_cdc.wr_pntr_gc_reg[0]/Q
                         net (fo=1, routed)           0.221     0.335    dbg_hub/inst/BSCANID.u_xsdbm_id/CORE_XSDB.UUT_MASTER/U_ICON_INTERFACE/U_CMD6_RD/U_RD_FIFO/SUBCORE_FIFO.xsdbm_v3_0_0_rdfifo_inst/inst_fifo_gen/gconvfifo.rf/grf.rf/gntv_or_sync_fifo.gcx.clkx/gnxpm_cdc.gsync_stage[1].rd_stg_inst/Q[0]
    SLICE_X55Y76         FDCE                                         r  dbg_hub/inst/BSCANID.u_xsdbm_id/CORE_XSDB.UUT_MASTER/U_ICON_INTERFACE/U_CMD6_RD/U_RD_FIFO/SUBCORE_FIFO.xsdbm_v3_0_0_rdfifo_inst/inst_fifo_gen/gconvfifo.rf/grf.rf/gntv_or_sync_fifo.gcx.clkx/gnxpm_cdc.gsync_stage[1].rd_stg_inst/Q_reg_reg[0]/D
  -------------------------------------------------------------------    -------------------

                         max delay                   10.312    10.312    
    SLICE_X55Y76         FDCE (Setup_HFF2_SLICEL_C_D)
                                                      0.046    10.358    dbg_hub/inst/BSCANID.u_xsdbm_id/CORE_XSDB.UUT_MASTER/U_ICON_INTERFACE/U_CMD6_RD/U_RD_FIFO/SUBCORE_FIFO.xsdbm_v3_0_0_rdfifo_inst/inst_fifo_gen/gconvfifo.rf/grf.rf/gntv_or_sync_fifo.gcx.clkx/gnxpm_cdc.gsync_stage[1].rd_stg_inst/Q_reg_reg[0]
  -------------------------------------------------------------------
                         required time                         10.358    
                         arrival time                          -0.335    
  -------------------------------------------------------------------
                         slack                                 10.023    





---------------------------------------------------------------------------------------------------
Path Group:  **async_default**
From Clock:  clk_pl_0
  To Clock:  clk_pl_0

Setup :            0  Failing Endpoints,  Worst Slack        8.828ns,  Total Violation        0.000ns
Hold  :            0  Failing Endpoints,  Worst Slack        0.168ns,  Total Violation        0.000ns
---------------------------------------------------------------------------------------------------


Max Delay Paths
--------------------------------------------------------------------------------------
Slack (MET) :             8.828ns  (required time - arrival time)
  Source:                 dbg_hub/inst/BSCANID.u_xsdbm_id/CORE_XSDB.UUT_MASTER/U_ICON_INTERFACE/U_CMD1/ctl_reg_reg[0]/C
                            (rising edge-triggered cell FDRE clocked by clk_pl_0  {rise@0.000ns fall@5.156ns period=10.312ns})
  Destination:            dbg_hub/inst/BSCANID.u_xsdbm_id/CORE_XSDB.UUT_MASTER/U_XSDB_BUS_CONTROLLER/clr_rd_req_reg/CLR
                            (recovery check against rising-edge clock clk_pl_0  {rise@0.000ns fall@5.156ns period=10.312ns})
  Path Group:             **async_default**
  Path Type:              Recovery (Max at Slow Process Corner)
  Requirement:            10.312ns  (clk_pl_0 rise@10.312ns - clk_pl_0 rise@0.000ns)
  Data Path Delay:        1.176ns  (logic 0.113ns (9.607%)  route 1.063ns (90.393%))
  Logic Levels:           0  
  Clock Path Skew:        -0.056ns (DCD - SCD + CPR)
    Destination Clock Delay (DCD):    3.098ns = ( 13.410 - 10.312 ) 
    Source Clock Delay      (SCD):    3.463ns
    Clock Pessimism Removal (CPR):    0.310ns
  Clock Uncertainty:      0.159ns  ((TSJ^2 + DJ^2)^1/2) / 2 + PE
    Total System Jitter     (TSJ):    0.071ns
    Discrete Jitter          (DJ):    0.310ns
    Phase Error              (PE):    0.000ns
  Clock Net Delay (Source):      3.196ns (routing 1.681ns, distribution 1.515ns)
  Clock Net Delay (Destination): 2.882ns (routing 1.538ns, distribution 1.344ns)

    Location             Delay type                Incr(ns)  Path(ns)    Netlist Resource(s)
  -------------------------------------------------------------------    -------------------
                         (clock clk_pl_0 rise edge)
                                                      0.000     0.000 r  
    PS8_X0Y0             PS8                          0.000     0.000 r  mixer_i/zynq_ultra_ps_e_0/inst/PS8_i/PLCLK[0]
                         net (fo=1, routed)           0.229     0.229    mixer_i/zynq_ultra_ps_e_0/inst/pl_clk_unbuffered[0]
    BUFG_PS_X0Y90        BUFG_PS (Prop_BUFG_PS_I_O)
                                                      0.038     0.267 r  mixer_i/zynq_ultra_ps_e_0/inst/buffer_pl_clk_0.PL_CLK_0_BUFG/O
    X1Y1 (CLOCK_ROOT)    net (fo=19371, routed)       3.196     3.463    dbg_hub/inst/BSCANID.u_xsdbm_id/CORE_XSDB.UUT_MASTER/U_ICON_INTERFACE/U_CMD1/clk
    SLICE_X58Y75         FDRE                                         r  dbg_hub/inst/BSCANID.u_xsdbm_id/CORE_XSDB.UUT_MASTER/U_ICON_INTERFACE/U_CMD1/ctl_reg_reg[0]/C
  -------------------------------------------------------------------    -------------------
    SLICE_X58Y75         FDRE (Prop_EFF_SLICEM_C_Q)
                                                      0.113     3.576 f  dbg_hub/inst/BSCANID.u_xsdbm_id/CORE_XSDB.UUT_MASTER/U_ICON_INTERFACE/U_CMD1/ctl_reg_reg[0]/Q
                         net (fo=182, routed)         1.063     4.640    dbg_hub/inst/BSCANID.u_xsdbm_id/CORE_XSDB.UUT_MASTER/U_XSDB_BUS_CONTROLLER/out[0]
    SLICE_X58Y72         FDCE                                         f  dbg_hub/inst/BSCANID.u_xsdbm_id/CORE_XSDB.UUT_MASTER/U_XSDB_BUS_CONTROLLER/clr_rd_req_reg/CLR
  -------------------------------------------------------------------    -------------------

                         (clock clk_pl_0 rise edge)
                                                     10.312    10.312 r  
    PS8_X0Y0             PS8                          0.000    10.312 r  mixer_i/zynq_ultra_ps_e_0/inst/PS8_i/PLCLK[0]
                         net (fo=1, routed)           0.181    10.493    mixer_i/zynq_ultra_ps_e_0/inst/pl_clk_unbuffered[0]
    BUFG_PS_X0Y90        BUFG_PS (Prop_BUFG_PS_I_O)
                                                      0.035    10.528 r  mixer_i/zynq_ultra_ps_e_0/inst/buffer_pl_clk_0.PL_CLK_0_BUFG/O
    X1Y1 (CLOCK_ROOT)    net (fo=19371, routed)       2.882    13.410    dbg_hub/inst/BSCANID.u_xsdbm_id/CORE_XSDB.UUT_MASTER/U_XSDB_BUS_CONTROLLER/clk
    SLICE_X58Y72         FDCE                                         r  dbg_hub/inst/BSCANID.u_xsdbm_id/CORE_XSDB.UUT_MASTER/U_XSDB_BUS_CONTROLLER/clr_rd_req_reg/C
                         clock pessimism              0.310    13.720    
                         clock uncertainty           -0.159    13.561    
    SLICE_X58Y72         FDCE (Recov_HFF_SLICEM_C_CLR)
                                                     -0.093    13.468    dbg_hub/inst/BSCANID.u_xsdbm_id/CORE_XSDB.UUT_MASTER/U_XSDB_BUS_CONTROLLER/clr_rd_req_reg
  -------------------------------------------------------------------
                         required time                         13.468    
                         arrival time                          -4.640    
  -------------------------------------------------------------------
                         slack                                  8.828    

Slack (MET) :             8.828ns  (required time - arrival time)
  Source:                 dbg_hub/inst/BSCANID.u_xsdbm_id/CORE_XSDB.UUT_MASTER/U_ICON_INTERFACE/U_CMD1/ctl_reg_reg[0]/C
                            (rising edge-triggered cell FDRE clocked by clk_pl_0  {rise@0.000ns fall@5.156ns period=10.312ns})
  Destination:            dbg_hub/inst/BSCANID.u_xsdbm_id/CORE_XSDB.UUT_MASTER/U_XSDB_BUS_CONTROLLER/in_idle_mode_reg/CLR
                            (recovery check against rising-edge clock clk_pl_0  {rise@0.000ns fall@5.156ns period=10.312ns})
  Path Group:             **async_default**
  Path Type:              Recovery (Max at Slow Process Corner)
  Requirement:            10.312ns  (clk_pl_0 rise@10.312ns - clk_pl_0 rise@0.000ns)
  Data Path Delay:        1.176ns  (logic 0.113ns (9.607%)  route 1.063ns (90.393%))
  Logic Levels:           0  
  Clock Path Skew:        -0.056ns (DCD - SCD + CPR)
    Destination Clock Delay (DCD):    3.098ns = ( 13.410 - 10.312 ) 
    Source Clock Delay      (SCD):    3.463ns
    Clock Pessimism Removal (CPR):    0.310ns
  Clock Uncertainty:      0.159ns  ((TSJ^2 + DJ^2)^1/2) / 2 + PE
    Total System Jitter     (TSJ):    0.071ns
    Discrete Jitter          (DJ):    0.310ns
    Phase Error              (PE):    0.000ns
  Clock Net Delay (Source):      3.196ns (routing 1.681ns, distribution 1.515ns)
  Clock Net Delay (Destination): 2.882ns (routing 1.538ns, distribution 1.344ns)

    Location             Delay type                Incr(ns)  Path(ns)    Netlist Resource(s)
  -------------------------------------------------------------------    -------------------
                         (clock clk_pl_0 rise edge)
                                                      0.000     0.000 r  
    PS8_X0Y0             PS8                          0.000     0.000 r  mixer_i/zynq_ultra_ps_e_0/inst/PS8_i/PLCLK[0]
                         net (fo=1, routed)           0.229     0.229    mixer_i/zynq_ultra_ps_e_0/inst/pl_clk_unbuffered[0]
    BUFG_PS_X0Y90        BUFG_PS (Prop_BUFG_PS_I_O)
                                                      0.038     0.267 r  mixer_i/zynq_ultra_ps_e_0/inst/buffer_pl_clk_0.PL_CLK_0_BUFG/O
    X1Y1 (CLOCK_ROOT)    net (fo=19371, routed)       3.196     3.463    dbg_hub/inst/BSCANID.u_xsdbm_id/CORE_XSDB.UUT_MASTER/U_ICON_INTERFACE/U_CMD1/clk
    SLICE_X58Y75         FDRE                                         r  dbg_hub/inst/BSCANID.u_xsdbm_id/CORE_XSDB.UUT_MASTER/U_ICON_INTERFACE/U_CMD1/ctl_reg_reg[0]/C
  -------------------------------------------------------------------    -------------------
    SLICE_X58Y75         FDRE (Prop_EFF_SLICEM_C_Q)
                                                      0.113     3.576 f  dbg_hub/inst/BSCANID.u_xsdbm_id/CORE_XSDB.UUT_MASTER/U_ICON_INTERFACE/U_CMD1/ctl_reg_reg[0]/Q
                         net (fo=182, routed)         1.063     4.640    dbg_hub/inst/BSCANID.u_xsdbm_id/CORE_XSDB.UUT_MASTER/U_XSDB_BUS_CONTROLLER/out[0]
    SLICE_X58Y72         FDCE                                         f  dbg_hub/inst/BSCANID.u_xsdbm_id/CORE_XSDB.UUT_MASTER/U_XSDB_BUS_CONTROLLER/in_idle_mode_reg/CLR
  -------------------------------------------------------------------    -------------------

                         (clock clk_pl_0 rise edge)
                                                     10.312    10.312 r  
    PS8_X0Y0             PS8                          0.000    10.312 r  mixer_i/zynq_ultra_ps_e_0/inst/PS8_i/PLCLK[0]
                         net (fo=1, routed)           0.181    10.493    mixer_i/zynq_ultra_ps_e_0/inst/pl_clk_unbuffered[0]
    BUFG_PS_X0Y90        BUFG_PS (Prop_BUFG_PS_I_O)
                                                      0.035    10.528 r  mixer_i/zynq_ultra_ps_e_0/inst/buffer_pl_clk_0.PL_CLK_0_BUFG/O
    X1Y1 (CLOCK_ROOT)    net (fo=19371, routed)       2.882    13.410    dbg_hub/inst/BSCANID.u_xsdbm_id/CORE_XSDB.UUT_MASTER/U_XSDB_BUS_CONTROLLER/clk
    SLICE_X58Y72         FDCE                                         r  dbg_hub/inst/BSCANID.u_xsdbm_id/CORE_XSDB.UUT_MASTER/U_XSDB_BUS_CONTROLLER/in_idle_mode_reg/C
                         clock pessimism              0.310    13.720    
                         clock uncertainty           -0.159    13.561    
    SLICE_X58Y72         FDCE (Recov_GFF_SLICEM_C_CLR)
                                                     -0.093    13.468    dbg_hub/inst/BSCANID.u_xsdbm_id/CORE_XSDB.UUT_MASTER/U_XSDB_BUS_CONTROLLER/in_idle_mode_reg
  -------------------------------------------------------------------
                         required time                         13.468    
                         arrival time                          -4.640    
  -------------------------------------------------------------------
                         slack                                  8.828    

Slack (MET) :             8.958ns  (required time - arrival time)
  Source:                 dbg_hub/inst/BSCANID.u_xsdbm_id/CORE_XSDB.UUT_MASTER/U_ICON_INTERFACE/U_CMD1/ctl_reg_reg[0]/C
                            (rising edge-triggered cell FDRE clocked by clk_pl_0  {rise@0.000ns fall@5.156ns period=10.312ns})
  Destination:            dbg_hub/inst/BSCANID.u_xsdbm_id/CORE_XSDB.UUT_MASTER/U_XSDB_BUS_CONTROLLER/sl_berr_r_reg[0]/CLR
                            (recovery check against rising-edge clock clk_pl_0  {rise@0.000ns fall@5.156ns period=10.312ns})
  Path Group:             **async_default**
  Path Type:              Recovery (Max at Slow Process Corner)
  Requirement:            10.312ns  (clk_pl_0 rise@10.312ns - clk_pl_0 rise@0.000ns)
  Data Path Delay:        1.046ns  (logic 0.113ns (10.805%)  route 0.933ns (89.195%))
  Logic Levels:           0  
  Clock Path Skew:        -0.056ns (DCD - SCD + CPR)
    Destination Clock Delay (DCD):    3.098ns = ( 13.410 - 10.312 ) 
    Source Clock Delay      (SCD):    3.463ns
    Clock Pessimism Removal (CPR):    0.310ns
  Clock Uncertainty:      0.159ns  ((TSJ^2 + DJ^2)^1/2) / 2 + PE
    Total System Jitter     (TSJ):    0.071ns
    Discrete Jitter          (DJ):    0.310ns
    Phase Error              (PE):    0.000ns
  Clock Net Delay (Source):      3.196ns (routing 1.681ns, distribution 1.515ns)
  Clock Net Delay (Destination): 2.882ns (routing 1.538ns, distribution 1.344ns)

    Location             Delay type                Incr(ns)  Path(ns)    Netlist Resource(s)
  -------------------------------------------------------------------    -------------------
                         (clock clk_pl_0 rise edge)
                                                      0.000     0.000 r  
    PS8_X0Y0             PS8                          0.000     0.000 r  mixer_i/zynq_ultra_ps_e_0/inst/PS8_i/PLCLK[0]
                         net (fo=1, routed)           0.229     0.229    mixer_i/zynq_ultra_ps_e_0/inst/pl_clk_unbuffered[0]
    BUFG_PS_X0Y90        BUFG_PS (Prop_BUFG_PS_I_O)
                                                      0.038     0.267 r  mixer_i/zynq_ultra_ps_e_0/inst/buffer_pl_clk_0.PL_CLK_0_BUFG/O
    X1Y1 (CLOCK_ROOT)    net (fo=19371, routed)       3.196     3.463    dbg_hub/inst/BSCANID.u_xsdbm_id/CORE_XSDB.UUT_MASTER/U_ICON_INTERFACE/U_CMD1/clk
    SLICE_X58Y75         FDRE                                         r  dbg_hub/inst/BSCANID.u_xsdbm_id/CORE_XSDB.UUT_MASTER/U_ICON_INTERFACE/U_CMD1/ctl_reg_reg[0]/C
  -------------------------------------------------------------------    -------------------
    SLICE_X58Y75         FDRE (Prop_EFF_SLICEM_C_Q)
                                                      0.113     3.576 f  dbg_hub/inst/BSCANID.u_xsdbm_id/CORE_XSDB.UUT_MASTER/U_ICON_INTERFACE/U_CMD1/ctl_reg_reg[0]/Q
                         net (fo=182, routed)         0.933     4.509    dbg_hub/inst/BSCANID.u_xsdbm_id/CORE_XSDB.UUT_MASTER/U_XSDB_BUS_CONTROLLER/out[0]
    SLICE_X58Y73         FDCE                                         f  dbg_hub/inst/BSCANID.u_xsdbm_id/CORE_XSDB.UUT_MASTER/U_XSDB_BUS_CONTROLLER/sl_berr_r_reg[0]/CLR
  -------------------------------------------------------------------    -------------------

                         (clock clk_pl_0 rise edge)
                                                     10.312    10.312 r  
    PS8_X0Y0             PS8                          0.000    10.312 r  mixer_i/zynq_ultra_ps_e_0/inst/PS8_i/PLCLK[0]
                         net (fo=1, routed)           0.181    10.493    mixer_i/zynq_ultra_ps_e_0/inst/pl_clk_unbuffered[0]
    BUFG_PS_X0Y90        BUFG_PS (Prop_BUFG_PS_I_O)
                                                      0.035    10.528 r  mixer_i/zynq_ultra_ps_e_0/inst/buffer_pl_clk_0.PL_CLK_0_BUFG/O
    X1Y1 (CLOCK_ROOT)    net (fo=19371, routed)       2.882    13.410    dbg_hub/inst/BSCANID.u_xsdbm_id/CORE_XSDB.UUT_MASTER/U_XSDB_BUS_CONTROLLER/clk
    SLICE_X58Y73         FDCE                                         r  dbg_hub/inst/BSCANID.u_xsdbm_id/CORE_XSDB.UUT_MASTER/U_XSDB_BUS_CONTROLLER/sl_berr_r_reg[0]/C
                         clock pessimism              0.310    13.720    
                         clock uncertainty           -0.159    13.561    
    SLICE_X58Y73         FDCE (Recov_DFF_SLICEM_C_CLR)
                                                     -0.093    13.468    dbg_hub/inst/BSCANID.u_xsdbm_id/CORE_XSDB.UUT_MASTER/U_XSDB_BUS_CONTROLLER/sl_berr_r_reg[0]
  -------------------------------------------------------------------
                         required time                         13.468    
                         arrival time                          -4.509    
  -------------------------------------------------------------------
                         slack                                  8.958    

Slack (MET) :             8.958ns  (required time - arrival time)
  Source:                 dbg_hub/inst/BSCANID.u_xsdbm_id/CORE_XSDB.UUT_MASTER/U_ICON_INTERFACE/U_CMD1/ctl_reg_reg[0]/C
                            (rising edge-triggered cell FDRE clocked by clk_pl_0  {rise@0.000ns fall@5.156ns period=10.312ns})
  Destination:            dbg_hub/inst/BSCANID.u_xsdbm_id/CORE_XSDB.UUT_MASTER/U_XSDB_BUS_CONTROLLER/sl_berr_r_reg[1]/CLR
                            (recovery check against rising-edge clock clk_pl_0  {rise@0.000ns fall@5.156ns period=10.312ns})
  Path Group:             **async_default**
  Path Type:              Recovery (Max at Slow Process Corner)
  Requirement:            10.312ns  (clk_pl_0 rise@10.312ns - clk_pl_0 rise@0.000ns)
  Data Path Delay:        1.046ns  (logic 0.113ns (10.805%)  route 0.933ns (89.195%))
  Logic Levels:           0  
  Clock Path Skew:        -0.056ns (DCD - SCD + CPR)
    Destination Clock Delay (DCD):    3.098ns = ( 13.410 - 10.312 ) 
    Source Clock Delay      (SCD):    3.463ns
    Clock Pessimism Removal (CPR):    0.310ns
  Clock Uncertainty:      0.159ns  ((TSJ^2 + DJ^2)^1/2) / 2 + PE
    Total System Jitter     (TSJ):    0.071ns
    Discrete Jitter          (DJ):    0.310ns
    Phase Error              (PE):    0.000ns
  Clock Net Delay (Source):      3.196ns (routing 1.681ns, distribution 1.515ns)
  Clock Net Delay (Destination): 2.882ns (routing 1.538ns, distribution 1.344ns)

    Location             Delay type                Incr(ns)  Path(ns)    Netlist Resource(s)
  -------------------------------------------------------------------    -------------------
                         (clock clk_pl_0 rise edge)
                                                      0.000     0.000 r  
    PS8_X0Y0             PS8                          0.000     0.000 r  mixer_i/zynq_ultra_ps_e_0/inst/PS8_i/PLCLK[0]
                         net (fo=1, routed)           0.229     0.229    mixer_i/zynq_ultra_ps_e_0/inst/pl_clk_unbuffered[0]
    BUFG_PS_X0Y90        BUFG_PS (Prop_BUFG_PS_I_O)
                                                      0.038     0.267 r  mixer_i/zynq_ultra_ps_e_0/inst/buffer_pl_clk_0.PL_CLK_0_BUFG/O
    X1Y1 (CLOCK_ROOT)    net (fo=19371, routed)       3.196     3.463    dbg_hub/inst/BSCANID.u_xsdbm_id/CORE_XSDB.UUT_MASTER/U_ICON_INTERFACE/U_CMD1/clk
    SLICE_X58Y75         FDRE                                         r  dbg_hub/inst/BSCANID.u_xsdbm_id/CORE_XSDB.UUT_MASTER/U_ICON_INTERFACE/U_CMD1/ctl_reg_reg[0]/C
  -------------------------------------------------------------------    -------------------
    SLICE_X58Y75         FDRE (Prop_EFF_SLICEM_C_Q)
                                                      0.113     3.576 f  dbg_hub/inst/BSCANID.u_xsdbm_id/CORE_XSDB.UUT_MASTER/U_ICON_INTERFACE/U_CMD1/ctl_reg_reg[0]/Q
                         net (fo=182, routed)         0.933     4.509    dbg_hub/inst/BSCANID.u_xsdbm_id/CORE_XSDB.UUT_MASTER/U_XSDB_BUS_CONTROLLER/out[0]
    SLICE_X58Y73         FDCE                                         f  dbg_hub/inst/BSCANID.u_xsdbm_id/CORE_XSDB.UUT_MASTER/U_XSDB_BUS_CONTROLLER/sl_berr_r_reg[1]/CLR
  -------------------------------------------------------------------    -------------------

                         (clock clk_pl_0 rise edge)
                                                     10.312    10.312 r  
    PS8_X0Y0             PS8                          0.000    10.312 r  mixer_i/zynq_ultra_ps_e_0/inst/PS8_i/PLCLK[0]
                         net (fo=1, routed)           0.181    10.493    mixer_i/zynq_ultra_ps_e_0/inst/pl_clk_unbuffered[0]
    BUFG_PS_X0Y90        BUFG_PS (Prop_BUFG_PS_I_O)
                                                      0.035    10.528 r  mixer_i/zynq_ultra_ps_e_0/inst/buffer_pl_clk_0.PL_CLK_0_BUFG/O
    X1Y1 (CLOCK_ROOT)    net (fo=19371, routed)       2.882    13.410    dbg_hub/inst/BSCANID.u_xsdbm_id/CORE_XSDB.UUT_MASTER/U_XSDB_BUS_CONTROLLER/clk
    SLICE_X58Y73         FDCE                                         r  dbg_hub/inst/BSCANID.u_xsdbm_id/CORE_XSDB.UUT_MASTER/U_XSDB_BUS_CONTROLLER/sl_berr_r_reg[1]/C
                         clock pessimism              0.310    13.720    
                         clock uncertainty           -0.159    13.561    
    SLICE_X58Y73         FDCE (Recov_DFF2_SLICEM_C_CLR)
                                                     -0.093    13.468    dbg_hub/inst/BSCANID.u_xsdbm_id/CORE_XSDB.UUT_MASTER/U_XSDB_BUS_CONTROLLER/sl_berr_r_reg[1]
  -------------------------------------------------------------------
                         required time                         13.468    
                         arrival time                          -4.509    
  -------------------------------------------------------------------
                         slack                                  8.958    

Slack (MET) :             8.961ns  (required time - arrival time)
  Source:                 dbg_hub/inst/BSCANID.u_xsdbm_id/CORE_XSDB.UUT_MASTER/U_ICON_INTERFACE/U_CMD1/ctl_reg_reg[0]/C
                            (rising edge-triggered cell FDRE clocked by clk_pl_0  {rise@0.000ns fall@5.156ns period=10.312ns})
  Destination:            dbg_hub/inst/BSCANID.u_xsdbm_id/CORE_XSDB.UUT_MASTER/U_XSDB_BUS_CONTROLLER/active_sl_den_mask_reg[0]/CLR
                            (recovery check against rising-edge clock clk_pl_0  {rise@0.000ns fall@5.156ns period=10.312ns})
  Path Group:             **async_default**
  Path Type:              Recovery (Max at Slow Process Corner)
  Requirement:            10.312ns  (clk_pl_0 rise@10.312ns - clk_pl_0 rise@0.000ns)
  Data Path Delay:        1.043ns  (logic 0.113ns (10.836%)  route 0.930ns (89.164%))
  Logic Levels:           0  
  Clock Path Skew:        -0.056ns (DCD - SCD + CPR)
    Destination Clock Delay (DCD):    3.098ns = ( 13.410 - 10.312 ) 
    Source Clock Delay      (SCD):    3.463ns
    Clock Pessimism Removal (CPR):    0.310ns
  Clock Uncertainty:      0.159ns  ((TSJ^2 + DJ^2)^1/2) / 2 + PE
    Total System Jitter     (TSJ):    0.071ns
    Discrete Jitter          (DJ):    0.310ns
    Phase Error              (PE):    0.000ns
  Clock Net Delay (Source):      3.196ns (routing 1.681ns, distribution 1.515ns)
  Clock Net Delay (Destination): 2.882ns (routing 1.538ns, distribution 1.344ns)

    Location             Delay type                Incr(ns)  Path(ns)    Netlist Resource(s)
  -------------------------------------------------------------------    -------------------
                         (clock clk_pl_0 rise edge)
                                                      0.000     0.000 r  
    PS8_X0Y0             PS8                          0.000     0.000 r  mixer_i/zynq_ultra_ps_e_0/inst/PS8_i/PLCLK[0]
                         net (fo=1, routed)           0.229     0.229    mixer_i/zynq_ultra_ps_e_0/inst/pl_clk_unbuffered[0]
    BUFG_PS_X0Y90        BUFG_PS (Prop_BUFG_PS_I_O)
                                                      0.038     0.267 r  mixer_i/zynq_ultra_ps_e_0/inst/buffer_pl_clk_0.PL_CLK_0_BUFG/O
    X1Y1 (CLOCK_ROOT)    net (fo=19371, routed)       3.196     3.463    dbg_hub/inst/BSCANID.u_xsdbm_id/CORE_XSDB.UUT_MASTER/U_ICON_INTERFACE/U_CMD1/clk
    SLICE_X58Y75         FDRE                                         r  dbg_hub/inst/BSCANID.u_xsdbm_id/CORE_XSDB.UUT_MASTER/U_ICON_INTERFACE/U_CMD1/ctl_reg_reg[0]/C
  -------------------------------------------------------------------    -------------------
    SLICE_X58Y75         FDRE (Prop_EFF_SLICEM_C_Q)
                                                      0.113     3.576 f  dbg_hub/inst/BSCANID.u_xsdbm_id/CORE_XSDB.UUT_MASTER/U_ICON_INTERFACE/U_CMD1/ctl_reg_reg[0]/Q
                         net (fo=182, routed)         0.930     4.506    dbg_hub/inst/BSCANID.u_xsdbm_id/CORE_XSDB.UUT_MASTER/U_XSDB_BUS_CONTROLLER/out[0]
    SLICE_X58Y73         FDCE                                         f  dbg_hub/inst/BSCANID.u_xsdbm_id/CORE_XSDB.UUT_MASTER/U_XSDB_BUS_CONTROLLER/active_sl_den_mask_reg[0]/CLR
  -------------------------------------------------------------------    -------------------

                         (clock clk_pl_0 rise edge)
                                                     10.312    10.312 r  
    PS8_X0Y0             PS8                          0.000    10.312 r  mixer_i/zynq_ultra_ps_e_0/inst/PS8_i/PLCLK[0]
                         net (fo=1, routed)           0.181    10.493    mixer_i/zynq_ultra_ps_e_0/inst/pl_clk_unbuffered[0]
    BUFG_PS_X0Y90        BUFG_PS (Prop_BUFG_PS_I_O)
                                                      0.035    10.528 r  mixer_i/zynq_ultra_ps_e_0/inst/buffer_pl_clk_0.PL_CLK_0_BUFG/O
    X1Y1 (CLOCK_ROOT)    net (fo=19371, routed)       2.882    13.410    dbg_hub/inst/BSCANID.u_xsdbm_id/CORE_XSDB.UUT_MASTER/U_XSDB_BUS_CONTROLLER/clk
    SLICE_X58Y73         FDCE                                         r  dbg_hub/inst/BSCANID.u_xsdbm_id/CORE_XSDB.UUT_MASTER/U_XSDB_BUS_CONTROLLER/active_sl_den_mask_reg[0]/C
                         clock pessimism              0.310    13.720    
                         clock uncertainty           -0.159    13.561    
    SLICE_X58Y73         FDCE (Recov_HFF_SLICEM_C_CLR)
                                                     -0.093    13.468    dbg_hub/inst/BSCANID.u_xsdbm_id/CORE_XSDB.UUT_MASTER/U_XSDB_BUS_CONTROLLER/active_sl_den_mask_reg[0]
  -------------------------------------------------------------------
                         required time                         13.468    
                         arrival time                          -4.506    
  -------------------------------------------------------------------
                         slack                                  8.961    

Slack (MET) :             8.961ns  (required time - arrival time)
  Source:                 dbg_hub/inst/BSCANID.u_xsdbm_id/CORE_XSDB.UUT_MASTER/U_ICON_INTERFACE/U_CMD1/ctl_reg_reg[0]/C
                            (rising edge-triggered cell FDRE clocked by clk_pl_0  {rise@0.000ns fall@5.156ns period=10.312ns})
  Destination:            dbg_hub/inst/BSCANID.u_xsdbm_id/CORE_XSDB.UUT_MASTER/U_XSDB_BUS_CONTROLLER/active_sl_den_mask_reg[1]/CLR
                            (recovery check against rising-edge clock clk_pl_0  {rise@0.000ns fall@5.156ns period=10.312ns})
  Path Group:             **async_default**
  Path Type:              Recovery (Max at Slow Process Corner)
  Requirement:            10.312ns  (clk_pl_0 rise@10.312ns - clk_pl_0 rise@0.000ns)
  Data Path Delay:        1.043ns  (logic 0.113ns (10.836%)  route 0.930ns (89.164%))
  Logic Levels:           0  
  Clock Path Skew:        -0.056ns (DCD - SCD + CPR)
    Destination Clock Delay (DCD):    3.098ns = ( 13.410 - 10.312 ) 
    Source Clock Delay      (SCD):    3.463ns
    Clock Pessimism Removal (CPR):    0.310ns
  Clock Uncertainty:      0.159ns  ((TSJ^2 + DJ^2)^1/2) / 2 + PE
    Total System Jitter     (TSJ):    0.071ns
    Discrete Jitter          (DJ):    0.310ns
    Phase Error              (PE):    0.000ns
  Clock Net Delay (Source):      3.196ns (routing 1.681ns, distribution 1.515ns)
  Clock Net Delay (Destination): 2.882ns (routing 1.538ns, distribution 1.344ns)

    Location             Delay type                Incr(ns)  Path(ns)    Netlist Resource(s)
  -------------------------------------------------------------------    -------------------
                         (clock clk_pl_0 rise edge)
                                                      0.000     0.000 r  
    PS8_X0Y0             PS8                          0.000     0.000 r  mixer_i/zynq_ultra_ps_e_0/inst/PS8_i/PLCLK[0]
                         net (fo=1, routed)           0.229     0.229    mixer_i/zynq_ultra_ps_e_0/inst/pl_clk_unbuffered[0]
    BUFG_PS_X0Y90        BUFG_PS (Prop_BUFG_PS_I_O)
                                                      0.038     0.267 r  mixer_i/zynq_ultra_ps_e_0/inst/buffer_pl_clk_0.PL_CLK_0_BUFG/O
    X1Y1 (CLOCK_ROOT)    net (fo=19371, routed)       3.196     3.463    dbg_hub/inst/BSCANID.u_xsdbm_id/CORE_XSDB.UUT_MASTER/U_ICON_INTERFACE/U_CMD1/clk
    SLICE_X58Y75         FDRE                                         r  dbg_hub/inst/BSCANID.u_xsdbm_id/CORE_XSDB.UUT_MASTER/U_ICON_INTERFACE/U_CMD1/ctl_reg_reg[0]/C
  -------------------------------------------------------------------    -------------------
    SLICE_X58Y75         FDRE (Prop_EFF_SLICEM_C_Q)
                                                      0.113     3.576 f  dbg_hub/inst/BSCANID.u_xsdbm_id/CORE_XSDB.UUT_MASTER/U_ICON_INTERFACE/U_CMD1/ctl_reg_reg[0]/Q
                         net (fo=182, routed)         0.930     4.506    dbg_hub/inst/BSCANID.u_xsdbm_id/CORE_XSDB.UUT_MASTER/U_XSDB_BUS_CONTROLLER/out[0]
    SLICE_X58Y73         FDCE                                         f  dbg_hub/inst/BSCANID.u_xsdbm_id/CORE_XSDB.UUT_MASTER/U_XSDB_BUS_CONTROLLER/active_sl_den_mask_reg[1]/CLR
  -------------------------------------------------------------------    -------------------

                         (clock clk_pl_0 rise edge)
                                                     10.312    10.312 r  
    PS8_X0Y0             PS8                          0.000    10.312 r  mixer_i/zynq_ultra_ps_e_0/inst/PS8_i/PLCLK[0]
                         net (fo=1, routed)           0.181    10.493    mixer_i/zynq_ultra_ps_e_0/inst/pl_clk_unbuffered[0]
    BUFG_PS_X0Y90        BUFG_PS (Prop_BUFG_PS_I_O)
                                                      0.035    10.528 r  mixer_i/zynq_ultra_ps_e_0/inst/buffer_pl_clk_0.PL_CLK_0_BUFG/O
    X1Y1 (CLOCK_ROOT)    net (fo=19371, routed)       2.882    13.410    dbg_hub/inst/BSCANID.u_xsdbm_id/CORE_XSDB.UUT_MASTER/U_XSDB_BUS_CONTROLLER/clk
    SLICE_X58Y73         FDCE                                         r  dbg_hub/inst/BSCANID.u_xsdbm_id/CORE_XSDB.UUT_MASTER/U_XSDB_BUS_CONTROLLER/active_sl_den_mask_reg[1]/C
                         clock pessimism              0.310    13.720    
                         clock uncertainty           -0.159    13.561    
    SLICE_X58Y73         FDCE (Recov_HFF2_SLICEM_C_CLR)
                                                     -0.093    13.468    dbg_hub/inst/BSCANID.u_xsdbm_id/CORE_XSDB.UUT_MASTER/U_XSDB_BUS_CONTROLLER/active_sl_den_mask_reg[1]
  -------------------------------------------------------------------
                         required time                         13.468    
                         arrival time                          -4.506    
  -------------------------------------------------------------------
                         slack                                  8.961    

Slack (MET) :             8.998ns  (required time - arrival time)
  Source:                 dbg_hub/inst/BSCANID.u_xsdbm_id/CORE_XSDB.UUT_MASTER/U_ICON_INTERFACE/U_CMD6_RD/U_RD_FIFO/SUBCORE_FIFO.xsdbm_v3_0_0_rdfifo_inst/inst_fifo_gen/gconvfifo.rf/grf.rf/rstblk/ngwrdrst.grst.g7serrst.wr_rst_asreg_reg/C
                            (rising edge-triggered cell FDPE clocked by clk_pl_0  {rise@0.000ns fall@5.156ns period=10.312ns})
  Destination:            dbg_hub/inst/BSCANID.u_xsdbm_id/CORE_XSDB.UUT_MASTER/U_ICON_INTERFACE/U_CMD6_RD/U_RD_FIFO/SUBCORE_FIFO.xsdbm_v3_0_0_rdfifo_inst/inst_fifo_gen/gconvfifo.rf/grf.rf/rstblk/ngwrdrst.grst.g7serrst.wr_rst_reg_reg[0]/PRE
                            (recovery check against rising-edge clock clk_pl_0  {rise@0.000ns fall@5.156ns period=10.312ns})
  Path Group:             **async_default**
  Path Type:              Recovery (Max at Slow Process Corner)
  Requirement:            10.312ns  (clk_pl_0 rise@10.312ns - clk_pl_0 rise@0.000ns)
  Data Path Delay:        0.963ns  (logic 0.268ns (27.837%)  route 0.695ns (72.163%))
  Logic Levels:           1  (LUT2=1)
  Clock Path Skew:        -0.100ns (DCD - SCD + CPR)
    Destination Clock Delay (DCD):    3.101ns = ( 13.413 - 10.312 ) 
    Source Clock Delay      (SCD):    3.448ns
    Clock Pessimism Removal (CPR):    0.248ns
  Clock Uncertainty:      0.159ns  ((TSJ^2 + DJ^2)^1/2) / 2 + PE
    Total System Jitter     (TSJ):    0.071ns
    Discrete Jitter          (DJ):    0.310ns
    Phase Error              (PE):    0.000ns
  Clock Net Delay (Source):      3.181ns (routing 1.681ns, distribution 1.500ns)
  Clock Net Delay (Destination): 2.885ns (routing 1.538ns, distribution 1.347ns)

    Location             Delay type                Incr(ns)  Path(ns)    Netlist Resource(s)
  -------------------------------------------------------------------    -------------------
                         (clock clk_pl_0 rise edge)
                                                      0.000     0.000 r  
    PS8_X0Y0             PS8                          0.000     0.000 r  mixer_i/zynq_ultra_ps_e_0/inst/PS8_i/PLCLK[0]
                         net (fo=1, routed)           0.229     0.229    mixer_i/zynq_ultra_ps_e_0/inst/pl_clk_unbuffered[0]
    BUFG_PS_X0Y90        BUFG_PS (Prop_BUFG_PS_I_O)
                                                      0.038     0.267 r  mixer_i/zynq_ultra_ps_e_0/inst/buffer_pl_clk_0.PL_CLK_0_BUFG/O
    X1Y1 (CLOCK_ROOT)    net (fo=19371, routed)       3.181     3.448    dbg_hub/inst/BSCANID.u_xsdbm_id/CORE_XSDB.UUT_MASTER/U_ICON_INTERFACE/U_CMD6_RD/U_RD_FIFO/SUBCORE_FIFO.xsdbm_v3_0_0_rdfifo_inst/inst_fifo_gen/gconvfifo.rf/grf.rf/rstblk/wr_clk
    SLICE_X59Y78         FDPE                                         r  dbg_hub/inst/BSCANID.u_xsdbm_id/CORE_XSDB.UUT_MASTER/U_ICON_INTERFACE/U_CMD6_RD/U_RD_FIFO/SUBCORE_FIFO.xsdbm_v3_0_0_rdfifo_inst/inst_fifo_gen/gconvfifo.rf/grf.rf/rstblk/ngwrdrst.grst.g7serrst.wr_rst_asreg_reg/C
  -------------------------------------------------------------------    -------------------
    SLICE_X59Y78         FDPE (Prop_DFF2_SLICEL_C_Q)
                                                      0.115     3.563 f  dbg_hub/inst/BSCANID.u_xsdbm_id/CORE_XSDB.UUT_MASTER/U_ICON_INTERFACE/U_CMD6_RD/U_RD_FIFO/SUBCORE_FIFO.xsdbm_v3_0_0_rdfifo_inst/inst_fifo_gen/gconvfifo.rf/grf.rf/rstblk/ngwrdrst.grst.g7serrst.wr_rst_asreg_reg/Q
                         net (fo=3, routed)           0.284     3.847    dbg_hub/inst/BSCANID.u_xsdbm_id/CORE_XSDB.UUT_MASTER/U_ICON_INTERFACE/U_CMD6_RD/U_RD_FIFO/SUBCORE_FIFO.xsdbm_v3_0_0_rdfifo_inst/inst_fifo_gen/gconvfifo.rf/grf.rf/rstblk/ngwrdrst.grst.g7serrst.gwrrd_rst_sync_stage[2].wrst_inst/in0[0]
    SLICE_X59Y78         LUT2 (Prop_H6LUT_SLICEL_I0_O)
                                                      0.153     4.000 f  dbg_hub/inst/BSCANID.u_xsdbm_id/CORE_XSDB.UUT_MASTER/U_ICON_INTERFACE/U_CMD6_RD/U_RD_FIFO/SUBCORE_FIFO.xsdbm_v3_0_0_rdfifo_inst/inst_fifo_gen/gconvfifo.rf/grf.rf/rstblk/ngwrdrst.grst.g7serrst.gwrrd_rst_sync_stage[2].wrst_inst/ngwrdrst.grst.g7serrst.wr_rst_reg[2]_i_1/O
                         net (fo=3, routed)           0.411     4.411    dbg_hub/inst/BSCANID.u_xsdbm_id/CORE_XSDB.UUT_MASTER/U_ICON_INTERFACE/U_CMD6_RD/U_RD_FIFO/SUBCORE_FIFO.xsdbm_v3_0_0_rdfifo_inst/inst_fifo_gen/gconvfifo.rf/grf.rf/rstblk/wr_rst_comb
    SLICE_X57Y77         FDPE                                         f  dbg_hub/inst/BSCANID.u_xsdbm_id/CORE_XSDB.UUT_MASTER/U_ICON_INTERFACE/U_CMD6_RD/U_RD_FIFO/SUBCORE_FIFO.xsdbm_v3_0_0_rdfifo_inst/inst_fifo_gen/gconvfifo.rf/grf.rf/rstblk/ngwrdrst.grst.g7serrst.wr_rst_reg_reg[0]/PRE
  -------------------------------------------------------------------    -------------------

                         (clock clk_pl_0 rise edge)
                                                     10.312    10.312 r  
    PS8_X0Y0             PS8                          0.000    10.312 r  mixer_i/zynq_ultra_ps_e_0/inst/PS8_i/PLCLK[0]
                         net (fo=1, routed)           0.181    10.493    mixer_i/zynq_ultra_ps_e_0/inst/pl_clk_unbuffered[0]
    BUFG_PS_X0Y90        BUFG_PS (Prop_BUFG_PS_I_O)
                                                      0.035    10.528 r  mixer_i/zynq_ultra_ps_e_0/inst/buffer_pl_clk_0.PL_CLK_0_BUFG/O
    X1Y1 (CLOCK_ROOT)    net (fo=19371, routed)       2.885    13.413    dbg_hub/inst/BSCANID.u_xsdbm_id/CORE_XSDB.UUT_MASTER/U_ICON_INTERFACE/U_CMD6_RD/U_RD_FIFO/SUBCORE_FIFO.xsdbm_v3_0_0_rdfifo_inst/inst_fifo_gen/gconvfifo.rf/grf.rf/rstblk/wr_clk
    SLICE_X57Y77         FDPE                                         r  dbg_hub/inst/BSCANID.u_xsdbm_id/CORE_XSDB.UUT_MASTER/U_ICON_INTERFACE/U_CMD6_RD/U_RD_FIFO/SUBCORE_FIFO.xsdbm_v3_0_0_rdfifo_inst/inst_fifo_gen/gconvfifo.rf/grf.rf/rstblk/ngwrdrst.grst.g7serrst.wr_rst_reg_reg[0]/C
                         clock pessimism              0.248    13.661    
                         clock uncertainty           -0.159    13.502    
    SLICE_X57Y77         FDPE (Recov_EFF_SLICEL_C_PRE)
                                                     -0.093    13.409    dbg_hub/inst/BSCANID.u_xsdbm_id/CORE_XSDB.UUT_MASTER/U_ICON_INTERFACE/U_CMD6_RD/U_RD_FIFO/SUBCORE_FIFO.xsdbm_v3_0_0_rdfifo_inst/inst_fifo_gen/gconvfifo.rf/grf.rf/rstblk/ngwrdrst.grst.g7serrst.wr_rst_reg_reg[0]
  -------------------------------------------------------------------
                         required time                         13.409    
                         arrival time                          -4.411    
  -------------------------------------------------------------------
                         slack                                  8.998    

Slack (MET) :             8.998ns  (required time - arrival time)
  Source:                 dbg_hub/inst/BSCANID.u_xsdbm_id/CORE_XSDB.UUT_MASTER/U_ICON_INTERFACE/U_CMD6_RD/U_RD_FIFO/SUBCORE_FIFO.xsdbm_v3_0_0_rdfifo_inst/inst_fifo_gen/gconvfifo.rf/grf.rf/rstblk/ngwrdrst.grst.g7serrst.wr_rst_asreg_reg/C
                            (rising edge-triggered cell FDPE clocked by clk_pl_0  {rise@0.000ns fall@5.156ns period=10.312ns})
  Destination:            dbg_hub/inst/BSCANID.u_xsdbm_id/CORE_XSDB.UUT_MASTER/U_ICON_INTERFACE/U_CMD6_RD/U_RD_FIFO/SUBCORE_FIFO.xsdbm_v3_0_0_rdfifo_inst/inst_fifo_gen/gconvfifo.rf/grf.rf/rstblk/ngwrdrst.grst.g7serrst.wr_rst_reg_reg[1]/PRE
                            (recovery check against rising-edge clock clk_pl_0  {rise@0.000ns fall@5.156ns period=10.312ns})
  Path Group:             **async_default**
  Path Type:              Recovery (Max at Slow Process Corner)
  Requirement:            10.312ns  (clk_pl_0 rise@10.312ns - clk_pl_0 rise@0.000ns)
  Data Path Delay:        0.963ns  (logic 0.268ns (27.837%)  route 0.695ns (72.163%))
  Logic Levels:           1  (LUT2=1)
  Clock Path Skew:        -0.100ns (DCD - SCD + CPR)
    Destination Clock Delay (DCD):    3.101ns = ( 13.413 - 10.312 ) 
    Source Clock Delay      (SCD):    3.448ns
    Clock Pessimism Removal (CPR):    0.248ns
  Clock Uncertainty:      0.159ns  ((TSJ^2 + DJ^2)^1/2) / 2 + PE
    Total System Jitter     (TSJ):    0.071ns
    Discrete Jitter          (DJ):    0.310ns
    Phase Error              (PE):    0.000ns
  Clock Net Delay (Source):      3.181ns (routing 1.681ns, distribution 1.500ns)
  Clock Net Delay (Destination): 2.885ns (routing 1.538ns, distribution 1.347ns)

    Location             Delay type                Incr(ns)  Path(ns)    Netlist Resource(s)
  -------------------------------------------------------------------    -------------------
                         (clock clk_pl_0 rise edge)
                                                      0.000     0.000 r  
    PS8_X0Y0             PS8                          0.000     0.000 r  mixer_i/zynq_ultra_ps_e_0/inst/PS8_i/PLCLK[0]
                         net (fo=1, routed)           0.229     0.229    mixer_i/zynq_ultra_ps_e_0/inst/pl_clk_unbuffered[0]
    BUFG_PS_X0Y90        BUFG_PS (Prop_BUFG_PS_I_O)
                                                      0.038     0.267 r  mixer_i/zynq_ultra_ps_e_0/inst/buffer_pl_clk_0.PL_CLK_0_BUFG/O
    X1Y1 (CLOCK_ROOT)    net (fo=19371, routed)       3.181     3.448    dbg_hub/inst/BSCANID.u_xsdbm_id/CORE_XSDB.UUT_MASTER/U_ICON_INTERFACE/U_CMD6_RD/U_RD_FIFO/SUBCORE_FIFO.xsdbm_v3_0_0_rdfifo_inst/inst_fifo_gen/gconvfifo.rf/grf.rf/rstblk/wr_clk
    SLICE_X59Y78         FDPE                                         r  dbg_hub/inst/BSCANID.u_xsdbm_id/CORE_XSDB.UUT_MASTER/U_ICON_INTERFACE/U_CMD6_RD/U_RD_FIFO/SUBCORE_FIFO.xsdbm_v3_0_0_rdfifo_inst/inst_fifo_gen/gconvfifo.rf/grf.rf/rstblk/ngwrdrst.grst.g7serrst.wr_rst_asreg_reg/C
  -------------------------------------------------------------------    -------------------
    SLICE_X59Y78         FDPE (Prop_DFF2_SLICEL_C_Q)
                                                      0.115     3.563 f  dbg_hub/inst/BSCANID.u_xsdbm_id/CORE_XSDB.UUT_MASTER/U_ICON_INTERFACE/U_CMD6_RD/U_RD_FIFO/SUBCORE_FIFO.xsdbm_v3_0_0_rdfifo_inst/inst_fifo_gen/gconvfifo.rf/grf.rf/rstblk/ngwrdrst.grst.g7serrst.wr_rst_asreg_reg/Q
                         net (fo=3, routed)           0.284     3.847    dbg_hub/inst/BSCANID.u_xsdbm_id/CORE_XSDB.UUT_MASTER/U_ICON_INTERFACE/U_CMD6_RD/U_RD_FIFO/SUBCORE_FIFO.xsdbm_v3_0_0_rdfifo_inst/inst_fifo_gen/gconvfifo.rf/grf.rf/rstblk/ngwrdrst.grst.g7serrst.gwrrd_rst_sync_stage[2].wrst_inst/in0[0]
    SLICE_X59Y78         LUT2 (Prop_H6LUT_SLICEL_I0_O)
                                                      0.153     4.000 f  dbg_hub/inst/BSCANID.u_xsdbm_id/CORE_XSDB.UUT_MASTER/U_ICON_INTERFACE/U_CMD6_RD/U_RD_FIFO/SUBCORE_FIFO.xsdbm_v3_0_0_rdfifo_inst/inst_fifo_gen/gconvfifo.rf/grf.rf/rstblk/ngwrdrst.grst.g7serrst.gwrrd_rst_sync_stage[2].wrst_inst/ngwrdrst.grst.g7serrst.wr_rst_reg[2]_i_1/O
                         net (fo=3, routed)           0.411     4.411    dbg_hub/inst/BSCANID.u_xsdbm_id/CORE_XSDB.UUT_MASTER/U_ICON_INTERFACE/U_CMD6_RD/U_RD_FIFO/SUBCORE_FIFO.xsdbm_v3_0_0_rdfifo_inst/inst_fifo_gen/gconvfifo.rf/grf.rf/rstblk/wr_rst_comb
    SLICE_X57Y77         FDPE                                         f  dbg_hub/inst/BSCANID.u_xsdbm_id/CORE_XSDB.UUT_MASTER/U_ICON_INTERFACE/U_CMD6_RD/U_RD_FIFO/SUBCORE_FIFO.xsdbm_v3_0_0_rdfifo_inst/inst_fifo_gen/gconvfifo.rf/grf.rf/rstblk/ngwrdrst.grst.g7serrst.wr_rst_reg_reg[1]/PRE
  -------------------------------------------------------------------    -------------------

                         (clock clk_pl_0 rise edge)
                                                     10.312    10.312 r  
    PS8_X0Y0             PS8                          0.000    10.312 r  mixer_i/zynq_ultra_ps_e_0/inst/PS8_i/PLCLK[0]
                         net (fo=1, routed)           0.181    10.493    mixer_i/zynq_ultra_ps_e_0/inst/pl_clk_unbuffered[0]
    BUFG_PS_X0Y90        BUFG_PS (Prop_BUFG_PS_I_O)
                                                      0.035    10.528 r  mixer_i/zynq_ultra_ps_e_0/inst/buffer_pl_clk_0.PL_CLK_0_BUFG/O
    X1Y1 (CLOCK_ROOT)    net (fo=19371, routed)       2.885    13.413    dbg_hub/inst/BSCANID.u_xsdbm_id/CORE_XSDB.UUT_MASTER/U_ICON_INTERFACE/U_CMD6_RD/U_RD_FIFO/SUBCORE_FIFO.xsdbm_v3_0_0_rdfifo_inst/inst_fifo_gen/gconvfifo.rf/grf.rf/rstblk/wr_clk
    SLICE_X57Y77         FDPE                                         r  dbg_hub/inst/BSCANID.u_xsdbm_id/CORE_XSDB.UUT_MASTER/U_ICON_INTERFACE/U_CMD6_RD/U_RD_FIFO/SUBCORE_FIFO.xsdbm_v3_0_0_rdfifo_inst/inst_fifo_gen/gconvfifo.rf/grf.rf/rstblk/ngwrdrst.grst.g7serrst.wr_rst_reg_reg[1]/C
                         clock pessimism              0.248    13.661    
                         clock uncertainty           -0.159    13.502    
    SLICE_X57Y77         FDPE (Recov_EFF2_SLICEL_C_PRE)
                                                     -0.093    13.409    dbg_hub/inst/BSCANID.u_xsdbm_id/CORE_XSDB.UUT_MASTER/U_ICON_INTERFACE/U_CMD6_RD/U_RD_FIFO/SUBCORE_FIFO.xsdbm_v3_0_0_rdfifo_inst/inst_fifo_gen/gconvfifo.rf/grf.rf/rstblk/ngwrdrst.grst.g7serrst.wr_rst_reg_reg[1]
  -------------------------------------------------------------------
                         required time                         13.409    
                         arrival time                          -4.411    
  -------------------------------------------------------------------
                         slack                                  8.998    

Slack (MET) :             8.998ns  (required time - arrival time)
  Source:                 dbg_hub/inst/BSCANID.u_xsdbm_id/CORE_XSDB.UUT_MASTER/U_ICON_INTERFACE/U_CMD6_RD/U_RD_FIFO/SUBCORE_FIFO.xsdbm_v3_0_0_rdfifo_inst/inst_fifo_gen/gconvfifo.rf/grf.rf/rstblk/ngwrdrst.grst.g7serrst.wr_rst_asreg_reg/C
                            (rising edge-triggered cell FDPE clocked by clk_pl_0  {rise@0.000ns fall@5.156ns period=10.312ns})
  Destination:            dbg_hub/inst/BSCANID.u_xsdbm_id/CORE_XSDB.UUT_MASTER/U_ICON_INTERFACE/U_CMD6_RD/U_RD_FIFO/SUBCORE_FIFO.xsdbm_v3_0_0_rdfifo_inst/inst_fifo_gen/gconvfifo.rf/grf.rf/rstblk/ngwrdrst.grst.g7serrst.wr_rst_reg_reg[2]/PRE
                            (recovery check against rising-edge clock clk_pl_0  {rise@0.000ns fall@5.156ns period=10.312ns})
  Path Group:             **async_default**
  Path Type:              Recovery (Max at Slow Process Corner)
  Requirement:            10.312ns  (clk_pl_0 rise@10.312ns - clk_pl_0 rise@0.000ns)
  Data Path Delay:        0.963ns  (logic 0.268ns (27.837%)  route 0.695ns (72.163%))
  Logic Levels:           1  (LUT2=1)
  Clock Path Skew:        -0.100ns (DCD - SCD + CPR)
    Destination Clock Delay (DCD):    3.101ns = ( 13.413 - 10.312 ) 
    Source Clock Delay      (SCD):    3.448ns
    Clock Pessimism Removal (CPR):    0.248ns
  Clock Uncertainty:      0.159ns  ((TSJ^2 + DJ^2)^1/2) / 2 + PE
    Total System Jitter     (TSJ):    0.071ns
    Discrete Jitter          (DJ):    0.310ns
    Phase Error              (PE):    0.000ns
  Clock Net Delay (Source):      3.181ns (routing 1.681ns, distribution 1.500ns)
  Clock Net Delay (Destination): 2.885ns (routing 1.538ns, distribution 1.347ns)

    Location             Delay type                Incr(ns)  Path(ns)    Netlist Resource(s)
  -------------------------------------------------------------------    -------------------
                         (clock clk_pl_0 rise edge)
                                                      0.000     0.000 r  
    PS8_X0Y0             PS8                          0.000     0.000 r  mixer_i/zynq_ultra_ps_e_0/inst/PS8_i/PLCLK[0]
                         net (fo=1, routed)           0.229     0.229    mixer_i/zynq_ultra_ps_e_0/inst/pl_clk_unbuffered[0]
    BUFG_PS_X0Y90        BUFG_PS (Prop_BUFG_PS_I_O)
                                                      0.038     0.267 r  mixer_i/zynq_ultra_ps_e_0/inst/buffer_pl_clk_0.PL_CLK_0_BUFG/O
    X1Y1 (CLOCK_ROOT)    net (fo=19371, routed)       3.181     3.448    dbg_hub/inst/BSCANID.u_xsdbm_id/CORE_XSDB.UUT_MASTER/U_ICON_INTERFACE/U_CMD6_RD/U_RD_FIFO/SUBCORE_FIFO.xsdbm_v3_0_0_rdfifo_inst/inst_fifo_gen/gconvfifo.rf/grf.rf/rstblk/wr_clk
    SLICE_X59Y78         FDPE                                         r  dbg_hub/inst/BSCANID.u_xsdbm_id/CORE_XSDB.UUT_MASTER/U_ICON_INTERFACE/U_CMD6_RD/U_RD_FIFO/SUBCORE_FIFO.xsdbm_v3_0_0_rdfifo_inst/inst_fifo_gen/gconvfifo.rf/grf.rf/rstblk/ngwrdrst.grst.g7serrst.wr_rst_asreg_reg/C
  -------------------------------------------------------------------    -------------------
    SLICE_X59Y78         FDPE (Prop_DFF2_SLICEL_C_Q)
                                                      0.115     3.563 f  dbg_hub/inst/BSCANID.u_xsdbm_id/CORE_XSDB.UUT_MASTER/U_ICON_INTERFACE/U_CMD6_RD/U_RD_FIFO/SUBCORE_FIFO.xsdbm_v3_0_0_rdfifo_inst/inst_fifo_gen/gconvfifo.rf/grf.rf/rstblk/ngwrdrst.grst.g7serrst.wr_rst_asreg_reg/Q
                         net (fo=3, routed)           0.284     3.847    dbg_hub/inst/BSCANID.u_xsdbm_id/CORE_XSDB.UUT_MASTER/U_ICON_INTERFACE/U_CMD6_RD/U_RD_FIFO/SUBCORE_FIFO.xsdbm_v3_0_0_rdfifo_inst/inst_fifo_gen/gconvfifo.rf/grf.rf/rstblk/ngwrdrst.grst.g7serrst.gwrrd_rst_sync_stage[2].wrst_inst/in0[0]
    SLICE_X59Y78         LUT2 (Prop_H6LUT_SLICEL_I0_O)
                                                      0.153     4.000 f  dbg_hub/inst/BSCANID.u_xsdbm_id/CORE_XSDB.UUT_MASTER/U_ICON_INTERFACE/U_CMD6_RD/U_RD_FIFO/SUBCORE_FIFO.xsdbm_v3_0_0_rdfifo_inst/inst_fifo_gen/gconvfifo.rf/grf.rf/rstblk/ngwrdrst.grst.g7serrst.gwrrd_rst_sync_stage[2].wrst_inst/ngwrdrst.grst.g7serrst.wr_rst_reg[2]_i_1/O
                         net (fo=3, routed)           0.411     4.411    dbg_hub/inst/BSCANID.u_xsdbm_id/CORE_XSDB.UUT_MASTER/U_ICON_INTERFACE/U_CMD6_RD/U_RD_FIFO/SUBCORE_FIFO.xsdbm_v3_0_0_rdfifo_inst/inst_fifo_gen/gconvfifo.rf/grf.rf/rstblk/wr_rst_comb
    SLICE_X57Y77         FDPE                                         f  dbg_hub/inst/BSCANID.u_xsdbm_id/CORE_XSDB.UUT_MASTER/U_ICON_INTERFACE/U_CMD6_RD/U_RD_FIFO/SUBCORE_FIFO.xsdbm_v3_0_0_rdfifo_inst/inst_fifo_gen/gconvfifo.rf/grf.rf/rstblk/ngwrdrst.grst.g7serrst.wr_rst_reg_reg[2]/PRE
  -------------------------------------------------------------------    -------------------

                         (clock clk_pl_0 rise edge)
                                                     10.312    10.312 r  
    PS8_X0Y0             PS8                          0.000    10.312 r  mixer_i/zynq_ultra_ps_e_0/inst/PS8_i/PLCLK[0]
                         net (fo=1, routed)           0.181    10.493    mixer_i/zynq_ultra_ps_e_0/inst/pl_clk_unbuffered[0]
    BUFG_PS_X0Y90        BUFG_PS (Prop_BUFG_PS_I_O)
                                                      0.035    10.528 r  mixer_i/zynq_ultra_ps_e_0/inst/buffer_pl_clk_0.PL_CLK_0_BUFG/O
    X1Y1 (CLOCK_ROOT)    net (fo=19371, routed)       2.885    13.413    dbg_hub/inst/BSCANID.u_xsdbm_id/CORE_XSDB.UUT_MASTER/U_ICON_INTERFACE/U_CMD6_RD/U_RD_FIFO/SUBCORE_FIFO.xsdbm_v3_0_0_rdfifo_inst/inst_fifo_gen/gconvfifo.rf/grf.rf/rstblk/wr_clk
    SLICE_X57Y77         FDPE                                         r  dbg_hub/inst/BSCANID.u_xsdbm_id/CORE_XSDB.UUT_MASTER/U_ICON_INTERFACE/U_CMD6_RD/U_RD_FIFO/SUBCORE_FIFO.xsdbm_v3_0_0_rdfifo_inst/inst_fifo_gen/gconvfifo.rf/grf.rf/rstblk/ngwrdrst.grst.g7serrst.wr_rst_reg_reg[2]/C
                         clock pessimism              0.248    13.661    
                         clock uncertainty           -0.159    13.502    
    SLICE_X57Y77         FDPE (Recov_FFF_SLICEL_C_PRE)
                                                     -0.093    13.409    dbg_hub/inst/BSCANID.u_xsdbm_id/CORE_XSDB.UUT_MASTER/U_ICON_INTERFACE/U_CMD6_RD/U_RD_FIFO/SUBCORE_FIFO.xsdbm_v3_0_0_rdfifo_inst/inst_fifo_gen/gconvfifo.rf/grf.rf/rstblk/ngwrdrst.grst.g7serrst.wr_rst_reg_reg[2]
  -------------------------------------------------------------------
                         required time                         13.409    
                         arrival time                          -4.411    
  -------------------------------------------------------------------
                         slack                                  8.998    

Slack (MET) :             9.101ns  (required time - arrival time)
  Source:                 dbg_hub/inst/BSCANID.u_xsdbm_id/CORE_XSDB.UUT_MASTER/U_ICON_INTERFACE/U_CMD1/ctl_reg_reg[0]/C
                            (rising edge-triggered cell FDRE clocked by clk_pl_0  {rise@0.000ns fall@5.156ns period=10.312ns})
  Destination:            dbg_hub/inst/BSCANID.u_xsdbm_id/CORE_XSDB.UUT_MASTER/U_XSDB_BUS_CONTROLLER/in_read_mode_reg/CLR
                            (recovery check against rising-edge clock clk_pl_0  {rise@0.000ns fall@5.156ns period=10.312ns})
  Path Group:             **async_default**
  Path Type:              Recovery (Max at Slow Process Corner)
  Requirement:            10.312ns  (clk_pl_0 rise@10.312ns - clk_pl_0 rise@0.000ns)
  Data Path Delay:        0.914ns  (logic 0.113ns (12.359%)  route 0.801ns (87.641%))
  Logic Levels:           0  
  Clock Path Skew:        -0.044ns (DCD - SCD + CPR)
    Destination Clock Delay (DCD):    3.110ns = ( 13.422 - 10.312 ) 
    Source Clock Delay      (SCD):    3.463ns
    Clock Pessimism Removal (CPR):    0.309ns
  Clock Uncertainty:      0.159ns  ((TSJ^2 + DJ^2)^1/2) / 2 + PE
    Total System Jitter     (TSJ):    0.071ns
    Discrete Jitter          (DJ):    0.310ns
    Phase Error              (PE):    0.000ns
  Clock Net Delay (Source):      3.196ns (routing 1.681ns, distribution 1.515ns)
  Clock Net Delay (Destination): 2.894ns (routing 1.538ns, distribution 1.356ns)

    Location             Delay type                Incr(ns)  Path(ns)    Netlist Resource(s)
  -------------------------------------------------------------------    -------------------
                         (clock clk_pl_0 rise edge)
                                                      0.000     0.000 r  
    PS8_X0Y0             PS8                          0.000     0.000 r  mixer_i/zynq_ultra_ps_e_0/inst/PS8_i/PLCLK[0]
                         net (fo=1, routed)           0.229     0.229    mixer_i/zynq_ultra_ps_e_0/inst/pl_clk_unbuffered[0]
    BUFG_PS_X0Y90        BUFG_PS (Prop_BUFG_PS_I_O)
                                                      0.038     0.267 r  mixer_i/zynq_ultra_ps_e_0/inst/buffer_pl_clk_0.PL_CLK_0_BUFG/O
    X1Y1 (CLOCK_ROOT)    net (fo=19371, routed)       3.196     3.463    dbg_hub/inst/BSCANID.u_xsdbm_id/CORE_XSDB.UUT_MASTER/U_ICON_INTERFACE/U_CMD1/clk
    SLICE_X58Y75         FDRE                                         r  dbg_hub/inst/BSCANID.u_xsdbm_id/CORE_XSDB.UUT_MASTER/U_ICON_INTERFACE/U_CMD1/ctl_reg_reg[0]/C
  -------------------------------------------------------------------    -------------------
    SLICE_X58Y75         FDRE (Prop_EFF_SLICEM_C_Q)
                                                      0.113     3.576 f  dbg_hub/inst/BSCANID.u_xsdbm_id/CORE_XSDB.UUT_MASTER/U_ICON_INTERFACE/U_CMD1/ctl_reg_reg[0]/Q
                         net (fo=182, routed)         0.801     4.378    dbg_hub/inst/BSCANID.u_xsdbm_id/CORE_XSDB.UUT_MASTER/U_XSDB_BUS_CONTROLLER/out[0]
    SLICE_X58Y74         FDCE                                         f  dbg_hub/inst/BSCANID.u_xsdbm_id/CORE_XSDB.UUT_MASTER/U_XSDB_BUS_CONTROLLER/in_read_mode_reg/CLR
  -------------------------------------------------------------------    -------------------

                         (clock clk_pl_0 rise edge)
                                                     10.312    10.312 r  
    PS8_X0Y0             PS8                          0.000    10.312 r  mixer_i/zynq_ultra_ps_e_0/inst/PS8_i/PLCLK[0]
                         net (fo=1, routed)           0.181    10.493    mixer_i/zynq_ultra_ps_e_0/inst/pl_clk_unbuffered[0]
    BUFG_PS_X0Y90        BUFG_PS (Prop_BUFG_PS_I_O)
                                                      0.035    10.528 r  mixer_i/zynq_ultra_ps_e_0/inst/buffer_pl_clk_0.PL_CLK_0_BUFG/O
    X1Y1 (CLOCK_ROOT)    net (fo=19371, routed)       2.894    13.422    dbg_hub/inst/BSCANID.u_xsdbm_id/CORE_XSDB.UUT_MASTER/U_XSDB_BUS_CONTROLLER/clk
    SLICE_X58Y74         FDCE                                         r  dbg_hub/inst/BSCANID.u_xsdbm_id/CORE_XSDB.UUT_MASTER/U_XSDB_BUS_CONTROLLER/in_read_mode_reg/C
                         clock pessimism              0.309    13.731    
                         clock uncertainty           -0.159    13.572    
    SLICE_X58Y74         FDCE (Recov_DFF_SLICEM_C_CLR)
                                                     -0.093    13.479    dbg_hub/inst/BSCANID.u_xsdbm_id/CORE_XSDB.UUT_MASTER/U_XSDB_BUS_CONTROLLER/in_read_mode_reg
  -------------------------------------------------------------------
                         required time                         13.479    
                         arrival time                          -4.378    
  -------------------------------------------------------------------
                         slack                                  9.101    





Min Delay Paths
--------------------------------------------------------------------------------------
Slack (MET) :             0.168ns  (arrival time - required time)
  Source:                 dbg_hub/inst/BSCANID.u_xsdbm_id/CORE_XSDB.UUT_MASTER/U_ICON_INTERFACE/U_CMD6_WR/U_WR_FIFO/SUBCORE_FIFO.xsdbm_v3_0_0_wrfifo_inst/inst_fifo_gen/gconvfifo.rf/grf.rf/rstblk/ngwrdrst.grst.g7serrst.rd_rst_reg_reg[2]/C
                            (rising edge-triggered cell FDPE clocked by clk_pl_0  {rise@0.000ns fall@5.156ns period=10.312ns})
  Destination:            dbg_hub/inst/BSCANID.u_xsdbm_id/CORE_XSDB.UUT_MASTER/U_ICON_INTERFACE/U_CMD6_WR/U_WR_FIFO/SUBCORE_FIFO.xsdbm_v3_0_0_wrfifo_inst/inst_fifo_gen/gconvfifo.rf/grf.rf/gntv_or_sync_fifo.gl0.rd/gras.rsts/ram_empty_fb_i_reg/PRE
                            (removal check against rising-edge clock clk_pl_0  {rise@0.000ns fall@5.156ns period=10.312ns})
  Path Group:             **async_default**
  Path Type:              Removal (Min at Fast Process Corner)
  Requirement:            0.000ns  (clk_pl_0 rise@0.000ns - clk_pl_0 rise@0.000ns)
  Data Path Delay:        0.187ns  (logic 0.083ns (44.355%)  route 0.104ns (55.645%))
  Logic Levels:           0  
  Clock Path Skew:        0.037ns (DCD - SCD - CPR)
    Destination Clock Delay (DCD):    2.089ns
    Source Clock Delay      (SCD):    1.898ns
    Clock Pessimism Removal (CPR):    0.154ns
  Clock Net Delay (Source):      1.747ns (routing 0.940ns, distribution 0.807ns)
  Clock Net Delay (Destination): 1.902ns (routing 1.033ns, distribution 0.869ns)

    Location             Delay type                Incr(ns)  Path(ns)    Netlist Resource(s)
  -------------------------------------------------------------------    -------------------
                         (clock clk_pl_0 rise edge)
                                                      0.000     0.000 r  
    PS8_X0Y0             PS8                          0.000     0.000 r  mixer_i/zynq_ultra_ps_e_0/inst/PS8_i/PLCLK[0]
                         net (fo=1, routed)           0.129     0.129    mixer_i/zynq_ultra_ps_e_0/inst/pl_clk_unbuffered[0]
    BUFG_PS_X0Y90        BUFG_PS (Prop_BUFG_PS_I_O)
                                                      0.022     0.151 r  mixer_i/zynq_ultra_ps_e_0/inst/buffer_pl_clk_0.PL_CLK_0_BUFG/O
    X1Y1 (CLOCK_ROOT)    net (fo=19371, routed)       1.747     1.898    dbg_hub/inst/BSCANID.u_xsdbm_id/CORE_XSDB.UUT_MASTER/U_ICON_INTERFACE/U_CMD6_WR/U_WR_FIFO/SUBCORE_FIFO.xsdbm_v3_0_0_wrfifo_inst/inst_fifo_gen/gconvfifo.rf/grf.rf/rstblk/rd_clk
    SLICE_X57Y82         FDPE                                         r  dbg_hub/inst/BSCANID.u_xsdbm_id/CORE_XSDB.UUT_MASTER/U_ICON_INTERFACE/U_CMD6_WR/U_WR_FIFO/SUBCORE_FIFO.xsdbm_v3_0_0_wrfifo_inst/inst_fifo_gen/gconvfifo.rf/grf.rf/rstblk/ngwrdrst.grst.g7serrst.rd_rst_reg_reg[2]/C
  -------------------------------------------------------------------    -------------------
    SLICE_X57Y82         FDPE (Prop_FFF_SLICEL_C_Q)
                                                      0.083     1.981 f  dbg_hub/inst/BSCANID.u_xsdbm_id/CORE_XSDB.UUT_MASTER/U_ICON_INTERFACE/U_CMD6_WR/U_WR_FIFO/SUBCORE_FIFO.xsdbm_v3_0_0_wrfifo_inst/inst_fifo_gen/gconvfifo.rf/grf.rf/rstblk/ngwrdrst.grst.g7serrst.rd_rst_reg_reg[2]/Q
                         net (fo=10, routed)          0.104     2.085    dbg_hub/inst/BSCANID.u_xsdbm_id/CORE_XSDB.UUT_MASTER/U_ICON_INTERFACE/U_CMD6_WR/U_WR_FIFO/SUBCORE_FIFO.xsdbm_v3_0_0_wrfifo_inst/inst_fifo_gen/gconvfifo.rf/grf.rf/gntv_or_sync_fifo.gl0.rd/gras.rsts/AR[0]
    SLICE_X59Y83         FDPE                                         f  dbg_hub/inst/BSCANID.u_xsdbm_id/CORE_XSDB.UUT_MASTER/U_ICON_INTERFACE/U_CMD6_WR/U_WR_FIFO/SUBCORE_FIFO.xsdbm_v3_0_0_wrfifo_inst/inst_fifo_gen/gconvfifo.rf/grf.rf/gntv_or_sync_fifo.gl0.rd/gras.rsts/ram_empty_fb_i_reg/PRE
  -------------------------------------------------------------------    -------------------

                         (clock clk_pl_0 rise edge)
                                                      0.000     0.000 r  
    PS8_X0Y0             PS8                          0.000     0.000 r  mixer_i/zynq_ultra_ps_e_0/inst/PS8_i/PLCLK[0]
                         net (fo=1, routed)           0.164     0.164    mixer_i/zynq_ultra_ps_e_0/inst/pl_clk_unbuffered[0]
    BUFG_PS_X0Y90        BUFG_PS (Prop_BUFG_PS_I_O)
                                                      0.023     0.187 r  mixer_i/zynq_ultra_ps_e_0/inst/buffer_pl_clk_0.PL_CLK_0_BUFG/O
    X1Y1 (CLOCK_ROOT)    net (fo=19371, routed)       1.902     2.089    dbg_hub/inst/BSCANID.u_xsdbm_id/CORE_XSDB.UUT_MASTER/U_ICON_INTERFACE/U_CMD6_WR/U_WR_FIFO/SUBCORE_FIFO.xsdbm_v3_0_0_wrfifo_inst/inst_fifo_gen/gconvfifo.rf/grf.rf/gntv_or_sync_fifo.gl0.rd/gras.rsts/rd_clk
    SLICE_X59Y83         FDPE                                         r  dbg_hub/inst/BSCANID.u_xsdbm_id/CORE_XSDB.UUT_MASTER/U_ICON_INTERFACE/U_CMD6_WR/U_WR_FIFO/SUBCORE_FIFO.xsdbm_v3_0_0_wrfifo_inst/inst_fifo_gen/gconvfifo.rf/grf.rf/gntv_or_sync_fifo.gl0.rd/gras.rsts/ram_empty_fb_i_reg/C
                         clock pessimism             -0.154     1.935    
    SLICE_X59Y83         FDPE (Remov_HFF_SLICEL_C_PRE)
                                                     -0.018     1.917    dbg_hub/inst/BSCANID.u_xsdbm_id/CORE_XSDB.UUT_MASTER/U_ICON_INTERFACE/U_CMD6_WR/U_WR_FIFO/SUBCORE_FIFO.xsdbm_v3_0_0_wrfifo_inst/inst_fifo_gen/gconvfifo.rf/grf.rf/gntv_or_sync_fifo.gl0.rd/gras.rsts/ram_empty_fb_i_reg
  -------------------------------------------------------------------
                         required time                         -1.917    
                         arrival time                           2.085    
  -------------------------------------------------------------------
                         slack                                  0.168    

Slack (MET) :             0.168ns  (arrival time - required time)
  Source:                 dbg_hub/inst/BSCANID.u_xsdbm_id/CORE_XSDB.UUT_MASTER/U_ICON_INTERFACE/U_CMD6_WR/U_WR_FIFO/SUBCORE_FIFO.xsdbm_v3_0_0_wrfifo_inst/inst_fifo_gen/gconvfifo.rf/grf.rf/rstblk/ngwrdrst.grst.g7serrst.rd_rst_reg_reg[2]/C
                            (rising edge-triggered cell FDPE clocked by clk_pl_0  {rise@0.000ns fall@5.156ns period=10.312ns})
  Destination:            dbg_hub/inst/BSCANID.u_xsdbm_id/CORE_XSDB.UUT_MASTER/U_ICON_INTERFACE/U_CMD6_WR/U_WR_FIFO/SUBCORE_FIFO.xsdbm_v3_0_0_wrfifo_inst/inst_fifo_gen/gconvfifo.rf/grf.rf/gntv_or_sync_fifo.gl0.rd/gras.rsts/ram_empty_i_reg/PRE
                            (removal check against rising-edge clock clk_pl_0  {rise@0.000ns fall@5.156ns period=10.312ns})
  Path Group:             **async_default**
  Path Type:              Removal (Min at Fast Process Corner)
  Requirement:            0.000ns  (clk_pl_0 rise@0.000ns - clk_pl_0 rise@0.000ns)
  Data Path Delay:        0.187ns  (logic 0.083ns (44.355%)  route 0.104ns (55.645%))
  Logic Levels:           0  
  Clock Path Skew:        0.037ns (DCD - SCD - CPR)
    Destination Clock Delay (DCD):    2.089ns
    Source Clock Delay      (SCD):    1.898ns
    Clock Pessimism Removal (CPR):    0.154ns
  Clock Net Delay (Source):      1.747ns (routing 0.940ns, distribution 0.807ns)
  Clock Net Delay (Destination): 1.902ns (routing 1.033ns, distribution 0.869ns)

    Location             Delay type                Incr(ns)  Path(ns)    Netlist Resource(s)
  -------------------------------------------------------------------    -------------------
                         (clock clk_pl_0 rise edge)
                                                      0.000     0.000 r  
    PS8_X0Y0             PS8                          0.000     0.000 r  mixer_i/zynq_ultra_ps_e_0/inst/PS8_i/PLCLK[0]
                         net (fo=1, routed)           0.129     0.129    mixer_i/zynq_ultra_ps_e_0/inst/pl_clk_unbuffered[0]
    BUFG_PS_X0Y90        BUFG_PS (Prop_BUFG_PS_I_O)
                                                      0.022     0.151 r  mixer_i/zynq_ultra_ps_e_0/inst/buffer_pl_clk_0.PL_CLK_0_BUFG/O
    X1Y1 (CLOCK_ROOT)    net (fo=19371, routed)       1.747     1.898    dbg_hub/inst/BSCANID.u_xsdbm_id/CORE_XSDB.UUT_MASTER/U_ICON_INTERFACE/U_CMD6_WR/U_WR_FIFO/SUBCORE_FIFO.xsdbm_v3_0_0_wrfifo_inst/inst_fifo_gen/gconvfifo.rf/grf.rf/rstblk/rd_clk
    SLICE_X57Y82         FDPE                                         r  dbg_hub/inst/BSCANID.u_xsdbm_id/CORE_XSDB.UUT_MASTER/U_ICON_INTERFACE/U_CMD6_WR/U_WR_FIFO/SUBCORE_FIFO.xsdbm_v3_0_0_wrfifo_inst/inst_fifo_gen/gconvfifo.rf/grf.rf/rstblk/ngwrdrst.grst.g7serrst.rd_rst_reg_reg[2]/C
  -------------------------------------------------------------------    -------------------
    SLICE_X57Y82         FDPE (Prop_FFF_SLICEL_C_Q)
                                                      0.083     1.981 f  dbg_hub/inst/BSCANID.u_xsdbm_id/CORE_XSDB.UUT_MASTER/U_ICON_INTERFACE/U_CMD6_WR/U_WR_FIFO/SUBCORE_FIFO.xsdbm_v3_0_0_wrfifo_inst/inst_fifo_gen/gconvfifo.rf/grf.rf/rstblk/ngwrdrst.grst.g7serrst.rd_rst_reg_reg[2]/Q
                         net (fo=10, routed)          0.104     2.085    dbg_hub/inst/BSCANID.u_xsdbm_id/CORE_XSDB.UUT_MASTER/U_ICON_INTERFACE/U_CMD6_WR/U_WR_FIFO/SUBCORE_FIFO.xsdbm_v3_0_0_wrfifo_inst/inst_fifo_gen/gconvfifo.rf/grf.rf/gntv_or_sync_fifo.gl0.rd/gras.rsts/AR[0]
    SLICE_X59Y83         FDPE                                         f  dbg_hub/inst/BSCANID.u_xsdbm_id/CORE_XSDB.UUT_MASTER/U_ICON_INTERFACE/U_CMD6_WR/U_WR_FIFO/SUBCORE_FIFO.xsdbm_v3_0_0_wrfifo_inst/inst_fifo_gen/gconvfifo.rf/grf.rf/gntv_or_sync_fifo.gl0.rd/gras.rsts/ram_empty_i_reg/PRE
  -------------------------------------------------------------------    -------------------

                         (clock clk_pl_0 rise edge)
                                                      0.000     0.000 r  
    PS8_X0Y0             PS8                          0.000     0.000 r  mixer_i/zynq_ultra_ps_e_0/inst/PS8_i/PLCLK[0]
                         net (fo=1, routed)           0.164     0.164    mixer_i/zynq_ultra_ps_e_0/inst/pl_clk_unbuffered[0]
    BUFG_PS_X0Y90        BUFG_PS (Prop_BUFG_PS_I_O)
                                                      0.023     0.187 r  mixer_i/zynq_ultra_ps_e_0/inst/buffer_pl_clk_0.PL_CLK_0_BUFG/O
    X1Y1 (CLOCK_ROOT)    net (fo=19371, routed)       1.902     2.089    dbg_hub/inst/BSCANID.u_xsdbm_id/CORE_XSDB.UUT_MASTER/U_ICON_INTERFACE/U_CMD6_WR/U_WR_FIFO/SUBCORE_FIFO.xsdbm_v3_0_0_wrfifo_inst/inst_fifo_gen/gconvfifo.rf/grf.rf/gntv_or_sync_fifo.gl0.rd/gras.rsts/rd_clk
    SLICE_X59Y83         FDPE                                         r  dbg_hub/inst/BSCANID.u_xsdbm_id/CORE_XSDB.UUT_MASTER/U_ICON_INTERFACE/U_CMD6_WR/U_WR_FIFO/SUBCORE_FIFO.xsdbm_v3_0_0_wrfifo_inst/inst_fifo_gen/gconvfifo.rf/grf.rf/gntv_or_sync_fifo.gl0.rd/gras.rsts/ram_empty_i_reg/C
                         clock pessimism             -0.154     1.935    
    SLICE_X59Y83         FDPE (Remov_GFF_SLICEL_C_PRE)
                                                     -0.018     1.917    dbg_hub/inst/BSCANID.u_xsdbm_id/CORE_XSDB.UUT_MASTER/U_ICON_INTERFACE/U_CMD6_WR/U_WR_FIFO/SUBCORE_FIFO.xsdbm_v3_0_0_wrfifo_inst/inst_fifo_gen/gconvfifo.rf/grf.rf/gntv_or_sync_fifo.gl0.rd/gras.rsts/ram_empty_i_reg
  -------------------------------------------------------------------
                         required time                         -1.917    
                         arrival time                           2.085    
  -------------------------------------------------------------------
                         slack                                  0.168    

Slack (MET) :             0.168ns  (arrival time - required time)
  Source:                 dbg_hub/inst/BSCANID.u_xsdbm_id/CORE_XSDB.UUT_MASTER/U_ICON_INTERFACE/U_CMD6_WR/U_WR_FIFO/SUBCORE_FIFO.xsdbm_v3_0_0_wrfifo_inst/inst_fifo_gen/gconvfifo.rf/grf.rf/rstblk/ngwrdrst.grst.g7serrst.rd_rst_reg_reg[2]/C
                            (rising edge-triggered cell FDPE clocked by clk_pl_0  {rise@0.000ns fall@5.156ns period=10.312ns})
  Destination:            dbg_hub/inst/BSCANID.u_xsdbm_id/CORE_XSDB.UUT_MASTER/U_ICON_INTERFACE/U_CMD6_WR/U_WR_FIFO/SUBCORE_FIFO.xsdbm_v3_0_0_wrfifo_inst/inst_fifo_gen/gconvfifo.rf/grf.rf/gntv_or_sync_fifo.gl0.rd/rpntr/gc0.count_d1_reg[2]/CLR
                            (removal check against rising-edge clock clk_pl_0  {rise@0.000ns fall@5.156ns period=10.312ns})
  Path Group:             **async_default**
  Path Type:              Removal (Min at Fast Process Corner)
  Requirement:            0.000ns  (clk_pl_0 rise@0.000ns - clk_pl_0 rise@0.000ns)
  Data Path Delay:        0.187ns  (logic 0.083ns (44.355%)  route 0.104ns (55.645%))
  Logic Levels:           0  
  Clock Path Skew:        0.037ns (DCD - SCD - CPR)
    Destination Clock Delay (DCD):    2.089ns
    Source Clock Delay      (SCD):    1.898ns
    Clock Pessimism Removal (CPR):    0.154ns
  Clock Net Delay (Source):      1.747ns (routing 0.940ns, distribution 0.807ns)
  Clock Net Delay (Destination): 1.902ns (routing 1.033ns, distribution 0.869ns)

    Location             Delay type                Incr(ns)  Path(ns)    Netlist Resource(s)
  -------------------------------------------------------------------    -------------------
                         (clock clk_pl_0 rise edge)
                                                      0.000     0.000 r  
    PS8_X0Y0             PS8                          0.000     0.000 r  mixer_i/zynq_ultra_ps_e_0/inst/PS8_i/PLCLK[0]
                         net (fo=1, routed)           0.129     0.129    mixer_i/zynq_ultra_ps_e_0/inst/pl_clk_unbuffered[0]
    BUFG_PS_X0Y90        BUFG_PS (Prop_BUFG_PS_I_O)
                                                      0.022     0.151 r  mixer_i/zynq_ultra_ps_e_0/inst/buffer_pl_clk_0.PL_CLK_0_BUFG/O
    X1Y1 (CLOCK_ROOT)    net (fo=19371, routed)       1.747     1.898    dbg_hub/inst/BSCANID.u_xsdbm_id/CORE_XSDB.UUT_MASTER/U_ICON_INTERFACE/U_CMD6_WR/U_WR_FIFO/SUBCORE_FIFO.xsdbm_v3_0_0_wrfifo_inst/inst_fifo_gen/gconvfifo.rf/grf.rf/rstblk/rd_clk
    SLICE_X57Y82         FDPE                                         r  dbg_hub/inst/BSCANID.u_xsdbm_id/CORE_XSDB.UUT_MASTER/U_ICON_INTERFACE/U_CMD6_WR/U_WR_FIFO/SUBCORE_FIFO.xsdbm_v3_0_0_wrfifo_inst/inst_fifo_gen/gconvfifo.rf/grf.rf/rstblk/ngwrdrst.grst.g7serrst.rd_rst_reg_reg[2]/C
  -------------------------------------------------------------------    -------------------
    SLICE_X57Y82         FDPE (Prop_FFF_SLICEL_C_Q)
                                                      0.083     1.981 f  dbg_hub/inst/BSCANID.u_xsdbm_id/CORE_XSDB.UUT_MASTER/U_ICON_INTERFACE/U_CMD6_WR/U_WR_FIFO/SUBCORE_FIFO.xsdbm_v3_0_0_wrfifo_inst/inst_fifo_gen/gconvfifo.rf/grf.rf/rstblk/ngwrdrst.grst.g7serrst.rd_rst_reg_reg[2]/Q
                         net (fo=10, routed)          0.104     2.085    dbg_hub/inst/BSCANID.u_xsdbm_id/CORE_XSDB.UUT_MASTER/U_ICON_INTERFACE/U_CMD6_WR/U_WR_FIFO/SUBCORE_FIFO.xsdbm_v3_0_0_wrfifo_inst/inst_fifo_gen/gconvfifo.rf/grf.rf/gntv_or_sync_fifo.gl0.rd/rpntr/AR[0]
    SLICE_X59Y83         FDCE                                         f  dbg_hub/inst/BSCANID.u_xsdbm_id/CORE_XSDB.UUT_MASTER/U_ICON_INTERFACE/U_CMD6_WR/U_WR_FIFO/SUBCORE_FIFO.xsdbm_v3_0_0_wrfifo_inst/inst_fifo_gen/gconvfifo.rf/grf.rf/gntv_or_sync_fifo.gl0.rd/rpntr/gc0.count_d1_reg[2]/CLR
  -------------------------------------------------------------------    -------------------

                         (clock clk_pl_0 rise edge)
                                                      0.000     0.000 r  
    PS8_X0Y0             PS8                          0.000     0.000 r  mixer_i/zynq_ultra_ps_e_0/inst/PS8_i/PLCLK[0]
                         net (fo=1, routed)           0.164     0.164    mixer_i/zynq_ultra_ps_e_0/inst/pl_clk_unbuffered[0]
    BUFG_PS_X0Y90        BUFG_PS (Prop_BUFG_PS_I_O)
                                                      0.023     0.187 r  mixer_i/zynq_ultra_ps_e_0/inst/buffer_pl_clk_0.PL_CLK_0_BUFG/O
    X1Y1 (CLOCK_ROOT)    net (fo=19371, routed)       1.902     2.089    dbg_hub/inst/BSCANID.u_xsdbm_id/CORE_XSDB.UUT_MASTER/U_ICON_INTERFACE/U_CMD6_WR/U_WR_FIFO/SUBCORE_FIFO.xsdbm_v3_0_0_wrfifo_inst/inst_fifo_gen/gconvfifo.rf/grf.rf/gntv_or_sync_fifo.gl0.rd/rpntr/rd_clk
    SLICE_X59Y83         FDCE                                         r  dbg_hub/inst/BSCANID.u_xsdbm_id/CORE_XSDB.UUT_MASTER/U_ICON_INTERFACE/U_CMD6_WR/U_WR_FIFO/SUBCORE_FIFO.xsdbm_v3_0_0_wrfifo_inst/inst_fifo_gen/gconvfifo.rf/grf.rf/gntv_or_sync_fifo.gl0.rd/rpntr/gc0.count_d1_reg[2]/C
                         clock pessimism             -0.154     1.935    
    SLICE_X59Y83         FDCE (Remov_HFF2_SLICEL_C_CLR)
                                                     -0.018     1.917    dbg_hub/inst/BSCANID.u_xsdbm_id/CORE_XSDB.UUT_MASTER/U_ICON_INTERFACE/U_CMD6_WR/U_WR_FIFO/SUBCORE_FIFO.xsdbm_v3_0_0_wrfifo_inst/inst_fifo_gen/gconvfifo.rf/grf.rf/gntv_or_sync_fifo.gl0.rd/rpntr/gc0.count_d1_reg[2]
  -------------------------------------------------------------------
                         required time                         -1.917    
                         arrival time                           2.085    
  -------------------------------------------------------------------
                         slack                                  0.168    

Slack (MET) :             0.168ns  (arrival time - required time)
  Source:                 dbg_hub/inst/BSCANID.u_xsdbm_id/CORE_XSDB.UUT_MASTER/U_ICON_INTERFACE/U_CMD6_WR/U_WR_FIFO/SUBCORE_FIFO.xsdbm_v3_0_0_wrfifo_inst/inst_fifo_gen/gconvfifo.rf/grf.rf/rstblk/ngwrdrst.grst.g7serrst.rd_rst_reg_reg[2]/C
                            (rising edge-triggered cell FDPE clocked by clk_pl_0  {rise@0.000ns fall@5.156ns period=10.312ns})
  Destination:            dbg_hub/inst/BSCANID.u_xsdbm_id/CORE_XSDB.UUT_MASTER/U_ICON_INTERFACE/U_CMD6_WR/U_WR_FIFO/SUBCORE_FIFO.xsdbm_v3_0_0_wrfifo_inst/inst_fifo_gen/gconvfifo.rf/grf.rf/gntv_or_sync_fifo.gl0.rd/rpntr/gc0.count_reg[2]/CLR
                            (removal check against rising-edge clock clk_pl_0  {rise@0.000ns fall@5.156ns period=10.312ns})
  Path Group:             **async_default**
  Path Type:              Removal (Min at Fast Process Corner)
  Requirement:            0.000ns  (clk_pl_0 rise@0.000ns - clk_pl_0 rise@0.000ns)
  Data Path Delay:        0.187ns  (logic 0.083ns (44.355%)  route 0.104ns (55.645%))
  Logic Levels:           0  
  Clock Path Skew:        0.037ns (DCD - SCD - CPR)
    Destination Clock Delay (DCD):    2.089ns
    Source Clock Delay      (SCD):    1.898ns
    Clock Pessimism Removal (CPR):    0.154ns
  Clock Net Delay (Source):      1.747ns (routing 0.940ns, distribution 0.807ns)
  Clock Net Delay (Destination): 1.902ns (routing 1.033ns, distribution 0.869ns)

    Location             Delay type                Incr(ns)  Path(ns)    Netlist Resource(s)
  -------------------------------------------------------------------    -------------------
                         (clock clk_pl_0 rise edge)
                                                      0.000     0.000 r  
    PS8_X0Y0             PS8                          0.000     0.000 r  mixer_i/zynq_ultra_ps_e_0/inst/PS8_i/PLCLK[0]
                         net (fo=1, routed)           0.129     0.129    mixer_i/zynq_ultra_ps_e_0/inst/pl_clk_unbuffered[0]
    BUFG_PS_X0Y90        BUFG_PS (Prop_BUFG_PS_I_O)
                                                      0.022     0.151 r  mixer_i/zynq_ultra_ps_e_0/inst/buffer_pl_clk_0.PL_CLK_0_BUFG/O
    X1Y1 (CLOCK_ROOT)    net (fo=19371, routed)       1.747     1.898    dbg_hub/inst/BSCANID.u_xsdbm_id/CORE_XSDB.UUT_MASTER/U_ICON_INTERFACE/U_CMD6_WR/U_WR_FIFO/SUBCORE_FIFO.xsdbm_v3_0_0_wrfifo_inst/inst_fifo_gen/gconvfifo.rf/grf.rf/rstblk/rd_clk
    SLICE_X57Y82         FDPE                                         r  dbg_hub/inst/BSCANID.u_xsdbm_id/CORE_XSDB.UUT_MASTER/U_ICON_INTERFACE/U_CMD6_WR/U_WR_FIFO/SUBCORE_FIFO.xsdbm_v3_0_0_wrfifo_inst/inst_fifo_gen/gconvfifo.rf/grf.rf/rstblk/ngwrdrst.grst.g7serrst.rd_rst_reg_reg[2]/C
  -------------------------------------------------------------------    -------------------
    SLICE_X57Y82         FDPE (Prop_FFF_SLICEL_C_Q)
                                                      0.083     1.981 f  dbg_hub/inst/BSCANID.u_xsdbm_id/CORE_XSDB.UUT_MASTER/U_ICON_INTERFACE/U_CMD6_WR/U_WR_FIFO/SUBCORE_FIFO.xsdbm_v3_0_0_wrfifo_inst/inst_fifo_gen/gconvfifo.rf/grf.rf/rstblk/ngwrdrst.grst.g7serrst.rd_rst_reg_reg[2]/Q
                         net (fo=10, routed)          0.104     2.085    dbg_hub/inst/BSCANID.u_xsdbm_id/CORE_XSDB.UUT_MASTER/U_ICON_INTERFACE/U_CMD6_WR/U_WR_FIFO/SUBCORE_FIFO.xsdbm_v3_0_0_wrfifo_inst/inst_fifo_gen/gconvfifo.rf/grf.rf/gntv_or_sync_fifo.gl0.rd/rpntr/AR[0]
    SLICE_X59Y83         FDCE                                         f  dbg_hub/inst/BSCANID.u_xsdbm_id/CORE_XSDB.UUT_MASTER/U_ICON_INTERFACE/U_CMD6_WR/U_WR_FIFO/SUBCORE_FIFO.xsdbm_v3_0_0_wrfifo_inst/inst_fifo_gen/gconvfifo.rf/grf.rf/gntv_or_sync_fifo.gl0.rd/rpntr/gc0.count_reg[2]/CLR
  -------------------------------------------------------------------    -------------------

                         (clock clk_pl_0 rise edge)
                                                      0.000     0.000 r  
    PS8_X0Y0             PS8                          0.000     0.000 r  mixer_i/zynq_ultra_ps_e_0/inst/PS8_i/PLCLK[0]
                         net (fo=1, routed)           0.164     0.164    mixer_i/zynq_ultra_ps_e_0/inst/pl_clk_unbuffered[0]
    BUFG_PS_X0Y90        BUFG_PS (Prop_BUFG_PS_I_O)
                                                      0.023     0.187 r  mixer_i/zynq_ultra_ps_e_0/inst/buffer_pl_clk_0.PL_CLK_0_BUFG/O
    X1Y1 (CLOCK_ROOT)    net (fo=19371, routed)       1.902     2.089    dbg_hub/inst/BSCANID.u_xsdbm_id/CORE_XSDB.UUT_MASTER/U_ICON_INTERFACE/U_CMD6_WR/U_WR_FIFO/SUBCORE_FIFO.xsdbm_v3_0_0_wrfifo_inst/inst_fifo_gen/gconvfifo.rf/grf.rf/gntv_or_sync_fifo.gl0.rd/rpntr/rd_clk
    SLICE_X59Y83         FDCE                                         r  dbg_hub/inst/BSCANID.u_xsdbm_id/CORE_XSDB.UUT_MASTER/U_ICON_INTERFACE/U_CMD6_WR/U_WR_FIFO/SUBCORE_FIFO.xsdbm_v3_0_0_wrfifo_inst/inst_fifo_gen/gconvfifo.rf/grf.rf/gntv_or_sync_fifo.gl0.rd/rpntr/gc0.count_reg[2]/C
                         clock pessimism             -0.154     1.935    
    SLICE_X59Y83         FDCE (Remov_GFF2_SLICEL_C_CLR)
                                                     -0.018     1.917    dbg_hub/inst/BSCANID.u_xsdbm_id/CORE_XSDB.UUT_MASTER/U_ICON_INTERFACE/U_CMD6_WR/U_WR_FIFO/SUBCORE_FIFO.xsdbm_v3_0_0_wrfifo_inst/inst_fifo_gen/gconvfifo.rf/grf.rf/gntv_or_sync_fifo.gl0.rd/rpntr/gc0.count_reg[2]
  -------------------------------------------------------------------
                         required time                         -1.917    
                         arrival time                           2.085    
  -------------------------------------------------------------------
                         slack                                  0.168    

Slack (MET) :             0.169ns  (arrival time - required time)
  Source:                 dbg_hub/inst/BSCANID.u_xsdbm_id/CORE_XSDB.UUT_MASTER/U_ICON_INTERFACE/U_CMD1/ctl_reg_reg[0]/C
                            (rising edge-triggered cell FDRE clocked by clk_pl_0  {rise@0.000ns fall@5.156ns period=10.312ns})
  Destination:            dbg_hub/inst/BSCANID.u_xsdbm_id/CORE_XSDB.UUT_MASTER/U_XSDB_BUS_CONTROLLER/dec_wdc_r_reg/CLR
                            (removal check against rising-edge clock clk_pl_0  {rise@0.000ns fall@5.156ns period=10.312ns})
  Path Group:             **async_default**
  Path Type:              Removal (Min at Fast Process Corner)
  Requirement:            0.000ns  (clk_pl_0 rise@0.000ns - clk_pl_0 rise@0.000ns)
  Data Path Delay:        0.198ns  (logic 0.082ns (41.508%)  route 0.116ns (58.492%))
  Logic Levels:           0  
  Clock Path Skew:        0.047ns (DCD - SCD - CPR)
    Destination Clock Delay (DCD):    2.104ns
    Source Clock Delay      (SCD):    1.904ns
    Clock Pessimism Removal (CPR):    0.154ns
  Clock Net Delay (Source):      1.753ns (routing 0.940ns, distribution 0.813ns)
  Clock Net Delay (Destination): 1.917ns (routing 1.033ns, distribution 0.884ns)

    Location             Delay type                Incr(ns)  Path(ns)    Netlist Resource(s)
  -------------------------------------------------------------------    -------------------
                         (clock clk_pl_0 rise edge)
                                                      0.000     0.000 r  
    PS8_X0Y0             PS8                          0.000     0.000 r  mixer_i/zynq_ultra_ps_e_0/inst/PS8_i/PLCLK[0]
                         net (fo=1, routed)           0.129     0.129    mixer_i/zynq_ultra_ps_e_0/inst/pl_clk_unbuffered[0]
    BUFG_PS_X0Y90        BUFG_PS (Prop_BUFG_PS_I_O)
                                                      0.022     0.151 r  mixer_i/zynq_ultra_ps_e_0/inst/buffer_pl_clk_0.PL_CLK_0_BUFG/O
    X1Y1 (CLOCK_ROOT)    net (fo=19371, routed)       1.753     1.904    dbg_hub/inst/BSCANID.u_xsdbm_id/CORE_XSDB.UUT_MASTER/U_ICON_INTERFACE/U_CMD1/clk
    SLICE_X58Y75         FDRE                                         r  dbg_hub/inst/BSCANID.u_xsdbm_id/CORE_XSDB.UUT_MASTER/U_ICON_INTERFACE/U_CMD1/ctl_reg_reg[0]/C
  -------------------------------------------------------------------    -------------------
    SLICE_X58Y75         FDRE (Prop_EFF_SLICEM_C_Q)
                                                      0.082     1.986 f  dbg_hub/inst/BSCANID.u_xsdbm_id/CORE_XSDB.UUT_MASTER/U_ICON_INTERFACE/U_CMD1/ctl_reg_reg[0]/Q
                         net (fo=182, routed)         0.116     2.102    dbg_hub/inst/BSCANID.u_xsdbm_id/CORE_XSDB.UUT_MASTER/U_XSDB_BUS_CONTROLLER/out[0]
    SLICE_X57Y75         FDCE                                         f  dbg_hub/inst/BSCANID.u_xsdbm_id/CORE_XSDB.UUT_MASTER/U_XSDB_BUS_CONTROLLER/dec_wdc_r_reg/CLR
  -------------------------------------------------------------------    -------------------

                         (clock clk_pl_0 rise edge)
                                                      0.000     0.000 r  
    PS8_X0Y0             PS8                          0.000     0.000 r  mixer_i/zynq_ultra_ps_e_0/inst/PS8_i/PLCLK[0]
                         net (fo=1, routed)           0.164     0.164    mixer_i/zynq_ultra_ps_e_0/inst/pl_clk_unbuffered[0]
    BUFG_PS_X0Y90        BUFG_PS (Prop_BUFG_PS_I_O)
                                                      0.023     0.187 r  mixer_i/zynq_ultra_ps_e_0/inst/buffer_pl_clk_0.PL_CLK_0_BUFG/O
    X1Y1 (CLOCK_ROOT)    net (fo=19371, routed)       1.917     2.104    dbg_hub/inst/BSCANID.u_xsdbm_id/CORE_XSDB.UUT_MASTER/U_XSDB_BUS_CONTROLLER/clk
    SLICE_X57Y75         FDCE                                         r  dbg_hub/inst/BSCANID.u_xsdbm_id/CORE_XSDB.UUT_MASTER/U_XSDB_BUS_CONTROLLER/dec_wdc_r_reg/C
                         clock pessimism             -0.154     1.951    
    SLICE_X57Y75         FDCE (Remov_HFF_SLICEL_C_CLR)
                                                     -0.018     1.933    dbg_hub/inst/BSCANID.u_xsdbm_id/CORE_XSDB.UUT_MASTER/U_XSDB_BUS_CONTROLLER/dec_wdc_r_reg
  -------------------------------------------------------------------
                         required time                         -1.933    
                         arrival time                           2.102    
  -------------------------------------------------------------------
                         slack                                  0.169    

Slack (MET) :             0.169ns  (arrival time - required time)
  Source:                 dbg_hub/inst/BSCANID.u_xsdbm_id/CORE_XSDB.UUT_MASTER/U_ICON_INTERFACE/U_CMD1/ctl_reg_reg[0]/C
                            (rising edge-triggered cell FDRE clocked by clk_pl_0  {rise@0.000ns fall@5.156ns period=10.312ns})
  Destination:            dbg_hub/inst/BSCANID.u_xsdbm_id/CORE_XSDB.UUT_MASTER/U_XSDB_BUS_CONTROLLER/in_normal_mode_reg/CLR
                            (removal check against rising-edge clock clk_pl_0  {rise@0.000ns fall@5.156ns period=10.312ns})
  Path Group:             **async_default**
  Path Type:              Removal (Min at Fast Process Corner)
  Requirement:            0.000ns  (clk_pl_0 rise@0.000ns - clk_pl_0 rise@0.000ns)
  Data Path Delay:        0.198ns  (logic 0.082ns (41.508%)  route 0.116ns (58.492%))
  Logic Levels:           0  
  Clock Path Skew:        0.047ns (DCD - SCD - CPR)
    Destination Clock Delay (DCD):    2.104ns
    Source Clock Delay      (SCD):    1.904ns
    Clock Pessimism Removal (CPR):    0.154ns
  Clock Net Delay (Source):      1.753ns (routing 0.940ns, distribution 0.813ns)
  Clock Net Delay (Destination): 1.917ns (routing 1.033ns, distribution 0.884ns)

    Location             Delay type                Incr(ns)  Path(ns)    Netlist Resource(s)
  -------------------------------------------------------------------    -------------------
                         (clock clk_pl_0 rise edge)
                                                      0.000     0.000 r  
    PS8_X0Y0             PS8                          0.000     0.000 r  mixer_i/zynq_ultra_ps_e_0/inst/PS8_i/PLCLK[0]
                         net (fo=1, routed)           0.129     0.129    mixer_i/zynq_ultra_ps_e_0/inst/pl_clk_unbuffered[0]
    BUFG_PS_X0Y90        BUFG_PS (Prop_BUFG_PS_I_O)
                                                      0.022     0.151 r  mixer_i/zynq_ultra_ps_e_0/inst/buffer_pl_clk_0.PL_CLK_0_BUFG/O
    X1Y1 (CLOCK_ROOT)    net (fo=19371, routed)       1.753     1.904    dbg_hub/inst/BSCANID.u_xsdbm_id/CORE_XSDB.UUT_MASTER/U_ICON_INTERFACE/U_CMD1/clk
    SLICE_X58Y75         FDRE                                         r  dbg_hub/inst/BSCANID.u_xsdbm_id/CORE_XSDB.UUT_MASTER/U_ICON_INTERFACE/U_CMD1/ctl_reg_reg[0]/C
  -------------------------------------------------------------------    -------------------
    SLICE_X58Y75         FDRE (Prop_EFF_SLICEM_C_Q)
                                                      0.082     1.986 f  dbg_hub/inst/BSCANID.u_xsdbm_id/CORE_XSDB.UUT_MASTER/U_ICON_INTERFACE/U_CMD1/ctl_reg_reg[0]/Q
                         net (fo=182, routed)         0.116     2.102    dbg_hub/inst/BSCANID.u_xsdbm_id/CORE_XSDB.UUT_MASTER/U_XSDB_BUS_CONTROLLER/out[0]
    SLICE_X57Y75         FDCE                                         f  dbg_hub/inst/BSCANID.u_xsdbm_id/CORE_XSDB.UUT_MASTER/U_XSDB_BUS_CONTROLLER/in_normal_mode_reg/CLR
  -------------------------------------------------------------------    -------------------

                         (clock clk_pl_0 rise edge)
                                                      0.000     0.000 r  
    PS8_X0Y0             PS8                          0.000     0.000 r  mixer_i/zynq_ultra_ps_e_0/inst/PS8_i/PLCLK[0]
                         net (fo=1, routed)           0.164     0.164    mixer_i/zynq_ultra_ps_e_0/inst/pl_clk_unbuffered[0]
    BUFG_PS_X0Y90        BUFG_PS (Prop_BUFG_PS_I_O)
                                                      0.023     0.187 r  mixer_i/zynq_ultra_ps_e_0/inst/buffer_pl_clk_0.PL_CLK_0_BUFG/O
    X1Y1 (CLOCK_ROOT)    net (fo=19371, routed)       1.917     2.104    dbg_hub/inst/BSCANID.u_xsdbm_id/CORE_XSDB.UUT_MASTER/U_XSDB_BUS_CONTROLLER/clk
    SLICE_X57Y75         FDCE                                         r  dbg_hub/inst/BSCANID.u_xsdbm_id/CORE_XSDB.UUT_MASTER/U_XSDB_BUS_CONTROLLER/in_normal_mode_reg/C
                         clock pessimism             -0.154     1.951    
    SLICE_X57Y75         FDCE (Remov_HFF2_SLICEL_C_CLR)
                                                     -0.018     1.933    dbg_hub/inst/BSCANID.u_xsdbm_id/CORE_XSDB.UUT_MASTER/U_XSDB_BUS_CONTROLLER/in_normal_mode_reg
  -------------------------------------------------------------------
                         required time                         -1.933    
                         arrival time                           2.102    
  -------------------------------------------------------------------
                         slack                                  0.169    

Slack (MET) :             0.169ns  (arrival time - required time)
  Source:                 dbg_hub/inst/BSCANID.u_xsdbm_id/CORE_XSDB.UUT_MASTER/U_ICON_INTERFACE/U_CMD1/ctl_reg_reg[0]/C
                            (rising edge-triggered cell FDRE clocked by clk_pl_0  {rise@0.000ns fall@5.156ns period=10.312ns})
  Destination:            dbg_hub/inst/BSCANID.u_xsdbm_id/CORE_XSDB.UUT_MASTER/U_XSDB_BUS_CONTROLLER/inc_addr_r_reg/CLR
                            (removal check against rising-edge clock clk_pl_0  {rise@0.000ns fall@5.156ns period=10.312ns})
  Path Group:             **async_default**
  Path Type:              Removal (Min at Fast Process Corner)
  Requirement:            0.000ns  (clk_pl_0 rise@0.000ns - clk_pl_0 rise@0.000ns)
  Data Path Delay:        0.198ns  (logic 0.082ns (41.508%)  route 0.116ns (58.492%))
  Logic Levels:           0  
  Clock Path Skew:        0.047ns (DCD - SCD - CPR)
    Destination Clock Delay (DCD):    2.104ns
    Source Clock Delay      (SCD):    1.904ns
    Clock Pessimism Removal (CPR):    0.154ns
  Clock Net Delay (Source):      1.753ns (routing 0.940ns, distribution 0.813ns)
  Clock Net Delay (Destination): 1.917ns (routing 1.033ns, distribution 0.884ns)

    Location             Delay type                Incr(ns)  Path(ns)    Netlist Resource(s)
  -------------------------------------------------------------------    -------------------
                         (clock clk_pl_0 rise edge)
                                                      0.000     0.000 r  
    PS8_X0Y0             PS8                          0.000     0.000 r  mixer_i/zynq_ultra_ps_e_0/inst/PS8_i/PLCLK[0]
                         net (fo=1, routed)           0.129     0.129    mixer_i/zynq_ultra_ps_e_0/inst/pl_clk_unbuffered[0]
    BUFG_PS_X0Y90        BUFG_PS (Prop_BUFG_PS_I_O)
                                                      0.022     0.151 r  mixer_i/zynq_ultra_ps_e_0/inst/buffer_pl_clk_0.PL_CLK_0_BUFG/O
    X1Y1 (CLOCK_ROOT)    net (fo=19371, routed)       1.753     1.904    dbg_hub/inst/BSCANID.u_xsdbm_id/CORE_XSDB.UUT_MASTER/U_ICON_INTERFACE/U_CMD1/clk
    SLICE_X58Y75         FDRE                                         r  dbg_hub/inst/BSCANID.u_xsdbm_id/CORE_XSDB.UUT_MASTER/U_ICON_INTERFACE/U_CMD1/ctl_reg_reg[0]/C
  -------------------------------------------------------------------    -------------------
    SLICE_X58Y75         FDRE (Prop_EFF_SLICEM_C_Q)
                                                      0.082     1.986 f  dbg_hub/inst/BSCANID.u_xsdbm_id/CORE_XSDB.UUT_MASTER/U_ICON_INTERFACE/U_CMD1/ctl_reg_reg[0]/Q
                         net (fo=182, routed)         0.116     2.102    dbg_hub/inst/BSCANID.u_xsdbm_id/CORE_XSDB.UUT_MASTER/U_XSDB_BUS_CONTROLLER/out[0]
    SLICE_X57Y75         FDCE                                         f  dbg_hub/inst/BSCANID.u_xsdbm_id/CORE_XSDB.UUT_MASTER/U_XSDB_BUS_CONTROLLER/inc_addr_r_reg/CLR
  -------------------------------------------------------------------    -------------------

                         (clock clk_pl_0 rise edge)
                                                      0.000     0.000 r  
    PS8_X0Y0             PS8                          0.000     0.000 r  mixer_i/zynq_ultra_ps_e_0/inst/PS8_i/PLCLK[0]
                         net (fo=1, routed)           0.164     0.164    mixer_i/zynq_ultra_ps_e_0/inst/pl_clk_unbuffered[0]
    BUFG_PS_X0Y90        BUFG_PS (Prop_BUFG_PS_I_O)
                                                      0.023     0.187 r  mixer_i/zynq_ultra_ps_e_0/inst/buffer_pl_clk_0.PL_CLK_0_BUFG/O
    X1Y1 (CLOCK_ROOT)    net (fo=19371, routed)       1.917     2.104    dbg_hub/inst/BSCANID.u_xsdbm_id/CORE_XSDB.UUT_MASTER/U_XSDB_BUS_CONTROLLER/clk
    SLICE_X57Y75         FDCE                                         r  dbg_hub/inst/BSCANID.u_xsdbm_id/CORE_XSDB.UUT_MASTER/U_XSDB_BUS_CONTROLLER/inc_addr_r_reg/C
                         clock pessimism             -0.154     1.951    
    SLICE_X57Y75         FDCE (Remov_GFF_SLICEL_C_CLR)
                                                     -0.018     1.933    dbg_hub/inst/BSCANID.u_xsdbm_id/CORE_XSDB.UUT_MASTER/U_XSDB_BUS_CONTROLLER/inc_addr_r_reg
  -------------------------------------------------------------------
                         required time                         -1.933    
                         arrival time                           2.102    
  -------------------------------------------------------------------
                         slack                                  0.169    

Slack (MET) :             0.170ns  (arrival time - required time)
  Source:                 dbg_hub/inst/BSCANID.u_xsdbm_id/CORE_XSDB.UUT_MASTER/U_ICON_INTERFACE/rddata_rst_reg/C
                            (rising edge-triggered cell FDRE clocked by clk_pl_0  {rise@0.000ns fall@5.156ns period=10.312ns})
  Destination:            dbg_hub/inst/BSCANID.u_xsdbm_id/CORE_XSDB.UUT_MASTER/U_ICON_INTERFACE/U_CMD6_RD/U_RD_FIFO/SUBCORE_FIFO.xsdbm_v3_0_0_rdfifo_inst/inst_fifo_gen/gconvfifo.rf/grf.rf/rstblk/ngwrdrst.grst.g7serrst.rst_wr_reg1_reg/PRE
                            (removal check against rising-edge clock clk_pl_0  {rise@0.000ns fall@5.156ns period=10.312ns})
  Path Group:             **async_default**
  Path Type:              Removal (Min at Fast Process Corner)
  Requirement:            0.000ns  (clk_pl_0 rise@0.000ns - clk_pl_0 rise@0.000ns)
  Data Path Delay:        0.171ns  (logic 0.084ns (49.049%)  route 0.087ns (50.951%))
  Logic Levels:           0  
  Clock Path Skew:        0.019ns (DCD - SCD - CPR)
    Destination Clock Delay (DCD):    2.097ns
    Source Clock Delay      (SCD):    1.895ns
    Clock Pessimism Removal (CPR):    0.184ns
  Clock Net Delay (Source):      1.744ns (routing 0.940ns, distribution 0.804ns)
  Clock Net Delay (Destination): 1.910ns (routing 1.033ns, distribution 0.877ns)

    Location             Delay type                Incr(ns)  Path(ns)    Netlist Resource(s)
  -------------------------------------------------------------------    -------------------
                         (clock clk_pl_0 rise edge)
                                                      0.000     0.000 r  
    PS8_X0Y0             PS8                          0.000     0.000 r  mixer_i/zynq_ultra_ps_e_0/inst/PS8_i/PLCLK[0]
                         net (fo=1, routed)           0.129     0.129    mixer_i/zynq_ultra_ps_e_0/inst/pl_clk_unbuffered[0]
    BUFG_PS_X0Y90        BUFG_PS (Prop_BUFG_PS_I_O)
                                                      0.022     0.151 r  mixer_i/zynq_ultra_ps_e_0/inst/buffer_pl_clk_0.PL_CLK_0_BUFG/O
    X1Y1 (CLOCK_ROOT)    net (fo=19371, routed)       1.744     1.895    dbg_hub/inst/BSCANID.u_xsdbm_id/CORE_XSDB.UUT_MASTER/U_ICON_INTERFACE/clk
    SLICE_X59Y80         FDRE                                         r  dbg_hub/inst/BSCANID.u_xsdbm_id/CORE_XSDB.UUT_MASTER/U_ICON_INTERFACE/rddata_rst_reg/C
  -------------------------------------------------------------------    -------------------
    SLICE_X59Y80         FDRE (Prop_HFF_SLICEL_C_Q)
                                                      0.084     1.979 f  dbg_hub/inst/BSCANID.u_xsdbm_id/CORE_XSDB.UUT_MASTER/U_ICON_INTERFACE/rddata_rst_reg/Q
                         net (fo=20, routed)          0.087     2.066    dbg_hub/inst/BSCANID.u_xsdbm_id/CORE_XSDB.UUT_MASTER/U_ICON_INTERFACE/U_CMD6_RD/U_RD_FIFO/SUBCORE_FIFO.xsdbm_v3_0_0_rdfifo_inst/inst_fifo_gen/gconvfifo.rf/grf.rf/rstblk/rst
    SLICE_X59Y79         FDPE                                         f  dbg_hub/inst/BSCANID.u_xsdbm_id/CORE_XSDB.UUT_MASTER/U_ICON_INTERFACE/U_CMD6_RD/U_RD_FIFO/SUBCORE_FIFO.xsdbm_v3_0_0_rdfifo_inst/inst_fifo_gen/gconvfifo.rf/grf.rf/rstblk/ngwrdrst.grst.g7serrst.rst_wr_reg1_reg/PRE
  -------------------------------------------------------------------    -------------------

                         (clock clk_pl_0 rise edge)
                                                      0.000     0.000 r  
    PS8_X0Y0             PS8                          0.000     0.000 r  mixer_i/zynq_ultra_ps_e_0/inst/PS8_i/PLCLK[0]
                         net (fo=1, routed)           0.164     0.164    mixer_i/zynq_ultra_ps_e_0/inst/pl_clk_unbuffered[0]
    BUFG_PS_X0Y90        BUFG_PS (Prop_BUFG_PS_I_O)
                                                      0.023     0.187 r  mixer_i/zynq_ultra_ps_e_0/inst/buffer_pl_clk_0.PL_CLK_0_BUFG/O
    X1Y1 (CLOCK_ROOT)    net (fo=19371, routed)       1.910     2.097    dbg_hub/inst/BSCANID.u_xsdbm_id/CORE_XSDB.UUT_MASTER/U_ICON_INTERFACE/U_CMD6_RD/U_RD_FIFO/SUBCORE_FIFO.xsdbm_v3_0_0_rdfifo_inst/inst_fifo_gen/gconvfifo.rf/grf.rf/rstblk/wr_clk
    SLICE_X59Y79         FDPE                                         r  dbg_hub/inst/BSCANID.u_xsdbm_id/CORE_XSDB.UUT_MASTER/U_ICON_INTERFACE/U_CMD6_RD/U_RD_FIFO/SUBCORE_FIFO.xsdbm_v3_0_0_rdfifo_inst/inst_fifo_gen/gconvfifo.rf/grf.rf/rstblk/ngwrdrst.grst.g7serrst.rst_wr_reg1_reg/C
                         clock pessimism             -0.184     1.914    
    SLICE_X59Y79         FDPE (Remov_HFF2_SLICEL_C_PRE)
                                                     -0.018     1.896    dbg_hub/inst/BSCANID.u_xsdbm_id/CORE_XSDB.UUT_MASTER/U_ICON_INTERFACE/U_CMD6_RD/U_RD_FIFO/SUBCORE_FIFO.xsdbm_v3_0_0_rdfifo_inst/inst_fifo_gen/gconvfifo.rf/grf.rf/rstblk/ngwrdrst.grst.g7serrst.rst_wr_reg1_reg
  -------------------------------------------------------------------
                         required time                         -1.896    
                         arrival time                           2.066    
  -------------------------------------------------------------------
                         slack                                  0.170    

Slack (MET) :             0.170ns  (arrival time - required time)
  Source:                 dbg_hub/inst/BSCANID.u_xsdbm_id/CORE_XSDB.UUT_MASTER/U_ICON_INTERFACE/rddata_rst_reg/C
                            (rising edge-triggered cell FDRE clocked by clk_pl_0  {rise@0.000ns fall@5.156ns period=10.312ns})
  Destination:            dbg_hub/inst/BSCANID.u_xsdbm_id/CORE_XSDB.UUT_MASTER/U_ICON_INTERFACE/U_CMD6_RD/U_RD_FIFO/SUBCORE_FIFO.xsdbm_v3_0_0_rdfifo_inst/inst_fifo_gen/gconvfifo.rf/grf.rf/rstblk/ngwrdrst.grst.g7serrst.rst_wr_reg2_reg/PRE
                            (removal check against rising-edge clock clk_pl_0  {rise@0.000ns fall@5.156ns period=10.312ns})
  Path Group:             **async_default**
  Path Type:              Removal (Min at Fast Process Corner)
  Requirement:            0.000ns  (clk_pl_0 rise@0.000ns - clk_pl_0 rise@0.000ns)
  Data Path Delay:        0.171ns  (logic 0.084ns (49.049%)  route 0.087ns (50.951%))
  Logic Levels:           0  
  Clock Path Skew:        0.019ns (DCD - SCD - CPR)
    Destination Clock Delay (DCD):    2.097ns
    Source Clock Delay      (SCD):    1.895ns
    Clock Pessimism Removal (CPR):    0.184ns
  Clock Net Delay (Source):      1.744ns (routing 0.940ns, distribution 0.804ns)
  Clock Net Delay (Destination): 1.910ns (routing 1.033ns, distribution 0.877ns)

    Location             Delay type                Incr(ns)  Path(ns)    Netlist Resource(s)
  -------------------------------------------------------------------    -------------------
                         (clock clk_pl_0 rise edge)
                                                      0.000     0.000 r  
    PS8_X0Y0             PS8                          0.000     0.000 r  mixer_i/zynq_ultra_ps_e_0/inst/PS8_i/PLCLK[0]
                         net (fo=1, routed)           0.129     0.129    mixer_i/zynq_ultra_ps_e_0/inst/pl_clk_unbuffered[0]
    BUFG_PS_X0Y90        BUFG_PS (Prop_BUFG_PS_I_O)
                                                      0.022     0.151 r  mixer_i/zynq_ultra_ps_e_0/inst/buffer_pl_clk_0.PL_CLK_0_BUFG/O
    X1Y1 (CLOCK_ROOT)    net (fo=19371, routed)       1.744     1.895    dbg_hub/inst/BSCANID.u_xsdbm_id/CORE_XSDB.UUT_MASTER/U_ICON_INTERFACE/clk
    SLICE_X59Y80         FDRE                                         r  dbg_hub/inst/BSCANID.u_xsdbm_id/CORE_XSDB.UUT_MASTER/U_ICON_INTERFACE/rddata_rst_reg/C
  -------------------------------------------------------------------    -------------------
    SLICE_X59Y80         FDRE (Prop_HFF_SLICEL_C_Q)
                                                      0.084     1.979 f  dbg_hub/inst/BSCANID.u_xsdbm_id/CORE_XSDB.UUT_MASTER/U_ICON_INTERFACE/rddata_rst_reg/Q
                         net (fo=20, routed)          0.087     2.066    dbg_hub/inst/BSCANID.u_xsdbm_id/CORE_XSDB.UUT_MASTER/U_ICON_INTERFACE/U_CMD6_RD/U_RD_FIFO/SUBCORE_FIFO.xsdbm_v3_0_0_rdfifo_inst/inst_fifo_gen/gconvfifo.rf/grf.rf/rstblk/rst
    SLICE_X59Y79         FDPE                                         f  dbg_hub/inst/BSCANID.u_xsdbm_id/CORE_XSDB.UUT_MASTER/U_ICON_INTERFACE/U_CMD6_RD/U_RD_FIFO/SUBCORE_FIFO.xsdbm_v3_0_0_rdfifo_inst/inst_fifo_gen/gconvfifo.rf/grf.rf/rstblk/ngwrdrst.grst.g7serrst.rst_wr_reg2_reg/PRE
  -------------------------------------------------------------------    -------------------

                         (clock clk_pl_0 rise edge)
                                                      0.000     0.000 r  
    PS8_X0Y0             PS8                          0.000     0.000 r  mixer_i/zynq_ultra_ps_e_0/inst/PS8_i/PLCLK[0]
                         net (fo=1, routed)           0.164     0.164    mixer_i/zynq_ultra_ps_e_0/inst/pl_clk_unbuffered[0]
    BUFG_PS_X0Y90        BUFG_PS (Prop_BUFG_PS_I_O)
                                                      0.023     0.187 r  mixer_i/zynq_ultra_ps_e_0/inst/buffer_pl_clk_0.PL_CLK_0_BUFG/O
    X1Y1 (CLOCK_ROOT)    net (fo=19371, routed)       1.910     2.097    dbg_hub/inst/BSCANID.u_xsdbm_id/CORE_XSDB.UUT_MASTER/U_ICON_INTERFACE/U_CMD6_RD/U_RD_FIFO/SUBCORE_FIFO.xsdbm_v3_0_0_rdfifo_inst/inst_fifo_gen/gconvfifo.rf/grf.rf/rstblk/wr_clk
    SLICE_X59Y79         FDPE                                         r  dbg_hub/inst/BSCANID.u_xsdbm_id/CORE_XSDB.UUT_MASTER/U_ICON_INTERFACE/U_CMD6_RD/U_RD_FIFO/SUBCORE_FIFO.xsdbm_v3_0_0_rdfifo_inst/inst_fifo_gen/gconvfifo.rf/grf.rf/rstblk/ngwrdrst.grst.g7serrst.rst_wr_reg2_reg/C
                         clock pessimism             -0.184     1.914    
    SLICE_X59Y79         FDPE (Remov_EFF2_SLICEL_C_PRE)
                                                     -0.018     1.896    dbg_hub/inst/BSCANID.u_xsdbm_id/CORE_XSDB.UUT_MASTER/U_ICON_INTERFACE/U_CMD6_RD/U_RD_FIFO/SUBCORE_FIFO.xsdbm_v3_0_0_rdfifo_inst/inst_fifo_gen/gconvfifo.rf/grf.rf/rstblk/ngwrdrst.grst.g7serrst.rst_wr_reg2_reg
  -------------------------------------------------------------------
                         required time                         -1.896    
                         arrival time                           2.066    
  -------------------------------------------------------------------
                         slack                                  0.170    

Slack (MET) :             0.172ns  (arrival time - required time)
  Source:                 dbg_hub/inst/BSCANID.u_xsdbm_id/CORE_XSDB.UUT_MASTER/U_ICON_INTERFACE/U_CMD6_RD/U_RD_FIFO/SUBCORE_FIFO.xsdbm_v3_0_0_rdfifo_inst/inst_fifo_gen/gconvfifo.rf/grf.rf/rstblk/ngwrdrst.grst.g7serrst.wr_rst_reg_reg[1]/C
                            (rising edge-triggered cell FDPE clocked by clk_pl_0  {rise@0.000ns fall@5.156ns period=10.312ns})
  Destination:            dbg_hub/inst/BSCANID.u_xsdbm_id/CORE_XSDB.UUT_MASTER/U_ICON_INTERFACE/U_CMD6_RD/U_RD_FIFO/SUBCORE_FIFO.xsdbm_v3_0_0_rdfifo_inst/inst_fifo_gen/gconvfifo.rf/grf.rf/gntv_or_sync_fifo.gl0.wr/wpntr/gic0.gc0.count_d1_reg[2]/CLR
                            (removal check against rising-edge clock clk_pl_0  {rise@0.000ns fall@5.156ns period=10.312ns})
  Path Group:             **async_default**
  Path Type:              Removal (Min at Fast Process Corner)
  Requirement:            0.000ns  (clk_pl_0 rise@0.000ns - clk_pl_0 rise@0.000ns)
  Data Path Delay:        0.197ns  (logic 0.085ns (43.040%)  route 0.112ns (56.960%))
  Logic Levels:           0  
  Clock Path Skew:        0.043ns (DCD - SCD - CPR)
    Destination Clock Delay (DCD):    2.102ns
    Source Clock Delay      (SCD):    1.906ns
    Clock Pessimism Removal (CPR):    0.154ns
  Clock Net Delay (Source):      1.755ns (routing 0.940ns, distribution 0.815ns)
  Clock Net Delay (Destination): 1.915ns (routing 1.033ns, distribution 0.882ns)

    Location             Delay type                Incr(ns)  Path(ns)    Netlist Resource(s)
  -------------------------------------------------------------------    -------------------
                         (clock clk_pl_0 rise edge)
                                                      0.000     0.000 r  
    PS8_X0Y0             PS8                          0.000     0.000 r  mixer_i/zynq_ultra_ps_e_0/inst/PS8_i/PLCLK[0]
                         net (fo=1, routed)           0.129     0.129    mixer_i/zynq_ultra_ps_e_0/inst/pl_clk_unbuffered[0]
    BUFG_PS_X0Y90        BUFG_PS (Prop_BUFG_PS_I_O)
                                                      0.022     0.151 r  mixer_i/zynq_ultra_ps_e_0/inst/buffer_pl_clk_0.PL_CLK_0_BUFG/O
    X1Y1 (CLOCK_ROOT)    net (fo=19371, routed)       1.755     1.906    dbg_hub/inst/BSCANID.u_xsdbm_id/CORE_XSDB.UUT_MASTER/U_ICON_INTERFACE/U_CMD6_RD/U_RD_FIFO/SUBCORE_FIFO.xsdbm_v3_0_0_rdfifo_inst/inst_fifo_gen/gconvfifo.rf/grf.rf/rstblk/wr_clk
    SLICE_X57Y77         FDPE                                         r  dbg_hub/inst/BSCANID.u_xsdbm_id/CORE_XSDB.UUT_MASTER/U_ICON_INTERFACE/U_CMD6_RD/U_RD_FIFO/SUBCORE_FIFO.xsdbm_v3_0_0_rdfifo_inst/inst_fifo_gen/gconvfifo.rf/grf.rf/rstblk/ngwrdrst.grst.g7serrst.wr_rst_reg_reg[1]/C
  -------------------------------------------------------------------    -------------------
    SLICE_X57Y77         FDPE (Prop_EFF2_SLICEL_C_Q)
                                                      0.085     1.991 f  dbg_hub/inst/BSCANID.u_xsdbm_id/CORE_XSDB.UUT_MASTER/U_ICON_INTERFACE/U_CMD6_RD/U_RD_FIFO/SUBCORE_FIFO.xsdbm_v3_0_0_rdfifo_inst/inst_fifo_gen/gconvfifo.rf/grf.rf/rstblk/ngwrdrst.grst.g7serrst.wr_rst_reg_reg[1]/Q
                         net (fo=12, routed)          0.112     2.103    dbg_hub/inst/BSCANID.u_xsdbm_id/CORE_XSDB.UUT_MASTER/U_ICON_INTERFACE/U_CMD6_RD/U_RD_FIFO/SUBCORE_FIFO.xsdbm_v3_0_0_rdfifo_inst/inst_fifo_gen/gconvfifo.rf/grf.rf/gntv_or_sync_fifo.gl0.wr/wpntr/gic0.gc0.count_reg[0]_0[0]
    SLICE_X55Y77         FDCE                                         f  dbg_hub/inst/BSCANID.u_xsdbm_id/CORE_XSDB.UUT_MASTER/U_ICON_INTERFACE/U_CMD6_RD/U_RD_FIFO/SUBCORE_FIFO.xsdbm_v3_0_0_rdfifo_inst/inst_fifo_gen/gconvfifo.rf/grf.rf/gntv_or_sync_fifo.gl0.wr/wpntr/gic0.gc0.count_d1_reg[2]/CLR
  -------------------------------------------------------------------    -------------------

                         (clock clk_pl_0 rise edge)
                                                      0.000     0.000 r  
    PS8_X0Y0             PS8                          0.000     0.000 r  mixer_i/zynq_ultra_ps_e_0/inst/PS8_i/PLCLK[0]
                         net (fo=1, routed)           0.164     0.164    mixer_i/zynq_ultra_ps_e_0/inst/pl_clk_unbuffered[0]
    BUFG_PS_X0Y90        BUFG_PS (Prop_BUFG_PS_I_O)
                                                      0.023     0.187 r  mixer_i/zynq_ultra_ps_e_0/inst/buffer_pl_clk_0.PL_CLK_0_BUFG/O
    X1Y1 (CLOCK_ROOT)    net (fo=19371, routed)       1.915     2.102    dbg_hub/inst/BSCANID.u_xsdbm_id/CORE_XSDB.UUT_MASTER/U_ICON_INTERFACE/U_CMD6_RD/U_RD_FIFO/SUBCORE_FIFO.xsdbm_v3_0_0_rdfifo_inst/inst_fifo_gen/gconvfifo.rf/grf.rf/gntv_or_sync_fifo.gl0.wr/wpntr/wr_clk
    SLICE_X55Y77         FDCE                                         r  dbg_hub/inst/BSCANID.u_xsdbm_id/CORE_XSDB.UUT_MASTER/U_ICON_INTERFACE/U_CMD6_RD/U_RD_FIFO/SUBCORE_FIFO.xsdbm_v3_0_0_rdfifo_inst/inst_fifo_gen/gconvfifo.rf/grf.rf/gntv_or_sync_fifo.gl0.wr/wpntr/gic0.gc0.count_d1_reg[2]/C
                         clock pessimism             -0.154     1.949    
    SLICE_X55Y77         FDCE (Remov_EFF_SLICEL_C_CLR)
                                                     -0.018     1.931    dbg_hub/inst/BSCANID.u_xsdbm_id/CORE_XSDB.UUT_MASTER/U_ICON_INTERFACE/U_CMD6_RD/U_RD_FIFO/SUBCORE_FIFO.xsdbm_v3_0_0_rdfifo_inst/inst_fifo_gen/gconvfifo.rf/grf.rf/gntv_or_sync_fifo.gl0.wr/wpntr/gic0.gc0.count_d1_reg[2]
  -------------------------------------------------------------------
                         required time                         -1.931    
                         arrival time                           2.103    
  -------------------------------------------------------------------
                         slack                                  0.172    





---------------------------------------------------------------------------------------------------
Path Group:  **async_default**
From Clock:  dbg_hub/inst/BSCANID.u_xsdbm_id/SWITCH_N_EXT_BSCAN.bscan_inst/SERIES7_BSCAN.bscan_inst/INTERNAL_TCK
  To Clock:  dbg_hub/inst/BSCANID.u_xsdbm_id/SWITCH_N_EXT_BSCAN.bscan_inst/SERIES7_BSCAN.bscan_inst/INTERNAL_TCK

Setup :            0  Failing Endpoints,  Worst Slack       47.520ns,  Total Violation        0.000ns
Hold  :            0  Failing Endpoints,  Worst Slack        0.153ns,  Total Violation        0.000ns
---------------------------------------------------------------------------------------------------


Max Delay Paths
--------------------------------------------------------------------------------------
Slack (MET) :             47.520ns  (required time - arrival time)
  Source:                 dbg_hub/inst/BSCANID.u_xsdbm_id/SWITCH_N_EXT_BSCAN.bscan_switch/portno_reg[1]/C
                            (rising edge-triggered cell FDRE clocked by dbg_hub/inst/BSCANID.u_xsdbm_id/SWITCH_N_EXT_BSCAN.bscan_inst/SERIES7_BSCAN.bscan_inst/INTERNAL_TCK  {rise@0.000ns fall@25.000ns period=50.000ns})
  Destination:            dbg_hub/inst/BSCANID.u_xsdbm_id/CORE_XSDB.U_ICON/U_CMD/iTARGET_reg[15]/CLR
                            (recovery check against rising-edge clock dbg_hub/inst/BSCANID.u_xsdbm_id/SWITCH_N_EXT_BSCAN.bscan_inst/SERIES7_BSCAN.bscan_inst/INTERNAL_TCK  {rise@0.000ns fall@25.000ns period=50.000ns})
  Path Group:             **async_default**
  Path Type:              Recovery (Max at Slow Process Corner)
  Requirement:            50.000ns  (dbg_hub/inst/BSCANID.u_xsdbm_id/SWITCH_N_EXT_BSCAN.bscan_inst/SERIES7_BSCAN.bscan_inst/INTERNAL_TCK rise@50.000ns - dbg_hub/inst/BSCANID.u_xsdbm_id/SWITCH_N_EXT_BSCAN.bscan_inst/SERIES7_BSCAN.bscan_inst/INTERNAL_TCK rise@0.000ns)
  Data Path Delay:        2.135ns  (logic 0.492ns (23.047%)  route 1.643ns (76.953%))
  Logic Levels:           2  (LUT4=1 LUT6=1)
  Clock Path Skew:        -0.216ns (DCD - SCD + CPR)
    Destination Clock Delay (DCD):    3.935ns = ( 53.935 - 50.000 ) 
    Source Clock Delay      (SCD):    9.130ns
    Clock Pessimism Removal (CPR):    4.978ns
  Clock Uncertainty:      0.035ns  ((TSJ^2 + TIJ^2)^1/2 + DJ) / 2 + PE
    Total System Jitter     (TSJ):    0.071ns
    Total Input Jitter      (TIJ):    0.000ns
    Discrete Jitter          (DJ):    0.000ns
    Phase Error              (PE):    0.000ns
  Clock Net Delay (Source):      2.655ns (routing 1.467ns, distribution 1.188ns)
  Clock Net Delay (Destination): 2.311ns (routing 1.340ns, distribution 0.971ns)

    Location             Delay type                Incr(ns)  Path(ns)    Netlist Resource(s)
  -------------------------------------------------------------------    -------------------
                         (clock dbg_hub/inst/BSCANID.u_xsdbm_id/SWITCH_N_EXT_BSCAN.bscan_inst/SERIES7_BSCAN.bscan_inst/INTERNAL_TCK rise edge)
                                                      0.000     0.000 r  
    CONFIG_SITE_X0Y0     BSCANE2                      0.000     0.000 r  dbg_hub/inst/BSCANID.u_xsdbm_id/SWITCH_N_EXT_BSCAN.bscan_inst/SERIES7_BSCAN.bscan_inst/INTERNAL_TCK
    CONFIG_SITE_X0Y0     BSCANE2 (Prop_BSCAN1_CONFIG_SITE_INTERNAL_TCK_TCK)
                                                      4.800     4.800 r  dbg_hub/inst/BSCANID.u_xsdbm_id/SWITCH_N_EXT_BSCAN.bscan_inst/SERIES7_BSCAN.bscan_inst/TCK
                         net (fo=1, routed)           1.631     6.431    dbg_hub/inst/BSCANID.u_xsdbm_id/tck_bs
    BUFGCE_X0Y76         BUFGCE (Prop_BUFCE_BUFGCE_I_O)
                                                      0.044     6.475 r  dbg_hub/inst/BSCANID.u_xsdbm_id/SWITCH_N_EXT_BSCAN.u_bufg_icon_tck/O
    X2Y1 (CLOCK_ROOT)    net (fo=482, routed)         2.655     9.130    dbg_hub/inst/BSCANID.u_xsdbm_id/SWITCH_N_EXT_BSCAN.bscan_switch/s_bscan_tck
    SLICE_X50Y164        FDRE                                         r  dbg_hub/inst/BSCANID.u_xsdbm_id/SWITCH_N_EXT_BSCAN.bscan_switch/portno_reg[1]/C
  -------------------------------------------------------------------    -------------------
    SLICE_X50Y164        FDRE (Prop_EFF2_SLICEL_C_Q)
                                                      0.116     9.246 f  dbg_hub/inst/BSCANID.u_xsdbm_id/SWITCH_N_EXT_BSCAN.bscan_switch/portno_reg[1]/Q
                         net (fo=1, routed)           0.234     9.480    dbg_hub/inst/BSCANID.u_xsdbm_id/SWITCH_N_EXT_BSCAN.bscan_switch/portno[1]
    SLICE_X50Y164        LUT6 (Prop_G6LUT_SLICEL_I3_O)
                                                      0.226     9.706 f  dbg_hub/inst/BSCANID.u_xsdbm_id/SWITCH_N_EXT_BSCAN.bscan_switch/m_bscan_drck[0]_INST_0_i_1/O
                         net (fo=5, routed)           0.055     9.760    dbg_hub/inst/BSCANID.u_xsdbm_id/SWITCH_N_EXT_BSCAN.bscan_switch/m_bscan_drck[0]_INST_0_i_1_n_0
    SLICE_X50Y164        LUT4 (Prop_H5LUT_SLICEL_I3_O)
                                                      0.150     9.910 r  dbg_hub/inst/BSCANID.u_xsdbm_id/SWITCH_N_EXT_BSCAN.bscan_switch/m_bscan_sel[0]_INST_0/O
                         net (fo=11, routed)          1.354    11.264    dbg_hub/inst/BSCANID.u_xsdbm_id/CORE_XSDB.U_ICON/U_CMD/iTARGET_reg[6]_0
    SLICE_X58Y90         FDCE                                         f  dbg_hub/inst/BSCANID.u_xsdbm_id/CORE_XSDB.U_ICON/U_CMD/iTARGET_reg[15]/CLR  (IS_INVERTED)
  -------------------------------------------------------------------    -------------------

                         (clock dbg_hub/inst/BSCANID.u_xsdbm_id/SWITCH_N_EXT_BSCAN.bscan_inst/SERIES7_BSCAN.bscan_inst/INTERNAL_TCK rise edge)
                                                     50.000    50.000 r  
    CONFIG_SITE_X0Y0     BSCANE2                      0.000    50.000 r  dbg_hub/inst/BSCANID.u_xsdbm_id/SWITCH_N_EXT_BSCAN.bscan_inst/SERIES7_BSCAN.bscan_inst/INTERNAL_TCK
    CONFIG_SITE_X0Y0     BSCANE2 (Prop_BSCAN1_CONFIG_SITE_INTERNAL_TCK_TCK)
                                                      0.465    50.465 r  dbg_hub/inst/BSCANID.u_xsdbm_id/SWITCH_N_EXT_BSCAN.bscan_inst/SERIES7_BSCAN.bscan_inst/TCK
                         net (fo=1, routed)           1.120    51.585    dbg_hub/inst/BSCANID.u_xsdbm_id/tck_bs
    BUFGCE_X0Y76         BUFGCE (Prop_BUFCE_BUFGCE_I_O)
                                                      0.039    51.624 r  dbg_hub/inst/BSCANID.u_xsdbm_id/SWITCH_N_EXT_BSCAN.u_bufg_icon_tck/O
    X2Y1 (CLOCK_ROOT)    net (fo=482, routed)         2.311    53.935    dbg_hub/inst/BSCANID.u_xsdbm_id/CORE_XSDB.U_ICON/U_CMD/m_bscan_tck[0]
    SLICE_X58Y90         FDCE                                         r  dbg_hub/inst/BSCANID.u_xsdbm_id/CORE_XSDB.U_ICON/U_CMD/iTARGET_reg[15]/C
                         clock pessimism              4.978    58.913    
                         clock uncertainty           -0.035    58.878    
    SLICE_X58Y90         FDCE (Recov_EFF_SLICEM_C_CLR)
                                                     -0.093    58.785    dbg_hub/inst/BSCANID.u_xsdbm_id/CORE_XSDB.U_ICON/U_CMD/iTARGET_reg[15]
  -------------------------------------------------------------------
                         required time                         58.785    
                         arrival time                         -11.264    
  -------------------------------------------------------------------
                         slack                                 47.520    

Slack (MET) :             47.534ns  (required time - arrival time)
  Source:                 dbg_hub/inst/BSCANID.u_xsdbm_id/SWITCH_N_EXT_BSCAN.bscan_switch/portno_reg[1]/C
                            (rising edge-triggered cell FDRE clocked by dbg_hub/inst/BSCANID.u_xsdbm_id/SWITCH_N_EXT_BSCAN.bscan_inst/SERIES7_BSCAN.bscan_inst/INTERNAL_TCK  {rise@0.000ns fall@25.000ns period=50.000ns})
  Destination:            dbg_hub/inst/BSCANID.u_xsdbm_id/CORE_XSDB.U_ICON/U_CMD/iTARGET_reg[14]/CLR
                            (recovery check against rising-edge clock dbg_hub/inst/BSCANID.u_xsdbm_id/SWITCH_N_EXT_BSCAN.bscan_inst/SERIES7_BSCAN.bscan_inst/INTERNAL_TCK  {rise@0.000ns fall@25.000ns period=50.000ns})
  Path Group:             **async_default**
  Path Type:              Recovery (Max at Slow Process Corner)
  Requirement:            50.000ns  (dbg_hub/inst/BSCANID.u_xsdbm_id/SWITCH_N_EXT_BSCAN.bscan_inst/SERIES7_BSCAN.bscan_inst/INTERNAL_TCK rise@50.000ns - dbg_hub/inst/BSCANID.u_xsdbm_id/SWITCH_N_EXT_BSCAN.bscan_inst/SERIES7_BSCAN.bscan_inst/INTERNAL_TCK rise@0.000ns)
  Data Path Delay:        2.120ns  (logic 0.492ns (23.210%)  route 1.628ns (76.790%))
  Logic Levels:           2  (LUT4=1 LUT6=1)
  Clock Path Skew:        -0.217ns (DCD - SCD + CPR)
    Destination Clock Delay (DCD):    3.934ns = ( 53.934 - 50.000 ) 
    Source Clock Delay      (SCD):    9.130ns
    Clock Pessimism Removal (CPR):    4.978ns
  Clock Uncertainty:      0.035ns  ((TSJ^2 + TIJ^2)^1/2 + DJ) / 2 + PE
    Total System Jitter     (TSJ):    0.071ns
    Total Input Jitter      (TIJ):    0.000ns
    Discrete Jitter          (DJ):    0.000ns
    Phase Error              (PE):    0.000ns
  Clock Net Delay (Source):      2.655ns (routing 1.467ns, distribution 1.188ns)
  Clock Net Delay (Destination): 2.310ns (routing 1.340ns, distribution 0.970ns)

    Location             Delay type                Incr(ns)  Path(ns)    Netlist Resource(s)
  -------------------------------------------------------------------    -------------------
                         (clock dbg_hub/inst/BSCANID.u_xsdbm_id/SWITCH_N_EXT_BSCAN.bscan_inst/SERIES7_BSCAN.bscan_inst/INTERNAL_TCK rise edge)
                                                      0.000     0.000 r  
    CONFIG_SITE_X0Y0     BSCANE2                      0.000     0.000 r  dbg_hub/inst/BSCANID.u_xsdbm_id/SWITCH_N_EXT_BSCAN.bscan_inst/SERIES7_BSCAN.bscan_inst/INTERNAL_TCK
    CONFIG_SITE_X0Y0     BSCANE2 (Prop_BSCAN1_CONFIG_SITE_INTERNAL_TCK_TCK)
                                                      4.800     4.800 r  dbg_hub/inst/BSCANID.u_xsdbm_id/SWITCH_N_EXT_BSCAN.bscan_inst/SERIES7_BSCAN.bscan_inst/TCK
                         net (fo=1, routed)           1.631     6.431    dbg_hub/inst/BSCANID.u_xsdbm_id/tck_bs
    BUFGCE_X0Y76         BUFGCE (Prop_BUFCE_BUFGCE_I_O)
                                                      0.044     6.475 r  dbg_hub/inst/BSCANID.u_xsdbm_id/SWITCH_N_EXT_BSCAN.u_bufg_icon_tck/O
    X2Y1 (CLOCK_ROOT)    net (fo=482, routed)         2.655     9.130    dbg_hub/inst/BSCANID.u_xsdbm_id/SWITCH_N_EXT_BSCAN.bscan_switch/s_bscan_tck
    SLICE_X50Y164        FDRE                                         r  dbg_hub/inst/BSCANID.u_xsdbm_id/SWITCH_N_EXT_BSCAN.bscan_switch/portno_reg[1]/C
  -------------------------------------------------------------------    -------------------
    SLICE_X50Y164        FDRE (Prop_EFF2_SLICEL_C_Q)
                                                      0.116     9.246 f  dbg_hub/inst/BSCANID.u_xsdbm_id/SWITCH_N_EXT_BSCAN.bscan_switch/portno_reg[1]/Q
                         net (fo=1, routed)           0.234     9.480    dbg_hub/inst/BSCANID.u_xsdbm_id/SWITCH_N_EXT_BSCAN.bscan_switch/portno[1]
    SLICE_X50Y164        LUT6 (Prop_G6LUT_SLICEL_I3_O)
                                                      0.226     9.706 f  dbg_hub/inst/BSCANID.u_xsdbm_id/SWITCH_N_EXT_BSCAN.bscan_switch/m_bscan_drck[0]_INST_0_i_1/O
                         net (fo=5, routed)           0.055     9.760    dbg_hub/inst/BSCANID.u_xsdbm_id/SWITCH_N_EXT_BSCAN.bscan_switch/m_bscan_drck[0]_INST_0_i_1_n_0
    SLICE_X50Y164        LUT4 (Prop_H5LUT_SLICEL_I3_O)
                                                      0.150     9.910 r  dbg_hub/inst/BSCANID.u_xsdbm_id/SWITCH_N_EXT_BSCAN.bscan_switch/m_bscan_sel[0]_INST_0/O
                         net (fo=11, routed)          1.339    11.249    dbg_hub/inst/BSCANID.u_xsdbm_id/CORE_XSDB.U_ICON/U_CMD/iTARGET_reg[6]_0
    SLICE_X59Y90         FDCE                                         f  dbg_hub/inst/BSCANID.u_xsdbm_id/CORE_XSDB.U_ICON/U_CMD/iTARGET_reg[14]/CLR  (IS_INVERTED)
  -------------------------------------------------------------------    -------------------

                         (clock dbg_hub/inst/BSCANID.u_xsdbm_id/SWITCH_N_EXT_BSCAN.bscan_inst/SERIES7_BSCAN.bscan_inst/INTERNAL_TCK rise edge)
                                                     50.000    50.000 r  
    CONFIG_SITE_X0Y0     BSCANE2                      0.000    50.000 r  dbg_hub/inst/BSCANID.u_xsdbm_id/SWITCH_N_EXT_BSCAN.bscan_inst/SERIES7_BSCAN.bscan_inst/INTERNAL_TCK
    CONFIG_SITE_X0Y0     BSCANE2 (Prop_BSCAN1_CONFIG_SITE_INTERNAL_TCK_TCK)
                                                      0.465    50.465 r  dbg_hub/inst/BSCANID.u_xsdbm_id/SWITCH_N_EXT_BSCAN.bscan_inst/SERIES7_BSCAN.bscan_inst/TCK
                         net (fo=1, routed)           1.120    51.585    dbg_hub/inst/BSCANID.u_xsdbm_id/tck_bs
    BUFGCE_X0Y76         BUFGCE (Prop_BUFCE_BUFGCE_I_O)
                                                      0.039    51.624 r  dbg_hub/inst/BSCANID.u_xsdbm_id/SWITCH_N_EXT_BSCAN.u_bufg_icon_tck/O
    X2Y1 (CLOCK_ROOT)    net (fo=482, routed)         2.310    53.934    dbg_hub/inst/BSCANID.u_xsdbm_id/CORE_XSDB.U_ICON/U_CMD/m_bscan_tck[0]
    SLICE_X59Y90         FDCE                                         r  dbg_hub/inst/BSCANID.u_xsdbm_id/CORE_XSDB.U_ICON/U_CMD/iTARGET_reg[14]/C
                         clock pessimism              4.978    58.912    
                         clock uncertainty           -0.035    58.877    
    SLICE_X59Y90         FDCE (Recov_EFF_SLICEL_C_CLR)
                                                     -0.093    58.784    dbg_hub/inst/BSCANID.u_xsdbm_id/CORE_XSDB.U_ICON/U_CMD/iTARGET_reg[14]
  -------------------------------------------------------------------
                         required time                         58.784    
                         arrival time                         -11.249    
  -------------------------------------------------------------------
                         slack                                 47.534    

Slack (MET) :             47.666ns  (required time - arrival time)
  Source:                 dbg_hub/inst/BSCANID.u_xsdbm_id/SWITCH_N_EXT_BSCAN.bscan_switch/portno_reg[1]/C
                            (rising edge-triggered cell FDRE clocked by dbg_hub/inst/BSCANID.u_xsdbm_id/SWITCH_N_EXT_BSCAN.bscan_inst/SERIES7_BSCAN.bscan_inst/INTERNAL_TCK  {rise@0.000ns fall@25.000ns period=50.000ns})
  Destination:            dbg_hub/inst/BSCANID.u_xsdbm_id/CORE_XSDB.U_ICON/U_CMD/iTARGET_reg[10]/CLR
                            (recovery check against rising-edge clock dbg_hub/inst/BSCANID.u_xsdbm_id/SWITCH_N_EXT_BSCAN.bscan_inst/SERIES7_BSCAN.bscan_inst/INTERNAL_TCK  {rise@0.000ns fall@25.000ns period=50.000ns})
  Path Group:             **async_default**
  Path Type:              Recovery (Max at Slow Process Corner)
  Requirement:            50.000ns  (dbg_hub/inst/BSCANID.u_xsdbm_id/SWITCH_N_EXT_BSCAN.bscan_inst/SERIES7_BSCAN.bscan_inst/INTERNAL_TCK rise@50.000ns - dbg_hub/inst/BSCANID.u_xsdbm_id/SWITCH_N_EXT_BSCAN.bscan_inst/SERIES7_BSCAN.bscan_inst/INTERNAL_TCK rise@0.000ns)
  Data Path Delay:        2.002ns  (logic 0.492ns (24.574%)  route 1.510ns (75.426%))
  Logic Levels:           2  (LUT4=1 LUT6=1)
  Clock Path Skew:        -0.203ns (DCD - SCD + CPR)
    Destination Clock Delay (DCD):    3.948ns = ( 53.948 - 50.000 ) 
    Source Clock Delay      (SCD):    9.130ns
    Clock Pessimism Removal (CPR):    4.978ns
  Clock Uncertainty:      0.035ns  ((TSJ^2 + TIJ^2)^1/2 + DJ) / 2 + PE
    Total System Jitter     (TSJ):    0.071ns
    Total Input Jitter      (TIJ):    0.000ns
    Discrete Jitter          (DJ):    0.000ns
    Phase Error              (PE):    0.000ns
  Clock Net Delay (Source):      2.655ns (routing 1.467ns, distribution 1.188ns)
  Clock Net Delay (Destination): 2.324ns (routing 1.340ns, distribution 0.984ns)

    Location             Delay type                Incr(ns)  Path(ns)    Netlist Resource(s)
  -------------------------------------------------------------------    -------------------
                         (clock dbg_hub/inst/BSCANID.u_xsdbm_id/SWITCH_N_EXT_BSCAN.bscan_inst/SERIES7_BSCAN.bscan_inst/INTERNAL_TCK rise edge)
                                                      0.000     0.000 r  
    CONFIG_SITE_X0Y0     BSCANE2                      0.000     0.000 r  dbg_hub/inst/BSCANID.u_xsdbm_id/SWITCH_N_EXT_BSCAN.bscan_inst/SERIES7_BSCAN.bscan_inst/INTERNAL_TCK
    CONFIG_SITE_X0Y0     BSCANE2 (Prop_BSCAN1_CONFIG_SITE_INTERNAL_TCK_TCK)
                                                      4.800     4.800 r  dbg_hub/inst/BSCANID.u_xsdbm_id/SWITCH_N_EXT_BSCAN.bscan_inst/SERIES7_BSCAN.bscan_inst/TCK
                         net (fo=1, routed)           1.631     6.431    dbg_hub/inst/BSCANID.u_xsdbm_id/tck_bs
    BUFGCE_X0Y76         BUFGCE (Prop_BUFCE_BUFGCE_I_O)
                                                      0.044     6.475 r  dbg_hub/inst/BSCANID.u_xsdbm_id/SWITCH_N_EXT_BSCAN.u_bufg_icon_tck/O
    X2Y1 (CLOCK_ROOT)    net (fo=482, routed)         2.655     9.130    dbg_hub/inst/BSCANID.u_xsdbm_id/SWITCH_N_EXT_BSCAN.bscan_switch/s_bscan_tck
    SLICE_X50Y164        FDRE                                         r  dbg_hub/inst/BSCANID.u_xsdbm_id/SWITCH_N_EXT_BSCAN.bscan_switch/portno_reg[1]/C
  -------------------------------------------------------------------    -------------------
    SLICE_X50Y164        FDRE (Prop_EFF2_SLICEL_C_Q)
                                                      0.116     9.246 f  dbg_hub/inst/BSCANID.u_xsdbm_id/SWITCH_N_EXT_BSCAN.bscan_switch/portno_reg[1]/Q
                         net (fo=1, routed)           0.234     9.480    dbg_hub/inst/BSCANID.u_xsdbm_id/SWITCH_N_EXT_BSCAN.bscan_switch/portno[1]
    SLICE_X50Y164        LUT6 (Prop_G6LUT_SLICEL_I3_O)
                                                      0.226     9.706 f  dbg_hub/inst/BSCANID.u_xsdbm_id/SWITCH_N_EXT_BSCAN.bscan_switch/m_bscan_drck[0]_INST_0_i_1/O
                         net (fo=5, routed)           0.055     9.760    dbg_hub/inst/BSCANID.u_xsdbm_id/SWITCH_N_EXT_BSCAN.bscan_switch/m_bscan_drck[0]_INST_0_i_1_n_0
    SLICE_X50Y164        LUT4 (Prop_H5LUT_SLICEL_I3_O)
                                                      0.150     9.910 r  dbg_hub/inst/BSCANID.u_xsdbm_id/SWITCH_N_EXT_BSCAN.bscan_switch/m_bscan_sel[0]_INST_0/O
                         net (fo=11, routed)          1.221    11.132    dbg_hub/inst/BSCANID.u_xsdbm_id/CORE_XSDB.U_ICON/U_CMD/iTARGET_reg[6]_0
    SLICE_X59Y89         FDCE                                         f  dbg_hub/inst/BSCANID.u_xsdbm_id/CORE_XSDB.U_ICON/U_CMD/iTARGET_reg[10]/CLR  (IS_INVERTED)
  -------------------------------------------------------------------    -------------------

                         (clock dbg_hub/inst/BSCANID.u_xsdbm_id/SWITCH_N_EXT_BSCAN.bscan_inst/SERIES7_BSCAN.bscan_inst/INTERNAL_TCK rise edge)
                                                     50.000    50.000 r  
    CONFIG_SITE_X0Y0     BSCANE2                      0.000    50.000 r  dbg_hub/inst/BSCANID.u_xsdbm_id/SWITCH_N_EXT_BSCAN.bscan_inst/SERIES7_BSCAN.bscan_inst/INTERNAL_TCK
    CONFIG_SITE_X0Y0     BSCANE2 (Prop_BSCAN1_CONFIG_SITE_INTERNAL_TCK_TCK)
                                                      0.465    50.465 r  dbg_hub/inst/BSCANID.u_xsdbm_id/SWITCH_N_EXT_BSCAN.bscan_inst/SERIES7_BSCAN.bscan_inst/TCK
                         net (fo=1, routed)           1.120    51.585    dbg_hub/inst/BSCANID.u_xsdbm_id/tck_bs
    BUFGCE_X0Y76         BUFGCE (Prop_BUFCE_BUFGCE_I_O)
                                                      0.039    51.624 r  dbg_hub/inst/BSCANID.u_xsdbm_id/SWITCH_N_EXT_BSCAN.u_bufg_icon_tck/O
    X2Y1 (CLOCK_ROOT)    net (fo=482, routed)         2.324    53.948    dbg_hub/inst/BSCANID.u_xsdbm_id/CORE_XSDB.U_ICON/U_CMD/m_bscan_tck[0]
    SLICE_X59Y89         FDCE                                         r  dbg_hub/inst/BSCANID.u_xsdbm_id/CORE_XSDB.U_ICON/U_CMD/iTARGET_reg[10]/C
                         clock pessimism              4.978    58.926    
                         clock uncertainty           -0.035    58.891    
    SLICE_X59Y89         FDCE (Recov_AFF_SLICEL_C_CLR)
                                                     -0.093    58.798    dbg_hub/inst/BSCANID.u_xsdbm_id/CORE_XSDB.U_ICON/U_CMD/iTARGET_reg[10]
  -------------------------------------------------------------------
                         required time                         58.798    
                         arrival time                         -11.132    
  -------------------------------------------------------------------
                         slack                                 47.666    

Slack (MET) :             47.666ns  (required time - arrival time)
  Source:                 dbg_hub/inst/BSCANID.u_xsdbm_id/SWITCH_N_EXT_BSCAN.bscan_switch/portno_reg[1]/C
                            (rising edge-triggered cell FDRE clocked by dbg_hub/inst/BSCANID.u_xsdbm_id/SWITCH_N_EXT_BSCAN.bscan_inst/SERIES7_BSCAN.bscan_inst/INTERNAL_TCK  {rise@0.000ns fall@25.000ns period=50.000ns})
  Destination:            dbg_hub/inst/BSCANID.u_xsdbm_id/CORE_XSDB.U_ICON/U_CMD/iTARGET_reg[11]/CLR
                            (recovery check against rising-edge clock dbg_hub/inst/BSCANID.u_xsdbm_id/SWITCH_N_EXT_BSCAN.bscan_inst/SERIES7_BSCAN.bscan_inst/INTERNAL_TCK  {rise@0.000ns fall@25.000ns period=50.000ns})
  Path Group:             **async_default**
  Path Type:              Recovery (Max at Slow Process Corner)
  Requirement:            50.000ns  (dbg_hub/inst/BSCANID.u_xsdbm_id/SWITCH_N_EXT_BSCAN.bscan_inst/SERIES7_BSCAN.bscan_inst/INTERNAL_TCK rise@50.000ns - dbg_hub/inst/BSCANID.u_xsdbm_id/SWITCH_N_EXT_BSCAN.bscan_inst/SERIES7_BSCAN.bscan_inst/INTERNAL_TCK rise@0.000ns)
  Data Path Delay:        2.002ns  (logic 0.492ns (24.574%)  route 1.510ns (75.426%))
  Logic Levels:           2  (LUT4=1 LUT6=1)
  Clock Path Skew:        -0.203ns (DCD - SCD + CPR)
    Destination Clock Delay (DCD):    3.948ns = ( 53.948 - 50.000 ) 
    Source Clock Delay      (SCD):    9.130ns
    Clock Pessimism Removal (CPR):    4.978ns
  Clock Uncertainty:      0.035ns  ((TSJ^2 + TIJ^2)^1/2 + DJ) / 2 + PE
    Total System Jitter     (TSJ):    0.071ns
    Total Input Jitter      (TIJ):    0.000ns
    Discrete Jitter          (DJ):    0.000ns
    Phase Error              (PE):    0.000ns
  Clock Net Delay (Source):      2.655ns (routing 1.467ns, distribution 1.188ns)
  Clock Net Delay (Destination): 2.324ns (routing 1.340ns, distribution 0.984ns)

    Location             Delay type                Incr(ns)  Path(ns)    Netlist Resource(s)
  -------------------------------------------------------------------    -------------------
                         (clock dbg_hub/inst/BSCANID.u_xsdbm_id/SWITCH_N_EXT_BSCAN.bscan_inst/SERIES7_BSCAN.bscan_inst/INTERNAL_TCK rise edge)
                                                      0.000     0.000 r  
    CONFIG_SITE_X0Y0     BSCANE2                      0.000     0.000 r  dbg_hub/inst/BSCANID.u_xsdbm_id/SWITCH_N_EXT_BSCAN.bscan_inst/SERIES7_BSCAN.bscan_inst/INTERNAL_TCK
    CONFIG_SITE_X0Y0     BSCANE2 (Prop_BSCAN1_CONFIG_SITE_INTERNAL_TCK_TCK)
                                                      4.800     4.800 r  dbg_hub/inst/BSCANID.u_xsdbm_id/SWITCH_N_EXT_BSCAN.bscan_inst/SERIES7_BSCAN.bscan_inst/TCK
                         net (fo=1, routed)           1.631     6.431    dbg_hub/inst/BSCANID.u_xsdbm_id/tck_bs
    BUFGCE_X0Y76         BUFGCE (Prop_BUFCE_BUFGCE_I_O)
                                                      0.044     6.475 r  dbg_hub/inst/BSCANID.u_xsdbm_id/SWITCH_N_EXT_BSCAN.u_bufg_icon_tck/O
    X2Y1 (CLOCK_ROOT)    net (fo=482, routed)         2.655     9.130    dbg_hub/inst/BSCANID.u_xsdbm_id/SWITCH_N_EXT_BSCAN.bscan_switch/s_bscan_tck
    SLICE_X50Y164        FDRE                                         r  dbg_hub/inst/BSCANID.u_xsdbm_id/SWITCH_N_EXT_BSCAN.bscan_switch/portno_reg[1]/C
  -------------------------------------------------------------------    -------------------
    SLICE_X50Y164        FDRE (Prop_EFF2_SLICEL_C_Q)
                                                      0.116     9.246 f  dbg_hub/inst/BSCANID.u_xsdbm_id/SWITCH_N_EXT_BSCAN.bscan_switch/portno_reg[1]/Q
                         net (fo=1, routed)           0.234     9.480    dbg_hub/inst/BSCANID.u_xsdbm_id/SWITCH_N_EXT_BSCAN.bscan_switch/portno[1]
    SLICE_X50Y164        LUT6 (Prop_G6LUT_SLICEL_I3_O)
                                                      0.226     9.706 f  dbg_hub/inst/BSCANID.u_xsdbm_id/SWITCH_N_EXT_BSCAN.bscan_switch/m_bscan_drck[0]_INST_0_i_1/O
                         net (fo=5, routed)           0.055     9.760    dbg_hub/inst/BSCANID.u_xsdbm_id/SWITCH_N_EXT_BSCAN.bscan_switch/m_bscan_drck[0]_INST_0_i_1_n_0
    SLICE_X50Y164        LUT4 (Prop_H5LUT_SLICEL_I3_O)
                                                      0.150     9.910 r  dbg_hub/inst/BSCANID.u_xsdbm_id/SWITCH_N_EXT_BSCAN.bscan_switch/m_bscan_sel[0]_INST_0/O
                         net (fo=11, routed)          1.221    11.132    dbg_hub/inst/BSCANID.u_xsdbm_id/CORE_XSDB.U_ICON/U_CMD/iTARGET_reg[6]_0
    SLICE_X59Y89         FDCE                                         f  dbg_hub/inst/BSCANID.u_xsdbm_id/CORE_XSDB.U_ICON/U_CMD/iTARGET_reg[11]/CLR  (IS_INVERTED)
  -------------------------------------------------------------------    -------------------

                         (clock dbg_hub/inst/BSCANID.u_xsdbm_id/SWITCH_N_EXT_BSCAN.bscan_inst/SERIES7_BSCAN.bscan_inst/INTERNAL_TCK rise edge)
                                                     50.000    50.000 r  
    CONFIG_SITE_X0Y0     BSCANE2                      0.000    50.000 r  dbg_hub/inst/BSCANID.u_xsdbm_id/SWITCH_N_EXT_BSCAN.bscan_inst/SERIES7_BSCAN.bscan_inst/INTERNAL_TCK
    CONFIG_SITE_X0Y0     BSCANE2 (Prop_BSCAN1_CONFIG_SITE_INTERNAL_TCK_TCK)
                                                      0.465    50.465 r  dbg_hub/inst/BSCANID.u_xsdbm_id/SWITCH_N_EXT_BSCAN.bscan_inst/SERIES7_BSCAN.bscan_inst/TCK
                         net (fo=1, routed)           1.120    51.585    dbg_hub/inst/BSCANID.u_xsdbm_id/tck_bs
    BUFGCE_X0Y76         BUFGCE (Prop_BUFCE_BUFGCE_I_O)
                                                      0.039    51.624 r  dbg_hub/inst/BSCANID.u_xsdbm_id/SWITCH_N_EXT_BSCAN.u_bufg_icon_tck/O
    X2Y1 (CLOCK_ROOT)    net (fo=482, routed)         2.324    53.948    dbg_hub/inst/BSCANID.u_xsdbm_id/CORE_XSDB.U_ICON/U_CMD/m_bscan_tck[0]
    SLICE_X59Y89         FDCE                                         r  dbg_hub/inst/BSCANID.u_xsdbm_id/CORE_XSDB.U_ICON/U_CMD/iTARGET_reg[11]/C
                         clock pessimism              4.978    58.926    
                         clock uncertainty           -0.035    58.891    
    SLICE_X59Y89         FDCE (Recov_AFF2_SLICEL_C_CLR)
                                                     -0.093    58.798    dbg_hub/inst/BSCANID.u_xsdbm_id/CORE_XSDB.U_ICON/U_CMD/iTARGET_reg[11]
  -------------------------------------------------------------------
                         required time                         58.798    
                         arrival time                         -11.132    
  -------------------------------------------------------------------
                         slack                                 47.666    

Slack (MET) :             47.666ns  (required time - arrival time)
  Source:                 dbg_hub/inst/BSCANID.u_xsdbm_id/SWITCH_N_EXT_BSCAN.bscan_switch/portno_reg[1]/C
                            (rising edge-triggered cell FDRE clocked by dbg_hub/inst/BSCANID.u_xsdbm_id/SWITCH_N_EXT_BSCAN.bscan_inst/SERIES7_BSCAN.bscan_inst/INTERNAL_TCK  {rise@0.000ns fall@25.000ns period=50.000ns})
  Destination:            dbg_hub/inst/BSCANID.u_xsdbm_id/CORE_XSDB.U_ICON/U_CMD/iTARGET_reg[12]/CLR
                            (recovery check against rising-edge clock dbg_hub/inst/BSCANID.u_xsdbm_id/SWITCH_N_EXT_BSCAN.bscan_inst/SERIES7_BSCAN.bscan_inst/INTERNAL_TCK  {rise@0.000ns fall@25.000ns period=50.000ns})
  Path Group:             **async_default**
  Path Type:              Recovery (Max at Slow Process Corner)
  Requirement:            50.000ns  (dbg_hub/inst/BSCANID.u_xsdbm_id/SWITCH_N_EXT_BSCAN.bscan_inst/SERIES7_BSCAN.bscan_inst/INTERNAL_TCK rise@50.000ns - dbg_hub/inst/BSCANID.u_xsdbm_id/SWITCH_N_EXT_BSCAN.bscan_inst/SERIES7_BSCAN.bscan_inst/INTERNAL_TCK rise@0.000ns)
  Data Path Delay:        2.002ns  (logic 0.492ns (24.574%)  route 1.510ns (75.426%))
  Logic Levels:           2  (LUT4=1 LUT6=1)
  Clock Path Skew:        -0.203ns (DCD - SCD + CPR)
    Destination Clock Delay (DCD):    3.948ns = ( 53.948 - 50.000 ) 
    Source Clock Delay      (SCD):    9.130ns
    Clock Pessimism Removal (CPR):    4.978ns
  Clock Uncertainty:      0.035ns  ((TSJ^2 + TIJ^2)^1/2 + DJ) / 2 + PE
    Total System Jitter     (TSJ):    0.071ns
    Total Input Jitter      (TIJ):    0.000ns
    Discrete Jitter          (DJ):    0.000ns
    Phase Error              (PE):    0.000ns
  Clock Net Delay (Source):      2.655ns (routing 1.467ns, distribution 1.188ns)
  Clock Net Delay (Destination): 2.324ns (routing 1.340ns, distribution 0.984ns)

    Location             Delay type                Incr(ns)  Path(ns)    Netlist Resource(s)
  -------------------------------------------------------------------    -------------------
                         (clock dbg_hub/inst/BSCANID.u_xsdbm_id/SWITCH_N_EXT_BSCAN.bscan_inst/SERIES7_BSCAN.bscan_inst/INTERNAL_TCK rise edge)
                                                      0.000     0.000 r  
    CONFIG_SITE_X0Y0     BSCANE2                      0.000     0.000 r  dbg_hub/inst/BSCANID.u_xsdbm_id/SWITCH_N_EXT_BSCAN.bscan_inst/SERIES7_BSCAN.bscan_inst/INTERNAL_TCK
    CONFIG_SITE_X0Y0     BSCANE2 (Prop_BSCAN1_CONFIG_SITE_INTERNAL_TCK_TCK)
                                                      4.800     4.800 r  dbg_hub/inst/BSCANID.u_xsdbm_id/SWITCH_N_EXT_BSCAN.bscan_inst/SERIES7_BSCAN.bscan_inst/TCK
                         net (fo=1, routed)           1.631     6.431    dbg_hub/inst/BSCANID.u_xsdbm_id/tck_bs
    BUFGCE_X0Y76         BUFGCE (Prop_BUFCE_BUFGCE_I_O)
                                                      0.044     6.475 r  dbg_hub/inst/BSCANID.u_xsdbm_id/SWITCH_N_EXT_BSCAN.u_bufg_icon_tck/O
    X2Y1 (CLOCK_ROOT)    net (fo=482, routed)         2.655     9.130    dbg_hub/inst/BSCANID.u_xsdbm_id/SWITCH_N_EXT_BSCAN.bscan_switch/s_bscan_tck
    SLICE_X50Y164        FDRE                                         r  dbg_hub/inst/BSCANID.u_xsdbm_id/SWITCH_N_EXT_BSCAN.bscan_switch/portno_reg[1]/C
  -------------------------------------------------------------------    -------------------
    SLICE_X50Y164        FDRE (Prop_EFF2_SLICEL_C_Q)
                                                      0.116     9.246 f  dbg_hub/inst/BSCANID.u_xsdbm_id/SWITCH_N_EXT_BSCAN.bscan_switch/portno_reg[1]/Q
                         net (fo=1, routed)           0.234     9.480    dbg_hub/inst/BSCANID.u_xsdbm_id/SWITCH_N_EXT_BSCAN.bscan_switch/portno[1]
    SLICE_X50Y164        LUT6 (Prop_G6LUT_SLICEL_I3_O)
                                                      0.226     9.706 f  dbg_hub/inst/BSCANID.u_xsdbm_id/SWITCH_N_EXT_BSCAN.bscan_switch/m_bscan_drck[0]_INST_0_i_1/O
                         net (fo=5, routed)           0.055     9.760    dbg_hub/inst/BSCANID.u_xsdbm_id/SWITCH_N_EXT_BSCAN.bscan_switch/m_bscan_drck[0]_INST_0_i_1_n_0
    SLICE_X50Y164        LUT4 (Prop_H5LUT_SLICEL_I3_O)
                                                      0.150     9.910 r  dbg_hub/inst/BSCANID.u_xsdbm_id/SWITCH_N_EXT_BSCAN.bscan_switch/m_bscan_sel[0]_INST_0/O
                         net (fo=11, routed)          1.221    11.132    dbg_hub/inst/BSCANID.u_xsdbm_id/CORE_XSDB.U_ICON/U_CMD/iTARGET_reg[6]_0
    SLICE_X59Y89         FDCE                                         f  dbg_hub/inst/BSCANID.u_xsdbm_id/CORE_XSDB.U_ICON/U_CMD/iTARGET_reg[12]/CLR  (IS_INVERTED)
  -------------------------------------------------------------------    -------------------

                         (clock dbg_hub/inst/BSCANID.u_xsdbm_id/SWITCH_N_EXT_BSCAN.bscan_inst/SERIES7_BSCAN.bscan_inst/INTERNAL_TCK rise edge)
                                                     50.000    50.000 r  
    CONFIG_SITE_X0Y0     BSCANE2                      0.000    50.000 r  dbg_hub/inst/BSCANID.u_xsdbm_id/SWITCH_N_EXT_BSCAN.bscan_inst/SERIES7_BSCAN.bscan_inst/INTERNAL_TCK
    CONFIG_SITE_X0Y0     BSCANE2 (Prop_BSCAN1_CONFIG_SITE_INTERNAL_TCK_TCK)
                                                      0.465    50.465 r  dbg_hub/inst/BSCANID.u_xsdbm_id/SWITCH_N_EXT_BSCAN.bscan_inst/SERIES7_BSCAN.bscan_inst/TCK
                         net (fo=1, routed)           1.120    51.585    dbg_hub/inst/BSCANID.u_xsdbm_id/tck_bs
    BUFGCE_X0Y76         BUFGCE (Prop_BUFCE_BUFGCE_I_O)
                                                      0.039    51.624 r  dbg_hub/inst/BSCANID.u_xsdbm_id/SWITCH_N_EXT_BSCAN.u_bufg_icon_tck/O
    X2Y1 (CLOCK_ROOT)    net (fo=482, routed)         2.324    53.948    dbg_hub/inst/BSCANID.u_xsdbm_id/CORE_XSDB.U_ICON/U_CMD/m_bscan_tck[0]
    SLICE_X59Y89         FDCE                                         r  dbg_hub/inst/BSCANID.u_xsdbm_id/CORE_XSDB.U_ICON/U_CMD/iTARGET_reg[12]/C
                         clock pessimism              4.978    58.926    
                         clock uncertainty           -0.035    58.891    
    SLICE_X59Y89         FDCE (Recov_BFF_SLICEL_C_CLR)
                                                     -0.093    58.798    dbg_hub/inst/BSCANID.u_xsdbm_id/CORE_XSDB.U_ICON/U_CMD/iTARGET_reg[12]
  -------------------------------------------------------------------
                         required time                         58.798    
                         arrival time                         -11.132    
  -------------------------------------------------------------------
                         slack                                 47.666    

Slack (MET) :             47.666ns  (required time - arrival time)
  Source:                 dbg_hub/inst/BSCANID.u_xsdbm_id/SWITCH_N_EXT_BSCAN.bscan_switch/portno_reg[1]/C
                            (rising edge-triggered cell FDRE clocked by dbg_hub/inst/BSCANID.u_xsdbm_id/SWITCH_N_EXT_BSCAN.bscan_inst/SERIES7_BSCAN.bscan_inst/INTERNAL_TCK  {rise@0.000ns fall@25.000ns period=50.000ns})
  Destination:            dbg_hub/inst/BSCANID.u_xsdbm_id/CORE_XSDB.U_ICON/U_CMD/iTARGET_reg[13]/CLR
                            (recovery check against rising-edge clock dbg_hub/inst/BSCANID.u_xsdbm_id/SWITCH_N_EXT_BSCAN.bscan_inst/SERIES7_BSCAN.bscan_inst/INTERNAL_TCK  {rise@0.000ns fall@25.000ns period=50.000ns})
  Path Group:             **async_default**
  Path Type:              Recovery (Max at Slow Process Corner)
  Requirement:            50.000ns  (dbg_hub/inst/BSCANID.u_xsdbm_id/SWITCH_N_EXT_BSCAN.bscan_inst/SERIES7_BSCAN.bscan_inst/INTERNAL_TCK rise@50.000ns - dbg_hub/inst/BSCANID.u_xsdbm_id/SWITCH_N_EXT_BSCAN.bscan_inst/SERIES7_BSCAN.bscan_inst/INTERNAL_TCK rise@0.000ns)
  Data Path Delay:        2.002ns  (logic 0.492ns (24.574%)  route 1.510ns (75.426%))
  Logic Levels:           2  (LUT4=1 LUT6=1)
  Clock Path Skew:        -0.203ns (DCD - SCD + CPR)
    Destination Clock Delay (DCD):    3.948ns = ( 53.948 - 50.000 ) 
    Source Clock Delay      (SCD):    9.130ns
    Clock Pessimism Removal (CPR):    4.978ns
  Clock Uncertainty:      0.035ns  ((TSJ^2 + TIJ^2)^1/2 + DJ) / 2 + PE
    Total System Jitter     (TSJ):    0.071ns
    Total Input Jitter      (TIJ):    0.000ns
    Discrete Jitter          (DJ):    0.000ns
    Phase Error              (PE):    0.000ns
  Clock Net Delay (Source):      2.655ns (routing 1.467ns, distribution 1.188ns)
  Clock Net Delay (Destination): 2.324ns (routing 1.340ns, distribution 0.984ns)

    Location             Delay type                Incr(ns)  Path(ns)    Netlist Resource(s)
  -------------------------------------------------------------------    -------------------
                         (clock dbg_hub/inst/BSCANID.u_xsdbm_id/SWITCH_N_EXT_BSCAN.bscan_inst/SERIES7_BSCAN.bscan_inst/INTERNAL_TCK rise edge)
                                                      0.000     0.000 r  
    CONFIG_SITE_X0Y0     BSCANE2                      0.000     0.000 r  dbg_hub/inst/BSCANID.u_xsdbm_id/SWITCH_N_EXT_BSCAN.bscan_inst/SERIES7_BSCAN.bscan_inst/INTERNAL_TCK
    CONFIG_SITE_X0Y0     BSCANE2 (Prop_BSCAN1_CONFIG_SITE_INTERNAL_TCK_TCK)
                                                      4.800     4.800 r  dbg_hub/inst/BSCANID.u_xsdbm_id/SWITCH_N_EXT_BSCAN.bscan_inst/SERIES7_BSCAN.bscan_inst/TCK
                         net (fo=1, routed)           1.631     6.431    dbg_hub/inst/BSCANID.u_xsdbm_id/tck_bs
    BUFGCE_X0Y76         BUFGCE (Prop_BUFCE_BUFGCE_I_O)
                                                      0.044     6.475 r  dbg_hub/inst/BSCANID.u_xsdbm_id/SWITCH_N_EXT_BSCAN.u_bufg_icon_tck/O
    X2Y1 (CLOCK_ROOT)    net (fo=482, routed)         2.655     9.130    dbg_hub/inst/BSCANID.u_xsdbm_id/SWITCH_N_EXT_BSCAN.bscan_switch/s_bscan_tck
    SLICE_X50Y164        FDRE                                         r  dbg_hub/inst/BSCANID.u_xsdbm_id/SWITCH_N_EXT_BSCAN.bscan_switch/portno_reg[1]/C
  -------------------------------------------------------------------    -------------------
    SLICE_X50Y164        FDRE (Prop_EFF2_SLICEL_C_Q)
                                                      0.116     9.246 f  dbg_hub/inst/BSCANID.u_xsdbm_id/SWITCH_N_EXT_BSCAN.bscan_switch/portno_reg[1]/Q
                         net (fo=1, routed)           0.234     9.480    dbg_hub/inst/BSCANID.u_xsdbm_id/SWITCH_N_EXT_BSCAN.bscan_switch/portno[1]
    SLICE_X50Y164        LUT6 (Prop_G6LUT_SLICEL_I3_O)
                                                      0.226     9.706 f  dbg_hub/inst/BSCANID.u_xsdbm_id/SWITCH_N_EXT_BSCAN.bscan_switch/m_bscan_drck[0]_INST_0_i_1/O
                         net (fo=5, routed)           0.055     9.760    dbg_hub/inst/BSCANID.u_xsdbm_id/SWITCH_N_EXT_BSCAN.bscan_switch/m_bscan_drck[0]_INST_0_i_1_n_0
    SLICE_X50Y164        LUT4 (Prop_H5LUT_SLICEL_I3_O)
                                                      0.150     9.910 r  dbg_hub/inst/BSCANID.u_xsdbm_id/SWITCH_N_EXT_BSCAN.bscan_switch/m_bscan_sel[0]_INST_0/O
                         net (fo=11, routed)          1.221    11.132    dbg_hub/inst/BSCANID.u_xsdbm_id/CORE_XSDB.U_ICON/U_CMD/iTARGET_reg[6]_0
    SLICE_X59Y89         FDCE                                         f  dbg_hub/inst/BSCANID.u_xsdbm_id/CORE_XSDB.U_ICON/U_CMD/iTARGET_reg[13]/CLR  (IS_INVERTED)
  -------------------------------------------------------------------    -------------------

                         (clock dbg_hub/inst/BSCANID.u_xsdbm_id/SWITCH_N_EXT_BSCAN.bscan_inst/SERIES7_BSCAN.bscan_inst/INTERNAL_TCK rise edge)
                                                     50.000    50.000 r  
    CONFIG_SITE_X0Y0     BSCANE2                      0.000    50.000 r  dbg_hub/inst/BSCANID.u_xsdbm_id/SWITCH_N_EXT_BSCAN.bscan_inst/SERIES7_BSCAN.bscan_inst/INTERNAL_TCK
    CONFIG_SITE_X0Y0     BSCANE2 (Prop_BSCAN1_CONFIG_SITE_INTERNAL_TCK_TCK)
                                                      0.465    50.465 r  dbg_hub/inst/BSCANID.u_xsdbm_id/SWITCH_N_EXT_BSCAN.bscan_inst/SERIES7_BSCAN.bscan_inst/TCK
                         net (fo=1, routed)           1.120    51.585    dbg_hub/inst/BSCANID.u_xsdbm_id/tck_bs
    BUFGCE_X0Y76         BUFGCE (Prop_BUFCE_BUFGCE_I_O)
                                                      0.039    51.624 r  dbg_hub/inst/BSCANID.u_xsdbm_id/SWITCH_N_EXT_BSCAN.u_bufg_icon_tck/O
    X2Y1 (CLOCK_ROOT)    net (fo=482, routed)         2.324    53.948    dbg_hub/inst/BSCANID.u_xsdbm_id/CORE_XSDB.U_ICON/U_CMD/m_bscan_tck[0]
    SLICE_X59Y89         FDCE                                         r  dbg_hub/inst/BSCANID.u_xsdbm_id/CORE_XSDB.U_ICON/U_CMD/iTARGET_reg[13]/C
                         clock pessimism              4.978    58.926    
                         clock uncertainty           -0.035    58.891    
    SLICE_X59Y89         FDCE (Recov_BFF2_SLICEL_C_CLR)
                                                     -0.093    58.798    dbg_hub/inst/BSCANID.u_xsdbm_id/CORE_XSDB.U_ICON/U_CMD/iTARGET_reg[13]
  -------------------------------------------------------------------
                         required time                         58.798    
                         arrival time                         -11.132    
  -------------------------------------------------------------------
                         slack                                 47.666    

Slack (MET) :             47.666ns  (required time - arrival time)
  Source:                 dbg_hub/inst/BSCANID.u_xsdbm_id/SWITCH_N_EXT_BSCAN.bscan_switch/portno_reg[1]/C
                            (rising edge-triggered cell FDRE clocked by dbg_hub/inst/BSCANID.u_xsdbm_id/SWITCH_N_EXT_BSCAN.bscan_inst/SERIES7_BSCAN.bscan_inst/INTERNAL_TCK  {rise@0.000ns fall@25.000ns period=50.000ns})
  Destination:            dbg_hub/inst/BSCANID.u_xsdbm_id/CORE_XSDB.U_ICON/U_CMD/iTARGET_reg[6]/CLR
                            (recovery check against rising-edge clock dbg_hub/inst/BSCANID.u_xsdbm_id/SWITCH_N_EXT_BSCAN.bscan_inst/SERIES7_BSCAN.bscan_inst/INTERNAL_TCK  {rise@0.000ns fall@25.000ns period=50.000ns})
  Path Group:             **async_default**
  Path Type:              Recovery (Max at Slow Process Corner)
  Requirement:            50.000ns  (dbg_hub/inst/BSCANID.u_xsdbm_id/SWITCH_N_EXT_BSCAN.bscan_inst/SERIES7_BSCAN.bscan_inst/INTERNAL_TCK rise@50.000ns - dbg_hub/inst/BSCANID.u_xsdbm_id/SWITCH_N_EXT_BSCAN.bscan_inst/SERIES7_BSCAN.bscan_inst/INTERNAL_TCK rise@0.000ns)
  Data Path Delay:        2.002ns  (logic 0.492ns (24.574%)  route 1.510ns (75.426%))
  Logic Levels:           2  (LUT4=1 LUT6=1)
  Clock Path Skew:        -0.203ns (DCD - SCD + CPR)
    Destination Clock Delay (DCD):    3.948ns = ( 53.948 - 50.000 ) 
    Source Clock Delay      (SCD):    9.130ns
    Clock Pessimism Removal (CPR):    4.978ns
  Clock Uncertainty:      0.035ns  ((TSJ^2 + TIJ^2)^1/2 + DJ) / 2 + PE
    Total System Jitter     (TSJ):    0.071ns
    Total Input Jitter      (TIJ):    0.000ns
    Discrete Jitter          (DJ):    0.000ns
    Phase Error              (PE):    0.000ns
  Clock Net Delay (Source):      2.655ns (routing 1.467ns, distribution 1.188ns)
  Clock Net Delay (Destination): 2.324ns (routing 1.340ns, distribution 0.984ns)

    Location             Delay type                Incr(ns)  Path(ns)    Netlist Resource(s)
  -------------------------------------------------------------------    -------------------
                         (clock dbg_hub/inst/BSCANID.u_xsdbm_id/SWITCH_N_EXT_BSCAN.bscan_inst/SERIES7_BSCAN.bscan_inst/INTERNAL_TCK rise edge)
                                                      0.000     0.000 r  
    CONFIG_SITE_X0Y0     BSCANE2                      0.000     0.000 r  dbg_hub/inst/BSCANID.u_xsdbm_id/SWITCH_N_EXT_BSCAN.bscan_inst/SERIES7_BSCAN.bscan_inst/INTERNAL_TCK
    CONFIG_SITE_X0Y0     BSCANE2 (Prop_BSCAN1_CONFIG_SITE_INTERNAL_TCK_TCK)
                                                      4.800     4.800 r  dbg_hub/inst/BSCANID.u_xsdbm_id/SWITCH_N_EXT_BSCAN.bscan_inst/SERIES7_BSCAN.bscan_inst/TCK
                         net (fo=1, routed)           1.631     6.431    dbg_hub/inst/BSCANID.u_xsdbm_id/tck_bs
    BUFGCE_X0Y76         BUFGCE (Prop_BUFCE_BUFGCE_I_O)
                                                      0.044     6.475 r  dbg_hub/inst/BSCANID.u_xsdbm_id/SWITCH_N_EXT_BSCAN.u_bufg_icon_tck/O
    X2Y1 (CLOCK_ROOT)    net (fo=482, routed)         2.655     9.130    dbg_hub/inst/BSCANID.u_xsdbm_id/SWITCH_N_EXT_BSCAN.bscan_switch/s_bscan_tck
    SLICE_X50Y164        FDRE                                         r  dbg_hub/inst/BSCANID.u_xsdbm_id/SWITCH_N_EXT_BSCAN.bscan_switch/portno_reg[1]/C
  -------------------------------------------------------------------    -------------------
    SLICE_X50Y164        FDRE (Prop_EFF2_SLICEL_C_Q)
                                                      0.116     9.246 f  dbg_hub/inst/BSCANID.u_xsdbm_id/SWITCH_N_EXT_BSCAN.bscan_switch/portno_reg[1]/Q
                         net (fo=1, routed)           0.234     9.480    dbg_hub/inst/BSCANID.u_xsdbm_id/SWITCH_N_EXT_BSCAN.bscan_switch/portno[1]
    SLICE_X50Y164        LUT6 (Prop_G6LUT_SLICEL_I3_O)
                                                      0.226     9.706 f  dbg_hub/inst/BSCANID.u_xsdbm_id/SWITCH_N_EXT_BSCAN.bscan_switch/m_bscan_drck[0]_INST_0_i_1/O
                         net (fo=5, routed)           0.055     9.760    dbg_hub/inst/BSCANID.u_xsdbm_id/SWITCH_N_EXT_BSCAN.bscan_switch/m_bscan_drck[0]_INST_0_i_1_n_0
    SLICE_X50Y164        LUT4 (Prop_H5LUT_SLICEL_I3_O)
                                                      0.150     9.910 r  dbg_hub/inst/BSCANID.u_xsdbm_id/SWITCH_N_EXT_BSCAN.bscan_switch/m_bscan_sel[0]_INST_0/O
                         net (fo=11, routed)          1.221    11.132    dbg_hub/inst/BSCANID.u_xsdbm_id/CORE_XSDB.U_ICON/U_CMD/iTARGET_reg[6]_0
    SLICE_X59Y89         FDCE                                         f  dbg_hub/inst/BSCANID.u_xsdbm_id/CORE_XSDB.U_ICON/U_CMD/iTARGET_reg[6]/CLR  (IS_INVERTED)
  -------------------------------------------------------------------    -------------------

                         (clock dbg_hub/inst/BSCANID.u_xsdbm_id/SWITCH_N_EXT_BSCAN.bscan_inst/SERIES7_BSCAN.bscan_inst/INTERNAL_TCK rise edge)
                                                     50.000    50.000 r  
    CONFIG_SITE_X0Y0     BSCANE2                      0.000    50.000 r  dbg_hub/inst/BSCANID.u_xsdbm_id/SWITCH_N_EXT_BSCAN.bscan_inst/SERIES7_BSCAN.bscan_inst/INTERNAL_TCK
    CONFIG_SITE_X0Y0     BSCANE2 (Prop_BSCAN1_CONFIG_SITE_INTERNAL_TCK_TCK)
                                                      0.465    50.465 r  dbg_hub/inst/BSCANID.u_xsdbm_id/SWITCH_N_EXT_BSCAN.bscan_inst/SERIES7_BSCAN.bscan_inst/TCK
                         net (fo=1, routed)           1.120    51.585    dbg_hub/inst/BSCANID.u_xsdbm_id/tck_bs
    BUFGCE_X0Y76         BUFGCE (Prop_BUFCE_BUFGCE_I_O)
                                                      0.039    51.624 r  dbg_hub/inst/BSCANID.u_xsdbm_id/SWITCH_N_EXT_BSCAN.u_bufg_icon_tck/O
    X2Y1 (CLOCK_ROOT)    net (fo=482, routed)         2.324    53.948    dbg_hub/inst/BSCANID.u_xsdbm_id/CORE_XSDB.U_ICON/U_CMD/m_bscan_tck[0]
    SLICE_X59Y89         FDCE                                         r  dbg_hub/inst/BSCANID.u_xsdbm_id/CORE_XSDB.U_ICON/U_CMD/iTARGET_reg[6]/C
                         clock pessimism              4.978    58.926    
                         clock uncertainty           -0.035    58.891    
    SLICE_X59Y89         FDCE (Recov_CFF_SLICEL_C_CLR)
                                                     -0.093    58.798    dbg_hub/inst/BSCANID.u_xsdbm_id/CORE_XSDB.U_ICON/U_CMD/iTARGET_reg[6]
  -------------------------------------------------------------------
                         required time                         58.798    
                         arrival time                         -11.132    
  -------------------------------------------------------------------
                         slack                                 47.666    

Slack (MET) :             47.666ns  (required time - arrival time)
  Source:                 dbg_hub/inst/BSCANID.u_xsdbm_id/SWITCH_N_EXT_BSCAN.bscan_switch/portno_reg[1]/C
                            (rising edge-triggered cell FDRE clocked by dbg_hub/inst/BSCANID.u_xsdbm_id/SWITCH_N_EXT_BSCAN.bscan_inst/SERIES7_BSCAN.bscan_inst/INTERNAL_TCK  {rise@0.000ns fall@25.000ns period=50.000ns})
  Destination:            dbg_hub/inst/BSCANID.u_xsdbm_id/CORE_XSDB.U_ICON/U_CMD/iTARGET_reg[7]/CLR
                            (recovery check against rising-edge clock dbg_hub/inst/BSCANID.u_xsdbm_id/SWITCH_N_EXT_BSCAN.bscan_inst/SERIES7_BSCAN.bscan_inst/INTERNAL_TCK  {rise@0.000ns fall@25.000ns period=50.000ns})
  Path Group:             **async_default**
  Path Type:              Recovery (Max at Slow Process Corner)
  Requirement:            50.000ns  (dbg_hub/inst/BSCANID.u_xsdbm_id/SWITCH_N_EXT_BSCAN.bscan_inst/SERIES7_BSCAN.bscan_inst/INTERNAL_TCK rise@50.000ns - dbg_hub/inst/BSCANID.u_xsdbm_id/SWITCH_N_EXT_BSCAN.bscan_inst/SERIES7_BSCAN.bscan_inst/INTERNAL_TCK rise@0.000ns)
  Data Path Delay:        2.002ns  (logic 0.492ns (24.574%)  route 1.510ns (75.426%))
  Logic Levels:           2  (LUT4=1 LUT6=1)
  Clock Path Skew:        -0.203ns (DCD - SCD + CPR)
    Destination Clock Delay (DCD):    3.948ns = ( 53.948 - 50.000 ) 
    Source Clock Delay      (SCD):    9.130ns
    Clock Pessimism Removal (CPR):    4.978ns
  Clock Uncertainty:      0.035ns  ((TSJ^2 + TIJ^2)^1/2 + DJ) / 2 + PE
    Total System Jitter     (TSJ):    0.071ns
    Total Input Jitter      (TIJ):    0.000ns
    Discrete Jitter          (DJ):    0.000ns
    Phase Error              (PE):    0.000ns
  Clock Net Delay (Source):      2.655ns (routing 1.467ns, distribution 1.188ns)
  Clock Net Delay (Destination): 2.324ns (routing 1.340ns, distribution 0.984ns)

    Location             Delay type                Incr(ns)  Path(ns)    Netlist Resource(s)
  -------------------------------------------------------------------    -------------------
                         (clock dbg_hub/inst/BSCANID.u_xsdbm_id/SWITCH_N_EXT_BSCAN.bscan_inst/SERIES7_BSCAN.bscan_inst/INTERNAL_TCK rise edge)
                                                      0.000     0.000 r  
    CONFIG_SITE_X0Y0     BSCANE2                      0.000     0.000 r  dbg_hub/inst/BSCANID.u_xsdbm_id/SWITCH_N_EXT_BSCAN.bscan_inst/SERIES7_BSCAN.bscan_inst/INTERNAL_TCK
    CONFIG_SITE_X0Y0     BSCANE2 (Prop_BSCAN1_CONFIG_SITE_INTERNAL_TCK_TCK)
                                                      4.800     4.800 r  dbg_hub/inst/BSCANID.u_xsdbm_id/SWITCH_N_EXT_BSCAN.bscan_inst/SERIES7_BSCAN.bscan_inst/TCK
                         net (fo=1, routed)           1.631     6.431    dbg_hub/inst/BSCANID.u_xsdbm_id/tck_bs
    BUFGCE_X0Y76         BUFGCE (Prop_BUFCE_BUFGCE_I_O)
                                                      0.044     6.475 r  dbg_hub/inst/BSCANID.u_xsdbm_id/SWITCH_N_EXT_BSCAN.u_bufg_icon_tck/O
    X2Y1 (CLOCK_ROOT)    net (fo=482, routed)         2.655     9.130    dbg_hub/inst/BSCANID.u_xsdbm_id/SWITCH_N_EXT_BSCAN.bscan_switch/s_bscan_tck
    SLICE_X50Y164        FDRE                                         r  dbg_hub/inst/BSCANID.u_xsdbm_id/SWITCH_N_EXT_BSCAN.bscan_switch/portno_reg[1]/C
  -------------------------------------------------------------------    -------------------
    SLICE_X50Y164        FDRE (Prop_EFF2_SLICEL_C_Q)
                                                      0.116     9.246 f  dbg_hub/inst/BSCANID.u_xsdbm_id/SWITCH_N_EXT_BSCAN.bscan_switch/portno_reg[1]/Q
                         net (fo=1, routed)           0.234     9.480    dbg_hub/inst/BSCANID.u_xsdbm_id/SWITCH_N_EXT_BSCAN.bscan_switch/portno[1]
    SLICE_X50Y164        LUT6 (Prop_G6LUT_SLICEL_I3_O)
                                                      0.226     9.706 f  dbg_hub/inst/BSCANID.u_xsdbm_id/SWITCH_N_EXT_BSCAN.bscan_switch/m_bscan_drck[0]_INST_0_i_1/O
                         net (fo=5, routed)           0.055     9.760    dbg_hub/inst/BSCANID.u_xsdbm_id/SWITCH_N_EXT_BSCAN.bscan_switch/m_bscan_drck[0]_INST_0_i_1_n_0
    SLICE_X50Y164        LUT4 (Prop_H5LUT_SLICEL_I3_O)
                                                      0.150     9.910 r  dbg_hub/inst/BSCANID.u_xsdbm_id/SWITCH_N_EXT_BSCAN.bscan_switch/m_bscan_sel[0]_INST_0/O
                         net (fo=11, routed)          1.221    11.132    dbg_hub/inst/BSCANID.u_xsdbm_id/CORE_XSDB.U_ICON/U_CMD/iTARGET_reg[6]_0
    SLICE_X59Y89         FDCE                                         f  dbg_hub/inst/BSCANID.u_xsdbm_id/CORE_XSDB.U_ICON/U_CMD/iTARGET_reg[7]/CLR  (IS_INVERTED)
  -------------------------------------------------------------------    -------------------

                         (clock dbg_hub/inst/BSCANID.u_xsdbm_id/SWITCH_N_EXT_BSCAN.bscan_inst/SERIES7_BSCAN.bscan_inst/INTERNAL_TCK rise edge)
                                                     50.000    50.000 r  
    CONFIG_SITE_X0Y0     BSCANE2                      0.000    50.000 r  dbg_hub/inst/BSCANID.u_xsdbm_id/SWITCH_N_EXT_BSCAN.bscan_inst/SERIES7_BSCAN.bscan_inst/INTERNAL_TCK
    CONFIG_SITE_X0Y0     BSCANE2 (Prop_BSCAN1_CONFIG_SITE_INTERNAL_TCK_TCK)
                                                      0.465    50.465 r  dbg_hub/inst/BSCANID.u_xsdbm_id/SWITCH_N_EXT_BSCAN.bscan_inst/SERIES7_BSCAN.bscan_inst/TCK
                         net (fo=1, routed)           1.120    51.585    dbg_hub/inst/BSCANID.u_xsdbm_id/tck_bs
    BUFGCE_X0Y76         BUFGCE (Prop_BUFCE_BUFGCE_I_O)
                                                      0.039    51.624 r  dbg_hub/inst/BSCANID.u_xsdbm_id/SWITCH_N_EXT_BSCAN.u_bufg_icon_tck/O
    X2Y1 (CLOCK_ROOT)    net (fo=482, routed)         2.324    53.948    dbg_hub/inst/BSCANID.u_xsdbm_id/CORE_XSDB.U_ICON/U_CMD/m_bscan_tck[0]
    SLICE_X59Y89         FDCE                                         r  dbg_hub/inst/BSCANID.u_xsdbm_id/CORE_XSDB.U_ICON/U_CMD/iTARGET_reg[7]/C
                         clock pessimism              4.978    58.926    
                         clock uncertainty           -0.035    58.891    
    SLICE_X59Y89         FDCE (Recov_CFF2_SLICEL_C_CLR)
                                                     -0.093    58.798    dbg_hub/inst/BSCANID.u_xsdbm_id/CORE_XSDB.U_ICON/U_CMD/iTARGET_reg[7]
  -------------------------------------------------------------------
                         required time                         58.798    
                         arrival time                         -11.132    
  -------------------------------------------------------------------
                         slack                                 47.666    

Slack (MET) :             47.666ns  (required time - arrival time)
  Source:                 dbg_hub/inst/BSCANID.u_xsdbm_id/SWITCH_N_EXT_BSCAN.bscan_switch/portno_reg[1]/C
                            (rising edge-triggered cell FDRE clocked by dbg_hub/inst/BSCANID.u_xsdbm_id/SWITCH_N_EXT_BSCAN.bscan_inst/SERIES7_BSCAN.bscan_inst/INTERNAL_TCK  {rise@0.000ns fall@25.000ns period=50.000ns})
  Destination:            dbg_hub/inst/BSCANID.u_xsdbm_id/CORE_XSDB.U_ICON/U_CMD/iTARGET_reg[8]/CLR
                            (recovery check against rising-edge clock dbg_hub/inst/BSCANID.u_xsdbm_id/SWITCH_N_EXT_BSCAN.bscan_inst/SERIES7_BSCAN.bscan_inst/INTERNAL_TCK  {rise@0.000ns fall@25.000ns period=50.000ns})
  Path Group:             **async_default**
  Path Type:              Recovery (Max at Slow Process Corner)
  Requirement:            50.000ns  (dbg_hub/inst/BSCANID.u_xsdbm_id/SWITCH_N_EXT_BSCAN.bscan_inst/SERIES7_BSCAN.bscan_inst/INTERNAL_TCK rise@50.000ns - dbg_hub/inst/BSCANID.u_xsdbm_id/SWITCH_N_EXT_BSCAN.bscan_inst/SERIES7_BSCAN.bscan_inst/INTERNAL_TCK rise@0.000ns)
  Data Path Delay:        2.002ns  (logic 0.492ns (24.574%)  route 1.510ns (75.426%))
  Logic Levels:           2  (LUT4=1 LUT6=1)
  Clock Path Skew:        -0.203ns (DCD - SCD + CPR)
    Destination Clock Delay (DCD):    3.948ns = ( 53.948 - 50.000 ) 
    Source Clock Delay      (SCD):    9.130ns
    Clock Pessimism Removal (CPR):    4.978ns
  Clock Uncertainty:      0.035ns  ((TSJ^2 + TIJ^2)^1/2 + DJ) / 2 + PE
    Total System Jitter     (TSJ):    0.071ns
    Total Input Jitter      (TIJ):    0.000ns
    Discrete Jitter          (DJ):    0.000ns
    Phase Error              (PE):    0.000ns
  Clock Net Delay (Source):      2.655ns (routing 1.467ns, distribution 1.188ns)
  Clock Net Delay (Destination): 2.324ns (routing 1.340ns, distribution 0.984ns)

    Location             Delay type                Incr(ns)  Path(ns)    Netlist Resource(s)
  -------------------------------------------------------------------    -------------------
                         (clock dbg_hub/inst/BSCANID.u_xsdbm_id/SWITCH_N_EXT_BSCAN.bscan_inst/SERIES7_BSCAN.bscan_inst/INTERNAL_TCK rise edge)
                                                      0.000     0.000 r  
    CONFIG_SITE_X0Y0     BSCANE2                      0.000     0.000 r  dbg_hub/inst/BSCANID.u_xsdbm_id/SWITCH_N_EXT_BSCAN.bscan_inst/SERIES7_BSCAN.bscan_inst/INTERNAL_TCK
    CONFIG_SITE_X0Y0     BSCANE2 (Prop_BSCAN1_CONFIG_SITE_INTERNAL_TCK_TCK)
                                                      4.800     4.800 r  dbg_hub/inst/BSCANID.u_xsdbm_id/SWITCH_N_EXT_BSCAN.bscan_inst/SERIES7_BSCAN.bscan_inst/TCK
                         net (fo=1, routed)           1.631     6.431    dbg_hub/inst/BSCANID.u_xsdbm_id/tck_bs
    BUFGCE_X0Y76         BUFGCE (Prop_BUFCE_BUFGCE_I_O)
                                                      0.044     6.475 r  dbg_hub/inst/BSCANID.u_xsdbm_id/SWITCH_N_EXT_BSCAN.u_bufg_icon_tck/O
    X2Y1 (CLOCK_ROOT)    net (fo=482, routed)         2.655     9.130    dbg_hub/inst/BSCANID.u_xsdbm_id/SWITCH_N_EXT_BSCAN.bscan_switch/s_bscan_tck
    SLICE_X50Y164        FDRE                                         r  dbg_hub/inst/BSCANID.u_xsdbm_id/SWITCH_N_EXT_BSCAN.bscan_switch/portno_reg[1]/C
  -------------------------------------------------------------------    -------------------
    SLICE_X50Y164        FDRE (Prop_EFF2_SLICEL_C_Q)
                                                      0.116     9.246 f  dbg_hub/inst/BSCANID.u_xsdbm_id/SWITCH_N_EXT_BSCAN.bscan_switch/portno_reg[1]/Q
                         net (fo=1, routed)           0.234     9.480    dbg_hub/inst/BSCANID.u_xsdbm_id/SWITCH_N_EXT_BSCAN.bscan_switch/portno[1]
    SLICE_X50Y164        LUT6 (Prop_G6LUT_SLICEL_I3_O)
                                                      0.226     9.706 f  dbg_hub/inst/BSCANID.u_xsdbm_id/SWITCH_N_EXT_BSCAN.bscan_switch/m_bscan_drck[0]_INST_0_i_1/O
                         net (fo=5, routed)           0.055     9.760    dbg_hub/inst/BSCANID.u_xsdbm_id/SWITCH_N_EXT_BSCAN.bscan_switch/m_bscan_drck[0]_INST_0_i_1_n_0
    SLICE_X50Y164        LUT4 (Prop_H5LUT_SLICEL_I3_O)
                                                      0.150     9.910 r  dbg_hub/inst/BSCANID.u_xsdbm_id/SWITCH_N_EXT_BSCAN.bscan_switch/m_bscan_sel[0]_INST_0/O
                         net (fo=11, routed)          1.221    11.132    dbg_hub/inst/BSCANID.u_xsdbm_id/CORE_XSDB.U_ICON/U_CMD/iTARGET_reg[6]_0
    SLICE_X59Y89         FDCE                                         f  dbg_hub/inst/BSCANID.u_xsdbm_id/CORE_XSDB.U_ICON/U_CMD/iTARGET_reg[8]/CLR  (IS_INVERTED)
  -------------------------------------------------------------------    -------------------

                         (clock dbg_hub/inst/BSCANID.u_xsdbm_id/SWITCH_N_EXT_BSCAN.bscan_inst/SERIES7_BSCAN.bscan_inst/INTERNAL_TCK rise edge)
                                                     50.000    50.000 r  
    CONFIG_SITE_X0Y0     BSCANE2                      0.000    50.000 r  dbg_hub/inst/BSCANID.u_xsdbm_id/SWITCH_N_EXT_BSCAN.bscan_inst/SERIES7_BSCAN.bscan_inst/INTERNAL_TCK
    CONFIG_SITE_X0Y0     BSCANE2 (Prop_BSCAN1_CONFIG_SITE_INTERNAL_TCK_TCK)
                                                      0.465    50.465 r  dbg_hub/inst/BSCANID.u_xsdbm_id/SWITCH_N_EXT_BSCAN.bscan_inst/SERIES7_BSCAN.bscan_inst/TCK
                         net (fo=1, routed)           1.120    51.585    dbg_hub/inst/BSCANID.u_xsdbm_id/tck_bs
    BUFGCE_X0Y76         BUFGCE (Prop_BUFCE_BUFGCE_I_O)
                                                      0.039    51.624 r  dbg_hub/inst/BSCANID.u_xsdbm_id/SWITCH_N_EXT_BSCAN.u_bufg_icon_tck/O
    X2Y1 (CLOCK_ROOT)    net (fo=482, routed)         2.324    53.948    dbg_hub/inst/BSCANID.u_xsdbm_id/CORE_XSDB.U_ICON/U_CMD/m_bscan_tck[0]
    SLICE_X59Y89         FDCE                                         r  dbg_hub/inst/BSCANID.u_xsdbm_id/CORE_XSDB.U_ICON/U_CMD/iTARGET_reg[8]/C
                         clock pessimism              4.978    58.926    
                         clock uncertainty           -0.035    58.891    
    SLICE_X59Y89         FDCE (Recov_DFF_SLICEL_C_CLR)
                                                     -0.093    58.798    dbg_hub/inst/BSCANID.u_xsdbm_id/CORE_XSDB.U_ICON/U_CMD/iTARGET_reg[8]
  -------------------------------------------------------------------
                         required time                         58.798    
                         arrival time                         -11.132    
  -------------------------------------------------------------------
                         slack                                 47.666    

Slack (MET) :             47.666ns  (required time - arrival time)
  Source:                 dbg_hub/inst/BSCANID.u_xsdbm_id/SWITCH_N_EXT_BSCAN.bscan_switch/portno_reg[1]/C
                            (rising edge-triggered cell FDRE clocked by dbg_hub/inst/BSCANID.u_xsdbm_id/SWITCH_N_EXT_BSCAN.bscan_inst/SERIES7_BSCAN.bscan_inst/INTERNAL_TCK  {rise@0.000ns fall@25.000ns period=50.000ns})
  Destination:            dbg_hub/inst/BSCANID.u_xsdbm_id/CORE_XSDB.U_ICON/U_CMD/iTARGET_reg[9]/CLR
                            (recovery check against rising-edge clock dbg_hub/inst/BSCANID.u_xsdbm_id/SWITCH_N_EXT_BSCAN.bscan_inst/SERIES7_BSCAN.bscan_inst/INTERNAL_TCK  {rise@0.000ns fall@25.000ns period=50.000ns})
  Path Group:             **async_default**
  Path Type:              Recovery (Max at Slow Process Corner)
  Requirement:            50.000ns  (dbg_hub/inst/BSCANID.u_xsdbm_id/SWITCH_N_EXT_BSCAN.bscan_inst/SERIES7_BSCAN.bscan_inst/INTERNAL_TCK rise@50.000ns - dbg_hub/inst/BSCANID.u_xsdbm_id/SWITCH_N_EXT_BSCAN.bscan_inst/SERIES7_BSCAN.bscan_inst/INTERNAL_TCK rise@0.000ns)
  Data Path Delay:        2.002ns  (logic 0.492ns (24.574%)  route 1.510ns (75.426%))
  Logic Levels:           2  (LUT4=1 LUT6=1)
  Clock Path Skew:        -0.203ns (DCD - SCD + CPR)
    Destination Clock Delay (DCD):    3.948ns = ( 53.948 - 50.000 ) 
    Source Clock Delay      (SCD):    9.130ns
    Clock Pessimism Removal (CPR):    4.978ns
  Clock Uncertainty:      0.035ns  ((TSJ^2 + TIJ^2)^1/2 + DJ) / 2 + PE
    Total System Jitter     (TSJ):    0.071ns
    Total Input Jitter      (TIJ):    0.000ns
    Discrete Jitter          (DJ):    0.000ns
    Phase Error              (PE):    0.000ns
  Clock Net Delay (Source):      2.655ns (routing 1.467ns, distribution 1.188ns)
  Clock Net Delay (Destination): 2.324ns (routing 1.340ns, distribution 0.984ns)

    Location             Delay type                Incr(ns)  Path(ns)    Netlist Resource(s)
  -------------------------------------------------------------------    -------------------
                         (clock dbg_hub/inst/BSCANID.u_xsdbm_id/SWITCH_N_EXT_BSCAN.bscan_inst/SERIES7_BSCAN.bscan_inst/INTERNAL_TCK rise edge)
                                                      0.000     0.000 r  
    CONFIG_SITE_X0Y0     BSCANE2                      0.000     0.000 r  dbg_hub/inst/BSCANID.u_xsdbm_id/SWITCH_N_EXT_BSCAN.bscan_inst/SERIES7_BSCAN.bscan_inst/INTERNAL_TCK
    CONFIG_SITE_X0Y0     BSCANE2 (Prop_BSCAN1_CONFIG_SITE_INTERNAL_TCK_TCK)
                                                      4.800     4.800 r  dbg_hub/inst/BSCANID.u_xsdbm_id/SWITCH_N_EXT_BSCAN.bscan_inst/SERIES7_BSCAN.bscan_inst/TCK
                         net (fo=1, routed)           1.631     6.431    dbg_hub/inst/BSCANID.u_xsdbm_id/tck_bs
    BUFGCE_X0Y76         BUFGCE (Prop_BUFCE_BUFGCE_I_O)
                                                      0.044     6.475 r  dbg_hub/inst/BSCANID.u_xsdbm_id/SWITCH_N_EXT_BSCAN.u_bufg_icon_tck/O
    X2Y1 (CLOCK_ROOT)    net (fo=482, routed)         2.655     9.130    dbg_hub/inst/BSCANID.u_xsdbm_id/SWITCH_N_EXT_BSCAN.bscan_switch/s_bscan_tck
    SLICE_X50Y164        FDRE                                         r  dbg_hub/inst/BSCANID.u_xsdbm_id/SWITCH_N_EXT_BSCAN.bscan_switch/portno_reg[1]/C
  -------------------------------------------------------------------    -------------------
    SLICE_X50Y164        FDRE (Prop_EFF2_SLICEL_C_Q)
                                                      0.116     9.246 f  dbg_hub/inst/BSCANID.u_xsdbm_id/SWITCH_N_EXT_BSCAN.bscan_switch/portno_reg[1]/Q
                         net (fo=1, routed)           0.234     9.480    dbg_hub/inst/BSCANID.u_xsdbm_id/SWITCH_N_EXT_BSCAN.bscan_switch/portno[1]
    SLICE_X50Y164        LUT6 (Prop_G6LUT_SLICEL_I3_O)
                                                      0.226     9.706 f  dbg_hub/inst/BSCANID.u_xsdbm_id/SWITCH_N_EXT_BSCAN.bscan_switch/m_bscan_drck[0]_INST_0_i_1/O
                         net (fo=5, routed)           0.055     9.760    dbg_hub/inst/BSCANID.u_xsdbm_id/SWITCH_N_EXT_BSCAN.bscan_switch/m_bscan_drck[0]_INST_0_i_1_n_0
    SLICE_X50Y164        LUT4 (Prop_H5LUT_SLICEL_I3_O)
                                                      0.150     9.910 r  dbg_hub/inst/BSCANID.u_xsdbm_id/SWITCH_N_EXT_BSCAN.bscan_switch/m_bscan_sel[0]_INST_0/O
                         net (fo=11, routed)          1.221    11.132    dbg_hub/inst/BSCANID.u_xsdbm_id/CORE_XSDB.U_ICON/U_CMD/iTARGET_reg[6]_0
    SLICE_X59Y89         FDCE                                         f  dbg_hub/inst/BSCANID.u_xsdbm_id/CORE_XSDB.U_ICON/U_CMD/iTARGET_reg[9]/CLR  (IS_INVERTED)
  -------------------------------------------------------------------    -------------------

                         (clock dbg_hub/inst/BSCANID.u_xsdbm_id/SWITCH_N_EXT_BSCAN.bscan_inst/SERIES7_BSCAN.bscan_inst/INTERNAL_TCK rise edge)
                                                     50.000    50.000 r  
    CONFIG_SITE_X0Y0     BSCANE2                      0.000    50.000 r  dbg_hub/inst/BSCANID.u_xsdbm_id/SWITCH_N_EXT_BSCAN.bscan_inst/SERIES7_BSCAN.bscan_inst/INTERNAL_TCK
    CONFIG_SITE_X0Y0     BSCANE2 (Prop_BSCAN1_CONFIG_SITE_INTERNAL_TCK_TCK)
                                                      0.465    50.465 r  dbg_hub/inst/BSCANID.u_xsdbm_id/SWITCH_N_EXT_BSCAN.bscan_inst/SERIES7_BSCAN.bscan_inst/TCK
                         net (fo=1, routed)           1.120    51.585    dbg_hub/inst/BSCANID.u_xsdbm_id/tck_bs
    BUFGCE_X0Y76         BUFGCE (Prop_BUFCE_BUFGCE_I_O)
                                                      0.039    51.624 r  dbg_hub/inst/BSCANID.u_xsdbm_id/SWITCH_N_EXT_BSCAN.u_bufg_icon_tck/O
    X2Y1 (CLOCK_ROOT)    net (fo=482, routed)         2.324    53.948    dbg_hub/inst/BSCANID.u_xsdbm_id/CORE_XSDB.U_ICON/U_CMD/m_bscan_tck[0]
    SLICE_X59Y89         FDCE                                         r  dbg_hub/inst/BSCANID.u_xsdbm_id/CORE_XSDB.U_ICON/U_CMD/iTARGET_reg[9]/C
                         clock pessimism              4.978    58.926    
                         clock uncertainty           -0.035    58.891    
    SLICE_X59Y89         FDCE (Recov_DFF2_SLICEL_C_CLR)
                                                     -0.093    58.798    dbg_hub/inst/BSCANID.u_xsdbm_id/CORE_XSDB.U_ICON/U_CMD/iTARGET_reg[9]
  -------------------------------------------------------------------
                         required time                         58.798    
                         arrival time                         -11.132    
  -------------------------------------------------------------------
                         slack                                 47.666    





Min Delay Paths
--------------------------------------------------------------------------------------
Slack (MET) :             0.153ns  (arrival time - required time)
  Source:                 dbg_hub/inst/BSCANID.u_xsdbm_id/CORE_XSDB.UUT_MASTER/U_ICON_INTERFACE/U_CMD6_RD/U_RD_FIFO/SUBCORE_FIFO.xsdbm_v3_0_0_rdfifo_inst/inst_fifo_gen/gconvfifo.rf/grf.rf/rstblk/ngwrdrst.grst.g7serrst.rd_rst_reg_reg[1]/C
                            (rising edge-triggered cell FDPE clocked by dbg_hub/inst/BSCANID.u_xsdbm_id/SWITCH_N_EXT_BSCAN.bscan_inst/SERIES7_BSCAN.bscan_inst/INTERNAL_TCK  {rise@0.000ns fall@25.000ns period=50.000ns})
  Destination:            dbg_hub/inst/BSCANID.u_xsdbm_id/CORE_XSDB.UUT_MASTER/U_ICON_INTERFACE/U_CMD6_RD/U_RD_FIFO/SUBCORE_FIFO.xsdbm_v3_0_0_rdfifo_inst/inst_fifo_gen/gconvfifo.rf/grf.rf/gntv_or_sync_fifo.gcx.clkx/gnxpm_cdc.gsync_stage[1].rd_stg_inst/Q_reg_reg[0]/CLR
                            (removal check against rising-edge clock dbg_hub/inst/BSCANID.u_xsdbm_id/SWITCH_N_EXT_BSCAN.bscan_inst/SERIES7_BSCAN.bscan_inst/INTERNAL_TCK  {rise@0.000ns fall@25.000ns period=50.000ns})
  Path Group:             **async_default**
  Path Type:              Removal (Min at Fast Process Corner)
  Requirement:            0.000ns  (dbg_hub/inst/BSCANID.u_xsdbm_id/SWITCH_N_EXT_BSCAN.bscan_inst/SERIES7_BSCAN.bscan_inst/INTERNAL_TCK rise@0.000ns - dbg_hub/inst/BSCANID.u_xsdbm_id/SWITCH_N_EXT_BSCAN.bscan_inst/SERIES7_BSCAN.bscan_inst/INTERNAL_TCK rise@0.000ns)
  Data Path Delay:        0.187ns  (logic 0.085ns (45.479%)  route 0.102ns (54.521%))
  Logic Levels:           0  
  Clock Path Skew:        0.052ns (DCD - SCD - CPR)
    Destination Clock Delay (DCD):    7.600ns
    Source Clock Delay      (SCD):    2.626ns
    Clock Pessimism Removal (CPR):    4.923ns
  Clock Net Delay (Source):      1.410ns (routing 0.805ns, distribution 0.605ns)
  Clock Net Delay (Destination): 1.549ns (routing 0.880ns, distribution 0.669ns)

    Location             Delay type                Incr(ns)  Path(ns)    Netlist Resource(s)
  -------------------------------------------------------------------    -------------------
                         (clock dbg_hub/inst/BSCANID.u_xsdbm_id/SWITCH_N_EXT_BSCAN.bscan_inst/SERIES7_BSCAN.bscan_inst/INTERNAL_TCK rise edge)
                                                      0.000     0.000 r  
    CONFIG_SITE_X0Y0     BSCANE2                      0.000     0.000 r  dbg_hub/inst/BSCANID.u_xsdbm_id/SWITCH_N_EXT_BSCAN.bscan_inst/SERIES7_BSCAN.bscan_inst/INTERNAL_TCK
    CONFIG_SITE_X0Y0     BSCANE2 (Prop_BSCAN1_CONFIG_SITE_INTERNAL_TCK_TCK)
                                                      0.465     0.465 r  dbg_hub/inst/BSCANID.u_xsdbm_id/SWITCH_N_EXT_BSCAN.bscan_inst/SERIES7_BSCAN.bscan_inst/TCK
                         net (fo=1, routed)           0.728     1.193    dbg_hub/inst/BSCANID.u_xsdbm_id/tck_bs
    BUFGCE_X0Y76         BUFGCE (Prop_BUFCE_BUFGCE_I_O)
                                                      0.023     1.216 r  dbg_hub/inst/BSCANID.u_xsdbm_id/SWITCH_N_EXT_BSCAN.u_bufg_icon_tck/O
    X2Y1 (CLOCK_ROOT)    net (fo=482, routed)         1.410     2.626    dbg_hub/inst/BSCANID.u_xsdbm_id/CORE_XSDB.UUT_MASTER/U_ICON_INTERFACE/U_CMD6_RD/U_RD_FIFO/SUBCORE_FIFO.xsdbm_v3_0_0_rdfifo_inst/inst_fifo_gen/gconvfifo.rf/grf.rf/rstblk/rd_clk
    SLICE_X56Y76         FDPE                                         r  dbg_hub/inst/BSCANID.u_xsdbm_id/CORE_XSDB.UUT_MASTER/U_ICON_INTERFACE/U_CMD6_RD/U_RD_FIFO/SUBCORE_FIFO.xsdbm_v3_0_0_rdfifo_inst/inst_fifo_gen/gconvfifo.rf/grf.rf/rstblk/ngwrdrst.grst.g7serrst.rd_rst_reg_reg[1]/C
  -------------------------------------------------------------------    -------------------
    SLICE_X56Y76         FDPE (Prop_EFF2_SLICEL_C_Q)
                                                      0.085     2.711 f  dbg_hub/inst/BSCANID.u_xsdbm_id/CORE_XSDB.UUT_MASTER/U_ICON_INTERFACE/U_CMD6_RD/U_RD_FIFO/SUBCORE_FIFO.xsdbm_v3_0_0_rdfifo_inst/inst_fifo_gen/gconvfifo.rf/grf.rf/rstblk/ngwrdrst.grst.g7serrst.rd_rst_reg_reg[1]/Q
                         net (fo=16, routed)          0.102     2.812    dbg_hub/inst/BSCANID.u_xsdbm_id/CORE_XSDB.UUT_MASTER/U_ICON_INTERFACE/U_CMD6_RD/U_RD_FIFO/SUBCORE_FIFO.xsdbm_v3_0_0_rdfifo_inst/inst_fifo_gen/gconvfifo.rf/grf.rf/gntv_or_sync_fifo.gcx.clkx/gnxpm_cdc.gsync_stage[1].rd_stg_inst/Q_reg_reg[0]_0[0]
    SLICE_X55Y76         FDCE                                         f  dbg_hub/inst/BSCANID.u_xsdbm_id/CORE_XSDB.UUT_MASTER/U_ICON_INTERFACE/U_CMD6_RD/U_RD_FIFO/SUBCORE_FIFO.xsdbm_v3_0_0_rdfifo_inst/inst_fifo_gen/gconvfifo.rf/grf.rf/gntv_or_sync_fifo.gcx.clkx/gnxpm_cdc.gsync_stage[1].rd_stg_inst/Q_reg_reg[0]/CLR
  -------------------------------------------------------------------    -------------------

                         (clock dbg_hub/inst/BSCANID.u_xsdbm_id/SWITCH_N_EXT_BSCAN.bscan_inst/SERIES7_BSCAN.bscan_inst/INTERNAL_TCK rise edge)
                                                      0.000     0.000 r  
    CONFIG_SITE_X0Y0     BSCANE2                      0.000     0.000 r  dbg_hub/inst/BSCANID.u_xsdbm_id/SWITCH_N_EXT_BSCAN.bscan_inst/SERIES7_BSCAN.bscan_inst/INTERNAL_TCK
    CONFIG_SITE_X0Y0     BSCANE2 (Prop_BSCAN1_CONFIG_SITE_INTERNAL_TCK_TCK)
                                                      4.800     4.800 r  dbg_hub/inst/BSCANID.u_xsdbm_id/SWITCH_N_EXT_BSCAN.bscan_inst/SERIES7_BSCAN.bscan_inst/TCK
                         net (fo=1, routed)           1.225     6.025    dbg_hub/inst/BSCANID.u_xsdbm_id/tck_bs
    BUFGCE_X0Y76         BUFGCE (Prop_BUFCE_BUFGCE_I_O)
                                                      0.026     6.051 r  dbg_hub/inst/BSCANID.u_xsdbm_id/SWITCH_N_EXT_BSCAN.u_bufg_icon_tck/O
    X2Y1 (CLOCK_ROOT)    net (fo=482, routed)         1.549     7.600    dbg_hub/inst/BSCANID.u_xsdbm_id/CORE_XSDB.UUT_MASTER/U_ICON_INTERFACE/U_CMD6_RD/U_RD_FIFO/SUBCORE_FIFO.xsdbm_v3_0_0_rdfifo_inst/inst_fifo_gen/gconvfifo.rf/grf.rf/gntv_or_sync_fifo.gcx.clkx/gnxpm_cdc.gsync_stage[1].rd_stg_inst/rd_clk
    SLICE_X55Y76         FDCE                                         r  dbg_hub/inst/BSCANID.u_xsdbm_id/CORE_XSDB.UUT_MASTER/U_ICON_INTERFACE/U_CMD6_RD/U_RD_FIFO/SUBCORE_FIFO.xsdbm_v3_0_0_rdfifo_inst/inst_fifo_gen/gconvfifo.rf/grf.rf/gntv_or_sync_fifo.gcx.clkx/gnxpm_cdc.gsync_stage[1].rd_stg_inst/Q_reg_reg[0]/C
                         clock pessimism             -4.923     2.677    
    SLICE_X55Y76         FDCE (Remov_HFF2_SLICEL_C_CLR)
                                                     -0.018     2.659    dbg_hub/inst/BSCANID.u_xsdbm_id/CORE_XSDB.UUT_MASTER/U_ICON_INTERFACE/U_CMD6_RD/U_RD_FIFO/SUBCORE_FIFO.xsdbm_v3_0_0_rdfifo_inst/inst_fifo_gen/gconvfifo.rf/grf.rf/gntv_or_sync_fifo.gcx.clkx/gnxpm_cdc.gsync_stage[1].rd_stg_inst/Q_reg_reg[0]
  -------------------------------------------------------------------
                         required time                         -2.659    
                         arrival time                           2.812    
  -------------------------------------------------------------------
                         slack                                  0.153    

Slack (MET) :             0.153ns  (arrival time - required time)
  Source:                 dbg_hub/inst/BSCANID.u_xsdbm_id/CORE_XSDB.UUT_MASTER/U_ICON_INTERFACE/U_CMD6_RD/U_RD_FIFO/SUBCORE_FIFO.xsdbm_v3_0_0_rdfifo_inst/inst_fifo_gen/gconvfifo.rf/grf.rf/rstblk/ngwrdrst.grst.g7serrst.rd_rst_reg_reg[1]/C
                            (rising edge-triggered cell FDPE clocked by dbg_hub/inst/BSCANID.u_xsdbm_id/SWITCH_N_EXT_BSCAN.bscan_inst/SERIES7_BSCAN.bscan_inst/INTERNAL_TCK  {rise@0.000ns fall@25.000ns period=50.000ns})
  Destination:            dbg_hub/inst/BSCANID.u_xsdbm_id/CORE_XSDB.UUT_MASTER/U_ICON_INTERFACE/U_CMD6_RD/U_RD_FIFO/SUBCORE_FIFO.xsdbm_v3_0_0_rdfifo_inst/inst_fifo_gen/gconvfifo.rf/grf.rf/gntv_or_sync_fifo.gcx.clkx/gnxpm_cdc.gsync_stage[1].rd_stg_inst/Q_reg_reg[2]/CLR
                            (removal check against rising-edge clock dbg_hub/inst/BSCANID.u_xsdbm_id/SWITCH_N_EXT_BSCAN.bscan_inst/SERIES7_BSCAN.bscan_inst/INTERNAL_TCK  {rise@0.000ns fall@25.000ns period=50.000ns})
  Path Group:             **async_default**
  Path Type:              Removal (Min at Fast Process Corner)
  Requirement:            0.000ns  (dbg_hub/inst/BSCANID.u_xsdbm_id/SWITCH_N_EXT_BSCAN.bscan_inst/SERIES7_BSCAN.bscan_inst/INTERNAL_TCK rise@0.000ns - dbg_hub/inst/BSCANID.u_xsdbm_id/SWITCH_N_EXT_BSCAN.bscan_inst/SERIES7_BSCAN.bscan_inst/INTERNAL_TCK rise@0.000ns)
  Data Path Delay:        0.187ns  (logic 0.085ns (45.479%)  route 0.102ns (54.521%))
  Logic Levels:           0  
  Clock Path Skew:        0.052ns (DCD - SCD - CPR)
    Destination Clock Delay (DCD):    7.600ns
    Source Clock Delay      (SCD):    2.626ns
    Clock Pessimism Removal (CPR):    4.923ns
  Clock Net Delay (Source):      1.410ns (routing 0.805ns, distribution 0.605ns)
  Clock Net Delay (Destination): 1.549ns (routing 0.880ns, distribution 0.669ns)

    Location             Delay type                Incr(ns)  Path(ns)    Netlist Resource(s)
  -------------------------------------------------------------------    -------------------
                         (clock dbg_hub/inst/BSCANID.u_xsdbm_id/SWITCH_N_EXT_BSCAN.bscan_inst/SERIES7_BSCAN.bscan_inst/INTERNAL_TCK rise edge)
                                                      0.000     0.000 r  
    CONFIG_SITE_X0Y0     BSCANE2                      0.000     0.000 r  dbg_hub/inst/BSCANID.u_xsdbm_id/SWITCH_N_EXT_BSCAN.bscan_inst/SERIES7_BSCAN.bscan_inst/INTERNAL_TCK
    CONFIG_SITE_X0Y0     BSCANE2 (Prop_BSCAN1_CONFIG_SITE_INTERNAL_TCK_TCK)
                                                      0.465     0.465 r  dbg_hub/inst/BSCANID.u_xsdbm_id/SWITCH_N_EXT_BSCAN.bscan_inst/SERIES7_BSCAN.bscan_inst/TCK
                         net (fo=1, routed)           0.728     1.193    dbg_hub/inst/BSCANID.u_xsdbm_id/tck_bs
    BUFGCE_X0Y76         BUFGCE (Prop_BUFCE_BUFGCE_I_O)
                                                      0.023     1.216 r  dbg_hub/inst/BSCANID.u_xsdbm_id/SWITCH_N_EXT_BSCAN.u_bufg_icon_tck/O
    X2Y1 (CLOCK_ROOT)    net (fo=482, routed)         1.410     2.626    dbg_hub/inst/BSCANID.u_xsdbm_id/CORE_XSDB.UUT_MASTER/U_ICON_INTERFACE/U_CMD6_RD/U_RD_FIFO/SUBCORE_FIFO.xsdbm_v3_0_0_rdfifo_inst/inst_fifo_gen/gconvfifo.rf/grf.rf/rstblk/rd_clk
    SLICE_X56Y76         FDPE                                         r  dbg_hub/inst/BSCANID.u_xsdbm_id/CORE_XSDB.UUT_MASTER/U_ICON_INTERFACE/U_CMD6_RD/U_RD_FIFO/SUBCORE_FIFO.xsdbm_v3_0_0_rdfifo_inst/inst_fifo_gen/gconvfifo.rf/grf.rf/rstblk/ngwrdrst.grst.g7serrst.rd_rst_reg_reg[1]/C
  -------------------------------------------------------------------    -------------------
    SLICE_X56Y76         FDPE (Prop_EFF2_SLICEL_C_Q)
                                                      0.085     2.711 f  dbg_hub/inst/BSCANID.u_xsdbm_id/CORE_XSDB.UUT_MASTER/U_ICON_INTERFACE/U_CMD6_RD/U_RD_FIFO/SUBCORE_FIFO.xsdbm_v3_0_0_rdfifo_inst/inst_fifo_gen/gconvfifo.rf/grf.rf/rstblk/ngwrdrst.grst.g7serrst.rd_rst_reg_reg[1]/Q
                         net (fo=16, routed)          0.102     2.812    dbg_hub/inst/BSCANID.u_xsdbm_id/CORE_XSDB.UUT_MASTER/U_ICON_INTERFACE/U_CMD6_RD/U_RD_FIFO/SUBCORE_FIFO.xsdbm_v3_0_0_rdfifo_inst/inst_fifo_gen/gconvfifo.rf/grf.rf/gntv_or_sync_fifo.gcx.clkx/gnxpm_cdc.gsync_stage[1].rd_stg_inst/Q_reg_reg[0]_0[0]
    SLICE_X55Y76         FDCE                                         f  dbg_hub/inst/BSCANID.u_xsdbm_id/CORE_XSDB.UUT_MASTER/U_ICON_INTERFACE/U_CMD6_RD/U_RD_FIFO/SUBCORE_FIFO.xsdbm_v3_0_0_rdfifo_inst/inst_fifo_gen/gconvfifo.rf/grf.rf/gntv_or_sync_fifo.gcx.clkx/gnxpm_cdc.gsync_stage[1].rd_stg_inst/Q_reg_reg[2]/CLR
  -------------------------------------------------------------------    -------------------

                         (clock dbg_hub/inst/BSCANID.u_xsdbm_id/SWITCH_N_EXT_BSCAN.bscan_inst/SERIES7_BSCAN.bscan_inst/INTERNAL_TCK rise edge)
                                                      0.000     0.000 r  
    CONFIG_SITE_X0Y0     BSCANE2                      0.000     0.000 r  dbg_hub/inst/BSCANID.u_xsdbm_id/SWITCH_N_EXT_BSCAN.bscan_inst/SERIES7_BSCAN.bscan_inst/INTERNAL_TCK
    CONFIG_SITE_X0Y0     BSCANE2 (Prop_BSCAN1_CONFIG_SITE_INTERNAL_TCK_TCK)
                                                      4.800     4.800 r  dbg_hub/inst/BSCANID.u_xsdbm_id/SWITCH_N_EXT_BSCAN.bscan_inst/SERIES7_BSCAN.bscan_inst/TCK
                         net (fo=1, routed)           1.225     6.025    dbg_hub/inst/BSCANID.u_xsdbm_id/tck_bs
    BUFGCE_X0Y76         BUFGCE (Prop_BUFCE_BUFGCE_I_O)
                                                      0.026     6.051 r  dbg_hub/inst/BSCANID.u_xsdbm_id/SWITCH_N_EXT_BSCAN.u_bufg_icon_tck/O
    X2Y1 (CLOCK_ROOT)    net (fo=482, routed)         1.549     7.600    dbg_hub/inst/BSCANID.u_xsdbm_id/CORE_XSDB.UUT_MASTER/U_ICON_INTERFACE/U_CMD6_RD/U_RD_FIFO/SUBCORE_FIFO.xsdbm_v3_0_0_rdfifo_inst/inst_fifo_gen/gconvfifo.rf/grf.rf/gntv_or_sync_fifo.gcx.clkx/gnxpm_cdc.gsync_stage[1].rd_stg_inst/rd_clk
    SLICE_X55Y76         FDCE                                         r  dbg_hub/inst/BSCANID.u_xsdbm_id/CORE_XSDB.UUT_MASTER/U_ICON_INTERFACE/U_CMD6_RD/U_RD_FIFO/SUBCORE_FIFO.xsdbm_v3_0_0_rdfifo_inst/inst_fifo_gen/gconvfifo.rf/grf.rf/gntv_or_sync_fifo.gcx.clkx/gnxpm_cdc.gsync_stage[1].rd_stg_inst/Q_reg_reg[2]/C
                         clock pessimism             -4.923     2.677    
    SLICE_X55Y76         FDCE (Remov_GFF2_SLICEL_C_CLR)
                                                     -0.018     2.659    dbg_hub/inst/BSCANID.u_xsdbm_id/CORE_XSDB.UUT_MASTER/U_ICON_INTERFACE/U_CMD6_RD/U_RD_FIFO/SUBCORE_FIFO.xsdbm_v3_0_0_rdfifo_inst/inst_fifo_gen/gconvfifo.rf/grf.rf/gntv_or_sync_fifo.gcx.clkx/gnxpm_cdc.gsync_stage[1].rd_stg_inst/Q_reg_reg[2]
  -------------------------------------------------------------------
                         required time                         -2.659    
                         arrival time                           2.812    
  -------------------------------------------------------------------
                         slack                                  0.153    

Slack (MET) :             0.153ns  (arrival time - required time)
  Source:                 dbg_hub/inst/BSCANID.u_xsdbm_id/CORE_XSDB.UUT_MASTER/U_ICON_INTERFACE/U_CMD6_RD/U_RD_FIFO/SUBCORE_FIFO.xsdbm_v3_0_0_rdfifo_inst/inst_fifo_gen/gconvfifo.rf/grf.rf/rstblk/ngwrdrst.grst.g7serrst.rd_rst_reg_reg[1]/C
                            (rising edge-triggered cell FDPE clocked by dbg_hub/inst/BSCANID.u_xsdbm_id/SWITCH_N_EXT_BSCAN.bscan_inst/SERIES7_BSCAN.bscan_inst/INTERNAL_TCK  {rise@0.000ns fall@25.000ns period=50.000ns})
  Destination:            dbg_hub/inst/BSCANID.u_xsdbm_id/CORE_XSDB.UUT_MASTER/U_ICON_INTERFACE/U_CMD6_RD/U_RD_FIFO/SUBCORE_FIFO.xsdbm_v3_0_0_rdfifo_inst/inst_fifo_gen/gconvfifo.rf/grf.rf/gntv_or_sync_fifo.gcx.clkx/gnxpm_cdc.gsync_stage[2].rd_stg_inst/Q_reg_reg[0]/CLR
                            (removal check against rising-edge clock dbg_hub/inst/BSCANID.u_xsdbm_id/SWITCH_N_EXT_BSCAN.bscan_inst/SERIES7_BSCAN.bscan_inst/INTERNAL_TCK  {rise@0.000ns fall@25.000ns period=50.000ns})
  Path Group:             **async_default**
  Path Type:              Removal (Min at Fast Process Corner)
  Requirement:            0.000ns  (dbg_hub/inst/BSCANID.u_xsdbm_id/SWITCH_N_EXT_BSCAN.bscan_inst/SERIES7_BSCAN.bscan_inst/INTERNAL_TCK rise@0.000ns - dbg_hub/inst/BSCANID.u_xsdbm_id/SWITCH_N_EXT_BSCAN.bscan_inst/SERIES7_BSCAN.bscan_inst/INTERNAL_TCK rise@0.000ns)
  Data Path Delay:        0.187ns  (logic 0.085ns (45.479%)  route 0.102ns (54.521%))
  Logic Levels:           0  
  Clock Path Skew:        0.052ns (DCD - SCD - CPR)
    Destination Clock Delay (DCD):    7.600ns
    Source Clock Delay      (SCD):    2.626ns
    Clock Pessimism Removal (CPR):    4.923ns
  Clock Net Delay (Source):      1.410ns (routing 0.805ns, distribution 0.605ns)
  Clock Net Delay (Destination): 1.549ns (routing 0.880ns, distribution 0.669ns)

    Location             Delay type                Incr(ns)  Path(ns)    Netlist Resource(s)
  -------------------------------------------------------------------    -------------------
                         (clock dbg_hub/inst/BSCANID.u_xsdbm_id/SWITCH_N_EXT_BSCAN.bscan_inst/SERIES7_BSCAN.bscan_inst/INTERNAL_TCK rise edge)
                                                      0.000     0.000 r  
    CONFIG_SITE_X0Y0     BSCANE2                      0.000     0.000 r  dbg_hub/inst/BSCANID.u_xsdbm_id/SWITCH_N_EXT_BSCAN.bscan_inst/SERIES7_BSCAN.bscan_inst/INTERNAL_TCK
    CONFIG_SITE_X0Y0     BSCANE2 (Prop_BSCAN1_CONFIG_SITE_INTERNAL_TCK_TCK)
                                                      0.465     0.465 r  dbg_hub/inst/BSCANID.u_xsdbm_id/SWITCH_N_EXT_BSCAN.bscan_inst/SERIES7_BSCAN.bscan_inst/TCK
                         net (fo=1, routed)           0.728     1.193    dbg_hub/inst/BSCANID.u_xsdbm_id/tck_bs
    BUFGCE_X0Y76         BUFGCE (Prop_BUFCE_BUFGCE_I_O)
                                                      0.023     1.216 r  dbg_hub/inst/BSCANID.u_xsdbm_id/SWITCH_N_EXT_BSCAN.u_bufg_icon_tck/O
    X2Y1 (CLOCK_ROOT)    net (fo=482, routed)         1.410     2.626    dbg_hub/inst/BSCANID.u_xsdbm_id/CORE_XSDB.UUT_MASTER/U_ICON_INTERFACE/U_CMD6_RD/U_RD_FIFO/SUBCORE_FIFO.xsdbm_v3_0_0_rdfifo_inst/inst_fifo_gen/gconvfifo.rf/grf.rf/rstblk/rd_clk
    SLICE_X56Y76         FDPE                                         r  dbg_hub/inst/BSCANID.u_xsdbm_id/CORE_XSDB.UUT_MASTER/U_ICON_INTERFACE/U_CMD6_RD/U_RD_FIFO/SUBCORE_FIFO.xsdbm_v3_0_0_rdfifo_inst/inst_fifo_gen/gconvfifo.rf/grf.rf/rstblk/ngwrdrst.grst.g7serrst.rd_rst_reg_reg[1]/C
  -------------------------------------------------------------------    -------------------
    SLICE_X56Y76         FDPE (Prop_EFF2_SLICEL_C_Q)
                                                      0.085     2.711 f  dbg_hub/inst/BSCANID.u_xsdbm_id/CORE_XSDB.UUT_MASTER/U_ICON_INTERFACE/U_CMD6_RD/U_RD_FIFO/SUBCORE_FIFO.xsdbm_v3_0_0_rdfifo_inst/inst_fifo_gen/gconvfifo.rf/grf.rf/rstblk/ngwrdrst.grst.g7serrst.rd_rst_reg_reg[1]/Q
                         net (fo=16, routed)          0.102     2.812    dbg_hub/inst/BSCANID.u_xsdbm_id/CORE_XSDB.UUT_MASTER/U_ICON_INTERFACE/U_CMD6_RD/U_RD_FIFO/SUBCORE_FIFO.xsdbm_v3_0_0_rdfifo_inst/inst_fifo_gen/gconvfifo.rf/grf.rf/gntv_or_sync_fifo.gcx.clkx/gnxpm_cdc.gsync_stage[2].rd_stg_inst/Q_reg_reg[0]_0[0]
    SLICE_X55Y76         FDCE                                         f  dbg_hub/inst/BSCANID.u_xsdbm_id/CORE_XSDB.UUT_MASTER/U_ICON_INTERFACE/U_CMD6_RD/U_RD_FIFO/SUBCORE_FIFO.xsdbm_v3_0_0_rdfifo_inst/inst_fifo_gen/gconvfifo.rf/grf.rf/gntv_or_sync_fifo.gcx.clkx/gnxpm_cdc.gsync_stage[2].rd_stg_inst/Q_reg_reg[0]/CLR
  -------------------------------------------------------------------    -------------------

                         (clock dbg_hub/inst/BSCANID.u_xsdbm_id/SWITCH_N_EXT_BSCAN.bscan_inst/SERIES7_BSCAN.bscan_inst/INTERNAL_TCK rise edge)
                                                      0.000     0.000 r  
    CONFIG_SITE_X0Y0     BSCANE2                      0.000     0.000 r  dbg_hub/inst/BSCANID.u_xsdbm_id/SWITCH_N_EXT_BSCAN.bscan_inst/SERIES7_BSCAN.bscan_inst/INTERNAL_TCK
    CONFIG_SITE_X0Y0     BSCANE2 (Prop_BSCAN1_CONFIG_SITE_INTERNAL_TCK_TCK)
                                                      4.800     4.800 r  dbg_hub/inst/BSCANID.u_xsdbm_id/SWITCH_N_EXT_BSCAN.bscan_inst/SERIES7_BSCAN.bscan_inst/TCK
                         net (fo=1, routed)           1.225     6.025    dbg_hub/inst/BSCANID.u_xsdbm_id/tck_bs
    BUFGCE_X0Y76         BUFGCE (Prop_BUFCE_BUFGCE_I_O)
                                                      0.026     6.051 r  dbg_hub/inst/BSCANID.u_xsdbm_id/SWITCH_N_EXT_BSCAN.u_bufg_icon_tck/O
    X2Y1 (CLOCK_ROOT)    net (fo=482, routed)         1.549     7.600    dbg_hub/inst/BSCANID.u_xsdbm_id/CORE_XSDB.UUT_MASTER/U_ICON_INTERFACE/U_CMD6_RD/U_RD_FIFO/SUBCORE_FIFO.xsdbm_v3_0_0_rdfifo_inst/inst_fifo_gen/gconvfifo.rf/grf.rf/gntv_or_sync_fifo.gcx.clkx/gnxpm_cdc.gsync_stage[2].rd_stg_inst/rd_clk
    SLICE_X55Y76         FDCE                                         r  dbg_hub/inst/BSCANID.u_xsdbm_id/CORE_XSDB.UUT_MASTER/U_ICON_INTERFACE/U_CMD6_RD/U_RD_FIFO/SUBCORE_FIFO.xsdbm_v3_0_0_rdfifo_inst/inst_fifo_gen/gconvfifo.rf/grf.rf/gntv_or_sync_fifo.gcx.clkx/gnxpm_cdc.gsync_stage[2].rd_stg_inst/Q_reg_reg[0]/C
                         clock pessimism             -4.923     2.677    
    SLICE_X55Y76         FDCE (Remov_EFF2_SLICEL_C_CLR)
                                                     -0.018     2.659    dbg_hub/inst/BSCANID.u_xsdbm_id/CORE_XSDB.UUT_MASTER/U_ICON_INTERFACE/U_CMD6_RD/U_RD_FIFO/SUBCORE_FIFO.xsdbm_v3_0_0_rdfifo_inst/inst_fifo_gen/gconvfifo.rf/grf.rf/gntv_or_sync_fifo.gcx.clkx/gnxpm_cdc.gsync_stage[2].rd_stg_inst/Q_reg_reg[0]
  -------------------------------------------------------------------
                         required time                         -2.659    
                         arrival time                           2.812    
  -------------------------------------------------------------------
                         slack                                  0.153    

Slack (MET) :             0.153ns  (arrival time - required time)
  Source:                 dbg_hub/inst/BSCANID.u_xsdbm_id/CORE_XSDB.UUT_MASTER/U_ICON_INTERFACE/U_CMD6_RD/U_RD_FIFO/SUBCORE_FIFO.xsdbm_v3_0_0_rdfifo_inst/inst_fifo_gen/gconvfifo.rf/grf.rf/rstblk/ngwrdrst.grst.g7serrst.rd_rst_reg_reg[1]/C
                            (rising edge-triggered cell FDPE clocked by dbg_hub/inst/BSCANID.u_xsdbm_id/SWITCH_N_EXT_BSCAN.bscan_inst/SERIES7_BSCAN.bscan_inst/INTERNAL_TCK  {rise@0.000ns fall@25.000ns period=50.000ns})
  Destination:            dbg_hub/inst/BSCANID.u_xsdbm_id/CORE_XSDB.UUT_MASTER/U_ICON_INTERFACE/U_CMD6_RD/U_RD_FIFO/SUBCORE_FIFO.xsdbm_v3_0_0_rdfifo_inst/inst_fifo_gen/gconvfifo.rf/grf.rf/gntv_or_sync_fifo.gcx.clkx/gnxpm_cdc.gsync_stage[2].rd_stg_inst/Q_reg_reg[2]/CLR
                            (removal check against rising-edge clock dbg_hub/inst/BSCANID.u_xsdbm_id/SWITCH_N_EXT_BSCAN.bscan_inst/SERIES7_BSCAN.bscan_inst/INTERNAL_TCK  {rise@0.000ns fall@25.000ns period=50.000ns})
  Path Group:             **async_default**
  Path Type:              Removal (Min at Fast Process Corner)
  Requirement:            0.000ns  (dbg_hub/inst/BSCANID.u_xsdbm_id/SWITCH_N_EXT_BSCAN.bscan_inst/SERIES7_BSCAN.bscan_inst/INTERNAL_TCK rise@0.000ns - dbg_hub/inst/BSCANID.u_xsdbm_id/SWITCH_N_EXT_BSCAN.bscan_inst/SERIES7_BSCAN.bscan_inst/INTERNAL_TCK rise@0.000ns)
  Data Path Delay:        0.187ns  (logic 0.085ns (45.479%)  route 0.102ns (54.521%))
  Logic Levels:           0  
  Clock Path Skew:        0.052ns (DCD - SCD - CPR)
    Destination Clock Delay (DCD):    7.600ns
    Source Clock Delay      (SCD):    2.626ns
    Clock Pessimism Removal (CPR):    4.923ns
  Clock Net Delay (Source):      1.410ns (routing 0.805ns, distribution 0.605ns)
  Clock Net Delay (Destination): 1.549ns (routing 0.880ns, distribution 0.669ns)

    Location             Delay type                Incr(ns)  Path(ns)    Netlist Resource(s)
  -------------------------------------------------------------------    -------------------
                         (clock dbg_hub/inst/BSCANID.u_xsdbm_id/SWITCH_N_EXT_BSCAN.bscan_inst/SERIES7_BSCAN.bscan_inst/INTERNAL_TCK rise edge)
                                                      0.000     0.000 r  
    CONFIG_SITE_X0Y0     BSCANE2                      0.000     0.000 r  dbg_hub/inst/BSCANID.u_xsdbm_id/SWITCH_N_EXT_BSCAN.bscan_inst/SERIES7_BSCAN.bscan_inst/INTERNAL_TCK
    CONFIG_SITE_X0Y0     BSCANE2 (Prop_BSCAN1_CONFIG_SITE_INTERNAL_TCK_TCK)
                                                      0.465     0.465 r  dbg_hub/inst/BSCANID.u_xsdbm_id/SWITCH_N_EXT_BSCAN.bscan_inst/SERIES7_BSCAN.bscan_inst/TCK
                         net (fo=1, routed)           0.728     1.193    dbg_hub/inst/BSCANID.u_xsdbm_id/tck_bs
    BUFGCE_X0Y76         BUFGCE (Prop_BUFCE_BUFGCE_I_O)
                                                      0.023     1.216 r  dbg_hub/inst/BSCANID.u_xsdbm_id/SWITCH_N_EXT_BSCAN.u_bufg_icon_tck/O
    X2Y1 (CLOCK_ROOT)    net (fo=482, routed)         1.410     2.626    dbg_hub/inst/BSCANID.u_xsdbm_id/CORE_XSDB.UUT_MASTER/U_ICON_INTERFACE/U_CMD6_RD/U_RD_FIFO/SUBCORE_FIFO.xsdbm_v3_0_0_rdfifo_inst/inst_fifo_gen/gconvfifo.rf/grf.rf/rstblk/rd_clk
    SLICE_X56Y76         FDPE                                         r  dbg_hub/inst/BSCANID.u_xsdbm_id/CORE_XSDB.UUT_MASTER/U_ICON_INTERFACE/U_CMD6_RD/U_RD_FIFO/SUBCORE_FIFO.xsdbm_v3_0_0_rdfifo_inst/inst_fifo_gen/gconvfifo.rf/grf.rf/rstblk/ngwrdrst.grst.g7serrst.rd_rst_reg_reg[1]/C
  -------------------------------------------------------------------    -------------------
    SLICE_X56Y76         FDPE (Prop_EFF2_SLICEL_C_Q)
                                                      0.085     2.711 f  dbg_hub/inst/BSCANID.u_xsdbm_id/CORE_XSDB.UUT_MASTER/U_ICON_INTERFACE/U_CMD6_RD/U_RD_FIFO/SUBCORE_FIFO.xsdbm_v3_0_0_rdfifo_inst/inst_fifo_gen/gconvfifo.rf/grf.rf/rstblk/ngwrdrst.grst.g7serrst.rd_rst_reg_reg[1]/Q
                         net (fo=16, routed)          0.102     2.812    dbg_hub/inst/BSCANID.u_xsdbm_id/CORE_XSDB.UUT_MASTER/U_ICON_INTERFACE/U_CMD6_RD/U_RD_FIFO/SUBCORE_FIFO.xsdbm_v3_0_0_rdfifo_inst/inst_fifo_gen/gconvfifo.rf/grf.rf/gntv_or_sync_fifo.gcx.clkx/gnxpm_cdc.gsync_stage[2].rd_stg_inst/Q_reg_reg[0]_0[0]
    SLICE_X55Y76         FDCE                                         f  dbg_hub/inst/BSCANID.u_xsdbm_id/CORE_XSDB.UUT_MASTER/U_ICON_INTERFACE/U_CMD6_RD/U_RD_FIFO/SUBCORE_FIFO.xsdbm_v3_0_0_rdfifo_inst/inst_fifo_gen/gconvfifo.rf/grf.rf/gntv_or_sync_fifo.gcx.clkx/gnxpm_cdc.gsync_stage[2].rd_stg_inst/Q_reg_reg[2]/CLR
  -------------------------------------------------------------------    -------------------

                         (clock dbg_hub/inst/BSCANID.u_xsdbm_id/SWITCH_N_EXT_BSCAN.bscan_inst/SERIES7_BSCAN.bscan_inst/INTERNAL_TCK rise edge)
                                                      0.000     0.000 r  
    CONFIG_SITE_X0Y0     BSCANE2                      0.000     0.000 r  dbg_hub/inst/BSCANID.u_xsdbm_id/SWITCH_N_EXT_BSCAN.bscan_inst/SERIES7_BSCAN.bscan_inst/INTERNAL_TCK
    CONFIG_SITE_X0Y0     BSCANE2 (Prop_BSCAN1_CONFIG_SITE_INTERNAL_TCK_TCK)
                                                      4.800     4.800 r  dbg_hub/inst/BSCANID.u_xsdbm_id/SWITCH_N_EXT_BSCAN.bscan_inst/SERIES7_BSCAN.bscan_inst/TCK
                         net (fo=1, routed)           1.225     6.025    dbg_hub/inst/BSCANID.u_xsdbm_id/tck_bs
    BUFGCE_X0Y76         BUFGCE (Prop_BUFCE_BUFGCE_I_O)
                                                      0.026     6.051 r  dbg_hub/inst/BSCANID.u_xsdbm_id/SWITCH_N_EXT_BSCAN.u_bufg_icon_tck/O
    X2Y1 (CLOCK_ROOT)    net (fo=482, routed)         1.549     7.600    dbg_hub/inst/BSCANID.u_xsdbm_id/CORE_XSDB.UUT_MASTER/U_ICON_INTERFACE/U_CMD6_RD/U_RD_FIFO/SUBCORE_FIFO.xsdbm_v3_0_0_rdfifo_inst/inst_fifo_gen/gconvfifo.rf/grf.rf/gntv_or_sync_fifo.gcx.clkx/gnxpm_cdc.gsync_stage[2].rd_stg_inst/rd_clk
    SLICE_X55Y76         FDCE                                         r  dbg_hub/inst/BSCANID.u_xsdbm_id/CORE_XSDB.UUT_MASTER/U_ICON_INTERFACE/U_CMD6_RD/U_RD_FIFO/SUBCORE_FIFO.xsdbm_v3_0_0_rdfifo_inst/inst_fifo_gen/gconvfifo.rf/grf.rf/gntv_or_sync_fifo.gcx.clkx/gnxpm_cdc.gsync_stage[2].rd_stg_inst/Q_reg_reg[2]/C
                         clock pessimism             -4.923     2.677    
    SLICE_X55Y76         FDCE (Remov_FFF2_SLICEL_C_CLR)
                                                     -0.018     2.659    dbg_hub/inst/BSCANID.u_xsdbm_id/CORE_XSDB.UUT_MASTER/U_ICON_INTERFACE/U_CMD6_RD/U_RD_FIFO/SUBCORE_FIFO.xsdbm_v3_0_0_rdfifo_inst/inst_fifo_gen/gconvfifo.rf/grf.rf/gntv_or_sync_fifo.gcx.clkx/gnxpm_cdc.gsync_stage[2].rd_stg_inst/Q_reg_reg[2]
  -------------------------------------------------------------------
                         required time                         -2.659    
                         arrival time                           2.812    
  -------------------------------------------------------------------
                         slack                                  0.153    

Slack (MET) :             0.157ns  (arrival time - required time)
  Source:                 dbg_hub/inst/BSCANID.u_xsdbm_id/CORE_XSDB.UUT_MASTER/U_ICON_INTERFACE/U_CMD6_RD/U_RD_FIFO/SUBCORE_FIFO.xsdbm_v3_0_0_rdfifo_inst/inst_fifo_gen/gconvfifo.rf/grf.rf/rstblk/ngwrdrst.grst.g7serrst.rd_rst_reg_reg[1]/C
                            (rising edge-triggered cell FDPE clocked by dbg_hub/inst/BSCANID.u_xsdbm_id/SWITCH_N_EXT_BSCAN.bscan_inst/SERIES7_BSCAN.bscan_inst/INTERNAL_TCK  {rise@0.000ns fall@25.000ns period=50.000ns})
  Destination:            dbg_hub/inst/BSCANID.u_xsdbm_id/CORE_XSDB.UUT_MASTER/U_ICON_INTERFACE/U_CMD6_RD/U_RD_FIFO/SUBCORE_FIFO.xsdbm_v3_0_0_rdfifo_inst/inst_fifo_gen/gconvfifo.rf/grf.rf/gntv_or_sync_fifo.gcx.clkx/gnxpm_cdc.gsync_stage[1].rd_stg_inst/Q_reg_reg[1]/CLR
                            (removal check against rising-edge clock dbg_hub/inst/BSCANID.u_xsdbm_id/SWITCH_N_EXT_BSCAN.bscan_inst/SERIES7_BSCAN.bscan_inst/INTERNAL_TCK  {rise@0.000ns fall@25.000ns period=50.000ns})
  Path Group:             **async_default**
  Path Type:              Removal (Min at Fast Process Corner)
  Requirement:            0.000ns  (dbg_hub/inst/BSCANID.u_xsdbm_id/SWITCH_N_EXT_BSCAN.bscan_inst/SERIES7_BSCAN.bscan_inst/INTERNAL_TCK rise@0.000ns - dbg_hub/inst/BSCANID.u_xsdbm_id/SWITCH_N_EXT_BSCAN.bscan_inst/SERIES7_BSCAN.bscan_inst/INTERNAL_TCK rise@0.000ns)
  Data Path Delay:        0.187ns  (logic 0.085ns (45.479%)  route 0.102ns (54.521%))
  Logic Levels:           0  
  Clock Path Skew:        0.048ns (DCD - SCD - CPR)
    Destination Clock Delay (DCD):    7.596ns
    Source Clock Delay      (SCD):    2.626ns
    Clock Pessimism Removal (CPR):    4.923ns
  Clock Net Delay (Source):      1.410ns (routing 0.805ns, distribution 0.605ns)
  Clock Net Delay (Destination): 1.545ns (routing 0.880ns, distribution 0.665ns)

    Location             Delay type                Incr(ns)  Path(ns)    Netlist Resource(s)
  -------------------------------------------------------------------    -------------------
                         (clock dbg_hub/inst/BSCANID.u_xsdbm_id/SWITCH_N_EXT_BSCAN.bscan_inst/SERIES7_BSCAN.bscan_inst/INTERNAL_TCK rise edge)
                                                      0.000     0.000 r  
    CONFIG_SITE_X0Y0     BSCANE2                      0.000     0.000 r  dbg_hub/inst/BSCANID.u_xsdbm_id/SWITCH_N_EXT_BSCAN.bscan_inst/SERIES7_BSCAN.bscan_inst/INTERNAL_TCK
    CONFIG_SITE_X0Y0     BSCANE2 (Prop_BSCAN1_CONFIG_SITE_INTERNAL_TCK_TCK)
                                                      0.465     0.465 r  dbg_hub/inst/BSCANID.u_xsdbm_id/SWITCH_N_EXT_BSCAN.bscan_inst/SERIES7_BSCAN.bscan_inst/TCK
                         net (fo=1, routed)           0.728     1.193    dbg_hub/inst/BSCANID.u_xsdbm_id/tck_bs
    BUFGCE_X0Y76         BUFGCE (Prop_BUFCE_BUFGCE_I_O)
                                                      0.023     1.216 r  dbg_hub/inst/BSCANID.u_xsdbm_id/SWITCH_N_EXT_BSCAN.u_bufg_icon_tck/O
    X2Y1 (CLOCK_ROOT)    net (fo=482, routed)         1.410     2.626    dbg_hub/inst/BSCANID.u_xsdbm_id/CORE_XSDB.UUT_MASTER/U_ICON_INTERFACE/U_CMD6_RD/U_RD_FIFO/SUBCORE_FIFO.xsdbm_v3_0_0_rdfifo_inst/inst_fifo_gen/gconvfifo.rf/grf.rf/rstblk/rd_clk
    SLICE_X56Y76         FDPE                                         r  dbg_hub/inst/BSCANID.u_xsdbm_id/CORE_XSDB.UUT_MASTER/U_ICON_INTERFACE/U_CMD6_RD/U_RD_FIFO/SUBCORE_FIFO.xsdbm_v3_0_0_rdfifo_inst/inst_fifo_gen/gconvfifo.rf/grf.rf/rstblk/ngwrdrst.grst.g7serrst.rd_rst_reg_reg[1]/C
  -------------------------------------------------------------------    -------------------
    SLICE_X56Y76         FDPE (Prop_EFF2_SLICEL_C_Q)
                                                      0.085     2.711 f  dbg_hub/inst/BSCANID.u_xsdbm_id/CORE_XSDB.UUT_MASTER/U_ICON_INTERFACE/U_CMD6_RD/U_RD_FIFO/SUBCORE_FIFO.xsdbm_v3_0_0_rdfifo_inst/inst_fifo_gen/gconvfifo.rf/grf.rf/rstblk/ngwrdrst.grst.g7serrst.rd_rst_reg_reg[1]/Q
                         net (fo=16, routed)          0.102     2.812    dbg_hub/inst/BSCANID.u_xsdbm_id/CORE_XSDB.UUT_MASTER/U_ICON_INTERFACE/U_CMD6_RD/U_RD_FIFO/SUBCORE_FIFO.xsdbm_v3_0_0_rdfifo_inst/inst_fifo_gen/gconvfifo.rf/grf.rf/gntv_or_sync_fifo.gcx.clkx/gnxpm_cdc.gsync_stage[1].rd_stg_inst/Q_reg_reg[0]_0[0]
    SLICE_X55Y76         FDCE                                         f  dbg_hub/inst/BSCANID.u_xsdbm_id/CORE_XSDB.UUT_MASTER/U_ICON_INTERFACE/U_CMD6_RD/U_RD_FIFO/SUBCORE_FIFO.xsdbm_v3_0_0_rdfifo_inst/inst_fifo_gen/gconvfifo.rf/grf.rf/gntv_or_sync_fifo.gcx.clkx/gnxpm_cdc.gsync_stage[1].rd_stg_inst/Q_reg_reg[1]/CLR
  -------------------------------------------------------------------    -------------------

                         (clock dbg_hub/inst/BSCANID.u_xsdbm_id/SWITCH_N_EXT_BSCAN.bscan_inst/SERIES7_BSCAN.bscan_inst/INTERNAL_TCK rise edge)
                                                      0.000     0.000 r  
    CONFIG_SITE_X0Y0     BSCANE2                      0.000     0.000 r  dbg_hub/inst/BSCANID.u_xsdbm_id/SWITCH_N_EXT_BSCAN.bscan_inst/SERIES7_BSCAN.bscan_inst/INTERNAL_TCK
    CONFIG_SITE_X0Y0     BSCANE2 (Prop_BSCAN1_CONFIG_SITE_INTERNAL_TCK_TCK)
                                                      4.800     4.800 r  dbg_hub/inst/BSCANID.u_xsdbm_id/SWITCH_N_EXT_BSCAN.bscan_inst/SERIES7_BSCAN.bscan_inst/TCK
                         net (fo=1, routed)           1.225     6.025    dbg_hub/inst/BSCANID.u_xsdbm_id/tck_bs
    BUFGCE_X0Y76         BUFGCE (Prop_BUFCE_BUFGCE_I_O)
                                                      0.026     6.051 r  dbg_hub/inst/BSCANID.u_xsdbm_id/SWITCH_N_EXT_BSCAN.u_bufg_icon_tck/O
    X2Y1 (CLOCK_ROOT)    net (fo=482, routed)         1.545     7.596    dbg_hub/inst/BSCANID.u_xsdbm_id/CORE_XSDB.UUT_MASTER/U_ICON_INTERFACE/U_CMD6_RD/U_RD_FIFO/SUBCORE_FIFO.xsdbm_v3_0_0_rdfifo_inst/inst_fifo_gen/gconvfifo.rf/grf.rf/gntv_or_sync_fifo.gcx.clkx/gnxpm_cdc.gsync_stage[1].rd_stg_inst/rd_clk
    SLICE_X55Y76         FDCE                                         r  dbg_hub/inst/BSCANID.u_xsdbm_id/CORE_XSDB.UUT_MASTER/U_ICON_INTERFACE/U_CMD6_RD/U_RD_FIFO/SUBCORE_FIFO.xsdbm_v3_0_0_rdfifo_inst/inst_fifo_gen/gconvfifo.rf/grf.rf/gntv_or_sync_fifo.gcx.clkx/gnxpm_cdc.gsync_stage[1].rd_stg_inst/Q_reg_reg[1]/C
                         clock pessimism             -4.923     2.673    
    SLICE_X55Y76         FDCE (Remov_DFF2_SLICEL_C_CLR)
                                                     -0.018     2.655    dbg_hub/inst/BSCANID.u_xsdbm_id/CORE_XSDB.UUT_MASTER/U_ICON_INTERFACE/U_CMD6_RD/U_RD_FIFO/SUBCORE_FIFO.xsdbm_v3_0_0_rdfifo_inst/inst_fifo_gen/gconvfifo.rf/grf.rf/gntv_or_sync_fifo.gcx.clkx/gnxpm_cdc.gsync_stage[1].rd_stg_inst/Q_reg_reg[1]
  -------------------------------------------------------------------
                         required time                         -2.655    
                         arrival time                           2.812    
  -------------------------------------------------------------------
                         slack                                  0.157    

Slack (MET) :             0.157ns  (arrival time - required time)
  Source:                 dbg_hub/inst/BSCANID.u_xsdbm_id/CORE_XSDB.UUT_MASTER/U_ICON_INTERFACE/U_CMD6_RD/U_RD_FIFO/SUBCORE_FIFO.xsdbm_v3_0_0_rdfifo_inst/inst_fifo_gen/gconvfifo.rf/grf.rf/rstblk/ngwrdrst.grst.g7serrst.rd_rst_reg_reg[1]/C
                            (rising edge-triggered cell FDPE clocked by dbg_hub/inst/BSCANID.u_xsdbm_id/SWITCH_N_EXT_BSCAN.bscan_inst/SERIES7_BSCAN.bscan_inst/INTERNAL_TCK  {rise@0.000ns fall@25.000ns period=50.000ns})
  Destination:            dbg_hub/inst/BSCANID.u_xsdbm_id/CORE_XSDB.UUT_MASTER/U_ICON_INTERFACE/U_CMD6_RD/U_RD_FIFO/SUBCORE_FIFO.xsdbm_v3_0_0_rdfifo_inst/inst_fifo_gen/gconvfifo.rf/grf.rf/gntv_or_sync_fifo.gcx.clkx/gnxpm_cdc.gsync_stage[2].rd_stg_inst/Q_reg_reg[1]/CLR
                            (removal check against rising-edge clock dbg_hub/inst/BSCANID.u_xsdbm_id/SWITCH_N_EXT_BSCAN.bscan_inst/SERIES7_BSCAN.bscan_inst/INTERNAL_TCK  {rise@0.000ns fall@25.000ns period=50.000ns})
  Path Group:             **async_default**
  Path Type:              Removal (Min at Fast Process Corner)
  Requirement:            0.000ns  (dbg_hub/inst/BSCANID.u_xsdbm_id/SWITCH_N_EXT_BSCAN.bscan_inst/SERIES7_BSCAN.bscan_inst/INTERNAL_TCK rise@0.000ns - dbg_hub/inst/BSCANID.u_xsdbm_id/SWITCH_N_EXT_BSCAN.bscan_inst/SERIES7_BSCAN.bscan_inst/INTERNAL_TCK rise@0.000ns)
  Data Path Delay:        0.187ns  (logic 0.085ns (45.479%)  route 0.102ns (54.521%))
  Logic Levels:           0  
  Clock Path Skew:        0.048ns (DCD - SCD - CPR)
    Destination Clock Delay (DCD):    7.596ns
    Source Clock Delay      (SCD):    2.626ns
    Clock Pessimism Removal (CPR):    4.923ns
  Clock Net Delay (Source):      1.410ns (routing 0.805ns, distribution 0.605ns)
  Clock Net Delay (Destination): 1.545ns (routing 0.880ns, distribution 0.665ns)

    Location             Delay type                Incr(ns)  Path(ns)    Netlist Resource(s)
  -------------------------------------------------------------------    -------------------
                         (clock dbg_hub/inst/BSCANID.u_xsdbm_id/SWITCH_N_EXT_BSCAN.bscan_inst/SERIES7_BSCAN.bscan_inst/INTERNAL_TCK rise edge)
                                                      0.000     0.000 r  
    CONFIG_SITE_X0Y0     BSCANE2                      0.000     0.000 r  dbg_hub/inst/BSCANID.u_xsdbm_id/SWITCH_N_EXT_BSCAN.bscan_inst/SERIES7_BSCAN.bscan_inst/INTERNAL_TCK
    CONFIG_SITE_X0Y0     BSCANE2 (Prop_BSCAN1_CONFIG_SITE_INTERNAL_TCK_TCK)
                                                      0.465     0.465 r  dbg_hub/inst/BSCANID.u_xsdbm_id/SWITCH_N_EXT_BSCAN.bscan_inst/SERIES7_BSCAN.bscan_inst/TCK
                         net (fo=1, routed)           0.728     1.193    dbg_hub/inst/BSCANID.u_xsdbm_id/tck_bs
    BUFGCE_X0Y76         BUFGCE (Prop_BUFCE_BUFGCE_I_O)
                                                      0.023     1.216 r  dbg_hub/inst/BSCANID.u_xsdbm_id/SWITCH_N_EXT_BSCAN.u_bufg_icon_tck/O
    X2Y1 (CLOCK_ROOT)    net (fo=482, routed)         1.410     2.626    dbg_hub/inst/BSCANID.u_xsdbm_id/CORE_XSDB.UUT_MASTER/U_ICON_INTERFACE/U_CMD6_RD/U_RD_FIFO/SUBCORE_FIFO.xsdbm_v3_0_0_rdfifo_inst/inst_fifo_gen/gconvfifo.rf/grf.rf/rstblk/rd_clk
    SLICE_X56Y76         FDPE                                         r  dbg_hub/inst/BSCANID.u_xsdbm_id/CORE_XSDB.UUT_MASTER/U_ICON_INTERFACE/U_CMD6_RD/U_RD_FIFO/SUBCORE_FIFO.xsdbm_v3_0_0_rdfifo_inst/inst_fifo_gen/gconvfifo.rf/grf.rf/rstblk/ngwrdrst.grst.g7serrst.rd_rst_reg_reg[1]/C
  -------------------------------------------------------------------    -------------------
    SLICE_X56Y76         FDPE (Prop_EFF2_SLICEL_C_Q)
                                                      0.085     2.711 f  dbg_hub/inst/BSCANID.u_xsdbm_id/CORE_XSDB.UUT_MASTER/U_ICON_INTERFACE/U_CMD6_RD/U_RD_FIFO/SUBCORE_FIFO.xsdbm_v3_0_0_rdfifo_inst/inst_fifo_gen/gconvfifo.rf/grf.rf/rstblk/ngwrdrst.grst.g7serrst.rd_rst_reg_reg[1]/Q
                         net (fo=16, routed)          0.102     2.812    dbg_hub/inst/BSCANID.u_xsdbm_id/CORE_XSDB.UUT_MASTER/U_ICON_INTERFACE/U_CMD6_RD/U_RD_FIFO/SUBCORE_FIFO.xsdbm_v3_0_0_rdfifo_inst/inst_fifo_gen/gconvfifo.rf/grf.rf/gntv_or_sync_fifo.gcx.clkx/gnxpm_cdc.gsync_stage[2].rd_stg_inst/Q_reg_reg[0]_0[0]
    SLICE_X55Y76         FDCE                                         f  dbg_hub/inst/BSCANID.u_xsdbm_id/CORE_XSDB.UUT_MASTER/U_ICON_INTERFACE/U_CMD6_RD/U_RD_FIFO/SUBCORE_FIFO.xsdbm_v3_0_0_rdfifo_inst/inst_fifo_gen/gconvfifo.rf/grf.rf/gntv_or_sync_fifo.gcx.clkx/gnxpm_cdc.gsync_stage[2].rd_stg_inst/Q_reg_reg[1]/CLR
  -------------------------------------------------------------------    -------------------

                         (clock dbg_hub/inst/BSCANID.u_xsdbm_id/SWITCH_N_EXT_BSCAN.bscan_inst/SERIES7_BSCAN.bscan_inst/INTERNAL_TCK rise edge)
                                                      0.000     0.000 r  
    CONFIG_SITE_X0Y0     BSCANE2                      0.000     0.000 r  dbg_hub/inst/BSCANID.u_xsdbm_id/SWITCH_N_EXT_BSCAN.bscan_inst/SERIES7_BSCAN.bscan_inst/INTERNAL_TCK
    CONFIG_SITE_X0Y0     BSCANE2 (Prop_BSCAN1_CONFIG_SITE_INTERNAL_TCK_TCK)
                                                      4.800     4.800 r  dbg_hub/inst/BSCANID.u_xsdbm_id/SWITCH_N_EXT_BSCAN.bscan_inst/SERIES7_BSCAN.bscan_inst/TCK
                         net (fo=1, routed)           1.225     6.025    dbg_hub/inst/BSCANID.u_xsdbm_id/tck_bs
    BUFGCE_X0Y76         BUFGCE (Prop_BUFCE_BUFGCE_I_O)
                                                      0.026     6.051 r  dbg_hub/inst/BSCANID.u_xsdbm_id/SWITCH_N_EXT_BSCAN.u_bufg_icon_tck/O
    X2Y1 (CLOCK_ROOT)    net (fo=482, routed)         1.545     7.596    dbg_hub/inst/BSCANID.u_xsdbm_id/CORE_XSDB.UUT_MASTER/U_ICON_INTERFACE/U_CMD6_RD/U_RD_FIFO/SUBCORE_FIFO.xsdbm_v3_0_0_rdfifo_inst/inst_fifo_gen/gconvfifo.rf/grf.rf/gntv_or_sync_fifo.gcx.clkx/gnxpm_cdc.gsync_stage[2].rd_stg_inst/rd_clk
    SLICE_X55Y76         FDCE                                         r  dbg_hub/inst/BSCANID.u_xsdbm_id/CORE_XSDB.UUT_MASTER/U_ICON_INTERFACE/U_CMD6_RD/U_RD_FIFO/SUBCORE_FIFO.xsdbm_v3_0_0_rdfifo_inst/inst_fifo_gen/gconvfifo.rf/grf.rf/gntv_or_sync_fifo.gcx.clkx/gnxpm_cdc.gsync_stage[2].rd_stg_inst/Q_reg_reg[1]/C
                         clock pessimism             -4.923     2.673    
    SLICE_X55Y76         FDCE (Remov_AFF2_SLICEL_C_CLR)
                                                     -0.018     2.655    dbg_hub/inst/BSCANID.u_xsdbm_id/CORE_XSDB.UUT_MASTER/U_ICON_INTERFACE/U_CMD6_RD/U_RD_FIFO/SUBCORE_FIFO.xsdbm_v3_0_0_rdfifo_inst/inst_fifo_gen/gconvfifo.rf/grf.rf/gntv_or_sync_fifo.gcx.clkx/gnxpm_cdc.gsync_stage[2].rd_stg_inst/Q_reg_reg[1]
  -------------------------------------------------------------------
                         required time                         -2.655    
                         arrival time                           2.812    
  -------------------------------------------------------------------
                         slack                                  0.157    

Slack (MET) :             0.157ns  (arrival time - required time)
  Source:                 dbg_hub/inst/BSCANID.u_xsdbm_id/CORE_XSDB.UUT_MASTER/U_ICON_INTERFACE/U_CMD6_RD/U_RD_FIFO/SUBCORE_FIFO.xsdbm_v3_0_0_rdfifo_inst/inst_fifo_gen/gconvfifo.rf/grf.rf/rstblk/ngwrdrst.grst.g7serrst.rd_rst_reg_reg[1]/C
                            (rising edge-triggered cell FDPE clocked by dbg_hub/inst/BSCANID.u_xsdbm_id/SWITCH_N_EXT_BSCAN.bscan_inst/SERIES7_BSCAN.bscan_inst/INTERNAL_TCK  {rise@0.000ns fall@25.000ns period=50.000ns})
  Destination:            dbg_hub/inst/BSCANID.u_xsdbm_id/CORE_XSDB.UUT_MASTER/U_ICON_INTERFACE/U_CMD6_RD/U_RD_FIFO/SUBCORE_FIFO.xsdbm_v3_0_0_rdfifo_inst/inst_fifo_gen/gconvfifo.rf/grf.rf/gntv_or_sync_fifo.gcx.clkx/gnxpm_cdc.wr_pntr_bin_reg[0]/CLR
                            (removal check against rising-edge clock dbg_hub/inst/BSCANID.u_xsdbm_id/SWITCH_N_EXT_BSCAN.bscan_inst/SERIES7_BSCAN.bscan_inst/INTERNAL_TCK  {rise@0.000ns fall@25.000ns period=50.000ns})
  Path Group:             **async_default**
  Path Type:              Removal (Min at Fast Process Corner)
  Requirement:            0.000ns  (dbg_hub/inst/BSCANID.u_xsdbm_id/SWITCH_N_EXT_BSCAN.bscan_inst/SERIES7_BSCAN.bscan_inst/INTERNAL_TCK rise@0.000ns - dbg_hub/inst/BSCANID.u_xsdbm_id/SWITCH_N_EXT_BSCAN.bscan_inst/SERIES7_BSCAN.bscan_inst/INTERNAL_TCK rise@0.000ns)
  Data Path Delay:        0.187ns  (logic 0.085ns (45.479%)  route 0.102ns (54.521%))
  Logic Levels:           0  
  Clock Path Skew:        0.048ns (DCD - SCD - CPR)
    Destination Clock Delay (DCD):    7.596ns
    Source Clock Delay      (SCD):    2.626ns
    Clock Pessimism Removal (CPR):    4.923ns
  Clock Net Delay (Source):      1.410ns (routing 0.805ns, distribution 0.605ns)
  Clock Net Delay (Destination): 1.545ns (routing 0.880ns, distribution 0.665ns)

    Location             Delay type                Incr(ns)  Path(ns)    Netlist Resource(s)
  -------------------------------------------------------------------    -------------------
                         (clock dbg_hub/inst/BSCANID.u_xsdbm_id/SWITCH_N_EXT_BSCAN.bscan_inst/SERIES7_BSCAN.bscan_inst/INTERNAL_TCK rise edge)
                                                      0.000     0.000 r  
    CONFIG_SITE_X0Y0     BSCANE2                      0.000     0.000 r  dbg_hub/inst/BSCANID.u_xsdbm_id/SWITCH_N_EXT_BSCAN.bscan_inst/SERIES7_BSCAN.bscan_inst/INTERNAL_TCK
    CONFIG_SITE_X0Y0     BSCANE2 (Prop_BSCAN1_CONFIG_SITE_INTERNAL_TCK_TCK)
                                                      0.465     0.465 r  dbg_hub/inst/BSCANID.u_xsdbm_id/SWITCH_N_EXT_BSCAN.bscan_inst/SERIES7_BSCAN.bscan_inst/TCK
                         net (fo=1, routed)           0.728     1.193    dbg_hub/inst/BSCANID.u_xsdbm_id/tck_bs
    BUFGCE_X0Y76         BUFGCE (Prop_BUFCE_BUFGCE_I_O)
                                                      0.023     1.216 r  dbg_hub/inst/BSCANID.u_xsdbm_id/SWITCH_N_EXT_BSCAN.u_bufg_icon_tck/O
    X2Y1 (CLOCK_ROOT)    net (fo=482, routed)         1.410     2.626    dbg_hub/inst/BSCANID.u_xsdbm_id/CORE_XSDB.UUT_MASTER/U_ICON_INTERFACE/U_CMD6_RD/U_RD_FIFO/SUBCORE_FIFO.xsdbm_v3_0_0_rdfifo_inst/inst_fifo_gen/gconvfifo.rf/grf.rf/rstblk/rd_clk
    SLICE_X56Y76         FDPE                                         r  dbg_hub/inst/BSCANID.u_xsdbm_id/CORE_XSDB.UUT_MASTER/U_ICON_INTERFACE/U_CMD6_RD/U_RD_FIFO/SUBCORE_FIFO.xsdbm_v3_0_0_rdfifo_inst/inst_fifo_gen/gconvfifo.rf/grf.rf/rstblk/ngwrdrst.grst.g7serrst.rd_rst_reg_reg[1]/C
  -------------------------------------------------------------------    -------------------
    SLICE_X56Y76         FDPE (Prop_EFF2_SLICEL_C_Q)
                                                      0.085     2.711 f  dbg_hub/inst/BSCANID.u_xsdbm_id/CORE_XSDB.UUT_MASTER/U_ICON_INTERFACE/U_CMD6_RD/U_RD_FIFO/SUBCORE_FIFO.xsdbm_v3_0_0_rdfifo_inst/inst_fifo_gen/gconvfifo.rf/grf.rf/rstblk/ngwrdrst.grst.g7serrst.rd_rst_reg_reg[1]/Q
                         net (fo=16, routed)          0.102     2.812    dbg_hub/inst/BSCANID.u_xsdbm_id/CORE_XSDB.UUT_MASTER/U_ICON_INTERFACE/U_CMD6_RD/U_RD_FIFO/SUBCORE_FIFO.xsdbm_v3_0_0_rdfifo_inst/inst_fifo_gen/gconvfifo.rf/grf.rf/gntv_or_sync_fifo.gcx.clkx/Q_reg_reg[0][0]
    SLICE_X55Y76         FDCE                                         f  dbg_hub/inst/BSCANID.u_xsdbm_id/CORE_XSDB.UUT_MASTER/U_ICON_INTERFACE/U_CMD6_RD/U_RD_FIFO/SUBCORE_FIFO.xsdbm_v3_0_0_rdfifo_inst/inst_fifo_gen/gconvfifo.rf/grf.rf/gntv_or_sync_fifo.gcx.clkx/gnxpm_cdc.wr_pntr_bin_reg[0]/CLR
  -------------------------------------------------------------------    -------------------

                         (clock dbg_hub/inst/BSCANID.u_xsdbm_id/SWITCH_N_EXT_BSCAN.bscan_inst/SERIES7_BSCAN.bscan_inst/INTERNAL_TCK rise edge)
                                                      0.000     0.000 r  
    CONFIG_SITE_X0Y0     BSCANE2                      0.000     0.000 r  dbg_hub/inst/BSCANID.u_xsdbm_id/SWITCH_N_EXT_BSCAN.bscan_inst/SERIES7_BSCAN.bscan_inst/INTERNAL_TCK
    CONFIG_SITE_X0Y0     BSCANE2 (Prop_BSCAN1_CONFIG_SITE_INTERNAL_TCK_TCK)
                                                      4.800     4.800 r  dbg_hub/inst/BSCANID.u_xsdbm_id/SWITCH_N_EXT_BSCAN.bscan_inst/SERIES7_BSCAN.bscan_inst/TCK
                         net (fo=1, routed)           1.225     6.025    dbg_hub/inst/BSCANID.u_xsdbm_id/tck_bs
    BUFGCE_X0Y76         BUFGCE (Prop_BUFCE_BUFGCE_I_O)
                                                      0.026     6.051 r  dbg_hub/inst/BSCANID.u_xsdbm_id/SWITCH_N_EXT_BSCAN.u_bufg_icon_tck/O
    X2Y1 (CLOCK_ROOT)    net (fo=482, routed)         1.545     7.596    dbg_hub/inst/BSCANID.u_xsdbm_id/CORE_XSDB.UUT_MASTER/U_ICON_INTERFACE/U_CMD6_RD/U_RD_FIFO/SUBCORE_FIFO.xsdbm_v3_0_0_rdfifo_inst/inst_fifo_gen/gconvfifo.rf/grf.rf/gntv_or_sync_fifo.gcx.clkx/rd_clk
    SLICE_X55Y76         FDCE                                         r  dbg_hub/inst/BSCANID.u_xsdbm_id/CORE_XSDB.UUT_MASTER/U_ICON_INTERFACE/U_CMD6_RD/U_RD_FIFO/SUBCORE_FIFO.xsdbm_v3_0_0_rdfifo_inst/inst_fifo_gen/gconvfifo.rf/grf.rf/gntv_or_sync_fifo.gcx.clkx/gnxpm_cdc.wr_pntr_bin_reg[0]/C
                         clock pessimism             -4.923     2.673    
    SLICE_X55Y76         FDCE (Remov_CFF_SLICEL_C_CLR)
                                                     -0.018     2.655    dbg_hub/inst/BSCANID.u_xsdbm_id/CORE_XSDB.UUT_MASTER/U_ICON_INTERFACE/U_CMD6_RD/U_RD_FIFO/SUBCORE_FIFO.xsdbm_v3_0_0_rdfifo_inst/inst_fifo_gen/gconvfifo.rf/grf.rf/gntv_or_sync_fifo.gcx.clkx/gnxpm_cdc.wr_pntr_bin_reg[0]
  -------------------------------------------------------------------
                         required time                         -2.655    
                         arrival time                           2.812    
  -------------------------------------------------------------------
                         slack                                  0.157    

Slack (MET) :             0.157ns  (arrival time - required time)
  Source:                 dbg_hub/inst/BSCANID.u_xsdbm_id/CORE_XSDB.UUT_MASTER/U_ICON_INTERFACE/U_CMD6_RD/U_RD_FIFO/SUBCORE_FIFO.xsdbm_v3_0_0_rdfifo_inst/inst_fifo_gen/gconvfifo.rf/grf.rf/rstblk/ngwrdrst.grst.g7serrst.rd_rst_reg_reg[1]/C
                            (rising edge-triggered cell FDPE clocked by dbg_hub/inst/BSCANID.u_xsdbm_id/SWITCH_N_EXT_BSCAN.bscan_inst/SERIES7_BSCAN.bscan_inst/INTERNAL_TCK  {rise@0.000ns fall@25.000ns period=50.000ns})
  Destination:            dbg_hub/inst/BSCANID.u_xsdbm_id/CORE_XSDB.UUT_MASTER/U_ICON_INTERFACE/U_CMD6_RD/U_RD_FIFO/SUBCORE_FIFO.xsdbm_v3_0_0_rdfifo_inst/inst_fifo_gen/gconvfifo.rf/grf.rf/gntv_or_sync_fifo.gcx.clkx/gnxpm_cdc.wr_pntr_bin_reg[1]/CLR
                            (removal check against rising-edge clock dbg_hub/inst/BSCANID.u_xsdbm_id/SWITCH_N_EXT_BSCAN.bscan_inst/SERIES7_BSCAN.bscan_inst/INTERNAL_TCK  {rise@0.000ns fall@25.000ns period=50.000ns})
  Path Group:             **async_default**
  Path Type:              Removal (Min at Fast Process Corner)
  Requirement:            0.000ns  (dbg_hub/inst/BSCANID.u_xsdbm_id/SWITCH_N_EXT_BSCAN.bscan_inst/SERIES7_BSCAN.bscan_inst/INTERNAL_TCK rise@0.000ns - dbg_hub/inst/BSCANID.u_xsdbm_id/SWITCH_N_EXT_BSCAN.bscan_inst/SERIES7_BSCAN.bscan_inst/INTERNAL_TCK rise@0.000ns)
  Data Path Delay:        0.187ns  (logic 0.085ns (45.479%)  route 0.102ns (54.521%))
  Logic Levels:           0  
  Clock Path Skew:        0.048ns (DCD - SCD - CPR)
    Destination Clock Delay (DCD):    7.596ns
    Source Clock Delay      (SCD):    2.626ns
    Clock Pessimism Removal (CPR):    4.923ns
  Clock Net Delay (Source):      1.410ns (routing 0.805ns, distribution 0.605ns)
  Clock Net Delay (Destination): 1.545ns (routing 0.880ns, distribution 0.665ns)

    Location             Delay type                Incr(ns)  Path(ns)    Netlist Resource(s)
  -------------------------------------------------------------------    -------------------
                         (clock dbg_hub/inst/BSCANID.u_xsdbm_id/SWITCH_N_EXT_BSCAN.bscan_inst/SERIES7_BSCAN.bscan_inst/INTERNAL_TCK rise edge)
                                                      0.000     0.000 r  
    CONFIG_SITE_X0Y0     BSCANE2                      0.000     0.000 r  dbg_hub/inst/BSCANID.u_xsdbm_id/SWITCH_N_EXT_BSCAN.bscan_inst/SERIES7_BSCAN.bscan_inst/INTERNAL_TCK
    CONFIG_SITE_X0Y0     BSCANE2 (Prop_BSCAN1_CONFIG_SITE_INTERNAL_TCK_TCK)
                                                      0.465     0.465 r  dbg_hub/inst/BSCANID.u_xsdbm_id/SWITCH_N_EXT_BSCAN.bscan_inst/SERIES7_BSCAN.bscan_inst/TCK
                         net (fo=1, routed)           0.728     1.193    dbg_hub/inst/BSCANID.u_xsdbm_id/tck_bs
    BUFGCE_X0Y76         BUFGCE (Prop_BUFCE_BUFGCE_I_O)
                                                      0.023     1.216 r  dbg_hub/inst/BSCANID.u_xsdbm_id/SWITCH_N_EXT_BSCAN.u_bufg_icon_tck/O
    X2Y1 (CLOCK_ROOT)    net (fo=482, routed)         1.410     2.626    dbg_hub/inst/BSCANID.u_xsdbm_id/CORE_XSDB.UUT_MASTER/U_ICON_INTERFACE/U_CMD6_RD/U_RD_FIFO/SUBCORE_FIFO.xsdbm_v3_0_0_rdfifo_inst/inst_fifo_gen/gconvfifo.rf/grf.rf/rstblk/rd_clk
    SLICE_X56Y76         FDPE                                         r  dbg_hub/inst/BSCANID.u_xsdbm_id/CORE_XSDB.UUT_MASTER/U_ICON_INTERFACE/U_CMD6_RD/U_RD_FIFO/SUBCORE_FIFO.xsdbm_v3_0_0_rdfifo_inst/inst_fifo_gen/gconvfifo.rf/grf.rf/rstblk/ngwrdrst.grst.g7serrst.rd_rst_reg_reg[1]/C
  -------------------------------------------------------------------    -------------------
    SLICE_X56Y76         FDPE (Prop_EFF2_SLICEL_C_Q)
                                                      0.085     2.711 f  dbg_hub/inst/BSCANID.u_xsdbm_id/CORE_XSDB.UUT_MASTER/U_ICON_INTERFACE/U_CMD6_RD/U_RD_FIFO/SUBCORE_FIFO.xsdbm_v3_0_0_rdfifo_inst/inst_fifo_gen/gconvfifo.rf/grf.rf/rstblk/ngwrdrst.grst.g7serrst.rd_rst_reg_reg[1]/Q
                         net (fo=16, routed)          0.102     2.812    dbg_hub/inst/BSCANID.u_xsdbm_id/CORE_XSDB.UUT_MASTER/U_ICON_INTERFACE/U_CMD6_RD/U_RD_FIFO/SUBCORE_FIFO.xsdbm_v3_0_0_rdfifo_inst/inst_fifo_gen/gconvfifo.rf/grf.rf/gntv_or_sync_fifo.gcx.clkx/Q_reg_reg[0][0]
    SLICE_X55Y76         FDCE                                         f  dbg_hub/inst/BSCANID.u_xsdbm_id/CORE_XSDB.UUT_MASTER/U_ICON_INTERFACE/U_CMD6_RD/U_RD_FIFO/SUBCORE_FIFO.xsdbm_v3_0_0_rdfifo_inst/inst_fifo_gen/gconvfifo.rf/grf.rf/gntv_or_sync_fifo.gcx.clkx/gnxpm_cdc.wr_pntr_bin_reg[1]/CLR
  -------------------------------------------------------------------    -------------------

                         (clock dbg_hub/inst/BSCANID.u_xsdbm_id/SWITCH_N_EXT_BSCAN.bscan_inst/SERIES7_BSCAN.bscan_inst/INTERNAL_TCK rise edge)
                                                      0.000     0.000 r  
    CONFIG_SITE_X0Y0     BSCANE2                      0.000     0.000 r  dbg_hub/inst/BSCANID.u_xsdbm_id/SWITCH_N_EXT_BSCAN.bscan_inst/SERIES7_BSCAN.bscan_inst/INTERNAL_TCK
    CONFIG_SITE_X0Y0     BSCANE2 (Prop_BSCAN1_CONFIG_SITE_INTERNAL_TCK_TCK)
                                                      4.800     4.800 r  dbg_hub/inst/BSCANID.u_xsdbm_id/SWITCH_N_EXT_BSCAN.bscan_inst/SERIES7_BSCAN.bscan_inst/TCK
                         net (fo=1, routed)           1.225     6.025    dbg_hub/inst/BSCANID.u_xsdbm_id/tck_bs
    BUFGCE_X0Y76         BUFGCE (Prop_BUFCE_BUFGCE_I_O)
                                                      0.026     6.051 r  dbg_hub/inst/BSCANID.u_xsdbm_id/SWITCH_N_EXT_BSCAN.u_bufg_icon_tck/O
    X2Y1 (CLOCK_ROOT)    net (fo=482, routed)         1.545     7.596    dbg_hub/inst/BSCANID.u_xsdbm_id/CORE_XSDB.UUT_MASTER/U_ICON_INTERFACE/U_CMD6_RD/U_RD_FIFO/SUBCORE_FIFO.xsdbm_v3_0_0_rdfifo_inst/inst_fifo_gen/gconvfifo.rf/grf.rf/gntv_or_sync_fifo.gcx.clkx/rd_clk
    SLICE_X55Y76         FDCE                                         r  dbg_hub/inst/BSCANID.u_xsdbm_id/CORE_XSDB.UUT_MASTER/U_ICON_INTERFACE/U_CMD6_RD/U_RD_FIFO/SUBCORE_FIFO.xsdbm_v3_0_0_rdfifo_inst/inst_fifo_gen/gconvfifo.rf/grf.rf/gntv_or_sync_fifo.gcx.clkx/gnxpm_cdc.wr_pntr_bin_reg[1]/C
                         clock pessimism             -4.923     2.673    
    SLICE_X55Y76         FDCE (Remov_CFF2_SLICEL_C_CLR)
                                                     -0.018     2.655    dbg_hub/inst/BSCANID.u_xsdbm_id/CORE_XSDB.UUT_MASTER/U_ICON_INTERFACE/U_CMD6_RD/U_RD_FIFO/SUBCORE_FIFO.xsdbm_v3_0_0_rdfifo_inst/inst_fifo_gen/gconvfifo.rf/grf.rf/gntv_or_sync_fifo.gcx.clkx/gnxpm_cdc.wr_pntr_bin_reg[1]
  -------------------------------------------------------------------
                         required time                         -2.655    
                         arrival time                           2.812    
  -------------------------------------------------------------------
                         slack                                  0.157    

Slack (MET) :             0.157ns  (arrival time - required time)
  Source:                 dbg_hub/inst/BSCANID.u_xsdbm_id/CORE_XSDB.UUT_MASTER/U_ICON_INTERFACE/U_CMD6_RD/U_RD_FIFO/SUBCORE_FIFO.xsdbm_v3_0_0_rdfifo_inst/inst_fifo_gen/gconvfifo.rf/grf.rf/rstblk/ngwrdrst.grst.g7serrst.rd_rst_reg_reg[1]/C
                            (rising edge-triggered cell FDPE clocked by dbg_hub/inst/BSCANID.u_xsdbm_id/SWITCH_N_EXT_BSCAN.bscan_inst/SERIES7_BSCAN.bscan_inst/INTERNAL_TCK  {rise@0.000ns fall@25.000ns period=50.000ns})
  Destination:            dbg_hub/inst/BSCANID.u_xsdbm_id/CORE_XSDB.UUT_MASTER/U_ICON_INTERFACE/U_CMD6_RD/U_RD_FIFO/SUBCORE_FIFO.xsdbm_v3_0_0_rdfifo_inst/inst_fifo_gen/gconvfifo.rf/grf.rf/gntv_or_sync_fifo.gcx.clkx/gnxpm_cdc.wr_pntr_bin_reg[2]/CLR
                            (removal check against rising-edge clock dbg_hub/inst/BSCANID.u_xsdbm_id/SWITCH_N_EXT_BSCAN.bscan_inst/SERIES7_BSCAN.bscan_inst/INTERNAL_TCK  {rise@0.000ns fall@25.000ns period=50.000ns})
  Path Group:             **async_default**
  Path Type:              Removal (Min at Fast Process Corner)
  Requirement:            0.000ns  (dbg_hub/inst/BSCANID.u_xsdbm_id/SWITCH_N_EXT_BSCAN.bscan_inst/SERIES7_BSCAN.bscan_inst/INTERNAL_TCK rise@0.000ns - dbg_hub/inst/BSCANID.u_xsdbm_id/SWITCH_N_EXT_BSCAN.bscan_inst/SERIES7_BSCAN.bscan_inst/INTERNAL_TCK rise@0.000ns)
  Data Path Delay:        0.187ns  (logic 0.085ns (45.479%)  route 0.102ns (54.521%))
  Logic Levels:           0  
  Clock Path Skew:        0.048ns (DCD - SCD - CPR)
    Destination Clock Delay (DCD):    7.596ns
    Source Clock Delay      (SCD):    2.626ns
    Clock Pessimism Removal (CPR):    4.923ns
  Clock Net Delay (Source):      1.410ns (routing 0.805ns, distribution 0.605ns)
  Clock Net Delay (Destination): 1.545ns (routing 0.880ns, distribution 0.665ns)

    Location             Delay type                Incr(ns)  Path(ns)    Netlist Resource(s)
  -------------------------------------------------------------------    -------------------
                         (clock dbg_hub/inst/BSCANID.u_xsdbm_id/SWITCH_N_EXT_BSCAN.bscan_inst/SERIES7_BSCAN.bscan_inst/INTERNAL_TCK rise edge)
                                                      0.000     0.000 r  
    CONFIG_SITE_X0Y0     BSCANE2                      0.000     0.000 r  dbg_hub/inst/BSCANID.u_xsdbm_id/SWITCH_N_EXT_BSCAN.bscan_inst/SERIES7_BSCAN.bscan_inst/INTERNAL_TCK
    CONFIG_SITE_X0Y0     BSCANE2 (Prop_BSCAN1_CONFIG_SITE_INTERNAL_TCK_TCK)
                                                      0.465     0.465 r  dbg_hub/inst/BSCANID.u_xsdbm_id/SWITCH_N_EXT_BSCAN.bscan_inst/SERIES7_BSCAN.bscan_inst/TCK
                         net (fo=1, routed)           0.728     1.193    dbg_hub/inst/BSCANID.u_xsdbm_id/tck_bs
    BUFGCE_X0Y76         BUFGCE (Prop_BUFCE_BUFGCE_I_O)
                                                      0.023     1.216 r  dbg_hub/inst/BSCANID.u_xsdbm_id/SWITCH_N_EXT_BSCAN.u_bufg_icon_tck/O
    X2Y1 (CLOCK_ROOT)    net (fo=482, routed)         1.410     2.626    dbg_hub/inst/BSCANID.u_xsdbm_id/CORE_XSDB.UUT_MASTER/U_ICON_INTERFACE/U_CMD6_RD/U_RD_FIFO/SUBCORE_FIFO.xsdbm_v3_0_0_rdfifo_inst/inst_fifo_gen/gconvfifo.rf/grf.rf/rstblk/rd_clk
    SLICE_X56Y76         FDPE                                         r  dbg_hub/inst/BSCANID.u_xsdbm_id/CORE_XSDB.UUT_MASTER/U_ICON_INTERFACE/U_CMD6_RD/U_RD_FIFO/SUBCORE_FIFO.xsdbm_v3_0_0_rdfifo_inst/inst_fifo_gen/gconvfifo.rf/grf.rf/rstblk/ngwrdrst.grst.g7serrst.rd_rst_reg_reg[1]/C
  -------------------------------------------------------------------    -------------------
    SLICE_X56Y76         FDPE (Prop_EFF2_SLICEL_C_Q)
                                                      0.085     2.711 f  dbg_hub/inst/BSCANID.u_xsdbm_id/CORE_XSDB.UUT_MASTER/U_ICON_INTERFACE/U_CMD6_RD/U_RD_FIFO/SUBCORE_FIFO.xsdbm_v3_0_0_rdfifo_inst/inst_fifo_gen/gconvfifo.rf/grf.rf/rstblk/ngwrdrst.grst.g7serrst.rd_rst_reg_reg[1]/Q
                         net (fo=16, routed)          0.102     2.812    dbg_hub/inst/BSCANID.u_xsdbm_id/CORE_XSDB.UUT_MASTER/U_ICON_INTERFACE/U_CMD6_RD/U_RD_FIFO/SUBCORE_FIFO.xsdbm_v3_0_0_rdfifo_inst/inst_fifo_gen/gconvfifo.rf/grf.rf/gntv_or_sync_fifo.gcx.clkx/Q_reg_reg[0][0]
    SLICE_X55Y76         FDCE                                         f  dbg_hub/inst/BSCANID.u_xsdbm_id/CORE_XSDB.UUT_MASTER/U_ICON_INTERFACE/U_CMD6_RD/U_RD_FIFO/SUBCORE_FIFO.xsdbm_v3_0_0_rdfifo_inst/inst_fifo_gen/gconvfifo.rf/grf.rf/gntv_or_sync_fifo.gcx.clkx/gnxpm_cdc.wr_pntr_bin_reg[2]/CLR
  -------------------------------------------------------------------    -------------------

                         (clock dbg_hub/inst/BSCANID.u_xsdbm_id/SWITCH_N_EXT_BSCAN.bscan_inst/SERIES7_BSCAN.bscan_inst/INTERNAL_TCK rise edge)
                                                      0.000     0.000 r  
    CONFIG_SITE_X0Y0     BSCANE2                      0.000     0.000 r  dbg_hub/inst/BSCANID.u_xsdbm_id/SWITCH_N_EXT_BSCAN.bscan_inst/SERIES7_BSCAN.bscan_inst/INTERNAL_TCK
    CONFIG_SITE_X0Y0     BSCANE2 (Prop_BSCAN1_CONFIG_SITE_INTERNAL_TCK_TCK)
                                                      4.800     4.800 r  dbg_hub/inst/BSCANID.u_xsdbm_id/SWITCH_N_EXT_BSCAN.bscan_inst/SERIES7_BSCAN.bscan_inst/TCK
                         net (fo=1, routed)           1.225     6.025    dbg_hub/inst/BSCANID.u_xsdbm_id/tck_bs
    BUFGCE_X0Y76         BUFGCE (Prop_BUFCE_BUFGCE_I_O)
                                                      0.026     6.051 r  dbg_hub/inst/BSCANID.u_xsdbm_id/SWITCH_N_EXT_BSCAN.u_bufg_icon_tck/O
    X2Y1 (CLOCK_ROOT)    net (fo=482, routed)         1.545     7.596    dbg_hub/inst/BSCANID.u_xsdbm_id/CORE_XSDB.UUT_MASTER/U_ICON_INTERFACE/U_CMD6_RD/U_RD_FIFO/SUBCORE_FIFO.xsdbm_v3_0_0_rdfifo_inst/inst_fifo_gen/gconvfifo.rf/grf.rf/gntv_or_sync_fifo.gcx.clkx/rd_clk
    SLICE_X55Y76         FDCE                                         r  dbg_hub/inst/BSCANID.u_xsdbm_id/CORE_XSDB.UUT_MASTER/U_ICON_INTERFACE/U_CMD6_RD/U_RD_FIFO/SUBCORE_FIFO.xsdbm_v3_0_0_rdfifo_inst/inst_fifo_gen/gconvfifo.rf/grf.rf/gntv_or_sync_fifo.gcx.clkx/gnxpm_cdc.wr_pntr_bin_reg[2]/C
                         clock pessimism             -4.923     2.673    
    SLICE_X55Y76         FDCE (Remov_DFF_SLICEL_C_CLR)
                                                     -0.018     2.655    dbg_hub/inst/BSCANID.u_xsdbm_id/CORE_XSDB.UUT_MASTER/U_ICON_INTERFACE/U_CMD6_RD/U_RD_FIFO/SUBCORE_FIFO.xsdbm_v3_0_0_rdfifo_inst/inst_fifo_gen/gconvfifo.rf/grf.rf/gntv_or_sync_fifo.gcx.clkx/gnxpm_cdc.wr_pntr_bin_reg[2]
  -------------------------------------------------------------------
                         required time                         -2.655    
                         arrival time                           2.812    
  -------------------------------------------------------------------
                         slack                                  0.157    

Slack (MET) :             0.158ns  (arrival time - required time)
  Source:                 dbg_hub/inst/BSCANID.u_xsdbm_id/CORE_XSDB.UUT_MASTER/U_ICON_INTERFACE/U_CMD6_RD/U_RD_FIFO/SUBCORE_FIFO.xsdbm_v3_0_0_rdfifo_inst/inst_fifo_gen/gconvfifo.rf/grf.rf/rstblk/ngwrdrst.grst.g7serrst.rd_rst_reg_reg[1]/C
                            (rising edge-triggered cell FDPE clocked by dbg_hub/inst/BSCANID.u_xsdbm_id/SWITCH_N_EXT_BSCAN.bscan_inst/SERIES7_BSCAN.bscan_inst/INTERNAL_TCK  {rise@0.000ns fall@25.000ns period=50.000ns})
  Destination:            dbg_hub/inst/BSCANID.u_xsdbm_id/CORE_XSDB.UUT_MASTER/U_ICON_INTERFACE/U_CMD6_RD/U_RD_FIFO/SUBCORE_FIFO.xsdbm_v3_0_0_rdfifo_inst/inst_fifo_gen/gconvfifo.rf/grf.rf/gntv_or_sync_fifo.gcx.clkx/gnxpm_cdc.rd_pntr_gc_reg[0]/CLR
                            (removal check against rising-edge clock dbg_hub/inst/BSCANID.u_xsdbm_id/SWITCH_N_EXT_BSCAN.bscan_inst/SERIES7_BSCAN.bscan_inst/INTERNAL_TCK  {rise@0.000ns fall@25.000ns period=50.000ns})
  Path Group:             **async_default**
  Path Type:              Removal (Min at Fast Process Corner)
  Requirement:            0.000ns  (dbg_hub/inst/BSCANID.u_xsdbm_id/SWITCH_N_EXT_BSCAN.bscan_inst/SERIES7_BSCAN.bscan_inst/INTERNAL_TCK rise@0.000ns - dbg_hub/inst/BSCANID.u_xsdbm_id/SWITCH_N_EXT_BSCAN.bscan_inst/SERIES7_BSCAN.bscan_inst/INTERNAL_TCK rise@0.000ns)
  Data Path Delay:        0.194ns  (logic 0.085ns (43.837%)  route 0.109ns (56.163%))
  Logic Levels:           0  
  Clock Path Skew:        0.054ns (DCD - SCD - CPR)
    Destination Clock Delay (DCD):    7.602ns
    Source Clock Delay      (SCD):    2.626ns
    Clock Pessimism Removal (CPR):    4.923ns
  Clock Net Delay (Source):      1.410ns (routing 0.805ns, distribution 0.605ns)
  Clock Net Delay (Destination): 1.551ns (routing 0.880ns, distribution 0.671ns)

    Location             Delay type                Incr(ns)  Path(ns)    Netlist Resource(s)
  -------------------------------------------------------------------    -------------------
                         (clock dbg_hub/inst/BSCANID.u_xsdbm_id/SWITCH_N_EXT_BSCAN.bscan_inst/SERIES7_BSCAN.bscan_inst/INTERNAL_TCK rise edge)
                                                      0.000     0.000 r  
    CONFIG_SITE_X0Y0     BSCANE2                      0.000     0.000 r  dbg_hub/inst/BSCANID.u_xsdbm_id/SWITCH_N_EXT_BSCAN.bscan_inst/SERIES7_BSCAN.bscan_inst/INTERNAL_TCK
    CONFIG_SITE_X0Y0     BSCANE2 (Prop_BSCAN1_CONFIG_SITE_INTERNAL_TCK_TCK)
                                                      0.465     0.465 r  dbg_hub/inst/BSCANID.u_xsdbm_id/SWITCH_N_EXT_BSCAN.bscan_inst/SERIES7_BSCAN.bscan_inst/TCK
                         net (fo=1, routed)           0.728     1.193    dbg_hub/inst/BSCANID.u_xsdbm_id/tck_bs
    BUFGCE_X0Y76         BUFGCE (Prop_BUFCE_BUFGCE_I_O)
                                                      0.023     1.216 r  dbg_hub/inst/BSCANID.u_xsdbm_id/SWITCH_N_EXT_BSCAN.u_bufg_icon_tck/O
    X2Y1 (CLOCK_ROOT)    net (fo=482, routed)         1.410     2.626    dbg_hub/inst/BSCANID.u_xsdbm_id/CORE_XSDB.UUT_MASTER/U_ICON_INTERFACE/U_CMD6_RD/U_RD_FIFO/SUBCORE_FIFO.xsdbm_v3_0_0_rdfifo_inst/inst_fifo_gen/gconvfifo.rf/grf.rf/rstblk/rd_clk
    SLICE_X56Y76         FDPE                                         r  dbg_hub/inst/BSCANID.u_xsdbm_id/CORE_XSDB.UUT_MASTER/U_ICON_INTERFACE/U_CMD6_RD/U_RD_FIFO/SUBCORE_FIFO.xsdbm_v3_0_0_rdfifo_inst/inst_fifo_gen/gconvfifo.rf/grf.rf/rstblk/ngwrdrst.grst.g7serrst.rd_rst_reg_reg[1]/C
  -------------------------------------------------------------------    -------------------
    SLICE_X56Y76         FDPE (Prop_EFF2_SLICEL_C_Q)
                                                      0.085     2.711 f  dbg_hub/inst/BSCANID.u_xsdbm_id/CORE_XSDB.UUT_MASTER/U_ICON_INTERFACE/U_CMD6_RD/U_RD_FIFO/SUBCORE_FIFO.xsdbm_v3_0_0_rdfifo_inst/inst_fifo_gen/gconvfifo.rf/grf.rf/rstblk/ngwrdrst.grst.g7serrst.rd_rst_reg_reg[1]/Q
                         net (fo=16, routed)          0.109     2.819    dbg_hub/inst/BSCANID.u_xsdbm_id/CORE_XSDB.UUT_MASTER/U_ICON_INTERFACE/U_CMD6_RD/U_RD_FIFO/SUBCORE_FIFO.xsdbm_v3_0_0_rdfifo_inst/inst_fifo_gen/gconvfifo.rf/grf.rf/gntv_or_sync_fifo.gcx.clkx/Q_reg_reg[0][0]
    SLICE_X54Y76         FDCE                                         f  dbg_hub/inst/BSCANID.u_xsdbm_id/CORE_XSDB.UUT_MASTER/U_ICON_INTERFACE/U_CMD6_RD/U_RD_FIFO/SUBCORE_FIFO.xsdbm_v3_0_0_rdfifo_inst/inst_fifo_gen/gconvfifo.rf/grf.rf/gntv_or_sync_fifo.gcx.clkx/gnxpm_cdc.rd_pntr_gc_reg[0]/CLR
  -------------------------------------------------------------------    -------------------

                         (clock dbg_hub/inst/BSCANID.u_xsdbm_id/SWITCH_N_EXT_BSCAN.bscan_inst/SERIES7_BSCAN.bscan_inst/INTERNAL_TCK rise edge)
                                                      0.000     0.000 r  
    CONFIG_SITE_X0Y0     BSCANE2                      0.000     0.000 r  dbg_hub/inst/BSCANID.u_xsdbm_id/SWITCH_N_EXT_BSCAN.bscan_inst/SERIES7_BSCAN.bscan_inst/INTERNAL_TCK
    CONFIG_SITE_X0Y0     BSCANE2 (Prop_BSCAN1_CONFIG_SITE_INTERNAL_TCK_TCK)
                                                      4.800     4.800 r  dbg_hub/inst/BSCANID.u_xsdbm_id/SWITCH_N_EXT_BSCAN.bscan_inst/SERIES7_BSCAN.bscan_inst/TCK
                         net (fo=1, routed)           1.225     6.025    dbg_hub/inst/BSCANID.u_xsdbm_id/tck_bs
    BUFGCE_X0Y76         BUFGCE (Prop_BUFCE_BUFGCE_I_O)
                                                      0.026     6.051 r  dbg_hub/inst/BSCANID.u_xsdbm_id/SWITCH_N_EXT_BSCAN.u_bufg_icon_tck/O
    X2Y1 (CLOCK_ROOT)    net (fo=482, routed)         1.551     7.602    dbg_hub/inst/BSCANID.u_xsdbm_id/CORE_XSDB.UUT_MASTER/U_ICON_INTERFACE/U_CMD6_RD/U_RD_FIFO/SUBCORE_FIFO.xsdbm_v3_0_0_rdfifo_inst/inst_fifo_gen/gconvfifo.rf/grf.rf/gntv_or_sync_fifo.gcx.clkx/rd_clk
    SLICE_X54Y76         FDCE                                         r  dbg_hub/inst/BSCANID.u_xsdbm_id/CORE_XSDB.UUT_MASTER/U_ICON_INTERFACE/U_CMD6_RD/U_RD_FIFO/SUBCORE_FIFO.xsdbm_v3_0_0_rdfifo_inst/inst_fifo_gen/gconvfifo.rf/grf.rf/gntv_or_sync_fifo.gcx.clkx/gnxpm_cdc.rd_pntr_gc_reg[0]/C
                         clock pessimism             -4.923     2.679    
    SLICE_X54Y76         FDCE (Remov_AFF_SLICEM_C_CLR)
                                                     -0.018     2.661    dbg_hub/inst/BSCANID.u_xsdbm_id/CORE_XSDB.UUT_MASTER/U_ICON_INTERFACE/U_CMD6_RD/U_RD_FIFO/SUBCORE_FIFO.xsdbm_v3_0_0_rdfifo_inst/inst_fifo_gen/gconvfifo.rf/grf.rf/gntv_or_sync_fifo.gcx.clkx/gnxpm_cdc.rd_pntr_gc_reg[0]
  -------------------------------------------------------------------
                         required time                         -2.661    
                         arrival time                           2.819    
  -------------------------------------------------------------------
                         slack                                  0.158    





--------------------------------------------------------------------------------------
Path Group:  (none)
From Clock:  
  To Clock:  clk_pl_0

Max Delay             1 Endpoint
Min Delay             1 Endpoint
--------------------------------------------------------------------------------------


Max Delay Paths
--------------------------------------------------------------------------------------
Slack:                    inf
  Source:                 mixer_i/zynq_ultra_ps_e_0/inst/PS8_i/EMIOGPIOO[95]
                            (internal pin)
  Destination:            mixer_i/proc_sys_reset_0/U0/EXT_LPF/ACTIVE_LOW_EXT.ACT_LO_EXT/GENERATE_LEVEL_P_S_CDC.SINGLE_BIT.CROSS_PLEVEL_IN2SCNDRY_IN_cdc_to/D
                            (rising edge-triggered cell FDRE clocked by clk_pl_0  {rise@0.000ns fall@5.156ns period=10.312ns})
  Path Group:             (none)
  Path Type:              Setup (Max at Slow Process Corner)
  Data Path Delay:        3.168ns  (logic 0.228ns (7.197%)  route 2.940ns (92.803%))
  Logic Levels:           1  (LUT1=1)
  Clock Uncertainty:      0.157ns  ((TSJ^2 + DJ^2)^1/2) / 2 + PE
    Total System Jitter     (TSJ):    0.050ns
    Discrete Jitter          (DJ):    0.310ns
    Phase Error              (PE):    0.000ns
  Clock Net Delay (Destination): 2.711ns (routing 1.538ns, distribution 1.173ns)
  Timing Exception:       False Path

    Location             Delay type                Incr(ns)  Path(ns)    Netlist Resource(s)
  -------------------------------------------------------------------    -------------------
    PS8_X0Y0             PS8                          0.000     0.000 f  mixer_i/zynq_ultra_ps_e_0/inst/PS8_i/EMIOGPIOO[95]
                         net (fo=1, routed)           2.703     2.703    mixer_i/proc_sys_reset_0/U0/EXT_LPF/ACTIVE_LOW_EXT.ACT_LO_EXT/ext_reset_in
    SLICE_X25Y94         LUT1 (Prop_H6LUT_SLICEM_I0_O)
                                                      0.228     2.931 r  mixer_i/proc_sys_reset_0/U0/EXT_LPF/ACTIVE_LOW_EXT.ACT_LO_EXT/GENERATE_LEVEL_P_S_CDC.SINGLE_BIT.CROSS_PLEVEL_IN2SCNDRY_IN_cdc_to_i_1/O
                         net (fo=1, routed)           0.237     3.168    mixer_i/proc_sys_reset_0/U0/EXT_LPF/ACTIVE_LOW_EXT.ACT_LO_EXT/exr_d1
    SLICE_X25Y94         FDRE                                         r  mixer_i/proc_sys_reset_0/U0/EXT_LPF/ACTIVE_LOW_EXT.ACT_LO_EXT/GENERATE_LEVEL_P_S_CDC.SINGLE_BIT.CROSS_PLEVEL_IN2SCNDRY_IN_cdc_to/D
  -------------------------------------------------------------------    -------------------

                         (clock clk_pl_0 rise edge)
                                                      0.000     0.000 r  
    PS8_X0Y0             PS8                          0.000     0.000 r  mixer_i/zynq_ultra_ps_e_0/inst/PS8_i/PLCLK[0]
                         net (fo=1, routed)           0.181     0.181    mixer_i/zynq_ultra_ps_e_0/inst/pl_clk_unbuffered[0]
    BUFG_PS_X0Y90        BUFG_PS (Prop_BUFG_PS_I_O)
                                                      0.035     0.216 r  mixer_i/zynq_ultra_ps_e_0/inst/buffer_pl_clk_0.PL_CLK_0_BUFG/O
    X1Y1 (CLOCK_ROOT)    net (fo=19371, routed)       2.711     2.927    mixer_i/proc_sys_reset_0/U0/EXT_LPF/ACTIVE_LOW_EXT.ACT_LO_EXT/slowest_sync_clk
    SLICE_X25Y94         FDRE                                         r  mixer_i/proc_sys_reset_0/U0/EXT_LPF/ACTIVE_LOW_EXT.ACT_LO_EXT/GENERATE_LEVEL_P_S_CDC.SINGLE_BIT.CROSS_PLEVEL_IN2SCNDRY_IN_cdc_to/C





Min Delay Paths
--------------------------------------------------------------------------------------
Slack:                    inf
  Source:                 mixer_i/zynq_ultra_ps_e_0/inst/PS8_i/EMIOGPIOO[95]
                            (internal pin)
  Destination:            mixer_i/proc_sys_reset_0/U0/EXT_LPF/ACTIVE_LOW_EXT.ACT_LO_EXT/GENERATE_LEVEL_P_S_CDC.SINGLE_BIT.CROSS_PLEVEL_IN2SCNDRY_IN_cdc_to/D
                            (rising edge-triggered cell FDRE clocked by clk_pl_0  {rise@0.000ns fall@5.156ns period=10.312ns})
  Path Group:             (none)
  Path Type:              Hold (Min at Fast Process Corner)
  Data Path Delay:        1.327ns  (logic 0.106ns (7.988%)  route 1.221ns (92.012%))
  Logic Levels:           1  (LUT1=1)
  Clock Uncertainty:      0.157ns  ((TSJ^2 + DJ^2)^1/2) / 2 + PE
    Total System Jitter     (TSJ):    0.050ns
    Discrete Jitter          (DJ):    0.310ns
    Phase Error              (PE):    0.000ns
  Clock Net Delay (Destination): 1.811ns (routing 1.033ns, distribution 0.778ns)
  Timing Exception:       False Path

    Location             Delay type                Incr(ns)  Path(ns)    Netlist Resource(s)
  -------------------------------------------------------------------    -------------------
    PS8_X0Y0             PS8                          0.000     0.000 f  mixer_i/zynq_ultra_ps_e_0/inst/PS8_i/EMIOGPIOO[95]
                         net (fo=1, routed)           1.155     1.155    mixer_i/proc_sys_reset_0/U0/EXT_LPF/ACTIVE_LOW_EXT.ACT_LO_EXT/ext_reset_in
    SLICE_X25Y94         LUT1 (Prop_H6LUT_SLICEM_I0_O)
                                                      0.106     1.261 r  mixer_i/proc_sys_reset_0/U0/EXT_LPF/ACTIVE_LOW_EXT.ACT_LO_EXT/GENERATE_LEVEL_P_S_CDC.SINGLE_BIT.CROSS_PLEVEL_IN2SCNDRY_IN_cdc_to_i_1/O
                         net (fo=1, routed)           0.066     1.327    mixer_i/proc_sys_reset_0/U0/EXT_LPF/ACTIVE_LOW_EXT.ACT_LO_EXT/exr_d1
    SLICE_X25Y94         FDRE                                         r  mixer_i/proc_sys_reset_0/U0/EXT_LPF/ACTIVE_LOW_EXT.ACT_LO_EXT/GENERATE_LEVEL_P_S_CDC.SINGLE_BIT.CROSS_PLEVEL_IN2SCNDRY_IN_cdc_to/D
  -------------------------------------------------------------------    -------------------

                         (clock clk_pl_0 rise edge)
                                                      0.000     0.000 r  
    PS8_X0Y0             PS8                          0.000     0.000 r  mixer_i/zynq_ultra_ps_e_0/inst/PS8_i/PLCLK[0]
                         net (fo=1, routed)           0.164     0.164    mixer_i/zynq_ultra_ps_e_0/inst/pl_clk_unbuffered[0]
    BUFG_PS_X0Y90        BUFG_PS (Prop_BUFG_PS_I_O)
                                                      0.023     0.187 r  mixer_i/zynq_ultra_ps_e_0/inst/buffer_pl_clk_0.PL_CLK_0_BUFG/O
    X1Y1 (CLOCK_ROOT)    net (fo=19371, routed)       1.811     1.998    mixer_i/proc_sys_reset_0/U0/EXT_LPF/ACTIVE_LOW_EXT.ACT_LO_EXT/slowest_sync_clk
    SLICE_X25Y94         FDRE                                         r  mixer_i/proc_sys_reset_0/U0/EXT_LPF/ACTIVE_LOW_EXT.ACT_LO_EXT/GENERATE_LEVEL_P_S_CDC.SINGLE_BIT.CROSS_PLEVEL_IN2SCNDRY_IN_cdc_to/C





--------------------------------------------------------------------------------------
Path Group:  (none)
From Clock:  clk_pl_0
  To Clock:  clk_pl_0

Max Delay           298 Endpoints
Min Delay           298 Endpoints
--------------------------------------------------------------------------------------


Max Delay Paths
--------------------------------------------------------------------------------------
Slack:                    inf
  Source:                 mixer_i/smartconnect_0/inst/clk_map/psr_aclk/U0/ACTIVE_LOW_BSR_OUT_DFF[0].FDRE_BSR_N/C
                            (rising edge-triggered cell FDRE clocked by clk_pl_0  {rise@0.000ns fall@5.156ns period=10.312ns})
  Destination:            mixer_i/smartconnect_0/inst/m00_nodes/m00_r_node/inst/s_sc_xpm_cdc_async_rst_inst/arststages_ff_reg[0]/CLR
                            (recovery check against rising-edge clock clk_pl_0  {rise@0.000ns fall@5.156ns period=10.312ns})
  Path Group:             (none)
  Path Type:              Recovery (Max at Slow Process Corner)
  Data Path Delay:        3.438ns  (logic 0.114ns (3.316%)  route 3.324ns (96.684%))
  Logic Levels:           0  
  Clock Path Skew:        -0.355ns (DCD - SCD + CPR)
    Destination Clock Delay (DCD):    2.938ns
    Source Clock Delay      (SCD):    3.293ns
    Clock Pessimism Removal (CPR):    0.000ns
  Clock Uncertainty:      0.159ns  ((TSJ^2 + DJ^2)^1/2) / 2 + PE
    Total System Jitter     (TSJ):    0.071ns
    Discrete Jitter          (DJ):    0.310ns
    Phase Error              (PE):    0.000ns
  Clock Net Delay (Source):      3.026ns (routing 1.681ns, distribution 1.345ns)
  Clock Net Delay (Destination): 2.722ns (routing 1.538ns, distribution 1.184ns)
  Timing Exception:       False Path

    Location             Delay type                Incr(ns)  Path(ns)    Netlist Resource(s)
  -------------------------------------------------------------------    -------------------
                         (clock clk_pl_0 rise edge)
                                                      0.000     0.000 r  
    PS8_X0Y0             PS8                          0.000     0.000 r  mixer_i/zynq_ultra_ps_e_0/inst/PS8_i/PLCLK[0]
                         net (fo=1, routed)           0.229     0.229    mixer_i/zynq_ultra_ps_e_0/inst/pl_clk_unbuffered[0]
    BUFG_PS_X0Y90        BUFG_PS (Prop_BUFG_PS_I_O)
                                                      0.038     0.267 r  mixer_i/zynq_ultra_ps_e_0/inst/buffer_pl_clk_0.PL_CLK_0_BUFG/O
    X1Y1 (CLOCK_ROOT)    net (fo=19371, routed)       3.026     3.293    mixer_i/smartconnect_0/inst/clk_map/psr_aclk/U0/aclk
    SLICE_X24Y49         FDRE                                         r  mixer_i/smartconnect_0/inst/clk_map/psr_aclk/U0/ACTIVE_LOW_BSR_OUT_DFF[0].FDRE_BSR_N/C
  -------------------------------------------------------------------    -------------------
    SLICE_X24Y49         FDRE (Prop_HFF_SLICEM_C_Q)
                                                      0.114     3.407 r  mixer_i/smartconnect_0/inst/clk_map/psr_aclk/U0/ACTIVE_LOW_BSR_OUT_DFF[0].FDRE_BSR_N/Q
                         net (fo=87, routed)          3.324     6.731    mixer_i/smartconnect_0/inst/m00_nodes/m00_r_node/inst/s_sc_xpm_cdc_async_rst_inst/src_arst
    SLICE_X24Y96         FDCE                                         f  mixer_i/smartconnect_0/inst/m00_nodes/m00_r_node/inst/s_sc_xpm_cdc_async_rst_inst/arststages_ff_reg[0]/CLR  (IS_INVERTED)
  -------------------------------------------------------------------    -------------------

                         (clock clk_pl_0 rise edge)
                                                      0.000     0.000 r  
    PS8_X0Y0             PS8                          0.000     0.000 r  mixer_i/zynq_ultra_ps_e_0/inst/PS8_i/PLCLK[0]
                         net (fo=1, routed)           0.181     0.181    mixer_i/zynq_ultra_ps_e_0/inst/pl_clk_unbuffered[0]
    BUFG_PS_X0Y90        BUFG_PS (Prop_BUFG_PS_I_O)
                                                      0.035     0.216 r  mixer_i/zynq_ultra_ps_e_0/inst/buffer_pl_clk_0.PL_CLK_0_BUFG/O
    X1Y1 (CLOCK_ROOT)    net (fo=19371, routed)       2.722     2.938    mixer_i/smartconnect_0/inst/m00_nodes/m00_r_node/inst/s_sc_xpm_cdc_async_rst_inst/dest_clk
    SLICE_X24Y96         FDCE                                         r  mixer_i/smartconnect_0/inst/m00_nodes/m00_r_node/inst/s_sc_xpm_cdc_async_rst_inst/arststages_ff_reg[0]/C

Slack:                    inf
  Source:                 mixer_i/smartconnect_0/inst/clk_map/psr_aclk/U0/ACTIVE_LOW_BSR_OUT_DFF[0].FDRE_BSR_N/C
                            (rising edge-triggered cell FDRE clocked by clk_pl_0  {rise@0.000ns fall@5.156ns period=10.312ns})
  Destination:            mixer_i/smartconnect_0/inst/m00_nodes/m00_r_node/inst/s_sc_xpm_cdc_async_rst_inst/arststages_ff_reg[1]/CLR
                            (recovery check against rising-edge clock clk_pl_0  {rise@0.000ns fall@5.156ns period=10.312ns})
  Path Group:             (none)
  Path Type:              Recovery (Max at Slow Process Corner)
  Data Path Delay:        3.438ns  (logic 0.114ns (3.316%)  route 3.324ns (96.684%))
  Logic Levels:           0  
  Clock Path Skew:        -0.355ns (DCD - SCD + CPR)
    Destination Clock Delay (DCD):    2.938ns
    Source Clock Delay      (SCD):    3.293ns
    Clock Pessimism Removal (CPR):    0.000ns
  Clock Uncertainty:      0.159ns  ((TSJ^2 + DJ^2)^1/2) / 2 + PE
    Total System Jitter     (TSJ):    0.071ns
    Discrete Jitter          (DJ):    0.310ns
    Phase Error              (PE):    0.000ns
  Clock Net Delay (Source):      3.026ns (routing 1.681ns, distribution 1.345ns)
  Clock Net Delay (Destination): 2.722ns (routing 1.538ns, distribution 1.184ns)
  Timing Exception:       False Path

    Location             Delay type                Incr(ns)  Path(ns)    Netlist Resource(s)
  -------------------------------------------------------------------    -------------------
                         (clock clk_pl_0 rise edge)
                                                      0.000     0.000 r  
    PS8_X0Y0             PS8                          0.000     0.000 r  mixer_i/zynq_ultra_ps_e_0/inst/PS8_i/PLCLK[0]
                         net (fo=1, routed)           0.229     0.229    mixer_i/zynq_ultra_ps_e_0/inst/pl_clk_unbuffered[0]
    BUFG_PS_X0Y90        BUFG_PS (Prop_BUFG_PS_I_O)
                                                      0.038     0.267 r  mixer_i/zynq_ultra_ps_e_0/inst/buffer_pl_clk_0.PL_CLK_0_BUFG/O
    X1Y1 (CLOCK_ROOT)    net (fo=19371, routed)       3.026     3.293    mixer_i/smartconnect_0/inst/clk_map/psr_aclk/U0/aclk
    SLICE_X24Y49         FDRE                                         r  mixer_i/smartconnect_0/inst/clk_map/psr_aclk/U0/ACTIVE_LOW_BSR_OUT_DFF[0].FDRE_BSR_N/C
  -------------------------------------------------------------------    -------------------
    SLICE_X24Y49         FDRE (Prop_HFF_SLICEM_C_Q)
                                                      0.114     3.407 r  mixer_i/smartconnect_0/inst/clk_map/psr_aclk/U0/ACTIVE_LOW_BSR_OUT_DFF[0].FDRE_BSR_N/Q
                         net (fo=87, routed)          3.324     6.731    mixer_i/smartconnect_0/inst/m00_nodes/m00_r_node/inst/s_sc_xpm_cdc_async_rst_inst/src_arst
    SLICE_X24Y96         FDCE                                         f  mixer_i/smartconnect_0/inst/m00_nodes/m00_r_node/inst/s_sc_xpm_cdc_async_rst_inst/arststages_ff_reg[1]/CLR  (IS_INVERTED)
  -------------------------------------------------------------------    -------------------

                         (clock clk_pl_0 rise edge)
                                                      0.000     0.000 r  
    PS8_X0Y0             PS8                          0.000     0.000 r  mixer_i/zynq_ultra_ps_e_0/inst/PS8_i/PLCLK[0]
                         net (fo=1, routed)           0.181     0.181    mixer_i/zynq_ultra_ps_e_0/inst/pl_clk_unbuffered[0]
    BUFG_PS_X0Y90        BUFG_PS (Prop_BUFG_PS_I_O)
                                                      0.035     0.216 r  mixer_i/zynq_ultra_ps_e_0/inst/buffer_pl_clk_0.PL_CLK_0_BUFG/O
    X1Y1 (CLOCK_ROOT)    net (fo=19371, routed)       2.722     2.938    mixer_i/smartconnect_0/inst/m00_nodes/m00_r_node/inst/s_sc_xpm_cdc_async_rst_inst/dest_clk
    SLICE_X24Y96         FDCE                                         r  mixer_i/smartconnect_0/inst/m00_nodes/m00_r_node/inst/s_sc_xpm_cdc_async_rst_inst/arststages_ff_reg[1]/C

Slack:                    inf
  Source:                 mixer_i/smartconnect_0/inst/clk_map/psr_aclk/U0/ACTIVE_LOW_BSR_OUT_DFF[0].FDRE_BSR_N/C
                            (rising edge-triggered cell FDRE clocked by clk_pl_0  {rise@0.000ns fall@5.156ns period=10.312ns})
  Destination:            mixer_i/smartconnect_0/inst/m00_nodes/m00_r_node/inst/s_sc_xpm_cdc_async_rst_inst/arststages_ff_reg[2]/CLR
                            (recovery check against rising-edge clock clk_pl_0  {rise@0.000ns fall@5.156ns period=10.312ns})
  Path Group:             (none)
  Path Type:              Recovery (Max at Slow Process Corner)
  Data Path Delay:        3.438ns  (logic 0.114ns (3.316%)  route 3.324ns (96.684%))
  Logic Levels:           0  
  Clock Path Skew:        -0.355ns (DCD - SCD + CPR)
    Destination Clock Delay (DCD):    2.938ns
    Source Clock Delay      (SCD):    3.293ns
    Clock Pessimism Removal (CPR):    0.000ns
  Clock Uncertainty:      0.159ns  ((TSJ^2 + DJ^2)^1/2) / 2 + PE
    Total System Jitter     (TSJ):    0.071ns
    Discrete Jitter          (DJ):    0.310ns
    Phase Error              (PE):    0.000ns
  Clock Net Delay (Source):      3.026ns (routing 1.681ns, distribution 1.345ns)
  Clock Net Delay (Destination): 2.722ns (routing 1.538ns, distribution 1.184ns)
  Timing Exception:       False Path

    Location             Delay type                Incr(ns)  Path(ns)    Netlist Resource(s)
  -------------------------------------------------------------------    -------------------
                         (clock clk_pl_0 rise edge)
                                                      0.000     0.000 r  
    PS8_X0Y0             PS8                          0.000     0.000 r  mixer_i/zynq_ultra_ps_e_0/inst/PS8_i/PLCLK[0]
                         net (fo=1, routed)           0.229     0.229    mixer_i/zynq_ultra_ps_e_0/inst/pl_clk_unbuffered[0]
    BUFG_PS_X0Y90        BUFG_PS (Prop_BUFG_PS_I_O)
                                                      0.038     0.267 r  mixer_i/zynq_ultra_ps_e_0/inst/buffer_pl_clk_0.PL_CLK_0_BUFG/O
    X1Y1 (CLOCK_ROOT)    net (fo=19371, routed)       3.026     3.293    mixer_i/smartconnect_0/inst/clk_map/psr_aclk/U0/aclk
    SLICE_X24Y49         FDRE                                         r  mixer_i/smartconnect_0/inst/clk_map/psr_aclk/U0/ACTIVE_LOW_BSR_OUT_DFF[0].FDRE_BSR_N/C
  -------------------------------------------------------------------    -------------------
    SLICE_X24Y49         FDRE (Prop_HFF_SLICEM_C_Q)
                                                      0.114     3.407 r  mixer_i/smartconnect_0/inst/clk_map/psr_aclk/U0/ACTIVE_LOW_BSR_OUT_DFF[0].FDRE_BSR_N/Q
                         net (fo=87, routed)          3.324     6.731    mixer_i/smartconnect_0/inst/m00_nodes/m00_r_node/inst/s_sc_xpm_cdc_async_rst_inst/src_arst
    SLICE_X24Y96         FDCE                                         f  mixer_i/smartconnect_0/inst/m00_nodes/m00_r_node/inst/s_sc_xpm_cdc_async_rst_inst/arststages_ff_reg[2]/CLR  (IS_INVERTED)
  -------------------------------------------------------------------    -------------------

                         (clock clk_pl_0 rise edge)
                                                      0.000     0.000 r  
    PS8_X0Y0             PS8                          0.000     0.000 r  mixer_i/zynq_ultra_ps_e_0/inst/PS8_i/PLCLK[0]
                         net (fo=1, routed)           0.181     0.181    mixer_i/zynq_ultra_ps_e_0/inst/pl_clk_unbuffered[0]
    BUFG_PS_X0Y90        BUFG_PS (Prop_BUFG_PS_I_O)
                                                      0.035     0.216 r  mixer_i/zynq_ultra_ps_e_0/inst/buffer_pl_clk_0.PL_CLK_0_BUFG/O
    X1Y1 (CLOCK_ROOT)    net (fo=19371, routed)       2.722     2.938    mixer_i/smartconnect_0/inst/m00_nodes/m00_r_node/inst/s_sc_xpm_cdc_async_rst_inst/dest_clk
    SLICE_X24Y96         FDCE                                         r  mixer_i/smartconnect_0/inst/m00_nodes/m00_r_node/inst/s_sc_xpm_cdc_async_rst_inst/arststages_ff_reg[2]/C

Slack:                    inf
  Source:                 mixer_i/proc_sys_reset_0/U0/ACTIVE_LOW_PR_OUT_DFF[0].FDRE_PER_N/C
                            (rising edge-triggered cell FDRE clocked by clk_pl_0  {rise@0.000ns fall@5.156ns period=10.312ns})
  Destination:            mixer_i/smartconnect_0/inst/clk_map/psr_aclk/U0/EXT_LPF/ACTIVE_LOW_AUX.ACT_LO_AUX/GENERATE_LEVEL_P_S_CDC.SINGLE_BIT.CROSS_PLEVEL_IN2SCNDRY_IN_cdc_to/D
                            (rising edge-triggered cell FDRE clocked by clk_pl_0  {rise@0.000ns fall@5.156ns period=10.312ns})
  Path Group:             (none)
  Path Type:              Setup (Max at Slow Process Corner)
  Data Path Delay:        3.440ns  (logic 0.340ns (9.882%)  route 3.100ns (90.118%))
  Logic Levels:           1  (LUT1=1)
  Clock Path Skew:        -0.324ns (DCD - SCD + CPR)
    Destination Clock Delay (DCD):    2.959ns
    Source Clock Delay      (SCD):    3.283ns
    Clock Pessimism Removal (CPR):    0.000ns
  Clock Uncertainty:      0.159ns  ((TSJ^2 + DJ^2)^1/2) / 2 + PE
    Total System Jitter     (TSJ):    0.071ns
    Discrete Jitter          (DJ):    0.310ns
    Phase Error              (PE):    0.000ns
  Clock Net Delay (Source):      3.016ns (routing 1.681ns, distribution 1.335ns)
  Clock Net Delay (Destination): 2.743ns (routing 1.538ns, distribution 1.205ns)
  Timing Exception:       False Path

    Location             Delay type                Incr(ns)  Path(ns)    Netlist Resource(s)
  -------------------------------------------------------------------    -------------------
                         (clock clk_pl_0 rise edge)
                                                      0.000     0.000 r  
    PS8_X0Y0             PS8                          0.000     0.000 r  mixer_i/zynq_ultra_ps_e_0/inst/PS8_i/PLCLK[0]
                         net (fo=1, routed)           0.229     0.229    mixer_i/zynq_ultra_ps_e_0/inst/pl_clk_unbuffered[0]
    BUFG_PS_X0Y90        BUFG_PS (Prop_BUFG_PS_I_O)
                                                      0.038     0.267 r  mixer_i/zynq_ultra_ps_e_0/inst/buffer_pl_clk_0.PL_CLK_0_BUFG/O
    X1Y1 (CLOCK_ROOT)    net (fo=19371, routed)       3.016     3.283    mixer_i/proc_sys_reset_0/U0/slowest_sync_clk
    SLICE_X25Y91         FDRE                                         r  mixer_i/proc_sys_reset_0/U0/ACTIVE_LOW_PR_OUT_DFF[0].FDRE_PER_N/C
  -------------------------------------------------------------------    -------------------
    SLICE_X25Y91         FDRE (Prop_EFF_SLICEM_C_Q)
                                                      0.113     3.396 f  mixer_i/proc_sys_reset_0/U0/ACTIVE_LOW_PR_OUT_DFF[0].FDRE_PER_N/Q
                         net (fo=300, routed)         2.697     6.093    mixer_i/smartconnect_0/inst/clk_map/psr_aclk/U0/EXT_LPF/ACTIVE_LOW_AUX.ACT_LO_AUX/aresetn
    SLICE_X23Y59         LUT1 (Prop_H6LUT_SLICEL_I0_O)
                                                      0.227     6.320 r  mixer_i/smartconnect_0/inst/clk_map/psr_aclk/U0/EXT_LPF/ACTIVE_LOW_AUX.ACT_LO_AUX/GENERATE_LEVEL_P_S_CDC.SINGLE_BIT.CROSS_PLEVEL_IN2SCNDRY_IN_cdc_to_i_1/O
                         net (fo=1, routed)           0.403     6.723    mixer_i/smartconnect_0/inst/clk_map/psr_aclk/U0/EXT_LPF/ACTIVE_LOW_AUX.ACT_LO_AUX/asr_d1
    SLICE_X23Y59         FDRE                                         r  mixer_i/smartconnect_0/inst/clk_map/psr_aclk/U0/EXT_LPF/ACTIVE_LOW_AUX.ACT_LO_AUX/GENERATE_LEVEL_P_S_CDC.SINGLE_BIT.CROSS_PLEVEL_IN2SCNDRY_IN_cdc_to/D
  -------------------------------------------------------------------    -------------------

                         (clock clk_pl_0 rise edge)
                                                      0.000     0.000 r  
    PS8_X0Y0             PS8                          0.000     0.000 r  mixer_i/zynq_ultra_ps_e_0/inst/PS8_i/PLCLK[0]
                         net (fo=1, routed)           0.181     0.181    mixer_i/zynq_ultra_ps_e_0/inst/pl_clk_unbuffered[0]
    BUFG_PS_X0Y90        BUFG_PS (Prop_BUFG_PS_I_O)
                                                      0.035     0.216 r  mixer_i/zynq_ultra_ps_e_0/inst/buffer_pl_clk_0.PL_CLK_0_BUFG/O
    X1Y1 (CLOCK_ROOT)    net (fo=19371, routed)       2.743     2.959    mixer_i/smartconnect_0/inst/clk_map/psr_aclk/U0/EXT_LPF/ACTIVE_LOW_AUX.ACT_LO_AUX/aclk
    SLICE_X23Y59         FDRE                                         r  mixer_i/smartconnect_0/inst/clk_map/psr_aclk/U0/EXT_LPF/ACTIVE_LOW_AUX.ACT_LO_AUX/GENERATE_LEVEL_P_S_CDC.SINGLE_BIT.CROSS_PLEVEL_IN2SCNDRY_IN_cdc_to/C

Slack:                    inf
  Source:                 mixer_i/proc_sys_reset_0/U0/ACTIVE_LOW_PR_OUT_DFF[0].FDRE_PER_N/C
                            (rising edge-triggered cell FDRE clocked by clk_pl_0  {rise@0.000ns fall@5.156ns period=10.312ns})
  Destination:            mixer_i/axi_dma_0/U0/I_RST_MODULE/REG_HRD_RST_OUT/GENERATE_LEVEL_P_S_CDC.SINGLE_BIT.CROSS_PLEVEL_IN2SCNDRY_IN_cdc_to/D
                            (rising edge-triggered cell FDRE clocked by clk_pl_0  {rise@0.000ns fall@5.156ns period=10.312ns})
  Path Group:             (none)
  Path Type:              Setup (Max at Slow Process Corner)
  Data Path Delay:        3.356ns  (logic 0.113ns (3.367%)  route 3.243ns (96.633%))
  Logic Levels:           0  
  Clock Path Skew:        -0.164ns (DCD - SCD + CPR)
    Destination Clock Delay (DCD):    3.119ns
    Source Clock Delay      (SCD):    3.283ns
    Clock Pessimism Removal (CPR):    0.000ns
  Clock Uncertainty:      0.159ns  ((TSJ^2 + DJ^2)^1/2) / 2 + PE
    Total System Jitter     (TSJ):    0.071ns
    Discrete Jitter          (DJ):    0.310ns
    Phase Error              (PE):    0.000ns
  Clock Net Delay (Source):      3.016ns (routing 1.681ns, distribution 1.335ns)
  Clock Net Delay (Destination): 2.903ns (routing 1.538ns, distribution 1.365ns)
  Timing Exception:       False Path

    Location             Delay type                Incr(ns)  Path(ns)    Netlist Resource(s)
  -------------------------------------------------------------------    -------------------
                         (clock clk_pl_0 rise edge)
                                                      0.000     0.000 r  
    PS8_X0Y0             PS8                          0.000     0.000 r  mixer_i/zynq_ultra_ps_e_0/inst/PS8_i/PLCLK[0]
                         net (fo=1, routed)           0.229     0.229    mixer_i/zynq_ultra_ps_e_0/inst/pl_clk_unbuffered[0]
    BUFG_PS_X0Y90        BUFG_PS (Prop_BUFG_PS_I_O)
                                                      0.038     0.267 r  mixer_i/zynq_ultra_ps_e_0/inst/buffer_pl_clk_0.PL_CLK_0_BUFG/O
    X1Y1 (CLOCK_ROOT)    net (fo=19371, routed)       3.016     3.283    mixer_i/proc_sys_reset_0/U0/slowest_sync_clk
    SLICE_X25Y91         FDRE                                         r  mixer_i/proc_sys_reset_0/U0/ACTIVE_LOW_PR_OUT_DFF[0].FDRE_PER_N/C
  -------------------------------------------------------------------    -------------------
    SLICE_X25Y91         FDRE (Prop_EFF_SLICEM_C_Q)
                                                      0.113     3.396 r  mixer_i/proc_sys_reset_0/U0/ACTIVE_LOW_PR_OUT_DFF[0].FDRE_PER_N/Q
                         net (fo=300, routed)         3.243     6.639    mixer_i/axi_dma_0/U0/I_RST_MODULE/REG_HRD_RST_OUT/axi_resetn
    SLICE_X20Y59         FDRE                                         r  mixer_i/axi_dma_0/U0/I_RST_MODULE/REG_HRD_RST_OUT/GENERATE_LEVEL_P_S_CDC.SINGLE_BIT.CROSS_PLEVEL_IN2SCNDRY_IN_cdc_to/D
  -------------------------------------------------------------------    -------------------

                         (clock clk_pl_0 rise edge)
                                                      0.000     0.000 r  
    PS8_X0Y0             PS8                          0.000     0.000 r  mixer_i/zynq_ultra_ps_e_0/inst/PS8_i/PLCLK[0]
                         net (fo=1, routed)           0.181     0.181    mixer_i/zynq_ultra_ps_e_0/inst/pl_clk_unbuffered[0]
    BUFG_PS_X0Y90        BUFG_PS (Prop_BUFG_PS_I_O)
                                                      0.035     0.216 r  mixer_i/zynq_ultra_ps_e_0/inst/buffer_pl_clk_0.PL_CLK_0_BUFG/O
    X1Y1 (CLOCK_ROOT)    net (fo=19371, routed)       2.903     3.119    mixer_i/axi_dma_0/U0/I_RST_MODULE/REG_HRD_RST_OUT/s_axi_lite_aclk
    SLICE_X20Y59         FDRE                                         r  mixer_i/axi_dma_0/U0/I_RST_MODULE/REG_HRD_RST_OUT/GENERATE_LEVEL_P_S_CDC.SINGLE_BIT.CROSS_PLEVEL_IN2SCNDRY_IN_cdc_to/C

Slack:                    inf
  Source:                 mixer_i/smartconnect_0/inst/clk_map/psr_aclk/U0/ACTIVE_LOW_BSR_OUT_DFF[0].FDRE_BSR_N/C
                            (rising edge-triggered cell FDRE clocked by clk_pl_0  {rise@0.000ns fall@5.156ns period=10.312ns})
  Destination:            mixer_i/smartconnect_0/inst/s00_entry_pipeline/s00_mmu/inst/xpm_cdc_async_rst_inst/arststages_ff_reg[0]/CLR
                            (recovery check against rising-edge clock clk_pl_0  {rise@0.000ns fall@5.156ns period=10.312ns})
  Path Group:             (none)
  Path Type:              Recovery (Max at Slow Process Corner)
  Data Path Delay:        3.300ns  (logic 0.114ns (3.454%)  route 3.186ns (96.546%))
  Logic Levels:           0  
  Clock Path Skew:        -0.141ns (DCD - SCD + CPR)
    Destination Clock Delay (DCD):    3.152ns
    Source Clock Delay      (SCD):    3.293ns
    Clock Pessimism Removal (CPR):    0.000ns
  Clock Uncertainty:      0.159ns  ((TSJ^2 + DJ^2)^1/2) / 2 + PE
    Total System Jitter     (TSJ):    0.071ns
    Discrete Jitter          (DJ):    0.310ns
    Phase Error              (PE):    0.000ns
  Clock Net Delay (Source):      3.026ns (routing 1.681ns, distribution 1.345ns)
  Clock Net Delay (Destination): 2.936ns (routing 1.538ns, distribution 1.398ns)
  Timing Exception:       False Path

    Location             Delay type                Incr(ns)  Path(ns)    Netlist Resource(s)
  -------------------------------------------------------------------    -------------------
                         (clock clk_pl_0 rise edge)
                                                      0.000     0.000 r  
    PS8_X0Y0             PS8                          0.000     0.000 r  mixer_i/zynq_ultra_ps_e_0/inst/PS8_i/PLCLK[0]
                         net (fo=1, routed)           0.229     0.229    mixer_i/zynq_ultra_ps_e_0/inst/pl_clk_unbuffered[0]
    BUFG_PS_X0Y90        BUFG_PS (Prop_BUFG_PS_I_O)
                                                      0.038     0.267 r  mixer_i/zynq_ultra_ps_e_0/inst/buffer_pl_clk_0.PL_CLK_0_BUFG/O
    X1Y1 (CLOCK_ROOT)    net (fo=19371, routed)       3.026     3.293    mixer_i/smartconnect_0/inst/clk_map/psr_aclk/U0/aclk
    SLICE_X24Y49         FDRE                                         r  mixer_i/smartconnect_0/inst/clk_map/psr_aclk/U0/ACTIVE_LOW_BSR_OUT_DFF[0].FDRE_BSR_N/C
  -------------------------------------------------------------------    -------------------
    SLICE_X24Y49         FDRE (Prop_HFF_SLICEM_C_Q)
                                                      0.114     3.407 r  mixer_i/smartconnect_0/inst/clk_map/psr_aclk/U0/ACTIVE_LOW_BSR_OUT_DFF[0].FDRE_BSR_N/Q
                         net (fo=87, routed)          3.186     6.593    mixer_i/smartconnect_0/inst/s00_entry_pipeline/s00_mmu/inst/xpm_cdc_async_rst_inst/src_arst
    SLICE_X2Y97          FDCE                                         f  mixer_i/smartconnect_0/inst/s00_entry_pipeline/s00_mmu/inst/xpm_cdc_async_rst_inst/arststages_ff_reg[0]/CLR  (IS_INVERTED)
  -------------------------------------------------------------------    -------------------

                         (clock clk_pl_0 rise edge)
                                                      0.000     0.000 r  
    PS8_X0Y0             PS8                          0.000     0.000 r  mixer_i/zynq_ultra_ps_e_0/inst/PS8_i/PLCLK[0]
                         net (fo=1, routed)           0.181     0.181    mixer_i/zynq_ultra_ps_e_0/inst/pl_clk_unbuffered[0]
    BUFG_PS_X0Y90        BUFG_PS (Prop_BUFG_PS_I_O)
                                                      0.035     0.216 r  mixer_i/zynq_ultra_ps_e_0/inst/buffer_pl_clk_0.PL_CLK_0_BUFG/O
    X1Y1 (CLOCK_ROOT)    net (fo=19371, routed)       2.936     3.152    mixer_i/smartconnect_0/inst/s00_entry_pipeline/s00_mmu/inst/xpm_cdc_async_rst_inst/dest_clk
    SLICE_X2Y97          FDCE                                         r  mixer_i/smartconnect_0/inst/s00_entry_pipeline/s00_mmu/inst/xpm_cdc_async_rst_inst/arststages_ff_reg[0]/C

Slack:                    inf
  Source:                 mixer_i/smartconnect_0/inst/clk_map/psr_aclk/U0/ACTIVE_LOW_BSR_OUT_DFF[0].FDRE_BSR_N/C
                            (rising edge-triggered cell FDRE clocked by clk_pl_0  {rise@0.000ns fall@5.156ns period=10.312ns})
  Destination:            mixer_i/smartconnect_0/inst/s00_entry_pipeline/s00_mmu/inst/xpm_cdc_async_rst_inst/arststages_ff_reg[1]/CLR
                            (recovery check against rising-edge clock clk_pl_0  {rise@0.000ns fall@5.156ns period=10.312ns})
  Path Group:             (none)
  Path Type:              Recovery (Max at Slow Process Corner)
  Data Path Delay:        3.300ns  (logic 0.114ns (3.454%)  route 3.186ns (96.546%))
  Logic Levels:           0  
  Clock Path Skew:        -0.141ns (DCD - SCD + CPR)
    Destination Clock Delay (DCD):    3.152ns
    Source Clock Delay      (SCD):    3.293ns
    Clock Pessimism Removal (CPR):    0.000ns
  Clock Uncertainty:      0.159ns  ((TSJ^2 + DJ^2)^1/2) / 2 + PE
    Total System Jitter     (TSJ):    0.071ns
    Discrete Jitter          (DJ):    0.310ns
    Phase Error              (PE):    0.000ns
  Clock Net Delay (Source):      3.026ns (routing 1.681ns, distribution 1.345ns)
  Clock Net Delay (Destination): 2.936ns (routing 1.538ns, distribution 1.398ns)
  Timing Exception:       False Path

    Location             Delay type                Incr(ns)  Path(ns)    Netlist Resource(s)
  -------------------------------------------------------------------    -------------------
                         (clock clk_pl_0 rise edge)
                                                      0.000     0.000 r  
    PS8_X0Y0             PS8                          0.000     0.000 r  mixer_i/zynq_ultra_ps_e_0/inst/PS8_i/PLCLK[0]
                         net (fo=1, routed)           0.229     0.229    mixer_i/zynq_ultra_ps_e_0/inst/pl_clk_unbuffered[0]
    BUFG_PS_X0Y90        BUFG_PS (Prop_BUFG_PS_I_O)
                                                      0.038     0.267 r  mixer_i/zynq_ultra_ps_e_0/inst/buffer_pl_clk_0.PL_CLK_0_BUFG/O
    X1Y1 (CLOCK_ROOT)    net (fo=19371, routed)       3.026     3.293    mixer_i/smartconnect_0/inst/clk_map/psr_aclk/U0/aclk
    SLICE_X24Y49         FDRE                                         r  mixer_i/smartconnect_0/inst/clk_map/psr_aclk/U0/ACTIVE_LOW_BSR_OUT_DFF[0].FDRE_BSR_N/C
  -------------------------------------------------------------------    -------------------
    SLICE_X24Y49         FDRE (Prop_HFF_SLICEM_C_Q)
                                                      0.114     3.407 r  mixer_i/smartconnect_0/inst/clk_map/psr_aclk/U0/ACTIVE_LOW_BSR_OUT_DFF[0].FDRE_BSR_N/Q
                         net (fo=87, routed)          3.186     6.593    mixer_i/smartconnect_0/inst/s00_entry_pipeline/s00_mmu/inst/xpm_cdc_async_rst_inst/src_arst
    SLICE_X2Y97          FDCE                                         f  mixer_i/smartconnect_0/inst/s00_entry_pipeline/s00_mmu/inst/xpm_cdc_async_rst_inst/arststages_ff_reg[1]/CLR  (IS_INVERTED)
  -------------------------------------------------------------------    -------------------

                         (clock clk_pl_0 rise edge)
                                                      0.000     0.000 r  
    PS8_X0Y0             PS8                          0.000     0.000 r  mixer_i/zynq_ultra_ps_e_0/inst/PS8_i/PLCLK[0]
                         net (fo=1, routed)           0.181     0.181    mixer_i/zynq_ultra_ps_e_0/inst/pl_clk_unbuffered[0]
    BUFG_PS_X0Y90        BUFG_PS (Prop_BUFG_PS_I_O)
                                                      0.035     0.216 r  mixer_i/zynq_ultra_ps_e_0/inst/buffer_pl_clk_0.PL_CLK_0_BUFG/O
    X1Y1 (CLOCK_ROOT)    net (fo=19371, routed)       2.936     3.152    mixer_i/smartconnect_0/inst/s00_entry_pipeline/s00_mmu/inst/xpm_cdc_async_rst_inst/dest_clk
    SLICE_X2Y97          FDCE                                         r  mixer_i/smartconnect_0/inst/s00_entry_pipeline/s00_mmu/inst/xpm_cdc_async_rst_inst/arststages_ff_reg[1]/C

Slack:                    inf
  Source:                 mixer_i/smartconnect_0/inst/clk_map/psr_aclk/U0/ACTIVE_LOW_BSR_OUT_DFF[0].FDRE_BSR_N/C
                            (rising edge-triggered cell FDRE clocked by clk_pl_0  {rise@0.000ns fall@5.156ns period=10.312ns})
  Destination:            mixer_i/smartconnect_0/inst/s00_entry_pipeline/s00_mmu/inst/xpm_cdc_async_rst_inst/arststages_ff_reg[2]/CLR
                            (recovery check against rising-edge clock clk_pl_0  {rise@0.000ns fall@5.156ns period=10.312ns})
  Path Group:             (none)
  Path Type:              Recovery (Max at Slow Process Corner)
  Data Path Delay:        3.300ns  (logic 0.114ns (3.454%)  route 3.186ns (96.546%))
  Logic Levels:           0  
  Clock Path Skew:        -0.141ns (DCD - SCD + CPR)
    Destination Clock Delay (DCD):    3.152ns
    Source Clock Delay      (SCD):    3.293ns
    Clock Pessimism Removal (CPR):    0.000ns
  Clock Uncertainty:      0.159ns  ((TSJ^2 + DJ^2)^1/2) / 2 + PE
    Total System Jitter     (TSJ):    0.071ns
    Discrete Jitter          (DJ):    0.310ns
    Phase Error              (PE):    0.000ns
  Clock Net Delay (Source):      3.026ns (routing 1.681ns, distribution 1.345ns)
  Clock Net Delay (Destination): 2.936ns (routing 1.538ns, distribution 1.398ns)
  Timing Exception:       False Path

    Location             Delay type                Incr(ns)  Path(ns)    Netlist Resource(s)
  -------------------------------------------------------------------    -------------------
                         (clock clk_pl_0 rise edge)
                                                      0.000     0.000 r  
    PS8_X0Y0             PS8                          0.000     0.000 r  mixer_i/zynq_ultra_ps_e_0/inst/PS8_i/PLCLK[0]
                         net (fo=1, routed)           0.229     0.229    mixer_i/zynq_ultra_ps_e_0/inst/pl_clk_unbuffered[0]
    BUFG_PS_X0Y90        BUFG_PS (Prop_BUFG_PS_I_O)
                                                      0.038     0.267 r  mixer_i/zynq_ultra_ps_e_0/inst/buffer_pl_clk_0.PL_CLK_0_BUFG/O
    X1Y1 (CLOCK_ROOT)    net (fo=19371, routed)       3.026     3.293    mixer_i/smartconnect_0/inst/clk_map/psr_aclk/U0/aclk
    SLICE_X24Y49         FDRE                                         r  mixer_i/smartconnect_0/inst/clk_map/psr_aclk/U0/ACTIVE_LOW_BSR_OUT_DFF[0].FDRE_BSR_N/C
  -------------------------------------------------------------------    -------------------
    SLICE_X24Y49         FDRE (Prop_HFF_SLICEM_C_Q)
                                                      0.114     3.407 r  mixer_i/smartconnect_0/inst/clk_map/psr_aclk/U0/ACTIVE_LOW_BSR_OUT_DFF[0].FDRE_BSR_N/Q
                         net (fo=87, routed)          3.186     6.593    mixer_i/smartconnect_0/inst/s00_entry_pipeline/s00_mmu/inst/xpm_cdc_async_rst_inst/src_arst
    SLICE_X2Y97          FDCE                                         f  mixer_i/smartconnect_0/inst/s00_entry_pipeline/s00_mmu/inst/xpm_cdc_async_rst_inst/arststages_ff_reg[2]/CLR  (IS_INVERTED)
  -------------------------------------------------------------------    -------------------

                         (clock clk_pl_0 rise edge)
                                                      0.000     0.000 r  
    PS8_X0Y0             PS8                          0.000     0.000 r  mixer_i/zynq_ultra_ps_e_0/inst/PS8_i/PLCLK[0]
                         net (fo=1, routed)           0.181     0.181    mixer_i/zynq_ultra_ps_e_0/inst/pl_clk_unbuffered[0]
    BUFG_PS_X0Y90        BUFG_PS (Prop_BUFG_PS_I_O)
                                                      0.035     0.216 r  mixer_i/zynq_ultra_ps_e_0/inst/buffer_pl_clk_0.PL_CLK_0_BUFG/O
    X1Y1 (CLOCK_ROOT)    net (fo=19371, routed)       2.936     3.152    mixer_i/smartconnect_0/inst/s00_entry_pipeline/s00_mmu/inst/xpm_cdc_async_rst_inst/dest_clk
    SLICE_X2Y97          FDCE                                         r  mixer_i/smartconnect_0/inst/s00_entry_pipeline/s00_mmu/inst/xpm_cdc_async_rst_inst/arststages_ff_reg[2]/C

Slack:                    inf
  Source:                 mixer_i/smartconnect_0/inst/clk_map/psr_aclk/U0/ACTIVE_LOW_BSR_OUT_DFF[0].FDRE_BSR_N/C
                            (rising edge-triggered cell FDRE clocked by clk_pl_0  {rise@0.000ns fall@5.156ns period=10.312ns})
  Destination:            mixer_i/smartconnect_0/inst/m00_nodes/m00_aw_node/inst/s_sc_xpm_cdc_async_rst_inst/arststages_ff_reg[0]/CLR
                            (recovery check against rising-edge clock clk_pl_0  {rise@0.000ns fall@5.156ns period=10.312ns})
  Path Group:             (none)
  Path Type:              Recovery (Max at Slow Process Corner)
  Data Path Delay:        3.297ns  (logic 0.114ns (3.457%)  route 3.183ns (96.543%))
  Logic Levels:           0  
  Clock Path Skew:        -0.159ns (DCD - SCD + CPR)
    Destination Clock Delay (DCD):    3.134ns
    Source Clock Delay      (SCD):    3.293ns
    Clock Pessimism Removal (CPR):    0.000ns
  Clock Uncertainty:      0.159ns  ((TSJ^2 + DJ^2)^1/2) / 2 + PE
    Total System Jitter     (TSJ):    0.071ns
    Discrete Jitter          (DJ):    0.310ns
    Phase Error              (PE):    0.000ns
  Clock Net Delay (Source):      3.026ns (routing 1.681ns, distribution 1.345ns)
  Clock Net Delay (Destination): 2.918ns (routing 1.538ns, distribution 1.380ns)
  Timing Exception:       False Path

    Location             Delay type                Incr(ns)  Path(ns)    Netlist Resource(s)
  -------------------------------------------------------------------    -------------------
                         (clock clk_pl_0 rise edge)
                                                      0.000     0.000 r  
    PS8_X0Y0             PS8                          0.000     0.000 r  mixer_i/zynq_ultra_ps_e_0/inst/PS8_i/PLCLK[0]
                         net (fo=1, routed)           0.229     0.229    mixer_i/zynq_ultra_ps_e_0/inst/pl_clk_unbuffered[0]
    BUFG_PS_X0Y90        BUFG_PS (Prop_BUFG_PS_I_O)
                                                      0.038     0.267 r  mixer_i/zynq_ultra_ps_e_0/inst/buffer_pl_clk_0.PL_CLK_0_BUFG/O
    X1Y1 (CLOCK_ROOT)    net (fo=19371, routed)       3.026     3.293    mixer_i/smartconnect_0/inst/clk_map/psr_aclk/U0/aclk
    SLICE_X24Y49         FDRE                                         r  mixer_i/smartconnect_0/inst/clk_map/psr_aclk/U0/ACTIVE_LOW_BSR_OUT_DFF[0].FDRE_BSR_N/C
  -------------------------------------------------------------------    -------------------
    SLICE_X24Y49         FDRE (Prop_HFF_SLICEM_C_Q)
                                                      0.114     3.407 r  mixer_i/smartconnect_0/inst/clk_map/psr_aclk/U0/ACTIVE_LOW_BSR_OUT_DFF[0].FDRE_BSR_N/Q
                         net (fo=87, routed)          3.183     6.590    mixer_i/smartconnect_0/inst/m00_nodes/m00_aw_node/inst/s_sc_xpm_cdc_async_rst_inst/src_arst
    SLICE_X11Y64         FDCE                                         f  mixer_i/smartconnect_0/inst/m00_nodes/m00_aw_node/inst/s_sc_xpm_cdc_async_rst_inst/arststages_ff_reg[0]/CLR  (IS_INVERTED)
  -------------------------------------------------------------------    -------------------

                         (clock clk_pl_0 rise edge)
                                                      0.000     0.000 r  
    PS8_X0Y0             PS8                          0.000     0.000 r  mixer_i/zynq_ultra_ps_e_0/inst/PS8_i/PLCLK[0]
                         net (fo=1, routed)           0.181     0.181    mixer_i/zynq_ultra_ps_e_0/inst/pl_clk_unbuffered[0]
    BUFG_PS_X0Y90        BUFG_PS (Prop_BUFG_PS_I_O)
                                                      0.035     0.216 r  mixer_i/zynq_ultra_ps_e_0/inst/buffer_pl_clk_0.PL_CLK_0_BUFG/O
    X1Y1 (CLOCK_ROOT)    net (fo=19371, routed)       2.918     3.134    mixer_i/smartconnect_0/inst/m00_nodes/m00_aw_node/inst/s_sc_xpm_cdc_async_rst_inst/dest_clk
    SLICE_X11Y64         FDCE                                         r  mixer_i/smartconnect_0/inst/m00_nodes/m00_aw_node/inst/s_sc_xpm_cdc_async_rst_inst/arststages_ff_reg[0]/C

Slack:                    inf
  Source:                 mixer_i/smartconnect_0/inst/clk_map/psr_aclk/U0/ACTIVE_LOW_BSR_OUT_DFF[0].FDRE_BSR_N/C
                            (rising edge-triggered cell FDRE clocked by clk_pl_0  {rise@0.000ns fall@5.156ns period=10.312ns})
  Destination:            mixer_i/smartconnect_0/inst/m00_nodes/m00_aw_node/inst/s_sc_xpm_cdc_async_rst_inst/arststages_ff_reg[1]/CLR
                            (recovery check against rising-edge clock clk_pl_0  {rise@0.000ns fall@5.156ns period=10.312ns})
  Path Group:             (none)
  Path Type:              Recovery (Max at Slow Process Corner)
  Data Path Delay:        3.297ns  (logic 0.114ns (3.457%)  route 3.183ns (96.543%))
  Logic Levels:           0  
  Clock Path Skew:        -0.159ns (DCD - SCD + CPR)
    Destination Clock Delay (DCD):    3.134ns
    Source Clock Delay      (SCD):    3.293ns
    Clock Pessimism Removal (CPR):    0.000ns
  Clock Uncertainty:      0.159ns  ((TSJ^2 + DJ^2)^1/2) / 2 + PE
    Total System Jitter     (TSJ):    0.071ns
    Discrete Jitter          (DJ):    0.310ns
    Phase Error              (PE):    0.000ns
  Clock Net Delay (Source):      3.026ns (routing 1.681ns, distribution 1.345ns)
  Clock Net Delay (Destination): 2.918ns (routing 1.538ns, distribution 1.380ns)
  Timing Exception:       False Path

    Location             Delay type                Incr(ns)  Path(ns)    Netlist Resource(s)
  -------------------------------------------------------------------    -------------------
                         (clock clk_pl_0 rise edge)
                                                      0.000     0.000 r  
    PS8_X0Y0             PS8                          0.000     0.000 r  mixer_i/zynq_ultra_ps_e_0/inst/PS8_i/PLCLK[0]
                         net (fo=1, routed)           0.229     0.229    mixer_i/zynq_ultra_ps_e_0/inst/pl_clk_unbuffered[0]
    BUFG_PS_X0Y90        BUFG_PS (Prop_BUFG_PS_I_O)
                                                      0.038     0.267 r  mixer_i/zynq_ultra_ps_e_0/inst/buffer_pl_clk_0.PL_CLK_0_BUFG/O
    X1Y1 (CLOCK_ROOT)    net (fo=19371, routed)       3.026     3.293    mixer_i/smartconnect_0/inst/clk_map/psr_aclk/U0/aclk
    SLICE_X24Y49         FDRE                                         r  mixer_i/smartconnect_0/inst/clk_map/psr_aclk/U0/ACTIVE_LOW_BSR_OUT_DFF[0].FDRE_BSR_N/C
  -------------------------------------------------------------------    -------------------
    SLICE_X24Y49         FDRE (Prop_HFF_SLICEM_C_Q)
                                                      0.114     3.407 r  mixer_i/smartconnect_0/inst/clk_map/psr_aclk/U0/ACTIVE_LOW_BSR_OUT_DFF[0].FDRE_BSR_N/Q
                         net (fo=87, routed)          3.183     6.590    mixer_i/smartconnect_0/inst/m00_nodes/m00_aw_node/inst/s_sc_xpm_cdc_async_rst_inst/src_arst
    SLICE_X11Y64         FDCE                                         f  mixer_i/smartconnect_0/inst/m00_nodes/m00_aw_node/inst/s_sc_xpm_cdc_async_rst_inst/arststages_ff_reg[1]/CLR  (IS_INVERTED)
  -------------------------------------------------------------------    -------------------

                         (clock clk_pl_0 rise edge)
                                                      0.000     0.000 r  
    PS8_X0Y0             PS8                          0.000     0.000 r  mixer_i/zynq_ultra_ps_e_0/inst/PS8_i/PLCLK[0]
                         net (fo=1, routed)           0.181     0.181    mixer_i/zynq_ultra_ps_e_0/inst/pl_clk_unbuffered[0]
    BUFG_PS_X0Y90        BUFG_PS (Prop_BUFG_PS_I_O)
                                                      0.035     0.216 r  mixer_i/zynq_ultra_ps_e_0/inst/buffer_pl_clk_0.PL_CLK_0_BUFG/O
    X1Y1 (CLOCK_ROOT)    net (fo=19371, routed)       2.918     3.134    mixer_i/smartconnect_0/inst/m00_nodes/m00_aw_node/inst/s_sc_xpm_cdc_async_rst_inst/dest_clk
    SLICE_X11Y64         FDCE                                         r  mixer_i/smartconnect_0/inst/m00_nodes/m00_aw_node/inst/s_sc_xpm_cdc_async_rst_inst/arststages_ff_reg[1]/C





Min Delay Paths
--------------------------------------------------------------------------------------
Slack:                    inf
  Source:                 mixer_i/system_ila_0/inst/ila_lib/inst/ila_core_inst/u_ila_reset_ctrl/asyncrounous_transfer.arm_in_transfer_inst/din_reg_reg/C
                            (rising edge-triggered cell FDRE clocked by clk_pl_0  {rise@0.000ns fall@5.156ns period=10.312ns})
  Destination:            mixer_i/system_ila_0/inst/ila_lib/inst/ila_core_inst/u_ila_reset_ctrl/asyncrounous_transfer.arm_in_transfer_inst/dout_reg0_reg/D
                            (rising edge-triggered cell FDRE clocked by clk_pl_0  {rise@0.000ns fall@5.156ns period=10.312ns})
  Path Group:             (none)
  Path Type:              Hold (Min at Fast Process Corner)
  Data Path Delay:        0.124ns  (logic 0.083ns (66.843%)  route 0.041ns (33.157%))
  Logic Levels:           0  
  Clock Path Skew:        0.200ns (DCD - SCD - CPR)
    Destination Clock Delay (DCD):    2.047ns
    Source Clock Delay      (SCD):    1.848ns
    Clock Pessimism Removal (CPR):    -0.000ns
  Clock Uncertainty:      0.159ns  ((TSJ^2 + DJ^2)^1/2) / 2 + PE
    Total System Jitter     (TSJ):    0.071ns
    Discrete Jitter          (DJ):    0.310ns
    Phase Error              (PE):    0.000ns
  Clock Net Delay (Source):      1.697ns (routing 0.940ns, distribution 0.757ns)
  Clock Net Delay (Destination): 1.860ns (routing 1.033ns, distribution 0.827ns)
  Timing Exception:       False Path

    Location             Delay type                Incr(ns)  Path(ns)    Netlist Resource(s)
  -------------------------------------------------------------------    -------------------
                         (clock clk_pl_0 rise edge)
                                                      0.000     0.000 r  
    PS8_X0Y0             PS8                          0.000     0.000 r  mixer_i/zynq_ultra_ps_e_0/inst/PS8_i/PLCLK[0]
                         net (fo=1, routed)           0.129     0.129    mixer_i/zynq_ultra_ps_e_0/inst/pl_clk_unbuffered[0]
    BUFG_PS_X0Y90        BUFG_PS (Prop_BUFG_PS_I_O)
                                                      0.022     0.151 r  mixer_i/zynq_ultra_ps_e_0/inst/buffer_pl_clk_0.PL_CLK_0_BUFG/O
    X1Y1 (CLOCK_ROOT)    net (fo=19371, routed)       1.697     1.848    mixer_i/system_ila_0/inst/ila_lib/inst/ila_core_inst/u_ila_reset_ctrl/asyncrounous_transfer.arm_in_transfer_inst/TCLK_I
    SLICE_X43Y60         FDRE                                         r  mixer_i/system_ila_0/inst/ila_lib/inst/ila_core_inst/u_ila_reset_ctrl/asyncrounous_transfer.arm_in_transfer_inst/din_reg_reg/C
  -------------------------------------------------------------------    -------------------
    SLICE_X43Y60         FDRE (Prop_HFF_SLICEM_C_Q)
                                                      0.083     1.931 r  mixer_i/system_ila_0/inst/ila_lib/inst/ila_core_inst/u_ila_reset_ctrl/asyncrounous_transfer.arm_in_transfer_inst/din_reg_reg/Q
                         net (fo=2, routed)           0.041     1.972    mixer_i/system_ila_0/inst/ila_lib/inst/ila_core_inst/u_ila_reset_ctrl/asyncrounous_transfer.arm_in_transfer_inst/din_reg
    SLICE_X43Y60         FDRE                                         r  mixer_i/system_ila_0/inst/ila_lib/inst/ila_core_inst/u_ila_reset_ctrl/asyncrounous_transfer.arm_in_transfer_inst/dout_reg0_reg/D
  -------------------------------------------------------------------    -------------------

                         (clock clk_pl_0 rise edge)
                                                      0.000     0.000 r  
    PS8_X0Y0             PS8                          0.000     0.000 r  mixer_i/zynq_ultra_ps_e_0/inst/PS8_i/PLCLK[0]
                         net (fo=1, routed)           0.164     0.164    mixer_i/zynq_ultra_ps_e_0/inst/pl_clk_unbuffered[0]
    BUFG_PS_X0Y90        BUFG_PS (Prop_BUFG_PS_I_O)
                                                      0.023     0.187 r  mixer_i/zynq_ultra_ps_e_0/inst/buffer_pl_clk_0.PL_CLK_0_BUFG/O
    X1Y1 (CLOCK_ROOT)    net (fo=19371, routed)       1.860     2.047    mixer_i/system_ila_0/inst/ila_lib/inst/ila_core_inst/u_ila_reset_ctrl/asyncrounous_transfer.arm_in_transfer_inst/RCLK_I
    SLICE_X43Y60         FDRE                                         r  mixer_i/system_ila_0/inst/ila_lib/inst/ila_core_inst/u_ila_reset_ctrl/asyncrounous_transfer.arm_in_transfer_inst/dout_reg0_reg/C

Slack:                    inf
  Source:                 mixer_i/system_ila_0/inst/ila_lib/inst/ila_core_inst/u_ila_cap_ctrl/u_cap_addrgen/i_o_to_64k.cfg_data_vec_reg[6]/C
                            (rising edge-triggered cell FDRE clocked by clk_pl_0  {rise@0.000ns fall@5.156ns period=10.312ns})
  Destination:            mixer_i/system_ila_0/inst/ila_lib/inst/ila_core_inst/u_ila_cap_ctrl/u_cap_addrgen/cfg_data_vec_sync1_reg[6]/D
                            (rising edge-triggered cell FDRE clocked by clk_pl_0  {rise@0.000ns fall@5.156ns period=10.312ns})
  Path Group:             (none)
  Path Type:              Hold (Min at Fast Process Corner)
  Data Path Delay:        0.148ns  (logic 0.084ns (56.897%)  route 0.064ns (43.103%))
  Logic Levels:           0  
  Clock Path Skew:        0.198ns (DCD - SCD - CPR)
    Destination Clock Delay (DCD):    2.038ns
    Source Clock Delay      (SCD):    1.841ns
    Clock Pessimism Removal (CPR):    -0.000ns
  Clock Uncertainty:      0.159ns  ((TSJ^2 + DJ^2)^1/2) / 2 + PE
    Total System Jitter     (TSJ):    0.071ns
    Discrete Jitter          (DJ):    0.310ns
    Phase Error              (PE):    0.000ns
  Clock Net Delay (Source):      1.690ns (routing 0.940ns, distribution 0.750ns)
  Clock Net Delay (Destination): 1.851ns (routing 1.033ns, distribution 0.818ns)
  Timing Exception:       False Path

    Location             Delay type                Incr(ns)  Path(ns)    Netlist Resource(s)
  -------------------------------------------------------------------    -------------------
                         (clock clk_pl_0 rise edge)
                                                      0.000     0.000 r  
    PS8_X0Y0             PS8                          0.000     0.000 r  mixer_i/zynq_ultra_ps_e_0/inst/PS8_i/PLCLK[0]
                         net (fo=1, routed)           0.129     0.129    mixer_i/zynq_ultra_ps_e_0/inst/pl_clk_unbuffered[0]
    BUFG_PS_X0Y90        BUFG_PS (Prop_BUFG_PS_I_O)
                                                      0.022     0.151 r  mixer_i/zynq_ultra_ps_e_0/inst/buffer_pl_clk_0.PL_CLK_0_BUFG/O
    X1Y1 (CLOCK_ROOT)    net (fo=19371, routed)       1.690     1.841    mixer_i/system_ila_0/inst/ila_lib/inst/ila_core_inst/u_ila_cap_ctrl/u_cap_addrgen/s_dclk_o
    SLICE_X42Y73         FDRE                                         r  mixer_i/system_ila_0/inst/ila_lib/inst/ila_core_inst/u_ila_cap_ctrl/u_cap_addrgen/i_o_to_64k.cfg_data_vec_reg[6]/C
  -------------------------------------------------------------------    -------------------
    SLICE_X42Y73         FDRE (Prop_AFF_SLICEL_C_Q)
                                                      0.084     1.925 r  mixer_i/system_ila_0/inst/ila_lib/inst/ila_core_inst/u_ila_cap_ctrl/u_cap_addrgen/i_o_to_64k.cfg_data_vec_reg[6]/Q
                         net (fo=2, routed)           0.064     1.988    mixer_i/system_ila_0/inst/ila_lib/inst/ila_core_inst/u_ila_cap_ctrl/u_cap_addrgen/cfg_data_vec[6]
    SLICE_X42Y73         FDRE                                         r  mixer_i/system_ila_0/inst/ila_lib/inst/ila_core_inst/u_ila_cap_ctrl/u_cap_addrgen/cfg_data_vec_sync1_reg[6]/D
  -------------------------------------------------------------------    -------------------

                         (clock clk_pl_0 rise edge)
                                                      0.000     0.000 r  
    PS8_X0Y0             PS8                          0.000     0.000 r  mixer_i/zynq_ultra_ps_e_0/inst/PS8_i/PLCLK[0]
                         net (fo=1, routed)           0.164     0.164    mixer_i/zynq_ultra_ps_e_0/inst/pl_clk_unbuffered[0]
    BUFG_PS_X0Y90        BUFG_PS (Prop_BUFG_PS_I_O)
                                                      0.023     0.187 r  mixer_i/zynq_ultra_ps_e_0/inst/buffer_pl_clk_0.PL_CLK_0_BUFG/O
    X1Y1 (CLOCK_ROOT)    net (fo=19371, routed)       1.851     2.038    mixer_i/system_ila_0/inst/ila_lib/inst/ila_core_inst/u_ila_cap_ctrl/u_cap_addrgen/DESIGN_CLK_I
    SLICE_X42Y73         FDRE                                         r  mixer_i/system_ila_0/inst/ila_lib/inst/ila_core_inst/u_ila_cap_ctrl/u_cap_addrgen/cfg_data_vec_sync1_reg[6]/C

Slack:                    inf
  Source:                 mixer_i/system_ila_0/inst/ila_lib/inst/ila_core_inst/u_ila_cap_ctrl/u_cap_addrgen/i_o_to_64k.cfg_data_vec_reg[8]/C
                            (rising edge-triggered cell FDRE clocked by clk_pl_0  {rise@0.000ns fall@5.156ns period=10.312ns})
  Destination:            mixer_i/system_ila_0/inst/ila_lib/inst/ila_core_inst/u_ila_cap_ctrl/u_cap_addrgen/cfg_data_vec_sync1_reg[8]/D
                            (rising edge-triggered cell FDRE clocked by clk_pl_0  {rise@0.000ns fall@5.156ns period=10.312ns})
  Path Group:             (none)
  Path Type:              Hold (Min at Fast Process Corner)
  Data Path Delay:        0.155ns  (logic 0.084ns (54.321%)  route 0.071ns (45.679%))
  Logic Levels:           0  
  Clock Path Skew:        0.199ns (DCD - SCD - CPR)
    Destination Clock Delay (DCD):    2.040ns
    Source Clock Delay      (SCD):    1.841ns
    Clock Pessimism Removal (CPR):    -0.000ns
  Clock Uncertainty:      0.159ns  ((TSJ^2 + DJ^2)^1/2) / 2 + PE
    Total System Jitter     (TSJ):    0.071ns
    Discrete Jitter          (DJ):    0.310ns
    Phase Error              (PE):    0.000ns
  Clock Net Delay (Source):      1.690ns (routing 0.940ns, distribution 0.750ns)
  Clock Net Delay (Destination): 1.853ns (routing 1.033ns, distribution 0.820ns)
  Timing Exception:       False Path

    Location             Delay type                Incr(ns)  Path(ns)    Netlist Resource(s)
  -------------------------------------------------------------------    -------------------
                         (clock clk_pl_0 rise edge)
                                                      0.000     0.000 r  
    PS8_X0Y0             PS8                          0.000     0.000 r  mixer_i/zynq_ultra_ps_e_0/inst/PS8_i/PLCLK[0]
                         net (fo=1, routed)           0.129     0.129    mixer_i/zynq_ultra_ps_e_0/inst/pl_clk_unbuffered[0]
    BUFG_PS_X0Y90        BUFG_PS (Prop_BUFG_PS_I_O)
                                                      0.022     0.151 r  mixer_i/zynq_ultra_ps_e_0/inst/buffer_pl_clk_0.PL_CLK_0_BUFG/O
    X1Y1 (CLOCK_ROOT)    net (fo=19371, routed)       1.690     1.841    mixer_i/system_ila_0/inst/ila_lib/inst/ila_core_inst/u_ila_cap_ctrl/u_cap_addrgen/s_dclk_o
    SLICE_X42Y73         FDRE                                         r  mixer_i/system_ila_0/inst/ila_lib/inst/ila_core_inst/u_ila_cap_ctrl/u_cap_addrgen/i_o_to_64k.cfg_data_vec_reg[8]/C
  -------------------------------------------------------------------    -------------------
    SLICE_X42Y73         FDRE (Prop_BFF_SLICEL_C_Q)
                                                      0.084     1.925 r  mixer_i/system_ila_0/inst/ila_lib/inst/ila_core_inst/u_ila_cap_ctrl/u_cap_addrgen/i_o_to_64k.cfg_data_vec_reg[8]/Q
                         net (fo=2, routed)           0.071     1.995    mixer_i/system_ila_0/inst/ila_lib/inst/ila_core_inst/u_ila_cap_ctrl/u_cap_addrgen/cfg_data_vec[8]
    SLICE_X43Y73         FDRE                                         r  mixer_i/system_ila_0/inst/ila_lib/inst/ila_core_inst/u_ila_cap_ctrl/u_cap_addrgen/cfg_data_vec_sync1_reg[8]/D
  -------------------------------------------------------------------    -------------------

                         (clock clk_pl_0 rise edge)
                                                      0.000     0.000 r  
    PS8_X0Y0             PS8                          0.000     0.000 r  mixer_i/zynq_ultra_ps_e_0/inst/PS8_i/PLCLK[0]
                         net (fo=1, routed)           0.164     0.164    mixer_i/zynq_ultra_ps_e_0/inst/pl_clk_unbuffered[0]
    BUFG_PS_X0Y90        BUFG_PS (Prop_BUFG_PS_I_O)
                                                      0.023     0.187 r  mixer_i/zynq_ultra_ps_e_0/inst/buffer_pl_clk_0.PL_CLK_0_BUFG/O
    X1Y1 (CLOCK_ROOT)    net (fo=19371, routed)       1.853     2.040    mixer_i/system_ila_0/inst/ila_lib/inst/ila_core_inst/u_ila_cap_ctrl/u_cap_addrgen/DESIGN_CLK_I
    SLICE_X43Y73         FDRE                                         r  mixer_i/system_ila_0/inst/ila_lib/inst/ila_core_inst/u_ila_cap_ctrl/u_cap_addrgen/cfg_data_vec_sync1_reg[8]/C

Slack:                    inf
  Source:                 mixer_i/system_ila_0/inst/ila_lib/inst/ila_core_inst/u_ila_cap_ctrl/u_cap_addrgen/i_o_to_64k.cfg_data_vec_reg[7]/C
                            (rising edge-triggered cell FDRE clocked by clk_pl_0  {rise@0.000ns fall@5.156ns period=10.312ns})
  Destination:            mixer_i/system_ila_0/inst/ila_lib/inst/ila_core_inst/u_ila_cap_ctrl/u_cap_addrgen/cfg_data_vec_sync1_reg[7]/D
                            (rising edge-triggered cell FDRE clocked by clk_pl_0  {rise@0.000ns fall@5.156ns period=10.312ns})
  Path Group:             (none)
  Path Type:              Hold (Min at Fast Process Corner)
  Data Path Delay:        0.162ns  (logic 0.085ns (52.454%)  route 0.077ns (47.546%))
  Logic Levels:           0  
  Clock Path Skew:        0.198ns (DCD - SCD - CPR)
    Destination Clock Delay (DCD):    2.038ns
    Source Clock Delay      (SCD):    1.841ns
    Clock Pessimism Removal (CPR):    -0.000ns
  Clock Uncertainty:      0.159ns  ((TSJ^2 + DJ^2)^1/2) / 2 + PE
    Total System Jitter     (TSJ):    0.071ns
    Discrete Jitter          (DJ):    0.310ns
    Phase Error              (PE):    0.000ns
  Clock Net Delay (Source):      1.690ns (routing 0.940ns, distribution 0.750ns)
  Clock Net Delay (Destination): 1.851ns (routing 1.033ns, distribution 0.818ns)
  Timing Exception:       False Path

    Location             Delay type                Incr(ns)  Path(ns)    Netlist Resource(s)
  -------------------------------------------------------------------    -------------------
                         (clock clk_pl_0 rise edge)
                                                      0.000     0.000 r  
    PS8_X0Y0             PS8                          0.000     0.000 r  mixer_i/zynq_ultra_ps_e_0/inst/PS8_i/PLCLK[0]
                         net (fo=1, routed)           0.129     0.129    mixer_i/zynq_ultra_ps_e_0/inst/pl_clk_unbuffered[0]
    BUFG_PS_X0Y90        BUFG_PS (Prop_BUFG_PS_I_O)
                                                      0.022     0.151 r  mixer_i/zynq_ultra_ps_e_0/inst/buffer_pl_clk_0.PL_CLK_0_BUFG/O
    X1Y1 (CLOCK_ROOT)    net (fo=19371, routed)       1.690     1.841    mixer_i/system_ila_0/inst/ila_lib/inst/ila_core_inst/u_ila_cap_ctrl/u_cap_addrgen/s_dclk_o
    SLICE_X42Y73         FDRE                                         r  mixer_i/system_ila_0/inst/ila_lib/inst/ila_core_inst/u_ila_cap_ctrl/u_cap_addrgen/i_o_to_64k.cfg_data_vec_reg[7]/C
  -------------------------------------------------------------------    -------------------
    SLICE_X42Y73         FDRE (Prop_AFF2_SLICEL_C_Q)
                                                      0.085     1.926 r  mixer_i/system_ila_0/inst/ila_lib/inst/ila_core_inst/u_ila_cap_ctrl/u_cap_addrgen/i_o_to_64k.cfg_data_vec_reg[7]/Q
                         net (fo=2, routed)           0.077     2.003    mixer_i/system_ila_0/inst/ila_lib/inst/ila_core_inst/u_ila_cap_ctrl/u_cap_addrgen/cfg_data_vec[7]
    SLICE_X42Y73         FDRE                                         r  mixer_i/system_ila_0/inst/ila_lib/inst/ila_core_inst/u_ila_cap_ctrl/u_cap_addrgen/cfg_data_vec_sync1_reg[7]/D
  -------------------------------------------------------------------    -------------------

                         (clock clk_pl_0 rise edge)
                                                      0.000     0.000 r  
    PS8_X0Y0             PS8                          0.000     0.000 r  mixer_i/zynq_ultra_ps_e_0/inst/PS8_i/PLCLK[0]
                         net (fo=1, routed)           0.164     0.164    mixer_i/zynq_ultra_ps_e_0/inst/pl_clk_unbuffered[0]
    BUFG_PS_X0Y90        BUFG_PS (Prop_BUFG_PS_I_O)
                                                      0.023     0.187 r  mixer_i/zynq_ultra_ps_e_0/inst/buffer_pl_clk_0.PL_CLK_0_BUFG/O
    X1Y1 (CLOCK_ROOT)    net (fo=19371, routed)       1.851     2.038    mixer_i/system_ila_0/inst/ila_lib/inst/ila_core_inst/u_ila_cap_ctrl/u_cap_addrgen/DESIGN_CLK_I
    SLICE_X42Y73         FDRE                                         r  mixer_i/system_ila_0/inst/ila_lib/inst/ila_core_inst/u_ila_cap_ctrl/u_cap_addrgen/cfg_data_vec_sync1_reg[7]/C

Slack:                    inf
  Source:                 mixer_i/system_ila_1/inst/ila_lib/inst/ila_core_inst/u_ila_regs/reg_stream_ffd/I_EN_CTL_EQ1.U_CTL/xsdb_reg_reg[11]/C
                            (rising edge-triggered cell FDRE clocked by clk_pl_0  {rise@0.000ns fall@5.156ns period=10.312ns})
  Destination:            mixer_i/system_ila_1/inst/ila_lib/inst/ila_core_inst/debug_data_in_sync1_reg[11]/D
                            (rising edge-triggered cell FDRE clocked by clk_pl_0  {rise@0.000ns fall@5.156ns period=10.312ns})
  Path Group:             (none)
  Path Type:              Hold (Min at Fast Process Corner)
  Data Path Delay:        0.122ns  (logic 0.084ns (69.059%)  route 0.038ns (30.942%))
  Logic Levels:           0  
  Clock Path Skew:        0.200ns (DCD - SCD - CPR)
    Destination Clock Delay (DCD):    2.083ns
    Source Clock Delay      (SCD):    1.884ns
    Clock Pessimism Removal (CPR):    -0.000ns
  Clock Uncertainty:      0.159ns  ((TSJ^2 + DJ^2)^1/2) / 2 + PE
    Total System Jitter     (TSJ):    0.071ns
    Discrete Jitter          (DJ):    0.310ns
    Phase Error              (PE):    0.000ns
  Clock Net Delay (Source):      1.733ns (routing 0.940ns, distribution 0.793ns)
  Clock Net Delay (Destination): 1.896ns (routing 1.033ns, distribution 0.863ns)
  Timing Exception:       False Path

    Location             Delay type                Incr(ns)  Path(ns)    Netlist Resource(s)
  -------------------------------------------------------------------    -------------------
                         (clock clk_pl_0 rise edge)
                                                      0.000     0.000 r  
    PS8_X0Y0             PS8                          0.000     0.000 r  mixer_i/zynq_ultra_ps_e_0/inst/PS8_i/PLCLK[0]
                         net (fo=1, routed)           0.129     0.129    mixer_i/zynq_ultra_ps_e_0/inst/pl_clk_unbuffered[0]
    BUFG_PS_X0Y90        BUFG_PS (Prop_BUFG_PS_I_O)
                                                      0.022     0.151 r  mixer_i/zynq_ultra_ps_e_0/inst/buffer_pl_clk_0.PL_CLK_0_BUFG/O
    X1Y1 (CLOCK_ROOT)    net (fo=19371, routed)       1.733     1.884    mixer_i/system_ila_1/inst/ila_lib/inst/ila_core_inst/u_ila_regs/reg_stream_ffd/I_EN_CTL_EQ1.U_CTL/s_dclk_i
    SLICE_X49Y86         FDRE                                         r  mixer_i/system_ila_1/inst/ila_lib/inst/ila_core_inst/u_ila_regs/reg_stream_ffd/I_EN_CTL_EQ1.U_CTL/xsdb_reg_reg[11]/C
  -------------------------------------------------------------------    -------------------
    SLICE_X49Y86         FDRE (Prop_HFF_SLICEL_C_Q)
                                                      0.084     1.968 r  mixer_i/system_ila_1/inst/ila_lib/inst/ila_core_inst/u_ila_regs/reg_stream_ffd/I_EN_CTL_EQ1.U_CTL/xsdb_reg_reg[11]/Q
                         net (fo=2, routed)           0.038     2.005    mixer_i/system_ila_1/inst/ila_lib/inst/ila_core_inst/debug_data_in[11]
    SLICE_X49Y86         FDRE                                         r  mixer_i/system_ila_1/inst/ila_lib/inst/ila_core_inst/debug_data_in_sync1_reg[11]/D
  -------------------------------------------------------------------    -------------------

                         (clock clk_pl_0 rise edge)
                                                      0.000     0.000 r  
    PS8_X0Y0             PS8                          0.000     0.000 r  mixer_i/zynq_ultra_ps_e_0/inst/PS8_i/PLCLK[0]
                         net (fo=1, routed)           0.164     0.164    mixer_i/zynq_ultra_ps_e_0/inst/pl_clk_unbuffered[0]
    BUFG_PS_X0Y90        BUFG_PS (Prop_BUFG_PS_I_O)
                                                      0.023     0.187 r  mixer_i/zynq_ultra_ps_e_0/inst/buffer_pl_clk_0.PL_CLK_0_BUFG/O
    X1Y1 (CLOCK_ROOT)    net (fo=19371, routed)       1.896     2.083    mixer_i/system_ila_1/inst/ila_lib/inst/ila_core_inst/DESIGN_CLK_I
    SLICE_X49Y86         FDRE                                         r  mixer_i/system_ila_1/inst/ila_lib/inst/ila_core_inst/debug_data_in_sync1_reg[11]/C

Slack:                    inf
  Source:                 mixer_i/system_ila_0/inst/ila_lib/inst/ila_core_inst/u_ila_cap_ctrl/u_cap_addrgen/i_o_to_64k.cfg_data_vec_reg[1]/C
                            (rising edge-triggered cell FDRE clocked by clk_pl_0  {rise@0.000ns fall@5.156ns period=10.312ns})
  Destination:            mixer_i/system_ila_0/inst/ila_lib/inst/ila_core_inst/u_ila_cap_ctrl/u_cap_addrgen/cfg_data_vec_sync1_reg[1]/D
                            (rising edge-triggered cell FDRE clocked by clk_pl_0  {rise@0.000ns fall@5.156ns period=10.312ns})
  Path Group:             (none)
  Path Type:              Hold (Min at Fast Process Corner)
  Data Path Delay:        0.155ns  (logic 0.084ns (54.321%)  route 0.071ns (45.679%))
  Logic Levels:           0  
  Clock Path Skew:        0.194ns (DCD - SCD - CPR)
    Destination Clock Delay (DCD):    2.045ns
    Source Clock Delay      (SCD):    1.851ns
    Clock Pessimism Removal (CPR):    -0.000ns
  Clock Uncertainty:      0.159ns  ((TSJ^2 + DJ^2)^1/2) / 2 + PE
    Total System Jitter     (TSJ):    0.071ns
    Discrete Jitter          (DJ):    0.310ns
    Phase Error              (PE):    0.000ns
  Clock Net Delay (Source):      1.700ns (routing 0.940ns, distribution 0.760ns)
  Clock Net Delay (Destination): 1.858ns (routing 1.033ns, distribution 0.825ns)
  Timing Exception:       False Path

    Location             Delay type                Incr(ns)  Path(ns)    Netlist Resource(s)
  -------------------------------------------------------------------    -------------------
                         (clock clk_pl_0 rise edge)
                                                      0.000     0.000 r  
    PS8_X0Y0             PS8                          0.000     0.000 r  mixer_i/zynq_ultra_ps_e_0/inst/PS8_i/PLCLK[0]
                         net (fo=1, routed)           0.129     0.129    mixer_i/zynq_ultra_ps_e_0/inst/pl_clk_unbuffered[0]
    BUFG_PS_X0Y90        BUFG_PS (Prop_BUFG_PS_I_O)
                                                      0.022     0.151 r  mixer_i/zynq_ultra_ps_e_0/inst/buffer_pl_clk_0.PL_CLK_0_BUFG/O
    X1Y1 (CLOCK_ROOT)    net (fo=19371, routed)       1.700     1.851    mixer_i/system_ila_0/inst/ila_lib/inst/ila_core_inst/u_ila_cap_ctrl/u_cap_addrgen/s_dclk_o
    SLICE_X43Y69         FDRE                                         r  mixer_i/system_ila_0/inst/ila_lib/inst/ila_core_inst/u_ila_cap_ctrl/u_cap_addrgen/i_o_to_64k.cfg_data_vec_reg[1]/C
  -------------------------------------------------------------------    -------------------
    SLICE_X43Y69         FDRE (Prop_FFF2_SLICEM_C_Q)
                                                      0.084     1.935 r  mixer_i/system_ila_0/inst/ila_lib/inst/ila_core_inst/u_ila_cap_ctrl/u_cap_addrgen/i_o_to_64k.cfg_data_vec_reg[1]/Q
                         net (fo=2, routed)           0.071     2.006    mixer_i/system_ila_0/inst/ila_lib/inst/ila_core_inst/u_ila_cap_ctrl/u_cap_addrgen/cfg_data_vec[1]
    SLICE_X43Y70         FDRE                                         r  mixer_i/system_ila_0/inst/ila_lib/inst/ila_core_inst/u_ila_cap_ctrl/u_cap_addrgen/cfg_data_vec_sync1_reg[1]/D
  -------------------------------------------------------------------    -------------------

                         (clock clk_pl_0 rise edge)
                                                      0.000     0.000 r  
    PS8_X0Y0             PS8                          0.000     0.000 r  mixer_i/zynq_ultra_ps_e_0/inst/PS8_i/PLCLK[0]
                         net (fo=1, routed)           0.164     0.164    mixer_i/zynq_ultra_ps_e_0/inst/pl_clk_unbuffered[0]
    BUFG_PS_X0Y90        BUFG_PS (Prop_BUFG_PS_I_O)
                                                      0.023     0.187 r  mixer_i/zynq_ultra_ps_e_0/inst/buffer_pl_clk_0.PL_CLK_0_BUFG/O
    X1Y1 (CLOCK_ROOT)    net (fo=19371, routed)       1.858     2.045    mixer_i/system_ila_0/inst/ila_lib/inst/ila_core_inst/u_ila_cap_ctrl/u_cap_addrgen/DESIGN_CLK_I
    SLICE_X43Y70         FDRE                                         r  mixer_i/system_ila_0/inst/ila_lib/inst/ila_core_inst/u_ila_cap_ctrl/u_cap_addrgen/cfg_data_vec_sync1_reg[1]/C

Slack:                    inf
  Source:                 mixer_i/system_ila_0/inst/ila_lib/inst/ila_core_inst/u_ila_reset_ctrl/asyncrounous_transfer.arm_out_transfer_inst/din_reg_reg/C
                            (rising edge-triggered cell FDRE clocked by clk_pl_0  {rise@0.000ns fall@5.156ns period=10.312ns})
  Destination:            mixer_i/system_ila_0/inst/ila_lib/inst/ila_core_inst/u_ila_reset_ctrl/asyncrounous_transfer.arm_out_transfer_inst/dout_reg0_reg/D
                            (rising edge-triggered cell FDRE clocked by clk_pl_0  {rise@0.000ns fall@5.156ns period=10.312ns})
  Path Group:             (none)
  Path Type:              Hold (Min at Fast Process Corner)
  Data Path Delay:        0.144ns  (logic 0.084ns (58.317%)  route 0.060ns (41.683%))
  Logic Levels:           0  
  Clock Path Skew:        0.198ns (DCD - SCD - CPR)
    Destination Clock Delay (DCD):    2.067ns
    Source Clock Delay      (SCD):    1.870ns
    Clock Pessimism Removal (CPR):    -0.000ns
  Clock Uncertainty:      0.159ns  ((TSJ^2 + DJ^2)^1/2) / 2 + PE
    Total System Jitter     (TSJ):    0.071ns
    Discrete Jitter          (DJ):    0.310ns
    Phase Error              (PE):    0.000ns
  Clock Net Delay (Source):      1.719ns (routing 0.940ns, distribution 0.779ns)
  Clock Net Delay (Destination): 1.880ns (routing 1.033ns, distribution 0.847ns)
  Timing Exception:       False Path

    Location             Delay type                Incr(ns)  Path(ns)    Netlist Resource(s)
  -------------------------------------------------------------------    -------------------
                         (clock clk_pl_0 rise edge)
                                                      0.000     0.000 r  
    PS8_X0Y0             PS8                          0.000     0.000 r  mixer_i/zynq_ultra_ps_e_0/inst/PS8_i/PLCLK[0]
                         net (fo=1, routed)           0.129     0.129    mixer_i/zynq_ultra_ps_e_0/inst/pl_clk_unbuffered[0]
    BUFG_PS_X0Y90        BUFG_PS (Prop_BUFG_PS_I_O)
                                                      0.022     0.151 r  mixer_i/zynq_ultra_ps_e_0/inst/buffer_pl_clk_0.PL_CLK_0_BUFG/O
    X1Y1 (CLOCK_ROOT)    net (fo=19371, routed)       1.719     1.870    mixer_i/system_ila_0/inst/ila_lib/inst/ila_core_inst/u_ila_reset_ctrl/asyncrounous_transfer.arm_out_transfer_inst/TCLK_I
    SLICE_X48Y68         FDRE                                         r  mixer_i/system_ila_0/inst/ila_lib/inst/ila_core_inst/u_ila_reset_ctrl/asyncrounous_transfer.arm_out_transfer_inst/din_reg_reg/C
  -------------------------------------------------------------------    -------------------
    SLICE_X48Y68         FDRE (Prop_CFF_SLICEL_C_Q)
                                                      0.084     1.954 r  mixer_i/system_ila_0/inst/ila_lib/inst/ila_core_inst/u_ila_reset_ctrl/asyncrounous_transfer.arm_out_transfer_inst/din_reg_reg/Q
                         net (fo=2, routed)           0.060     2.014    mixer_i/system_ila_0/inst/ila_lib/inst/ila_core_inst/u_ila_reset_ctrl/asyncrounous_transfer.arm_out_transfer_inst/din_reg
    SLICE_X48Y68         FDRE                                         r  mixer_i/system_ila_0/inst/ila_lib/inst/ila_core_inst/u_ila_reset_ctrl/asyncrounous_transfer.arm_out_transfer_inst/dout_reg0_reg/D
  -------------------------------------------------------------------    -------------------

                         (clock clk_pl_0 rise edge)
                                                      0.000     0.000 r  
    PS8_X0Y0             PS8                          0.000     0.000 r  mixer_i/zynq_ultra_ps_e_0/inst/PS8_i/PLCLK[0]
                         net (fo=1, routed)           0.164     0.164    mixer_i/zynq_ultra_ps_e_0/inst/pl_clk_unbuffered[0]
    BUFG_PS_X0Y90        BUFG_PS (Prop_BUFG_PS_I_O)
                                                      0.023     0.187 r  mixer_i/zynq_ultra_ps_e_0/inst/buffer_pl_clk_0.PL_CLK_0_BUFG/O
    X1Y1 (CLOCK_ROOT)    net (fo=19371, routed)       1.880     2.067    mixer_i/system_ila_0/inst/ila_lib/inst/ila_core_inst/u_ila_reset_ctrl/asyncrounous_transfer.arm_out_transfer_inst/RCLK_I
    SLICE_X48Y68         FDRE                                         r  mixer_i/system_ila_0/inst/ila_lib/inst/ila_core_inst/u_ila_reset_ctrl/asyncrounous_transfer.arm_out_transfer_inst/dout_reg0_reg/C

Slack:                    inf
  Source:                 mixer_i/system_ila_0/inst/ila_lib/inst/ila_core_inst/u_ila_regs/reg_stream_ffd/I_EN_CTL_EQ1.U_CTL/xsdb_reg_reg[4]/C
                            (rising edge-triggered cell FDRE clocked by clk_pl_0  {rise@0.000ns fall@5.156ns period=10.312ns})
  Destination:            mixer_i/system_ila_0/inst/ila_lib/inst/ila_core_inst/debug_data_in_sync1_reg[4]/D
                            (rising edge-triggered cell FDRE clocked by clk_pl_0  {rise@0.000ns fall@5.156ns period=10.312ns})
  Path Group:             (none)
  Path Type:              Hold (Min at Fast Process Corner)
  Data Path Delay:        0.153ns  (logic 0.085ns (55.688%)  route 0.068ns (44.312%))
  Logic Levels:           0  
  Clock Path Skew:        0.199ns (DCD - SCD - CPR)
    Destination Clock Delay (DCD):    2.063ns
    Source Clock Delay      (SCD):    1.864ns
    Clock Pessimism Removal (CPR):    -0.000ns
  Clock Uncertainty:      0.159ns  ((TSJ^2 + DJ^2)^1/2) / 2 + PE
    Total System Jitter     (TSJ):    0.071ns
    Discrete Jitter          (DJ):    0.310ns
    Phase Error              (PE):    0.000ns
  Clock Net Delay (Source):      1.713ns (routing 0.940ns, distribution 0.773ns)
  Clock Net Delay (Destination): 1.876ns (routing 1.033ns, distribution 0.843ns)
  Timing Exception:       False Path

    Location             Delay type                Incr(ns)  Path(ns)    Netlist Resource(s)
  -------------------------------------------------------------------    -------------------
                         (clock clk_pl_0 rise edge)
                                                      0.000     0.000 r  
    PS8_X0Y0             PS8                          0.000     0.000 r  mixer_i/zynq_ultra_ps_e_0/inst/PS8_i/PLCLK[0]
                         net (fo=1, routed)           0.129     0.129    mixer_i/zynq_ultra_ps_e_0/inst/pl_clk_unbuffered[0]
    BUFG_PS_X0Y90        BUFG_PS (Prop_BUFG_PS_I_O)
                                                      0.022     0.151 r  mixer_i/zynq_ultra_ps_e_0/inst/buffer_pl_clk_0.PL_CLK_0_BUFG/O
    X1Y1 (CLOCK_ROOT)    net (fo=19371, routed)       1.713     1.864    mixer_i/system_ila_0/inst/ila_lib/inst/ila_core_inst/u_ila_regs/reg_stream_ffd/I_EN_CTL_EQ1.U_CTL/s_dclk_i
    SLICE_X46Y72         FDRE                                         r  mixer_i/system_ila_0/inst/ila_lib/inst/ila_core_inst/u_ila_regs/reg_stream_ffd/I_EN_CTL_EQ1.U_CTL/xsdb_reg_reg[4]/C
  -------------------------------------------------------------------    -------------------
    SLICE_X46Y72         FDRE (Prop_EFF2_SLICEL_C_Q)
                                                      0.085     1.949 r  mixer_i/system_ila_0/inst/ila_lib/inst/ila_core_inst/u_ila_regs/reg_stream_ffd/I_EN_CTL_EQ1.U_CTL/xsdb_reg_reg[4]/Q
                         net (fo=2, routed)           0.068     2.017    mixer_i/system_ila_0/inst/ila_lib/inst/ila_core_inst/debug_data_in[4]
    SLICE_X46Y74         FDRE                                         r  mixer_i/system_ila_0/inst/ila_lib/inst/ila_core_inst/debug_data_in_sync1_reg[4]/D
  -------------------------------------------------------------------    -------------------

                         (clock clk_pl_0 rise edge)
                                                      0.000     0.000 r  
    PS8_X0Y0             PS8                          0.000     0.000 r  mixer_i/zynq_ultra_ps_e_0/inst/PS8_i/PLCLK[0]
                         net (fo=1, routed)           0.164     0.164    mixer_i/zynq_ultra_ps_e_0/inst/pl_clk_unbuffered[0]
    BUFG_PS_X0Y90        BUFG_PS (Prop_BUFG_PS_I_O)
                                                      0.023     0.187 r  mixer_i/zynq_ultra_ps_e_0/inst/buffer_pl_clk_0.PL_CLK_0_BUFG/O
    X1Y1 (CLOCK_ROOT)    net (fo=19371, routed)       1.876     2.063    mixer_i/system_ila_0/inst/ila_lib/inst/ila_core_inst/DESIGN_CLK_I
    SLICE_X46Y74         FDRE                                         r  mixer_i/system_ila_0/inst/ila_lib/inst/ila_core_inst/debug_data_in_sync1_reg[4]/C

Slack:                    inf
  Source:                 mixer_i/system_ila_0/inst/ila_lib/inst/ila_core_inst/u_ila_cap_ctrl/u_cap_addrgen/i_o_to_64k.cfg_data_vec_reg[5]/C
                            (rising edge-triggered cell FDRE clocked by clk_pl_0  {rise@0.000ns fall@5.156ns period=10.312ns})
  Destination:            mixer_i/system_ila_0/inst/ila_lib/inst/ila_core_inst/u_ila_cap_ctrl/u_cap_addrgen/cfg_data_vec_sync1_reg[5]/D
                            (rising edge-triggered cell FDRE clocked by clk_pl_0  {rise@0.000ns fall@5.156ns period=10.312ns})
  Path Group:             (none)
  Path Type:              Hold (Min at Fast Process Corner)
  Data Path Delay:        0.176ns  (logic 0.083ns (47.068%)  route 0.093ns (52.932%))
  Logic Levels:           0  
  Clock Path Skew:        0.192ns (DCD - SCD - CPR)
    Destination Clock Delay (DCD):    2.035ns
    Source Clock Delay      (SCD):    1.844ns
    Clock Pessimism Removal (CPR):    -0.000ns
  Clock Uncertainty:      0.159ns  ((TSJ^2 + DJ^2)^1/2) / 2 + PE
    Total System Jitter     (TSJ):    0.071ns
    Discrete Jitter          (DJ):    0.310ns
    Phase Error              (PE):    0.000ns
  Clock Net Delay (Source):      1.693ns (routing 0.940ns, distribution 0.753ns)
  Clock Net Delay (Destination): 1.848ns (routing 1.033ns, distribution 0.815ns)
  Timing Exception:       False Path

    Location             Delay type                Incr(ns)  Path(ns)    Netlist Resource(s)
  -------------------------------------------------------------------    -------------------
                         (clock clk_pl_0 rise edge)
                                                      0.000     0.000 r  
    PS8_X0Y0             PS8                          0.000     0.000 r  mixer_i/zynq_ultra_ps_e_0/inst/PS8_i/PLCLK[0]
                         net (fo=1, routed)           0.129     0.129    mixer_i/zynq_ultra_ps_e_0/inst/pl_clk_unbuffered[0]
    BUFG_PS_X0Y90        BUFG_PS (Prop_BUFG_PS_I_O)
                                                      0.022     0.151 r  mixer_i/zynq_ultra_ps_e_0/inst/buffer_pl_clk_0.PL_CLK_0_BUFG/O
    X1Y1 (CLOCK_ROOT)    net (fo=19371, routed)       1.693     1.844    mixer_i/system_ila_0/inst/ila_lib/inst/ila_core_inst/u_ila_cap_ctrl/u_cap_addrgen/s_dclk_o
    SLICE_X42Y70         FDRE                                         r  mixer_i/system_ila_0/inst/ila_lib/inst/ila_core_inst/u_ila_cap_ctrl/u_cap_addrgen/i_o_to_64k.cfg_data_vec_reg[5]/C
  -------------------------------------------------------------------    -------------------
    SLICE_X42Y70         FDRE (Prop_FFF_SLICEL_C_Q)
                                                      0.083     1.927 r  mixer_i/system_ila_0/inst/ila_lib/inst/ila_core_inst/u_ila_cap_ctrl/u_cap_addrgen/i_o_to_64k.cfg_data_vec_reg[5]/Q
                         net (fo=2, routed)           0.093     2.020    mixer_i/system_ila_0/inst/ila_lib/inst/ila_core_inst/u_ila_cap_ctrl/u_cap_addrgen/cfg_data_vec[5]
    SLICE_X42Y70         FDRE                                         r  mixer_i/system_ila_0/inst/ila_lib/inst/ila_core_inst/u_ila_cap_ctrl/u_cap_addrgen/cfg_data_vec_sync1_reg[5]/D
  -------------------------------------------------------------------    -------------------

                         (clock clk_pl_0 rise edge)
                                                      0.000     0.000 r  
    PS8_X0Y0             PS8                          0.000     0.000 r  mixer_i/zynq_ultra_ps_e_0/inst/PS8_i/PLCLK[0]
                         net (fo=1, routed)           0.164     0.164    mixer_i/zynq_ultra_ps_e_0/inst/pl_clk_unbuffered[0]
    BUFG_PS_X0Y90        BUFG_PS (Prop_BUFG_PS_I_O)
                                                      0.023     0.187 r  mixer_i/zynq_ultra_ps_e_0/inst/buffer_pl_clk_0.PL_CLK_0_BUFG/O
    X1Y1 (CLOCK_ROOT)    net (fo=19371, routed)       1.848     2.035    mixer_i/system_ila_0/inst/ila_lib/inst/ila_core_inst/u_ila_cap_ctrl/u_cap_addrgen/DESIGN_CLK_I
    SLICE_X42Y70         FDRE                                         r  mixer_i/system_ila_0/inst/ila_lib/inst/ila_core_inst/u_ila_cap_ctrl/u_cap_addrgen/cfg_data_vec_sync1_reg[5]/C

Slack:                    inf
  Source:                 mixer_i/system_ila_0/inst/ila_lib/inst/ila_core_inst/u_ila_cap_ctrl/u_cap_addrgen/captured_samples_reg[9]/C
                            (rising edge-triggered cell FDRE clocked by clk_pl_0  {rise@0.000ns fall@5.156ns period=10.312ns})
  Destination:            mixer_i/system_ila_0/inst/ila_lib/inst/ila_core_inst/u_ila_regs/reg_9/I_EN_STAT_EQ1.U_STAT/xsdb_reg_reg[9]/D
                            (rising edge-triggered cell FDRE clocked by clk_pl_0  {rise@0.000ns fall@5.156ns period=10.312ns})
  Path Group:             (none)
  Path Type:              Hold (Min at Fast Process Corner)
  Data Path Delay:        0.149ns  (logic 0.083ns (55.705%)  route 0.066ns (44.295%))
  Logic Levels:           0  
  Clock Path Skew:        0.197ns (DCD - SCD - CPR)
    Destination Clock Delay (DCD):    2.073ns
    Source Clock Delay      (SCD):    1.876ns
    Clock Pessimism Removal (CPR):    -0.000ns
  Clock Uncertainty:      0.159ns  ((TSJ^2 + DJ^2)^1/2) / 2 + PE
    Total System Jitter     (TSJ):    0.071ns
    Discrete Jitter          (DJ):    0.310ns
    Phase Error              (PE):    0.000ns
  Clock Net Delay (Source):      1.725ns (routing 0.940ns, distribution 0.785ns)
  Clock Net Delay (Destination): 1.886ns (routing 1.033ns, distribution 0.853ns)
  Timing Exception:       False Path

    Location             Delay type                Incr(ns)  Path(ns)    Netlist Resource(s)
  -------------------------------------------------------------------    -------------------
                         (clock clk_pl_0 rise edge)
                                                      0.000     0.000 r  
    PS8_X0Y0             PS8                          0.000     0.000 r  mixer_i/zynq_ultra_ps_e_0/inst/PS8_i/PLCLK[0]
                         net (fo=1, routed)           0.129     0.129    mixer_i/zynq_ultra_ps_e_0/inst/pl_clk_unbuffered[0]
    BUFG_PS_X0Y90        BUFG_PS (Prop_BUFG_PS_I_O)
                                                      0.022     0.151 r  mixer_i/zynq_ultra_ps_e_0/inst/buffer_pl_clk_0.PL_CLK_0_BUFG/O
    X1Y1 (CLOCK_ROOT)    net (fo=19371, routed)       1.725     1.876    mixer_i/system_ila_0/inst/ila_lib/inst/ila_core_inst/u_ila_cap_ctrl/u_cap_addrgen/DESIGN_CLK_I
    SLICE_X45Y69         FDRE                                         r  mixer_i/system_ila_0/inst/ila_lib/inst/ila_core_inst/u_ila_cap_ctrl/u_cap_addrgen/captured_samples_reg[9]/C
  -------------------------------------------------------------------    -------------------
    SLICE_X45Y69         FDRE (Prop_HFF2_SLICEM_C_Q)
                                                      0.083     1.959 r  mixer_i/system_ila_0/inst/ila_lib/inst/ila_core_inst/u_ila_cap_ctrl/u_cap_addrgen/captured_samples_reg[9]/Q
                         net (fo=1, routed)           0.066     2.025    mixer_i/system_ila_0/inst/ila_lib/inst/ila_core_inst/u_ila_regs/reg_9/I_EN_STAT_EQ1.U_STAT/din_i[9]
    SLICE_X45Y70         FDRE                                         r  mixer_i/system_ila_0/inst/ila_lib/inst/ila_core_inst/u_ila_regs/reg_9/I_EN_STAT_EQ1.U_STAT/xsdb_reg_reg[9]/D
  -------------------------------------------------------------------    -------------------

                         (clock clk_pl_0 rise edge)
                                                      0.000     0.000 r  
    PS8_X0Y0             PS8                          0.000     0.000 r  mixer_i/zynq_ultra_ps_e_0/inst/PS8_i/PLCLK[0]
                         net (fo=1, routed)           0.164     0.164    mixer_i/zynq_ultra_ps_e_0/inst/pl_clk_unbuffered[0]
    BUFG_PS_X0Y90        BUFG_PS (Prop_BUFG_PS_I_O)
                                                      0.023     0.187 r  mixer_i/zynq_ultra_ps_e_0/inst/buffer_pl_clk_0.PL_CLK_0_BUFG/O
    X1Y1 (CLOCK_ROOT)    net (fo=19371, routed)       1.886     2.073    mixer_i/system_ila_0/inst/ila_lib/inst/ila_core_inst/u_ila_regs/reg_9/I_EN_STAT_EQ1.U_STAT/s_dclk_i
    SLICE_X45Y70         FDRE                                         r  mixer_i/system_ila_0/inst/ila_lib/inst/ila_core_inst/u_ila_regs/reg_9/I_EN_STAT_EQ1.U_STAT/xsdb_reg_reg[9]/C





--------------------------------------------------------------------------------------
Path Group:  (none)
From Clock:  dbg_hub/inst/BSCANID.u_xsdbm_id/SWITCH_N_EXT_BSCAN.bscan_inst/SERIES7_BSCAN.bscan_inst/INTERNAL_TCK
  To Clock:  clk_pl_0

Max Delay            79 Endpoints
Min Delay            87 Endpoints
--------------------------------------------------------------------------------------


Max Delay Paths
--------------------------------------------------------------------------------------
Slack:                    inf
  Source:                 dbg_hub/inst/BSCANID.u_xsdbm_id/CORE_XSDB.UUT_MASTER/U_ICON_INTERFACE/U_CMD6_WR/U_WR_FIFO/SUBCORE_FIFO.xsdbm_v3_0_0_wrfifo_inst/inst_fifo_gen/gconvfifo.rf/grf.rf/gntv_or_sync_fifo.mem/gdm.dm_gen.dm/RAM_reg_0_15_0_13/RAMF/CLK
                            (rising edge-triggered cell RAMD32 clocked by dbg_hub/inst/BSCANID.u_xsdbm_id/SWITCH_N_EXT_BSCAN.bscan_inst/SERIES7_BSCAN.bscan_inst/INTERNAL_TCK  {rise@0.000ns fall@25.000ns period=50.000ns})
  Destination:            dbg_hub/inst/BSCANID.u_xsdbm_id/CORE_XSDB.UUT_MASTER/U_ICON_INTERFACE/U_CMD6_WR/U_WR_FIFO/SUBCORE_FIFO.xsdbm_v3_0_0_wrfifo_inst/inst_fifo_gen/gconvfifo.rf/grf.rf/gntv_or_sync_fifo.mem/gdm.dm_gen.dm/gpr1.dout_i_reg[10]/D
                            (rising edge-triggered cell FDRE clocked by clk_pl_0  {rise@0.000ns fall@5.156ns period=10.312ns})
  Path Group:             (none)
  Path Type:              Setup (Max at Slow Process Corner)
  Data Path Delay:        0.921ns  (logic 0.417ns (45.277%)  route 0.504ns (54.723%))
  Logic Levels:           0  
  Clock Path Skew:        -5.995ns (DCD - SCD + CPR)
    Destination Clock Delay (DCD):    3.090ns
    Source Clock Delay      (SCD):    9.085ns
    Clock Pessimism Removal (CPR):    0.000ns
  Clock Uncertainty:      0.159ns  ((TSJ^2 + DJ^2)^1/2) / 2 + PE
    Total System Jitter     (TSJ):    0.071ns
    Discrete Jitter          (DJ):    0.310ns
    Phase Error              (PE):    0.000ns
  Clock Net Delay (Source):      2.610ns (routing 1.467ns, distribution 1.143ns)
  Clock Net Delay (Destination): 2.874ns (routing 1.538ns, distribution 1.336ns)
  Timing Exception:       False Path

    Location             Delay type                Incr(ns)  Path(ns)    Netlist Resource(s)
  -------------------------------------------------------------------    -------------------
                         (clock dbg_hub/inst/BSCANID.u_xsdbm_id/SWITCH_N_EXT_BSCAN.bscan_inst/SERIES7_BSCAN.bscan_inst/INTERNAL_TCK rise edge)
                                                      0.000     0.000 r  
    CONFIG_SITE_X0Y0     BSCANE2                      0.000     0.000 r  dbg_hub/inst/BSCANID.u_xsdbm_id/SWITCH_N_EXT_BSCAN.bscan_inst/SERIES7_BSCAN.bscan_inst/INTERNAL_TCK
    CONFIG_SITE_X0Y0     BSCANE2 (Prop_BSCAN1_CONFIG_SITE_INTERNAL_TCK_TCK)
                                                      4.800     4.800 r  dbg_hub/inst/BSCANID.u_xsdbm_id/SWITCH_N_EXT_BSCAN.bscan_inst/SERIES7_BSCAN.bscan_inst/TCK
                         net (fo=1, routed)           1.631     6.431    dbg_hub/inst/BSCANID.u_xsdbm_id/tck_bs
    BUFGCE_X0Y76         BUFGCE (Prop_BUFCE_BUFGCE_I_O)
                                                      0.044     6.475 r  dbg_hub/inst/BSCANID.u_xsdbm_id/SWITCH_N_EXT_BSCAN.u_bufg_icon_tck/O
    X2Y1 (CLOCK_ROOT)    net (fo=482, routed)         2.610     9.085    dbg_hub/inst/BSCANID.u_xsdbm_id/CORE_XSDB.UUT_MASTER/U_ICON_INTERFACE/U_CMD6_WR/U_WR_FIFO/SUBCORE_FIFO.xsdbm_v3_0_0_wrfifo_inst/inst_fifo_gen/gconvfifo.rf/grf.rf/gntv_or_sync_fifo.mem/gdm.dm_gen.dm/RAM_reg_0_15_0_13/WCLK
    SLICE_X58Y85         RAMD32                                       r  dbg_hub/inst/BSCANID.u_xsdbm_id/CORE_XSDB.UUT_MASTER/U_ICON_INTERFACE/U_CMD6_WR/U_WR_FIFO/SUBCORE_FIFO.xsdbm_v3_0_0_wrfifo_inst/inst_fifo_gen/gconvfifo.rf/grf.rf/gntv_or_sync_fifo.mem/gdm.dm_gen.dm/RAM_reg_0_15_0_13/RAMF/CLK
  -------------------------------------------------------------------    -------------------
    SLICE_X58Y85         RAMD32 (Prop_F5LUT_SLICEM_CLK_O)
                                                      0.417     9.502 r  dbg_hub/inst/BSCANID.u_xsdbm_id/CORE_XSDB.UUT_MASTER/U_ICON_INTERFACE/U_CMD6_WR/U_WR_FIFO/SUBCORE_FIFO.xsdbm_v3_0_0_wrfifo_inst/inst_fifo_gen/gconvfifo.rf/grf.rf/gntv_or_sync_fifo.mem/gdm.dm_gen.dm/RAM_reg_0_15_0_13/RAMF/O
                         net (fo=1, routed)           0.504    10.006    dbg_hub/inst/BSCANID.u_xsdbm_id/CORE_XSDB.UUT_MASTER/U_ICON_INTERFACE/U_CMD6_WR/U_WR_FIFO/SUBCORE_FIFO.xsdbm_v3_0_0_wrfifo_inst/inst_fifo_gen/gconvfifo.rf/grf.rf/gntv_or_sync_fifo.mem/gdm.dm_gen.dm/dout_i0[10]
    SLICE_X55Y85         FDRE                                         r  dbg_hub/inst/BSCANID.u_xsdbm_id/CORE_XSDB.UUT_MASTER/U_ICON_INTERFACE/U_CMD6_WR/U_WR_FIFO/SUBCORE_FIFO.xsdbm_v3_0_0_wrfifo_inst/inst_fifo_gen/gconvfifo.rf/grf.rf/gntv_or_sync_fifo.mem/gdm.dm_gen.dm/gpr1.dout_i_reg[10]/D
  -------------------------------------------------------------------    -------------------

                         (clock clk_pl_0 rise edge)
                                                      0.000     0.000 r  
    PS8_X0Y0             PS8                          0.000     0.000 r  mixer_i/zynq_ultra_ps_e_0/inst/PS8_i/PLCLK[0]
                         net (fo=1, routed)           0.181     0.181    mixer_i/zynq_ultra_ps_e_0/inst/pl_clk_unbuffered[0]
    BUFG_PS_X0Y90        BUFG_PS (Prop_BUFG_PS_I_O)
                                                      0.035     0.216 r  mixer_i/zynq_ultra_ps_e_0/inst/buffer_pl_clk_0.PL_CLK_0_BUFG/O
    X1Y1 (CLOCK_ROOT)    net (fo=19371, routed)       2.874     3.090    dbg_hub/inst/BSCANID.u_xsdbm_id/CORE_XSDB.UUT_MASTER/U_ICON_INTERFACE/U_CMD6_WR/U_WR_FIFO/SUBCORE_FIFO.xsdbm_v3_0_0_wrfifo_inst/inst_fifo_gen/gconvfifo.rf/grf.rf/gntv_or_sync_fifo.mem/gdm.dm_gen.dm/rd_clk
    SLICE_X55Y85         FDRE                                         r  dbg_hub/inst/BSCANID.u_xsdbm_id/CORE_XSDB.UUT_MASTER/U_ICON_INTERFACE/U_CMD6_WR/U_WR_FIFO/SUBCORE_FIFO.xsdbm_v3_0_0_wrfifo_inst/inst_fifo_gen/gconvfifo.rf/grf.rf/gntv_or_sync_fifo.mem/gdm.dm_gen.dm/gpr1.dout_i_reg[10]/C

Slack:                    inf
  Source:                 dbg_hub/inst/BSCANID.u_xsdbm_id/CORE_XSDB.UUT_MASTER/U_ICON_INTERFACE/U_CMD6_WR/U_WR_FIFO/SUBCORE_FIFO.xsdbm_v3_0_0_wrfifo_inst/inst_fifo_gen/gconvfifo.rf/grf.rf/gntv_or_sync_fifo.mem/gdm.dm_gen.dm/RAM_reg_0_15_0_13/RAMA_D1/CLK
                            (rising edge-triggered cell RAMD32 clocked by dbg_hub/inst/BSCANID.u_xsdbm_id/SWITCH_N_EXT_BSCAN.bscan_inst/SERIES7_BSCAN.bscan_inst/INTERNAL_TCK  {rise@0.000ns fall@25.000ns period=50.000ns})
  Destination:            dbg_hub/inst/BSCANID.u_xsdbm_id/CORE_XSDB.UUT_MASTER/U_ICON_INTERFACE/U_CMD6_WR/U_WR_FIFO/SUBCORE_FIFO.xsdbm_v3_0_0_wrfifo_inst/inst_fifo_gen/gconvfifo.rf/grf.rf/gntv_or_sync_fifo.mem/gdm.dm_gen.dm/gpr1.dout_i_reg[1]/D
                            (rising edge-triggered cell FDRE clocked by clk_pl_0  {rise@0.000ns fall@5.156ns period=10.312ns})
  Path Group:             (none)
  Path Type:              Setup (Max at Slow Process Corner)
  Data Path Delay:        0.842ns  (logic 0.430ns (51.069%)  route 0.412ns (48.931%))
  Logic Levels:           0  
  Clock Path Skew:        -5.992ns (DCD - SCD + CPR)
    Destination Clock Delay (DCD):    3.093ns
    Source Clock Delay      (SCD):    9.085ns
    Clock Pessimism Removal (CPR):    0.000ns
  Clock Uncertainty:      0.159ns  ((TSJ^2 + DJ^2)^1/2) / 2 + PE
    Total System Jitter     (TSJ):    0.071ns
    Discrete Jitter          (DJ):    0.310ns
    Phase Error              (PE):    0.000ns
  Clock Net Delay (Source):      2.610ns (routing 1.467ns, distribution 1.143ns)
  Clock Net Delay (Destination): 2.877ns (routing 1.538ns, distribution 1.339ns)
  Timing Exception:       False Path

    Location             Delay type                Incr(ns)  Path(ns)    Netlist Resource(s)
  -------------------------------------------------------------------    -------------------
                         (clock dbg_hub/inst/BSCANID.u_xsdbm_id/SWITCH_N_EXT_BSCAN.bscan_inst/SERIES7_BSCAN.bscan_inst/INTERNAL_TCK rise edge)
                                                      0.000     0.000 r  
    CONFIG_SITE_X0Y0     BSCANE2                      0.000     0.000 r  dbg_hub/inst/BSCANID.u_xsdbm_id/SWITCH_N_EXT_BSCAN.bscan_inst/SERIES7_BSCAN.bscan_inst/INTERNAL_TCK
    CONFIG_SITE_X0Y0     BSCANE2 (Prop_BSCAN1_CONFIG_SITE_INTERNAL_TCK_TCK)
                                                      4.800     4.800 r  dbg_hub/inst/BSCANID.u_xsdbm_id/SWITCH_N_EXT_BSCAN.bscan_inst/SERIES7_BSCAN.bscan_inst/TCK
                         net (fo=1, routed)           1.631     6.431    dbg_hub/inst/BSCANID.u_xsdbm_id/tck_bs
    BUFGCE_X0Y76         BUFGCE (Prop_BUFCE_BUFGCE_I_O)
                                                      0.044     6.475 r  dbg_hub/inst/BSCANID.u_xsdbm_id/SWITCH_N_EXT_BSCAN.u_bufg_icon_tck/O
    X2Y1 (CLOCK_ROOT)    net (fo=482, routed)         2.610     9.085    dbg_hub/inst/BSCANID.u_xsdbm_id/CORE_XSDB.UUT_MASTER/U_ICON_INTERFACE/U_CMD6_WR/U_WR_FIFO/SUBCORE_FIFO.xsdbm_v3_0_0_wrfifo_inst/inst_fifo_gen/gconvfifo.rf/grf.rf/gntv_or_sync_fifo.mem/gdm.dm_gen.dm/RAM_reg_0_15_0_13/WCLK
    SLICE_X58Y85         RAMD32                                       r  dbg_hub/inst/BSCANID.u_xsdbm_id/CORE_XSDB.UUT_MASTER/U_ICON_INTERFACE/U_CMD6_WR/U_WR_FIFO/SUBCORE_FIFO.xsdbm_v3_0_0_wrfifo_inst/inst_fifo_gen/gconvfifo.rf/grf.rf/gntv_or_sync_fifo.mem/gdm.dm_gen.dm/RAM_reg_0_15_0_13/RAMA_D1/CLK
  -------------------------------------------------------------------    -------------------
    SLICE_X58Y85         RAMD32 (Prop_A6LUT_SLICEM_CLK_O)
                                                      0.430     9.515 r  dbg_hub/inst/BSCANID.u_xsdbm_id/CORE_XSDB.UUT_MASTER/U_ICON_INTERFACE/U_CMD6_WR/U_WR_FIFO/SUBCORE_FIFO.xsdbm_v3_0_0_wrfifo_inst/inst_fifo_gen/gconvfifo.rf/grf.rf/gntv_or_sync_fifo.mem/gdm.dm_gen.dm/RAM_reg_0_15_0_13/RAMA_D1/O
                         net (fo=1, routed)           0.412     9.927    dbg_hub/inst/BSCANID.u_xsdbm_id/CORE_XSDB.UUT_MASTER/U_ICON_INTERFACE/U_CMD6_WR/U_WR_FIFO/SUBCORE_FIFO.xsdbm_v3_0_0_wrfifo_inst/inst_fifo_gen/gconvfifo.rf/grf.rf/gntv_or_sync_fifo.mem/gdm.dm_gen.dm/dout_i0[1]
    SLICE_X55Y82         FDRE                                         r  dbg_hub/inst/BSCANID.u_xsdbm_id/CORE_XSDB.UUT_MASTER/U_ICON_INTERFACE/U_CMD6_WR/U_WR_FIFO/SUBCORE_FIFO.xsdbm_v3_0_0_wrfifo_inst/inst_fifo_gen/gconvfifo.rf/grf.rf/gntv_or_sync_fifo.mem/gdm.dm_gen.dm/gpr1.dout_i_reg[1]/D
  -------------------------------------------------------------------    -------------------

                         (clock clk_pl_0 rise edge)
                                                      0.000     0.000 r  
    PS8_X0Y0             PS8                          0.000     0.000 r  mixer_i/zynq_ultra_ps_e_0/inst/PS8_i/PLCLK[0]
                         net (fo=1, routed)           0.181     0.181    mixer_i/zynq_ultra_ps_e_0/inst/pl_clk_unbuffered[0]
    BUFG_PS_X0Y90        BUFG_PS (Prop_BUFG_PS_I_O)
                                                      0.035     0.216 r  mixer_i/zynq_ultra_ps_e_0/inst/buffer_pl_clk_0.PL_CLK_0_BUFG/O
    X1Y1 (CLOCK_ROOT)    net (fo=19371, routed)       2.877     3.093    dbg_hub/inst/BSCANID.u_xsdbm_id/CORE_XSDB.UUT_MASTER/U_ICON_INTERFACE/U_CMD6_WR/U_WR_FIFO/SUBCORE_FIFO.xsdbm_v3_0_0_wrfifo_inst/inst_fifo_gen/gconvfifo.rf/grf.rf/gntv_or_sync_fifo.mem/gdm.dm_gen.dm/rd_clk
    SLICE_X55Y82         FDRE                                         r  dbg_hub/inst/BSCANID.u_xsdbm_id/CORE_XSDB.UUT_MASTER/U_ICON_INTERFACE/U_CMD6_WR/U_WR_FIFO/SUBCORE_FIFO.xsdbm_v3_0_0_wrfifo_inst/inst_fifo_gen/gconvfifo.rf/grf.rf/gntv_or_sync_fifo.mem/gdm.dm_gen.dm/gpr1.dout_i_reg[1]/C

Slack:                    inf
  Source:                 dbg_hub/inst/BSCANID.u_xsdbm_id/CORE_XSDB.UUT_MASTER/U_ICON_INTERFACE/U_CMD5/shift_reg_in_reg[13]/C
                            (rising edge-triggered cell FDRE clocked by dbg_hub/inst/BSCANID.u_xsdbm_id/SWITCH_N_EXT_BSCAN.bscan_inst/SERIES7_BSCAN.bscan_inst/INTERNAL_TCK  {rise@0.000ns fall@25.000ns period=50.000ns})
  Destination:            dbg_hub/inst/BSCANID.u_xsdbm_id/CORE_XSDB.UUT_MASTER/U_ICON_INTERFACE/U_CMD5/ctl_reg_reg[13]/D
                            (rising edge-triggered cell FDRE clocked by clk_pl_0  {rise@0.000ns fall@5.156ns period=10.312ns})
  Path Group:             (none)
  Path Type:              Setup (Max at Slow Process Corner)
  Data Path Delay:        0.862ns  (logic 0.115ns (13.342%)  route 0.747ns (86.658%))
  Logic Levels:           0  
  Clock Path Skew:        -5.972ns (DCD - SCD + CPR)
    Destination Clock Delay (DCD):    3.087ns
    Source Clock Delay      (SCD):    9.059ns
    Clock Pessimism Removal (CPR):    0.000ns
  Clock Uncertainty:      0.159ns  ((TSJ^2 + DJ^2)^1/2) / 2 + PE
    Total System Jitter     (TSJ):    0.071ns
    Discrete Jitter          (DJ):    0.310ns
    Phase Error              (PE):    0.000ns
  Clock Net Delay (Source):      2.584ns (routing 1.467ns, distribution 1.117ns)
  Clock Net Delay (Destination): 2.871ns (routing 1.538ns, distribution 1.333ns)
  Timing Exception:       False Path

    Location             Delay type                Incr(ns)  Path(ns)    Netlist Resource(s)
  -------------------------------------------------------------------    -------------------
                         (clock dbg_hub/inst/BSCANID.u_xsdbm_id/SWITCH_N_EXT_BSCAN.bscan_inst/SERIES7_BSCAN.bscan_inst/INTERNAL_TCK rise edge)
                                                      0.000     0.000 r  
    CONFIG_SITE_X0Y0     BSCANE2                      0.000     0.000 r  dbg_hub/inst/BSCANID.u_xsdbm_id/SWITCH_N_EXT_BSCAN.bscan_inst/SERIES7_BSCAN.bscan_inst/INTERNAL_TCK
    CONFIG_SITE_X0Y0     BSCANE2 (Prop_BSCAN1_CONFIG_SITE_INTERNAL_TCK_TCK)
                                                      4.800     4.800 r  dbg_hub/inst/BSCANID.u_xsdbm_id/SWITCH_N_EXT_BSCAN.bscan_inst/SERIES7_BSCAN.bscan_inst/TCK
                         net (fo=1, routed)           1.631     6.431    dbg_hub/inst/BSCANID.u_xsdbm_id/tck_bs
    BUFGCE_X0Y76         BUFGCE (Prop_BUFCE_BUFGCE_I_O)
                                                      0.044     6.475 r  dbg_hub/inst/BSCANID.u_xsdbm_id/SWITCH_N_EXT_BSCAN.u_bufg_icon_tck/O
    X2Y1 (CLOCK_ROOT)    net (fo=482, routed)         2.584     9.059    dbg_hub/inst/BSCANID.u_xsdbm_id/CORE_XSDB.UUT_MASTER/U_ICON_INTERFACE/U_CMD5/m_bscan_tck[0]
    SLICE_X56Y72         FDRE                                         r  dbg_hub/inst/BSCANID.u_xsdbm_id/CORE_XSDB.UUT_MASTER/U_ICON_INTERFACE/U_CMD5/shift_reg_in_reg[13]/C
  -------------------------------------------------------------------    -------------------
    SLICE_X56Y72         FDRE (Prop_DFF2_SLICEL_C_Q)
                                                      0.115     9.174 r  dbg_hub/inst/BSCANID.u_xsdbm_id/CORE_XSDB.UUT_MASTER/U_ICON_INTERFACE/U_CMD5/shift_reg_in_reg[13]/Q
                         net (fo=2, routed)           0.747     9.921    dbg_hub/inst/BSCANID.u_xsdbm_id/CORE_XSDB.UUT_MASTER/U_ICON_INTERFACE/U_CMD5/shift_reg_in[13]
    SLICE_X57Y74         FDRE                                         r  dbg_hub/inst/BSCANID.u_xsdbm_id/CORE_XSDB.UUT_MASTER/U_ICON_INTERFACE/U_CMD5/ctl_reg_reg[13]/D
  -------------------------------------------------------------------    -------------------

                         (clock clk_pl_0 rise edge)
                                                      0.000     0.000 r  
    PS8_X0Y0             PS8                          0.000     0.000 r  mixer_i/zynq_ultra_ps_e_0/inst/PS8_i/PLCLK[0]
                         net (fo=1, routed)           0.181     0.181    mixer_i/zynq_ultra_ps_e_0/inst/pl_clk_unbuffered[0]
    BUFG_PS_X0Y90        BUFG_PS (Prop_BUFG_PS_I_O)
                                                      0.035     0.216 r  mixer_i/zynq_ultra_ps_e_0/inst/buffer_pl_clk_0.PL_CLK_0_BUFG/O
    X1Y1 (CLOCK_ROOT)    net (fo=19371, routed)       2.871     3.087    dbg_hub/inst/BSCANID.u_xsdbm_id/CORE_XSDB.UUT_MASTER/U_ICON_INTERFACE/U_CMD5/clk
    SLICE_X57Y74         FDRE                                         r  dbg_hub/inst/BSCANID.u_xsdbm_id/CORE_XSDB.UUT_MASTER/U_ICON_INTERFACE/U_CMD5/ctl_reg_reg[13]/C

Slack:                    inf
  Source:                 dbg_hub/inst/BSCANID.u_xsdbm_id/CORE_XSDB.UUT_MASTER/U_ICON_INTERFACE/U_CMD6_WR/U_WR_FIFO/SUBCORE_FIFO.xsdbm_v3_0_0_wrfifo_inst/inst_fifo_gen/gconvfifo.rf/grf.rf/gntv_or_sync_fifo.mem/gdm.dm_gen.dm/RAM_reg_0_15_0_13/RAMD_D1/CLK
                            (rising edge-triggered cell RAMD32 clocked by dbg_hub/inst/BSCANID.u_xsdbm_id/SWITCH_N_EXT_BSCAN.bscan_inst/SERIES7_BSCAN.bscan_inst/INTERNAL_TCK  {rise@0.000ns fall@25.000ns period=50.000ns})
  Destination:            dbg_hub/inst/BSCANID.u_xsdbm_id/CORE_XSDB.UUT_MASTER/U_ICON_INTERFACE/U_CMD6_WR/U_WR_FIFO/SUBCORE_FIFO.xsdbm_v3_0_0_wrfifo_inst/inst_fifo_gen/gconvfifo.rf/grf.rf/gntv_or_sync_fifo.mem/gdm.dm_gen.dm/gpr1.dout_i_reg[7]/D
                            (rising edge-triggered cell FDRE clocked by clk_pl_0  {rise@0.000ns fall@5.156ns period=10.312ns})
  Path Group:             (none)
  Path Type:              Setup (Max at Slow Process Corner)
  Data Path Delay:        0.825ns  (logic 0.426ns (51.636%)  route 0.399ns (48.364%))
  Logic Levels:           0  
  Clock Path Skew:        -6.009ns (DCD - SCD + CPR)
    Destination Clock Delay (DCD):    3.076ns
    Source Clock Delay      (SCD):    9.085ns
    Clock Pessimism Removal (CPR):    0.000ns
  Clock Uncertainty:      0.159ns  ((TSJ^2 + DJ^2)^1/2) / 2 + PE
    Total System Jitter     (TSJ):    0.071ns
    Discrete Jitter          (DJ):    0.310ns
    Phase Error              (PE):    0.000ns
  Clock Net Delay (Source):      2.610ns (routing 1.467ns, distribution 1.143ns)
  Clock Net Delay (Destination): 2.860ns (routing 1.538ns, distribution 1.322ns)
  Timing Exception:       False Path

    Location             Delay type                Incr(ns)  Path(ns)    Netlist Resource(s)
  -------------------------------------------------------------------    -------------------
                         (clock dbg_hub/inst/BSCANID.u_xsdbm_id/SWITCH_N_EXT_BSCAN.bscan_inst/SERIES7_BSCAN.bscan_inst/INTERNAL_TCK rise edge)
                                                      0.000     0.000 r  
    CONFIG_SITE_X0Y0     BSCANE2                      0.000     0.000 r  dbg_hub/inst/BSCANID.u_xsdbm_id/SWITCH_N_EXT_BSCAN.bscan_inst/SERIES7_BSCAN.bscan_inst/INTERNAL_TCK
    CONFIG_SITE_X0Y0     BSCANE2 (Prop_BSCAN1_CONFIG_SITE_INTERNAL_TCK_TCK)
                                                      4.800     4.800 r  dbg_hub/inst/BSCANID.u_xsdbm_id/SWITCH_N_EXT_BSCAN.bscan_inst/SERIES7_BSCAN.bscan_inst/TCK
                         net (fo=1, routed)           1.631     6.431    dbg_hub/inst/BSCANID.u_xsdbm_id/tck_bs
    BUFGCE_X0Y76         BUFGCE (Prop_BUFCE_BUFGCE_I_O)
                                                      0.044     6.475 r  dbg_hub/inst/BSCANID.u_xsdbm_id/SWITCH_N_EXT_BSCAN.u_bufg_icon_tck/O
    X2Y1 (CLOCK_ROOT)    net (fo=482, routed)         2.610     9.085    dbg_hub/inst/BSCANID.u_xsdbm_id/CORE_XSDB.UUT_MASTER/U_ICON_INTERFACE/U_CMD6_WR/U_WR_FIFO/SUBCORE_FIFO.xsdbm_v3_0_0_wrfifo_inst/inst_fifo_gen/gconvfifo.rf/grf.rf/gntv_or_sync_fifo.mem/gdm.dm_gen.dm/RAM_reg_0_15_0_13/WCLK
    SLICE_X58Y85         RAMD32                                       r  dbg_hub/inst/BSCANID.u_xsdbm_id/CORE_XSDB.UUT_MASTER/U_ICON_INTERFACE/U_CMD6_WR/U_WR_FIFO/SUBCORE_FIFO.xsdbm_v3_0_0_wrfifo_inst/inst_fifo_gen/gconvfifo.rf/grf.rf/gntv_or_sync_fifo.mem/gdm.dm_gen.dm/RAM_reg_0_15_0_13/RAMD_D1/CLK
  -------------------------------------------------------------------    -------------------
    SLICE_X58Y85         RAMD32 (Prop_D6LUT_SLICEM_CLK_O)
                                                      0.426     9.511 r  dbg_hub/inst/BSCANID.u_xsdbm_id/CORE_XSDB.UUT_MASTER/U_ICON_INTERFACE/U_CMD6_WR/U_WR_FIFO/SUBCORE_FIFO.xsdbm_v3_0_0_wrfifo_inst/inst_fifo_gen/gconvfifo.rf/grf.rf/gntv_or_sync_fifo.mem/gdm.dm_gen.dm/RAM_reg_0_15_0_13/RAMD_D1/O
                         net (fo=1, routed)           0.399     9.910    dbg_hub/inst/BSCANID.u_xsdbm_id/CORE_XSDB.UUT_MASTER/U_ICON_INTERFACE/U_CMD6_WR/U_WR_FIFO/SUBCORE_FIFO.xsdbm_v3_0_0_wrfifo_inst/inst_fifo_gen/gconvfifo.rf/grf.rf/gntv_or_sync_fifo.mem/gdm.dm_gen.dm/dout_i0[7]
    SLICE_X56Y83         FDRE                                         r  dbg_hub/inst/BSCANID.u_xsdbm_id/CORE_XSDB.UUT_MASTER/U_ICON_INTERFACE/U_CMD6_WR/U_WR_FIFO/SUBCORE_FIFO.xsdbm_v3_0_0_wrfifo_inst/inst_fifo_gen/gconvfifo.rf/grf.rf/gntv_or_sync_fifo.mem/gdm.dm_gen.dm/gpr1.dout_i_reg[7]/D
  -------------------------------------------------------------------    -------------------

                         (clock clk_pl_0 rise edge)
                                                      0.000     0.000 r  
    PS8_X0Y0             PS8                          0.000     0.000 r  mixer_i/zynq_ultra_ps_e_0/inst/PS8_i/PLCLK[0]
                         net (fo=1, routed)           0.181     0.181    mixer_i/zynq_ultra_ps_e_0/inst/pl_clk_unbuffered[0]
    BUFG_PS_X0Y90        BUFG_PS (Prop_BUFG_PS_I_O)
                                                      0.035     0.216 r  mixer_i/zynq_ultra_ps_e_0/inst/buffer_pl_clk_0.PL_CLK_0_BUFG/O
    X1Y1 (CLOCK_ROOT)    net (fo=19371, routed)       2.860     3.076    dbg_hub/inst/BSCANID.u_xsdbm_id/CORE_XSDB.UUT_MASTER/U_ICON_INTERFACE/U_CMD6_WR/U_WR_FIFO/SUBCORE_FIFO.xsdbm_v3_0_0_wrfifo_inst/inst_fifo_gen/gconvfifo.rf/grf.rf/gntv_or_sync_fifo.mem/gdm.dm_gen.dm/rd_clk
    SLICE_X56Y83         FDRE                                         r  dbg_hub/inst/BSCANID.u_xsdbm_id/CORE_XSDB.UUT_MASTER/U_ICON_INTERFACE/U_CMD6_WR/U_WR_FIFO/SUBCORE_FIFO.xsdbm_v3_0_0_wrfifo_inst/inst_fifo_gen/gconvfifo.rf/grf.rf/gntv_or_sync_fifo.mem/gdm.dm_gen.dm/gpr1.dout_i_reg[7]/C

Slack:                    inf
  Source:                 dbg_hub/inst/BSCANID.u_xsdbm_id/CORE_XSDB.UUT_MASTER/U_ICON_INTERFACE/U_CMD6_WR/U_WR_FIFO/SUBCORE_FIFO.xsdbm_v3_0_0_wrfifo_inst/inst_fifo_gen/gconvfifo.rf/grf.rf/gntv_or_sync_fifo.mem/gdm.dm_gen.dm/RAM_reg_0_15_0_13/RAMF_D1/CLK
                            (rising edge-triggered cell RAMD32 clocked by dbg_hub/inst/BSCANID.u_xsdbm_id/SWITCH_N_EXT_BSCAN.bscan_inst/SERIES7_BSCAN.bscan_inst/INTERNAL_TCK  {rise@0.000ns fall@25.000ns period=50.000ns})
  Destination:            dbg_hub/inst/BSCANID.u_xsdbm_id/CORE_XSDB.UUT_MASTER/U_ICON_INTERFACE/U_CMD6_WR/U_WR_FIFO/SUBCORE_FIFO.xsdbm_v3_0_0_wrfifo_inst/inst_fifo_gen/gconvfifo.rf/grf.rf/gntv_or_sync_fifo.mem/gdm.dm_gen.dm/gpr1.dout_i_reg[11]/D
                            (rising edge-triggered cell FDRE clocked by clk_pl_0  {rise@0.000ns fall@5.156ns period=10.312ns})
  Path Group:             (none)
  Path Type:              Setup (Max at Slow Process Corner)
  Data Path Delay:        0.812ns  (logic 0.429ns (52.832%)  route 0.383ns (47.167%))
  Logic Levels:           0  
  Clock Path Skew:        -5.992ns (DCD - SCD + CPR)
    Destination Clock Delay (DCD):    3.093ns
    Source Clock Delay      (SCD):    9.085ns
    Clock Pessimism Removal (CPR):    0.000ns
  Clock Uncertainty:      0.159ns  ((TSJ^2 + DJ^2)^1/2) / 2 + PE
    Total System Jitter     (TSJ):    0.071ns
    Discrete Jitter          (DJ):    0.310ns
    Phase Error              (PE):    0.000ns
  Clock Net Delay (Source):      2.610ns (routing 1.467ns, distribution 1.143ns)
  Clock Net Delay (Destination): 2.877ns (routing 1.538ns, distribution 1.339ns)
  Timing Exception:       False Path

    Location             Delay type                Incr(ns)  Path(ns)    Netlist Resource(s)
  -------------------------------------------------------------------    -------------------
                         (clock dbg_hub/inst/BSCANID.u_xsdbm_id/SWITCH_N_EXT_BSCAN.bscan_inst/SERIES7_BSCAN.bscan_inst/INTERNAL_TCK rise edge)
                                                      0.000     0.000 r  
    CONFIG_SITE_X0Y0     BSCANE2                      0.000     0.000 r  dbg_hub/inst/BSCANID.u_xsdbm_id/SWITCH_N_EXT_BSCAN.bscan_inst/SERIES7_BSCAN.bscan_inst/INTERNAL_TCK
    CONFIG_SITE_X0Y0     BSCANE2 (Prop_BSCAN1_CONFIG_SITE_INTERNAL_TCK_TCK)
                                                      4.800     4.800 r  dbg_hub/inst/BSCANID.u_xsdbm_id/SWITCH_N_EXT_BSCAN.bscan_inst/SERIES7_BSCAN.bscan_inst/TCK
                         net (fo=1, routed)           1.631     6.431    dbg_hub/inst/BSCANID.u_xsdbm_id/tck_bs
    BUFGCE_X0Y76         BUFGCE (Prop_BUFCE_BUFGCE_I_O)
                                                      0.044     6.475 r  dbg_hub/inst/BSCANID.u_xsdbm_id/SWITCH_N_EXT_BSCAN.u_bufg_icon_tck/O
    X2Y1 (CLOCK_ROOT)    net (fo=482, routed)         2.610     9.085    dbg_hub/inst/BSCANID.u_xsdbm_id/CORE_XSDB.UUT_MASTER/U_ICON_INTERFACE/U_CMD6_WR/U_WR_FIFO/SUBCORE_FIFO.xsdbm_v3_0_0_wrfifo_inst/inst_fifo_gen/gconvfifo.rf/grf.rf/gntv_or_sync_fifo.mem/gdm.dm_gen.dm/RAM_reg_0_15_0_13/WCLK
    SLICE_X58Y85         RAMD32                                       r  dbg_hub/inst/BSCANID.u_xsdbm_id/CORE_XSDB.UUT_MASTER/U_ICON_INTERFACE/U_CMD6_WR/U_WR_FIFO/SUBCORE_FIFO.xsdbm_v3_0_0_wrfifo_inst/inst_fifo_gen/gconvfifo.rf/grf.rf/gntv_or_sync_fifo.mem/gdm.dm_gen.dm/RAM_reg_0_15_0_13/RAMF_D1/CLK
  -------------------------------------------------------------------    -------------------
    SLICE_X58Y85         RAMD32 (Prop_F6LUT_SLICEM_CLK_O)
                                                      0.429     9.514 r  dbg_hub/inst/BSCANID.u_xsdbm_id/CORE_XSDB.UUT_MASTER/U_ICON_INTERFACE/U_CMD6_WR/U_WR_FIFO/SUBCORE_FIFO.xsdbm_v3_0_0_wrfifo_inst/inst_fifo_gen/gconvfifo.rf/grf.rf/gntv_or_sync_fifo.mem/gdm.dm_gen.dm/RAM_reg_0_15_0_13/RAMF_D1/O
                         net (fo=1, routed)           0.383     9.897    dbg_hub/inst/BSCANID.u_xsdbm_id/CORE_XSDB.UUT_MASTER/U_ICON_INTERFACE/U_CMD6_WR/U_WR_FIFO/SUBCORE_FIFO.xsdbm_v3_0_0_wrfifo_inst/inst_fifo_gen/gconvfifo.rf/grf.rf/gntv_or_sync_fifo.mem/gdm.dm_gen.dm/dout_i0[11]
    SLICE_X55Y82         FDRE                                         r  dbg_hub/inst/BSCANID.u_xsdbm_id/CORE_XSDB.UUT_MASTER/U_ICON_INTERFACE/U_CMD6_WR/U_WR_FIFO/SUBCORE_FIFO.xsdbm_v3_0_0_wrfifo_inst/inst_fifo_gen/gconvfifo.rf/grf.rf/gntv_or_sync_fifo.mem/gdm.dm_gen.dm/gpr1.dout_i_reg[11]/D
  -------------------------------------------------------------------    -------------------

                         (clock clk_pl_0 rise edge)
                                                      0.000     0.000 r  
    PS8_X0Y0             PS8                          0.000     0.000 r  mixer_i/zynq_ultra_ps_e_0/inst/PS8_i/PLCLK[0]
                         net (fo=1, routed)           0.181     0.181    mixer_i/zynq_ultra_ps_e_0/inst/pl_clk_unbuffered[0]
    BUFG_PS_X0Y90        BUFG_PS (Prop_BUFG_PS_I_O)
                                                      0.035     0.216 r  mixer_i/zynq_ultra_ps_e_0/inst/buffer_pl_clk_0.PL_CLK_0_BUFG/O
    X1Y1 (CLOCK_ROOT)    net (fo=19371, routed)       2.877     3.093    dbg_hub/inst/BSCANID.u_xsdbm_id/CORE_XSDB.UUT_MASTER/U_ICON_INTERFACE/U_CMD6_WR/U_WR_FIFO/SUBCORE_FIFO.xsdbm_v3_0_0_wrfifo_inst/inst_fifo_gen/gconvfifo.rf/grf.rf/gntv_or_sync_fifo.mem/gdm.dm_gen.dm/rd_clk
    SLICE_X55Y82         FDRE                                         r  dbg_hub/inst/BSCANID.u_xsdbm_id/CORE_XSDB.UUT_MASTER/U_ICON_INTERFACE/U_CMD6_WR/U_WR_FIFO/SUBCORE_FIFO.xsdbm_v3_0_0_wrfifo_inst/inst_fifo_gen/gconvfifo.rf/grf.rf/gntv_or_sync_fifo.mem/gdm.dm_gen.dm/gpr1.dout_i_reg[11]/C

Slack:                    inf
  Source:                 dbg_hub/inst/BSCANID.u_xsdbm_id/CORE_XSDB.UUT_MASTER/U_ICON_INTERFACE/U_CMD6_WR/U_WR_FIFO/SUBCORE_FIFO.xsdbm_v3_0_0_wrfifo_inst/inst_fifo_gen/gconvfifo.rf/grf.rf/gntv_or_sync_fifo.mem/gdm.dm_gen.dm/RAM_reg_0_15_0_13/RAMB/CLK
                            (rising edge-triggered cell RAMD32 clocked by dbg_hub/inst/BSCANID.u_xsdbm_id/SWITCH_N_EXT_BSCAN.bscan_inst/SERIES7_BSCAN.bscan_inst/INTERNAL_TCK  {rise@0.000ns fall@25.000ns period=50.000ns})
  Destination:            dbg_hub/inst/BSCANID.u_xsdbm_id/CORE_XSDB.UUT_MASTER/U_ICON_INTERFACE/U_CMD6_WR/U_WR_FIFO/SUBCORE_FIFO.xsdbm_v3_0_0_wrfifo_inst/inst_fifo_gen/gconvfifo.rf/grf.rf/gntv_or_sync_fifo.mem/gdm.dm_gen.dm/gpr1.dout_i_reg[2]/D
                            (rising edge-triggered cell FDRE clocked by clk_pl_0  {rise@0.000ns fall@5.156ns period=10.312ns})
  Path Group:             (none)
  Path Type:              Setup (Max at Slow Process Corner)
  Data Path Delay:        0.805ns  (logic 0.412ns (51.180%)  route 0.393ns (48.820%))
  Logic Levels:           0  
  Clock Path Skew:        -6.013ns (DCD - SCD + CPR)
    Destination Clock Delay (DCD):    3.072ns
    Source Clock Delay      (SCD):    9.085ns
    Clock Pessimism Removal (CPR):    0.000ns
  Clock Uncertainty:      0.159ns  ((TSJ^2 + DJ^2)^1/2) / 2 + PE
    Total System Jitter     (TSJ):    0.071ns
    Discrete Jitter          (DJ):    0.310ns
    Phase Error              (PE):    0.000ns
  Clock Net Delay (Source):      2.610ns (routing 1.467ns, distribution 1.143ns)
  Clock Net Delay (Destination): 2.856ns (routing 1.538ns, distribution 1.318ns)
  Timing Exception:       False Path

    Location             Delay type                Incr(ns)  Path(ns)    Netlist Resource(s)
  -------------------------------------------------------------------    -------------------
                         (clock dbg_hub/inst/BSCANID.u_xsdbm_id/SWITCH_N_EXT_BSCAN.bscan_inst/SERIES7_BSCAN.bscan_inst/INTERNAL_TCK rise edge)
                                                      0.000     0.000 r  
    CONFIG_SITE_X0Y0     BSCANE2                      0.000     0.000 r  dbg_hub/inst/BSCANID.u_xsdbm_id/SWITCH_N_EXT_BSCAN.bscan_inst/SERIES7_BSCAN.bscan_inst/INTERNAL_TCK
    CONFIG_SITE_X0Y0     BSCANE2 (Prop_BSCAN1_CONFIG_SITE_INTERNAL_TCK_TCK)
                                                      4.800     4.800 r  dbg_hub/inst/BSCANID.u_xsdbm_id/SWITCH_N_EXT_BSCAN.bscan_inst/SERIES7_BSCAN.bscan_inst/TCK
                         net (fo=1, routed)           1.631     6.431    dbg_hub/inst/BSCANID.u_xsdbm_id/tck_bs
    BUFGCE_X0Y76         BUFGCE (Prop_BUFCE_BUFGCE_I_O)
                                                      0.044     6.475 r  dbg_hub/inst/BSCANID.u_xsdbm_id/SWITCH_N_EXT_BSCAN.u_bufg_icon_tck/O
    X2Y1 (CLOCK_ROOT)    net (fo=482, routed)         2.610     9.085    dbg_hub/inst/BSCANID.u_xsdbm_id/CORE_XSDB.UUT_MASTER/U_ICON_INTERFACE/U_CMD6_WR/U_WR_FIFO/SUBCORE_FIFO.xsdbm_v3_0_0_wrfifo_inst/inst_fifo_gen/gconvfifo.rf/grf.rf/gntv_or_sync_fifo.mem/gdm.dm_gen.dm/RAM_reg_0_15_0_13/WCLK
    SLICE_X58Y85         RAMD32                                       r  dbg_hub/inst/BSCANID.u_xsdbm_id/CORE_XSDB.UUT_MASTER/U_ICON_INTERFACE/U_CMD6_WR/U_WR_FIFO/SUBCORE_FIFO.xsdbm_v3_0_0_wrfifo_inst/inst_fifo_gen/gconvfifo.rf/grf.rf/gntv_or_sync_fifo.mem/gdm.dm_gen.dm/RAM_reg_0_15_0_13/RAMB/CLK
  -------------------------------------------------------------------    -------------------
    SLICE_X58Y85         RAMD32 (Prop_B5LUT_SLICEM_CLK_O)
                                                      0.412     9.497 r  dbg_hub/inst/BSCANID.u_xsdbm_id/CORE_XSDB.UUT_MASTER/U_ICON_INTERFACE/U_CMD6_WR/U_WR_FIFO/SUBCORE_FIFO.xsdbm_v3_0_0_wrfifo_inst/inst_fifo_gen/gconvfifo.rf/grf.rf/gntv_or_sync_fifo.mem/gdm.dm_gen.dm/RAM_reg_0_15_0_13/RAMB/O
                         net (fo=1, routed)           0.393     9.890    dbg_hub/inst/BSCANID.u_xsdbm_id/CORE_XSDB.UUT_MASTER/U_ICON_INTERFACE/U_CMD6_WR/U_WR_FIFO/SUBCORE_FIFO.xsdbm_v3_0_0_wrfifo_inst/inst_fifo_gen/gconvfifo.rf/grf.rf/gntv_or_sync_fifo.mem/gdm.dm_gen.dm/dout_i0[2]
    SLICE_X56Y84         FDRE                                         r  dbg_hub/inst/BSCANID.u_xsdbm_id/CORE_XSDB.UUT_MASTER/U_ICON_INTERFACE/U_CMD6_WR/U_WR_FIFO/SUBCORE_FIFO.xsdbm_v3_0_0_wrfifo_inst/inst_fifo_gen/gconvfifo.rf/grf.rf/gntv_or_sync_fifo.mem/gdm.dm_gen.dm/gpr1.dout_i_reg[2]/D
  -------------------------------------------------------------------    -------------------

                         (clock clk_pl_0 rise edge)
                                                      0.000     0.000 r  
    PS8_X0Y0             PS8                          0.000     0.000 r  mixer_i/zynq_ultra_ps_e_0/inst/PS8_i/PLCLK[0]
                         net (fo=1, routed)           0.181     0.181    mixer_i/zynq_ultra_ps_e_0/inst/pl_clk_unbuffered[0]
    BUFG_PS_X0Y90        BUFG_PS (Prop_BUFG_PS_I_O)
                                                      0.035     0.216 r  mixer_i/zynq_ultra_ps_e_0/inst/buffer_pl_clk_0.PL_CLK_0_BUFG/O
    X1Y1 (CLOCK_ROOT)    net (fo=19371, routed)       2.856     3.072    dbg_hub/inst/BSCANID.u_xsdbm_id/CORE_XSDB.UUT_MASTER/U_ICON_INTERFACE/U_CMD6_WR/U_WR_FIFO/SUBCORE_FIFO.xsdbm_v3_0_0_wrfifo_inst/inst_fifo_gen/gconvfifo.rf/grf.rf/gntv_or_sync_fifo.mem/gdm.dm_gen.dm/rd_clk
    SLICE_X56Y84         FDRE                                         r  dbg_hub/inst/BSCANID.u_xsdbm_id/CORE_XSDB.UUT_MASTER/U_ICON_INTERFACE/U_CMD6_WR/U_WR_FIFO/SUBCORE_FIFO.xsdbm_v3_0_0_wrfifo_inst/inst_fifo_gen/gconvfifo.rf/grf.rf/gntv_or_sync_fifo.mem/gdm.dm_gen.dm/gpr1.dout_i_reg[2]/C

Slack:                    inf
  Source:                 dbg_hub/inst/BSCANID.u_xsdbm_id/CORE_XSDB.UUT_MASTER/U_ICON_INTERFACE/U_CMD6_WR/U_WR_FIFO/SUBCORE_FIFO.xsdbm_v3_0_0_wrfifo_inst/inst_fifo_gen/gconvfifo.rf/grf.rf/gntv_or_sync_fifo.mem/gdm.dm_gen.dm/RAM_reg_0_15_0_13/RAMG_D1/CLK
                            (rising edge-triggered cell RAMD32 clocked by dbg_hub/inst/BSCANID.u_xsdbm_id/SWITCH_N_EXT_BSCAN.bscan_inst/SERIES7_BSCAN.bscan_inst/INTERNAL_TCK  {rise@0.000ns fall@25.000ns period=50.000ns})
  Destination:            dbg_hub/inst/BSCANID.u_xsdbm_id/CORE_XSDB.UUT_MASTER/U_ICON_INTERFACE/U_CMD6_WR/U_WR_FIFO/SUBCORE_FIFO.xsdbm_v3_0_0_wrfifo_inst/inst_fifo_gen/gconvfifo.rf/grf.rf/gntv_or_sync_fifo.mem/gdm.dm_gen.dm/gpr1.dout_i_reg[13]/D
                            (rising edge-triggered cell FDRE clocked by clk_pl_0  {rise@0.000ns fall@5.156ns period=10.312ns})
  Path Group:             (none)
  Path Type:              Setup (Max at Slow Process Corner)
  Data Path Delay:        0.804ns  (logic 0.418ns (51.990%)  route 0.386ns (48.010%))
  Logic Levels:           0  
  Clock Path Skew:        -6.005ns (DCD - SCD + CPR)
    Destination Clock Delay (DCD):    3.080ns
    Source Clock Delay      (SCD):    9.085ns
    Clock Pessimism Removal (CPR):    0.000ns
  Clock Uncertainty:      0.159ns  ((TSJ^2 + DJ^2)^1/2) / 2 + PE
    Total System Jitter     (TSJ):    0.071ns
    Discrete Jitter          (DJ):    0.310ns
    Phase Error              (PE):    0.000ns
  Clock Net Delay (Source):      2.610ns (routing 1.467ns, distribution 1.143ns)
  Clock Net Delay (Destination): 2.864ns (routing 1.538ns, distribution 1.326ns)
  Timing Exception:       False Path

    Location             Delay type                Incr(ns)  Path(ns)    Netlist Resource(s)
  -------------------------------------------------------------------    -------------------
                         (clock dbg_hub/inst/BSCANID.u_xsdbm_id/SWITCH_N_EXT_BSCAN.bscan_inst/SERIES7_BSCAN.bscan_inst/INTERNAL_TCK rise edge)
                                                      0.000     0.000 r  
    CONFIG_SITE_X0Y0     BSCANE2                      0.000     0.000 r  dbg_hub/inst/BSCANID.u_xsdbm_id/SWITCH_N_EXT_BSCAN.bscan_inst/SERIES7_BSCAN.bscan_inst/INTERNAL_TCK
    CONFIG_SITE_X0Y0     BSCANE2 (Prop_BSCAN1_CONFIG_SITE_INTERNAL_TCK_TCK)
                                                      4.800     4.800 r  dbg_hub/inst/BSCANID.u_xsdbm_id/SWITCH_N_EXT_BSCAN.bscan_inst/SERIES7_BSCAN.bscan_inst/TCK
                         net (fo=1, routed)           1.631     6.431    dbg_hub/inst/BSCANID.u_xsdbm_id/tck_bs
    BUFGCE_X0Y76         BUFGCE (Prop_BUFCE_BUFGCE_I_O)
                                                      0.044     6.475 r  dbg_hub/inst/BSCANID.u_xsdbm_id/SWITCH_N_EXT_BSCAN.u_bufg_icon_tck/O
    X2Y1 (CLOCK_ROOT)    net (fo=482, routed)         2.610     9.085    dbg_hub/inst/BSCANID.u_xsdbm_id/CORE_XSDB.UUT_MASTER/U_ICON_INTERFACE/U_CMD6_WR/U_WR_FIFO/SUBCORE_FIFO.xsdbm_v3_0_0_wrfifo_inst/inst_fifo_gen/gconvfifo.rf/grf.rf/gntv_or_sync_fifo.mem/gdm.dm_gen.dm/RAM_reg_0_15_0_13/WCLK
    SLICE_X58Y85         RAMD32                                       r  dbg_hub/inst/BSCANID.u_xsdbm_id/CORE_XSDB.UUT_MASTER/U_ICON_INTERFACE/U_CMD6_WR/U_WR_FIFO/SUBCORE_FIFO.xsdbm_v3_0_0_wrfifo_inst/inst_fifo_gen/gconvfifo.rf/grf.rf/gntv_or_sync_fifo.mem/gdm.dm_gen.dm/RAM_reg_0_15_0_13/RAMG_D1/CLK
  -------------------------------------------------------------------    -------------------
    SLICE_X58Y85         RAMD32 (Prop_G6LUT_SLICEM_CLK_O)
                                                      0.418     9.503 r  dbg_hub/inst/BSCANID.u_xsdbm_id/CORE_XSDB.UUT_MASTER/U_ICON_INTERFACE/U_CMD6_WR/U_WR_FIFO/SUBCORE_FIFO.xsdbm_v3_0_0_wrfifo_inst/inst_fifo_gen/gconvfifo.rf/grf.rf/gntv_or_sync_fifo.mem/gdm.dm_gen.dm/RAM_reg_0_15_0_13/RAMG_D1/O
                         net (fo=1, routed)           0.386     9.889    dbg_hub/inst/BSCANID.u_xsdbm_id/CORE_XSDB.UUT_MASTER/U_ICON_INTERFACE/U_CMD6_WR/U_WR_FIFO/SUBCORE_FIFO.xsdbm_v3_0_0_wrfifo_inst/inst_fifo_gen/gconvfifo.rf/grf.rf/gntv_or_sync_fifo.mem/gdm.dm_gen.dm/dout_i0[13]
    SLICE_X56Y85         FDRE                                         r  dbg_hub/inst/BSCANID.u_xsdbm_id/CORE_XSDB.UUT_MASTER/U_ICON_INTERFACE/U_CMD6_WR/U_WR_FIFO/SUBCORE_FIFO.xsdbm_v3_0_0_wrfifo_inst/inst_fifo_gen/gconvfifo.rf/grf.rf/gntv_or_sync_fifo.mem/gdm.dm_gen.dm/gpr1.dout_i_reg[13]/D
  -------------------------------------------------------------------    -------------------

                         (clock clk_pl_0 rise edge)
                                                      0.000     0.000 r  
    PS8_X0Y0             PS8                          0.000     0.000 r  mixer_i/zynq_ultra_ps_e_0/inst/PS8_i/PLCLK[0]
                         net (fo=1, routed)           0.181     0.181    mixer_i/zynq_ultra_ps_e_0/inst/pl_clk_unbuffered[0]
    BUFG_PS_X0Y90        BUFG_PS (Prop_BUFG_PS_I_O)
                                                      0.035     0.216 r  mixer_i/zynq_ultra_ps_e_0/inst/buffer_pl_clk_0.PL_CLK_0_BUFG/O
    X1Y1 (CLOCK_ROOT)    net (fo=19371, routed)       2.864     3.080    dbg_hub/inst/BSCANID.u_xsdbm_id/CORE_XSDB.UUT_MASTER/U_ICON_INTERFACE/U_CMD6_WR/U_WR_FIFO/SUBCORE_FIFO.xsdbm_v3_0_0_wrfifo_inst/inst_fifo_gen/gconvfifo.rf/grf.rf/gntv_or_sync_fifo.mem/gdm.dm_gen.dm/rd_clk
    SLICE_X56Y85         FDRE                                         r  dbg_hub/inst/BSCANID.u_xsdbm_id/CORE_XSDB.UUT_MASTER/U_ICON_INTERFACE/U_CMD6_WR/U_WR_FIFO/SUBCORE_FIFO.xsdbm_v3_0_0_wrfifo_inst/inst_fifo_gen/gconvfifo.rf/grf.rf/gntv_or_sync_fifo.mem/gdm.dm_gen.dm/gpr1.dout_i_reg[13]/C

Slack:                    inf
  Source:                 dbg_hub/inst/BSCANID.u_xsdbm_id/CORE_XSDB.UUT_MASTER/U_ICON_INTERFACE/U_CMD6_WR/U_WR_FIFO/SUBCORE_FIFO.xsdbm_v3_0_0_wrfifo_inst/inst_fifo_gen/gconvfifo.rf/grf.rf/gntv_or_sync_fifo.mem/gdm.dm_gen.dm/RAM_reg_0_15_14_15__0/DP/CLK
                            (rising edge-triggered cell RAMD32 clocked by dbg_hub/inst/BSCANID.u_xsdbm_id/SWITCH_N_EXT_BSCAN.bscan_inst/SERIES7_BSCAN.bscan_inst/INTERNAL_TCK  {rise@0.000ns fall@25.000ns period=50.000ns})
  Destination:            dbg_hub/inst/BSCANID.u_xsdbm_id/CORE_XSDB.UUT_MASTER/U_ICON_INTERFACE/U_CMD6_WR/U_WR_FIFO/SUBCORE_FIFO.xsdbm_v3_0_0_wrfifo_inst/inst_fifo_gen/gconvfifo.rf/grf.rf/gntv_or_sync_fifo.mem/gdm.dm_gen.dm/gpr1.dout_i_reg[15]/D
                            (rising edge-triggered cell FDRE clocked by clk_pl_0  {rise@0.000ns fall@5.156ns period=10.312ns})
  Path Group:             (none)
  Path Type:              Setup (Max at Slow Process Corner)
  Data Path Delay:        0.795ns  (logic 0.400ns (50.314%)  route 0.395ns (49.686%))
  Logic Levels:           0  
  Clock Path Skew:        -6.010ns (DCD - SCD + CPR)
    Destination Clock Delay (DCD):    3.076ns
    Source Clock Delay      (SCD):    9.086ns
    Clock Pessimism Removal (CPR):    0.000ns
  Clock Uncertainty:      0.159ns  ((TSJ^2 + DJ^2)^1/2) / 2 + PE
    Total System Jitter     (TSJ):    0.071ns
    Discrete Jitter          (DJ):    0.310ns
    Phase Error              (PE):    0.000ns
  Clock Net Delay (Source):      2.611ns (routing 1.467ns, distribution 1.144ns)
  Clock Net Delay (Destination): 2.860ns (routing 1.538ns, distribution 1.322ns)
  Timing Exception:       False Path

    Location             Delay type                Incr(ns)  Path(ns)    Netlist Resource(s)
  -------------------------------------------------------------------    -------------------
                         (clock dbg_hub/inst/BSCANID.u_xsdbm_id/SWITCH_N_EXT_BSCAN.bscan_inst/SERIES7_BSCAN.bscan_inst/INTERNAL_TCK rise edge)
                                                      0.000     0.000 r  
    CONFIG_SITE_X0Y0     BSCANE2                      0.000     0.000 r  dbg_hub/inst/BSCANID.u_xsdbm_id/SWITCH_N_EXT_BSCAN.bscan_inst/SERIES7_BSCAN.bscan_inst/INTERNAL_TCK
    CONFIG_SITE_X0Y0     BSCANE2 (Prop_BSCAN1_CONFIG_SITE_INTERNAL_TCK_TCK)
                                                      4.800     4.800 r  dbg_hub/inst/BSCANID.u_xsdbm_id/SWITCH_N_EXT_BSCAN.bscan_inst/SERIES7_BSCAN.bscan_inst/TCK
                         net (fo=1, routed)           1.631     6.431    dbg_hub/inst/BSCANID.u_xsdbm_id/tck_bs
    BUFGCE_X0Y76         BUFGCE (Prop_BUFCE_BUFGCE_I_O)
                                                      0.044     6.475 r  dbg_hub/inst/BSCANID.u_xsdbm_id/SWITCH_N_EXT_BSCAN.u_bufg_icon_tck/O
    X2Y1 (CLOCK_ROOT)    net (fo=482, routed)         2.611     9.086    dbg_hub/inst/BSCANID.u_xsdbm_id/CORE_XSDB.UUT_MASTER/U_ICON_INTERFACE/U_CMD6_WR/U_WR_FIFO/SUBCORE_FIFO.xsdbm_v3_0_0_wrfifo_inst/inst_fifo_gen/gconvfifo.rf/grf.rf/gntv_or_sync_fifo.mem/gdm.dm_gen.dm/RAM_reg_0_15_14_15__0/WCLK
    SLICE_X58Y84         RAMD32                                       r  dbg_hub/inst/BSCANID.u_xsdbm_id/CORE_XSDB.UUT_MASTER/U_ICON_INTERFACE/U_CMD6_WR/U_WR_FIFO/SUBCORE_FIFO.xsdbm_v3_0_0_wrfifo_inst/inst_fifo_gen/gconvfifo.rf/grf.rf/gntv_or_sync_fifo.mem/gdm.dm_gen.dm/RAM_reg_0_15_14_15__0/DP/CLK
  -------------------------------------------------------------------    -------------------
    SLICE_X58Y84         RAMD32 (Prop_G5LUT_SLICEM_CLK_O)
                                                      0.400     9.486 r  dbg_hub/inst/BSCANID.u_xsdbm_id/CORE_XSDB.UUT_MASTER/U_ICON_INTERFACE/U_CMD6_WR/U_WR_FIFO/SUBCORE_FIFO.xsdbm_v3_0_0_wrfifo_inst/inst_fifo_gen/gconvfifo.rf/grf.rf/gntv_or_sync_fifo.mem/gdm.dm_gen.dm/RAM_reg_0_15_14_15__0/DP/O
                         net (fo=1, routed)           0.395     9.881    dbg_hub/inst/BSCANID.u_xsdbm_id/CORE_XSDB.UUT_MASTER/U_ICON_INTERFACE/U_CMD6_WR/U_WR_FIFO/SUBCORE_FIFO.xsdbm_v3_0_0_wrfifo_inst/inst_fifo_gen/gconvfifo.rf/grf.rf/gntv_or_sync_fifo.mem/gdm.dm_gen.dm/dout_i0[15]
    SLICE_X56Y83         FDRE                                         r  dbg_hub/inst/BSCANID.u_xsdbm_id/CORE_XSDB.UUT_MASTER/U_ICON_INTERFACE/U_CMD6_WR/U_WR_FIFO/SUBCORE_FIFO.xsdbm_v3_0_0_wrfifo_inst/inst_fifo_gen/gconvfifo.rf/grf.rf/gntv_or_sync_fifo.mem/gdm.dm_gen.dm/gpr1.dout_i_reg[15]/D
  -------------------------------------------------------------------    -------------------

                         (clock clk_pl_0 rise edge)
                                                      0.000     0.000 r  
    PS8_X0Y0             PS8                          0.000     0.000 r  mixer_i/zynq_ultra_ps_e_0/inst/PS8_i/PLCLK[0]
                         net (fo=1, routed)           0.181     0.181    mixer_i/zynq_ultra_ps_e_0/inst/pl_clk_unbuffered[0]
    BUFG_PS_X0Y90        BUFG_PS (Prop_BUFG_PS_I_O)
                                                      0.035     0.216 r  mixer_i/zynq_ultra_ps_e_0/inst/buffer_pl_clk_0.PL_CLK_0_BUFG/O
    X1Y1 (CLOCK_ROOT)    net (fo=19371, routed)       2.860     3.076    dbg_hub/inst/BSCANID.u_xsdbm_id/CORE_XSDB.UUT_MASTER/U_ICON_INTERFACE/U_CMD6_WR/U_WR_FIFO/SUBCORE_FIFO.xsdbm_v3_0_0_wrfifo_inst/inst_fifo_gen/gconvfifo.rf/grf.rf/gntv_or_sync_fifo.mem/gdm.dm_gen.dm/rd_clk
    SLICE_X56Y83         FDRE                                         r  dbg_hub/inst/BSCANID.u_xsdbm_id/CORE_XSDB.UUT_MASTER/U_ICON_INTERFACE/U_CMD6_WR/U_WR_FIFO/SUBCORE_FIFO.xsdbm_v3_0_0_wrfifo_inst/inst_fifo_gen/gconvfifo.rf/grf.rf/gntv_or_sync_fifo.mem/gdm.dm_gen.dm/gpr1.dout_i_reg[15]/C

Slack:                    inf
  Source:                 dbg_hub/inst/BSCANID.u_xsdbm_id/CORE_XSDB.UUT_MASTER/U_ICON_INTERFACE/U_CMD6_WR/U_WR_FIFO/SUBCORE_FIFO.xsdbm_v3_0_0_wrfifo_inst/inst_fifo_gen/gconvfifo.rf/grf.rf/gntv_or_sync_fifo.mem/gdm.dm_gen.dm/RAM_reg_0_15_0_13/RAMB_D1/CLK
                            (rising edge-triggered cell RAMD32 clocked by dbg_hub/inst/BSCANID.u_xsdbm_id/SWITCH_N_EXT_BSCAN.bscan_inst/SERIES7_BSCAN.bscan_inst/INTERNAL_TCK  {rise@0.000ns fall@25.000ns period=50.000ns})
  Destination:            dbg_hub/inst/BSCANID.u_xsdbm_id/CORE_XSDB.UUT_MASTER/U_ICON_INTERFACE/U_CMD6_WR/U_WR_FIFO/SUBCORE_FIFO.xsdbm_v3_0_0_wrfifo_inst/inst_fifo_gen/gconvfifo.rf/grf.rf/gntv_or_sync_fifo.mem/gdm.dm_gen.dm/gpr1.dout_i_reg[3]/D
                            (rising edge-triggered cell FDRE clocked by clk_pl_0  {rise@0.000ns fall@5.156ns period=10.312ns})
  Path Group:             (none)
  Path Type:              Setup (Max at Slow Process Corner)
  Data Path Delay:        0.789ns  (logic 0.430ns (54.499%)  route 0.359ns (45.501%))
  Logic Levels:           0  
  Clock Path Skew:        -6.013ns (DCD - SCD + CPR)
    Destination Clock Delay (DCD):    3.072ns
    Source Clock Delay      (SCD):    9.085ns
    Clock Pessimism Removal (CPR):    0.000ns
  Clock Uncertainty:      0.159ns  ((TSJ^2 + DJ^2)^1/2) / 2 + PE
    Total System Jitter     (TSJ):    0.071ns
    Discrete Jitter          (DJ):    0.310ns
    Phase Error              (PE):    0.000ns
  Clock Net Delay (Source):      2.610ns (routing 1.467ns, distribution 1.143ns)
  Clock Net Delay (Destination): 2.856ns (routing 1.538ns, distribution 1.318ns)
  Timing Exception:       False Path

    Location             Delay type                Incr(ns)  Path(ns)    Netlist Resource(s)
  -------------------------------------------------------------------    -------------------
                         (clock dbg_hub/inst/BSCANID.u_xsdbm_id/SWITCH_N_EXT_BSCAN.bscan_inst/SERIES7_BSCAN.bscan_inst/INTERNAL_TCK rise edge)
                                                      0.000     0.000 r  
    CONFIG_SITE_X0Y0     BSCANE2                      0.000     0.000 r  dbg_hub/inst/BSCANID.u_xsdbm_id/SWITCH_N_EXT_BSCAN.bscan_inst/SERIES7_BSCAN.bscan_inst/INTERNAL_TCK
    CONFIG_SITE_X0Y0     BSCANE2 (Prop_BSCAN1_CONFIG_SITE_INTERNAL_TCK_TCK)
                                                      4.800     4.800 r  dbg_hub/inst/BSCANID.u_xsdbm_id/SWITCH_N_EXT_BSCAN.bscan_inst/SERIES7_BSCAN.bscan_inst/TCK
                         net (fo=1, routed)           1.631     6.431    dbg_hub/inst/BSCANID.u_xsdbm_id/tck_bs
    BUFGCE_X0Y76         BUFGCE (Prop_BUFCE_BUFGCE_I_O)
                                                      0.044     6.475 r  dbg_hub/inst/BSCANID.u_xsdbm_id/SWITCH_N_EXT_BSCAN.u_bufg_icon_tck/O
    X2Y1 (CLOCK_ROOT)    net (fo=482, routed)         2.610     9.085    dbg_hub/inst/BSCANID.u_xsdbm_id/CORE_XSDB.UUT_MASTER/U_ICON_INTERFACE/U_CMD6_WR/U_WR_FIFO/SUBCORE_FIFO.xsdbm_v3_0_0_wrfifo_inst/inst_fifo_gen/gconvfifo.rf/grf.rf/gntv_or_sync_fifo.mem/gdm.dm_gen.dm/RAM_reg_0_15_0_13/WCLK
    SLICE_X58Y85         RAMD32                                       r  dbg_hub/inst/BSCANID.u_xsdbm_id/CORE_XSDB.UUT_MASTER/U_ICON_INTERFACE/U_CMD6_WR/U_WR_FIFO/SUBCORE_FIFO.xsdbm_v3_0_0_wrfifo_inst/inst_fifo_gen/gconvfifo.rf/grf.rf/gntv_or_sync_fifo.mem/gdm.dm_gen.dm/RAM_reg_0_15_0_13/RAMB_D1/CLK
  -------------------------------------------------------------------    -------------------
    SLICE_X58Y85         RAMD32 (Prop_B6LUT_SLICEM_CLK_O)
                                                      0.430     9.515 r  dbg_hub/inst/BSCANID.u_xsdbm_id/CORE_XSDB.UUT_MASTER/U_ICON_INTERFACE/U_CMD6_WR/U_WR_FIFO/SUBCORE_FIFO.xsdbm_v3_0_0_wrfifo_inst/inst_fifo_gen/gconvfifo.rf/grf.rf/gntv_or_sync_fifo.mem/gdm.dm_gen.dm/RAM_reg_0_15_0_13/RAMB_D1/O
                         net (fo=1, routed)           0.359     9.874    dbg_hub/inst/BSCANID.u_xsdbm_id/CORE_XSDB.UUT_MASTER/U_ICON_INTERFACE/U_CMD6_WR/U_WR_FIFO/SUBCORE_FIFO.xsdbm_v3_0_0_wrfifo_inst/inst_fifo_gen/gconvfifo.rf/grf.rf/gntv_or_sync_fifo.mem/gdm.dm_gen.dm/dout_i0[3]
    SLICE_X56Y84         FDRE                                         r  dbg_hub/inst/BSCANID.u_xsdbm_id/CORE_XSDB.UUT_MASTER/U_ICON_INTERFACE/U_CMD6_WR/U_WR_FIFO/SUBCORE_FIFO.xsdbm_v3_0_0_wrfifo_inst/inst_fifo_gen/gconvfifo.rf/grf.rf/gntv_or_sync_fifo.mem/gdm.dm_gen.dm/gpr1.dout_i_reg[3]/D
  -------------------------------------------------------------------    -------------------

                         (clock clk_pl_0 rise edge)
                                                      0.000     0.000 r  
    PS8_X0Y0             PS8                          0.000     0.000 r  mixer_i/zynq_ultra_ps_e_0/inst/PS8_i/PLCLK[0]
                         net (fo=1, routed)           0.181     0.181    mixer_i/zynq_ultra_ps_e_0/inst/pl_clk_unbuffered[0]
    BUFG_PS_X0Y90        BUFG_PS (Prop_BUFG_PS_I_O)
                                                      0.035     0.216 r  mixer_i/zynq_ultra_ps_e_0/inst/buffer_pl_clk_0.PL_CLK_0_BUFG/O
    X1Y1 (CLOCK_ROOT)    net (fo=19371, routed)       2.856     3.072    dbg_hub/inst/BSCANID.u_xsdbm_id/CORE_XSDB.UUT_MASTER/U_ICON_INTERFACE/U_CMD6_WR/U_WR_FIFO/SUBCORE_FIFO.xsdbm_v3_0_0_wrfifo_inst/inst_fifo_gen/gconvfifo.rf/grf.rf/gntv_or_sync_fifo.mem/gdm.dm_gen.dm/rd_clk
    SLICE_X56Y84         FDRE                                         r  dbg_hub/inst/BSCANID.u_xsdbm_id/CORE_XSDB.UUT_MASTER/U_ICON_INTERFACE/U_CMD6_WR/U_WR_FIFO/SUBCORE_FIFO.xsdbm_v3_0_0_wrfifo_inst/inst_fifo_gen/gconvfifo.rf/grf.rf/gntv_or_sync_fifo.mem/gdm.dm_gen.dm/gpr1.dout_i_reg[3]/C

Slack:                    inf
  Source:                 dbg_hub/inst/BSCANID.u_xsdbm_id/CORE_XSDB.UUT_MASTER/U_ICON_INTERFACE/U_CMD6_WR/U_WR_FIFO/SUBCORE_FIFO.xsdbm_v3_0_0_wrfifo_inst/inst_fifo_gen/gconvfifo.rf/grf.rf/gntv_or_sync_fifo.mem/gdm.dm_gen.dm/RAM_reg_0_15_14_15/DP/CLK
                            (rising edge-triggered cell RAMD32 clocked by dbg_hub/inst/BSCANID.u_xsdbm_id/SWITCH_N_EXT_BSCAN.bscan_inst/SERIES7_BSCAN.bscan_inst/INTERNAL_TCK  {rise@0.000ns fall@25.000ns period=50.000ns})
  Destination:            dbg_hub/inst/BSCANID.u_xsdbm_id/CORE_XSDB.UUT_MASTER/U_ICON_INTERFACE/U_CMD6_WR/U_WR_FIFO/SUBCORE_FIFO.xsdbm_v3_0_0_wrfifo_inst/inst_fifo_gen/gconvfifo.rf/grf.rf/gntv_or_sync_fifo.mem/gdm.dm_gen.dm/gpr1.dout_i_reg[14]/D
                            (rising edge-triggered cell FDRE clocked by clk_pl_0  {rise@0.000ns fall@5.156ns period=10.312ns})
  Path Group:             (none)
  Path Type:              Setup (Max at Slow Process Corner)
  Data Path Delay:        0.761ns  (logic 0.418ns (54.928%)  route 0.343ns (45.072%))
  Logic Levels:           0  
  Clock Path Skew:        -5.993ns (DCD - SCD + CPR)
    Destination Clock Delay (DCD):    3.093ns
    Source Clock Delay      (SCD):    9.086ns
    Clock Pessimism Removal (CPR):    0.000ns
  Clock Uncertainty:      0.159ns  ((TSJ^2 + DJ^2)^1/2) / 2 + PE
    Total System Jitter     (TSJ):    0.071ns
    Discrete Jitter          (DJ):    0.310ns
    Phase Error              (PE):    0.000ns
  Clock Net Delay (Source):      2.611ns (routing 1.467ns, distribution 1.144ns)
  Clock Net Delay (Destination): 2.877ns (routing 1.538ns, distribution 1.339ns)
  Timing Exception:       False Path

    Location             Delay type                Incr(ns)  Path(ns)    Netlist Resource(s)
  -------------------------------------------------------------------    -------------------
                         (clock dbg_hub/inst/BSCANID.u_xsdbm_id/SWITCH_N_EXT_BSCAN.bscan_inst/SERIES7_BSCAN.bscan_inst/INTERNAL_TCK rise edge)
                                                      0.000     0.000 r  
    CONFIG_SITE_X0Y0     BSCANE2                      0.000     0.000 r  dbg_hub/inst/BSCANID.u_xsdbm_id/SWITCH_N_EXT_BSCAN.bscan_inst/SERIES7_BSCAN.bscan_inst/INTERNAL_TCK
    CONFIG_SITE_X0Y0     BSCANE2 (Prop_BSCAN1_CONFIG_SITE_INTERNAL_TCK_TCK)
                                                      4.800     4.800 r  dbg_hub/inst/BSCANID.u_xsdbm_id/SWITCH_N_EXT_BSCAN.bscan_inst/SERIES7_BSCAN.bscan_inst/TCK
                         net (fo=1, routed)           1.631     6.431    dbg_hub/inst/BSCANID.u_xsdbm_id/tck_bs
    BUFGCE_X0Y76         BUFGCE (Prop_BUFCE_BUFGCE_I_O)
                                                      0.044     6.475 r  dbg_hub/inst/BSCANID.u_xsdbm_id/SWITCH_N_EXT_BSCAN.u_bufg_icon_tck/O
    X2Y1 (CLOCK_ROOT)    net (fo=482, routed)         2.611     9.086    dbg_hub/inst/BSCANID.u_xsdbm_id/CORE_XSDB.UUT_MASTER/U_ICON_INTERFACE/U_CMD6_WR/U_WR_FIFO/SUBCORE_FIFO.xsdbm_v3_0_0_wrfifo_inst/inst_fifo_gen/gconvfifo.rf/grf.rf/gntv_or_sync_fifo.mem/gdm.dm_gen.dm/RAM_reg_0_15_14_15/WCLK
    SLICE_X58Y84         RAMD32                                       r  dbg_hub/inst/BSCANID.u_xsdbm_id/CORE_XSDB.UUT_MASTER/U_ICON_INTERFACE/U_CMD6_WR/U_WR_FIFO/SUBCORE_FIFO.xsdbm_v3_0_0_wrfifo_inst/inst_fifo_gen/gconvfifo.rf/grf.rf/gntv_or_sync_fifo.mem/gdm.dm_gen.dm/RAM_reg_0_15_14_15/DP/CLK
  -------------------------------------------------------------------    -------------------
    SLICE_X58Y84         RAMD32 (Prop_G6LUT_SLICEM_CLK_O)
                                                      0.418     9.504 r  dbg_hub/inst/BSCANID.u_xsdbm_id/CORE_XSDB.UUT_MASTER/U_ICON_INTERFACE/U_CMD6_WR/U_WR_FIFO/SUBCORE_FIFO.xsdbm_v3_0_0_wrfifo_inst/inst_fifo_gen/gconvfifo.rf/grf.rf/gntv_or_sync_fifo.mem/gdm.dm_gen.dm/RAM_reg_0_15_14_15/DP/O
                         net (fo=1, routed)           0.343     9.847    dbg_hub/inst/BSCANID.u_xsdbm_id/CORE_XSDB.UUT_MASTER/U_ICON_INTERFACE/U_CMD6_WR/U_WR_FIFO/SUBCORE_FIFO.xsdbm_v3_0_0_wrfifo_inst/inst_fifo_gen/gconvfifo.rf/grf.rf/gntv_or_sync_fifo.mem/gdm.dm_gen.dm/dout_i0[14]
    SLICE_X55Y82         FDRE                                         r  dbg_hub/inst/BSCANID.u_xsdbm_id/CORE_XSDB.UUT_MASTER/U_ICON_INTERFACE/U_CMD6_WR/U_WR_FIFO/SUBCORE_FIFO.xsdbm_v3_0_0_wrfifo_inst/inst_fifo_gen/gconvfifo.rf/grf.rf/gntv_or_sync_fifo.mem/gdm.dm_gen.dm/gpr1.dout_i_reg[14]/D
  -------------------------------------------------------------------    -------------------

                         (clock clk_pl_0 rise edge)
                                                      0.000     0.000 r  
    PS8_X0Y0             PS8                          0.000     0.000 r  mixer_i/zynq_ultra_ps_e_0/inst/PS8_i/PLCLK[0]
                         net (fo=1, routed)           0.181     0.181    mixer_i/zynq_ultra_ps_e_0/inst/pl_clk_unbuffered[0]
    BUFG_PS_X0Y90        BUFG_PS (Prop_BUFG_PS_I_O)
                                                      0.035     0.216 r  mixer_i/zynq_ultra_ps_e_0/inst/buffer_pl_clk_0.PL_CLK_0_BUFG/O
    X1Y1 (CLOCK_ROOT)    net (fo=19371, routed)       2.877     3.093    dbg_hub/inst/BSCANID.u_xsdbm_id/CORE_XSDB.UUT_MASTER/U_ICON_INTERFACE/U_CMD6_WR/U_WR_FIFO/SUBCORE_FIFO.xsdbm_v3_0_0_wrfifo_inst/inst_fifo_gen/gconvfifo.rf/grf.rf/gntv_or_sync_fifo.mem/gdm.dm_gen.dm/rd_clk
    SLICE_X55Y82         FDRE                                         r  dbg_hub/inst/BSCANID.u_xsdbm_id/CORE_XSDB.UUT_MASTER/U_ICON_INTERFACE/U_CMD6_WR/U_WR_FIFO/SUBCORE_FIFO.xsdbm_v3_0_0_wrfifo_inst/inst_fifo_gen/gconvfifo.rf/grf.rf/gntv_or_sync_fifo.mem/gdm.dm_gen.dm/gpr1.dout_i_reg[14]/C





Min Delay Paths
--------------------------------------------------------------------------------------
Slack:                    inf
  Source:                 dbg_hub/inst/BSCANID.u_xsdbm_id/CORE_XSDB.UUT_MASTER/U_ICON_INTERFACE/U_CMD6_WR/U_WR_FIFO/SUBCORE_FIFO.xsdbm_v3_0_0_wrfifo_inst/inst_fifo_gen/gconvfifo.rf/grf.rf/gntv_or_sync_fifo.gcx.clkx/gnxpm_cdc.wr_pntr_gc_reg[0]/C
                            (rising edge-triggered cell FDCE clocked by dbg_hub/inst/BSCANID.u_xsdbm_id/SWITCH_N_EXT_BSCAN.bscan_inst/SERIES7_BSCAN.bscan_inst/INTERNAL_TCK  {rise@0.000ns fall@25.000ns period=50.000ns})
  Destination:            dbg_hub/inst/BSCANID.u_xsdbm_id/CORE_XSDB.UUT_MASTER/U_ICON_INTERFACE/U_CMD6_WR/U_WR_FIFO/SUBCORE_FIFO.xsdbm_v3_0_0_wrfifo_inst/inst_fifo_gen/gconvfifo.rf/grf.rf/gntv_or_sync_fifo.gcx.clkx/gnxpm_cdc.gsync_stage[1].rd_stg_inst/Q_reg_reg[0]/D
                            (rising edge-triggered cell FDCE clocked by clk_pl_0  {rise@0.000ns fall@5.156ns period=10.312ns})
  Path Group:             (none)
  Path Type:              Hold (Min at Fast Process Corner)
  Data Path Delay:        0.148ns  (logic 0.084ns (56.757%)  route 0.064ns (43.243%))
  Logic Levels:           0  
  Clock Path Skew:        -0.529ns (DCD - SCD - CPR)
    Destination Clock Delay (DCD):    2.088ns
    Source Clock Delay      (SCD):    2.618ns
    Clock Pessimism Removal (CPR):    -0.000ns
  Clock Uncertainty:      0.159ns  ((TSJ^2 + DJ^2)^1/2) / 2 + PE
    Total System Jitter     (TSJ):    0.071ns
    Discrete Jitter          (DJ):    0.310ns
    Phase Error              (PE):    0.000ns
  Clock Net Delay (Source):      1.402ns (routing 0.805ns, distribution 0.597ns)
  Clock Net Delay (Destination): 1.901ns (routing 1.033ns, distribution 0.868ns)
  Timing Exception:       False Path

    Location             Delay type                Incr(ns)  Path(ns)    Netlist Resource(s)
  -------------------------------------------------------------------    -------------------
                         (clock dbg_hub/inst/BSCANID.u_xsdbm_id/SWITCH_N_EXT_BSCAN.bscan_inst/SERIES7_BSCAN.bscan_inst/INTERNAL_TCK rise edge)
                                                      0.000     0.000 r  
    CONFIG_SITE_X0Y0     BSCANE2                      0.000     0.000 r  dbg_hub/inst/BSCANID.u_xsdbm_id/SWITCH_N_EXT_BSCAN.bscan_inst/SERIES7_BSCAN.bscan_inst/INTERNAL_TCK
    CONFIG_SITE_X0Y0     BSCANE2 (Prop_BSCAN1_CONFIG_SITE_INTERNAL_TCK_TCK)
                                                      0.465     0.465 r  dbg_hub/inst/BSCANID.u_xsdbm_id/SWITCH_N_EXT_BSCAN.bscan_inst/SERIES7_BSCAN.bscan_inst/TCK
                         net (fo=1, routed)           0.728     1.193    dbg_hub/inst/BSCANID.u_xsdbm_id/tck_bs
    BUFGCE_X0Y76         BUFGCE (Prop_BUFCE_BUFGCE_I_O)
                                                      0.023     1.216 r  dbg_hub/inst/BSCANID.u_xsdbm_id/SWITCH_N_EXT_BSCAN.u_bufg_icon_tck/O
    X2Y1 (CLOCK_ROOT)    net (fo=482, routed)         1.402     2.618    dbg_hub/inst/BSCANID.u_xsdbm_id/CORE_XSDB.UUT_MASTER/U_ICON_INTERFACE/U_CMD6_WR/U_WR_FIFO/SUBCORE_FIFO.xsdbm_v3_0_0_wrfifo_inst/inst_fifo_gen/gconvfifo.rf/grf.rf/gntv_or_sync_fifo.gcx.clkx/wr_clk
    SLICE_X57Y85         FDCE                                         r  dbg_hub/inst/BSCANID.u_xsdbm_id/CORE_XSDB.UUT_MASTER/U_ICON_INTERFACE/U_CMD6_WR/U_WR_FIFO/SUBCORE_FIFO.xsdbm_v3_0_0_wrfifo_inst/inst_fifo_gen/gconvfifo.rf/grf.rf/gntv_or_sync_fifo.gcx.clkx/gnxpm_cdc.wr_pntr_gc_reg[0]/C
  -------------------------------------------------------------------    -------------------
    SLICE_X57Y85         FDCE (Prop_DFF_SLICEL_C_Q)
                                                      0.084     2.702 r  dbg_hub/inst/BSCANID.u_xsdbm_id/CORE_XSDB.UUT_MASTER/U_ICON_INTERFACE/U_CMD6_WR/U_WR_FIFO/SUBCORE_FIFO.xsdbm_v3_0_0_wrfifo_inst/inst_fifo_gen/gconvfifo.rf/grf.rf/gntv_or_sync_fifo.gcx.clkx/gnxpm_cdc.wr_pntr_gc_reg[0]/Q
                         net (fo=1, routed)           0.064     2.766    dbg_hub/inst/BSCANID.u_xsdbm_id/CORE_XSDB.UUT_MASTER/U_ICON_INTERFACE/U_CMD6_WR/U_WR_FIFO/SUBCORE_FIFO.xsdbm_v3_0_0_wrfifo_inst/inst_fifo_gen/gconvfifo.rf/grf.rf/gntv_or_sync_fifo.gcx.clkx/gnxpm_cdc.gsync_stage[1].rd_stg_inst/Q[0]
    SLICE_X59Y85         FDCE                                         r  dbg_hub/inst/BSCANID.u_xsdbm_id/CORE_XSDB.UUT_MASTER/U_ICON_INTERFACE/U_CMD6_WR/U_WR_FIFO/SUBCORE_FIFO.xsdbm_v3_0_0_wrfifo_inst/inst_fifo_gen/gconvfifo.rf/grf.rf/gntv_or_sync_fifo.gcx.clkx/gnxpm_cdc.gsync_stage[1].rd_stg_inst/Q_reg_reg[0]/D
  -------------------------------------------------------------------    -------------------

                         (clock clk_pl_0 rise edge)
                                                      0.000     0.000 r  
    PS8_X0Y0             PS8                          0.000     0.000 r  mixer_i/zynq_ultra_ps_e_0/inst/PS8_i/PLCLK[0]
                         net (fo=1, routed)           0.164     0.164    mixer_i/zynq_ultra_ps_e_0/inst/pl_clk_unbuffered[0]
    BUFG_PS_X0Y90        BUFG_PS (Prop_BUFG_PS_I_O)
                                                      0.023     0.187 r  mixer_i/zynq_ultra_ps_e_0/inst/buffer_pl_clk_0.PL_CLK_0_BUFG/O
    X1Y1 (CLOCK_ROOT)    net (fo=19371, routed)       1.901     2.088    dbg_hub/inst/BSCANID.u_xsdbm_id/CORE_XSDB.UUT_MASTER/U_ICON_INTERFACE/U_CMD6_WR/U_WR_FIFO/SUBCORE_FIFO.xsdbm_v3_0_0_wrfifo_inst/inst_fifo_gen/gconvfifo.rf/grf.rf/gntv_or_sync_fifo.gcx.clkx/gnxpm_cdc.gsync_stage[1].rd_stg_inst/rd_clk
    SLICE_X59Y85         FDCE                                         r  dbg_hub/inst/BSCANID.u_xsdbm_id/CORE_XSDB.UUT_MASTER/U_ICON_INTERFACE/U_CMD6_WR/U_WR_FIFO/SUBCORE_FIFO.xsdbm_v3_0_0_wrfifo_inst/inst_fifo_gen/gconvfifo.rf/grf.rf/gntv_or_sync_fifo.gcx.clkx/gnxpm_cdc.gsync_stage[1].rd_stg_inst/Q_reg_reg[0]/C

Slack:                    inf
  Source:                 dbg_hub/inst/BSCANID.u_xsdbm_id/CORE_XSDB.UUT_MASTER/U_ICON_INTERFACE/U_CMD4/shift_reg_in_reg[9]/C
                            (rising edge-triggered cell FDRE clocked by dbg_hub/inst/BSCANID.u_xsdbm_id/SWITCH_N_EXT_BSCAN.bscan_inst/SERIES7_BSCAN.bscan_inst/INTERNAL_TCK  {rise@0.000ns fall@25.000ns period=50.000ns})
  Destination:            dbg_hub/inst/BSCANID.u_xsdbm_id/CORE_XSDB.UUT_MASTER/U_ICON_INTERFACE/U_CMD4/ctl_reg_reg[9]/D
                            (rising edge-triggered cell FDRE clocked by clk_pl_0  {rise@0.000ns fall@5.156ns period=10.312ns})
  Path Group:             (none)
  Path Type:              Hold (Min at Fast Process Corner)
  Data Path Delay:        0.147ns  (logic 0.084ns (57.089%)  route 0.063ns (42.911%))
  Logic Levels:           0  
  Clock Path Skew:        -0.519ns (DCD - SCD - CPR)
    Destination Clock Delay (DCD):    2.108ns
    Source Clock Delay      (SCD):    2.627ns
    Clock Pessimism Removal (CPR):    -0.000ns
  Clock Uncertainty:      0.159ns  ((TSJ^2 + DJ^2)^1/2) / 2 + PE
    Total System Jitter     (TSJ):    0.071ns
    Discrete Jitter          (DJ):    0.310ns
    Phase Error              (PE):    0.000ns
  Clock Net Delay (Source):      1.411ns (routing 0.805ns, distribution 0.606ns)
  Clock Net Delay (Destination): 1.921ns (routing 1.033ns, distribution 0.888ns)
  Timing Exception:       False Path

    Location             Delay type                Incr(ns)  Path(ns)    Netlist Resource(s)
  -------------------------------------------------------------------    -------------------
                         (clock dbg_hub/inst/BSCANID.u_xsdbm_id/SWITCH_N_EXT_BSCAN.bscan_inst/SERIES7_BSCAN.bscan_inst/INTERNAL_TCK rise edge)
                                                      0.000     0.000 r  
    CONFIG_SITE_X0Y0     BSCANE2                      0.000     0.000 r  dbg_hub/inst/BSCANID.u_xsdbm_id/SWITCH_N_EXT_BSCAN.bscan_inst/SERIES7_BSCAN.bscan_inst/INTERNAL_TCK
    CONFIG_SITE_X0Y0     BSCANE2 (Prop_BSCAN1_CONFIG_SITE_INTERNAL_TCK_TCK)
                                                      0.465     0.465 r  dbg_hub/inst/BSCANID.u_xsdbm_id/SWITCH_N_EXT_BSCAN.bscan_inst/SERIES7_BSCAN.bscan_inst/TCK
                         net (fo=1, routed)           0.728     1.193    dbg_hub/inst/BSCANID.u_xsdbm_id/tck_bs
    BUFGCE_X0Y76         BUFGCE (Prop_BUFCE_BUFGCE_I_O)
                                                      0.023     1.216 r  dbg_hub/inst/BSCANID.u_xsdbm_id/SWITCH_N_EXT_BSCAN.u_bufg_icon_tck/O
    X2Y1 (CLOCK_ROOT)    net (fo=482, routed)         1.411     2.627    dbg_hub/inst/BSCANID.u_xsdbm_id/CORE_XSDB.UUT_MASTER/U_ICON_INTERFACE/U_CMD4/m_bscan_tck[0]
    SLICE_X59Y73         FDRE                                         r  dbg_hub/inst/BSCANID.u_xsdbm_id/CORE_XSDB.UUT_MASTER/U_ICON_INTERFACE/U_CMD4/shift_reg_in_reg[9]/C
  -------------------------------------------------------------------    -------------------
    SLICE_X59Y73         FDRE (Prop_DFF_SLICEL_C_Q)
                                                      0.084     2.711 r  dbg_hub/inst/BSCANID.u_xsdbm_id/CORE_XSDB.UUT_MASTER/U_ICON_INTERFACE/U_CMD4/shift_reg_in_reg[9]/Q
                         net (fo=2, routed)           0.063     2.774    dbg_hub/inst/BSCANID.u_xsdbm_id/CORE_XSDB.UUT_MASTER/U_ICON_INTERFACE/U_CMD4/shift_reg_in[9]
    SLICE_X59Y71         FDRE                                         r  dbg_hub/inst/BSCANID.u_xsdbm_id/CORE_XSDB.UUT_MASTER/U_ICON_INTERFACE/U_CMD4/ctl_reg_reg[9]/D
  -------------------------------------------------------------------    -------------------

                         (clock clk_pl_0 rise edge)
                                                      0.000     0.000 r  
    PS8_X0Y0             PS8                          0.000     0.000 r  mixer_i/zynq_ultra_ps_e_0/inst/PS8_i/PLCLK[0]
                         net (fo=1, routed)           0.164     0.164    mixer_i/zynq_ultra_ps_e_0/inst/pl_clk_unbuffered[0]
    BUFG_PS_X0Y90        BUFG_PS (Prop_BUFG_PS_I_O)
                                                      0.023     0.187 r  mixer_i/zynq_ultra_ps_e_0/inst/buffer_pl_clk_0.PL_CLK_0_BUFG/O
    X1Y1 (CLOCK_ROOT)    net (fo=19371, routed)       1.921     2.108    dbg_hub/inst/BSCANID.u_xsdbm_id/CORE_XSDB.UUT_MASTER/U_ICON_INTERFACE/U_CMD4/clk
    SLICE_X59Y71         FDRE                                         r  dbg_hub/inst/BSCANID.u_xsdbm_id/CORE_XSDB.UUT_MASTER/U_ICON_INTERFACE/U_CMD4/ctl_reg_reg[9]/C

Slack:                    inf
  Source:                 dbg_hub/inst/BSCANID.u_xsdbm_id/CORE_XSDB.UUT_MASTER/U_ICON_INTERFACE/U_CMD4/shift_reg_in_reg[27]/C
                            (rising edge-triggered cell FDRE clocked by dbg_hub/inst/BSCANID.u_xsdbm_id/SWITCH_N_EXT_BSCAN.bscan_inst/SERIES7_BSCAN.bscan_inst/INTERNAL_TCK  {rise@0.000ns fall@25.000ns period=50.000ns})
  Destination:            dbg_hub/inst/BSCANID.u_xsdbm_id/CORE_XSDB.UUT_MASTER/U_ICON_INTERFACE/U_CMD4/ctl_reg_reg[27]/D
                            (rising edge-triggered cell FDRE clocked by clk_pl_0  {rise@0.000ns fall@5.156ns period=10.312ns})
  Path Group:             (none)
  Path Type:              Hold (Min at Fast Process Corner)
  Data Path Delay:        0.148ns  (logic 0.084ns (56.897%)  route 0.064ns (43.103%))
  Logic Levels:           0  
  Clock Path Skew:        -0.517ns (DCD - SCD - CPR)
    Destination Clock Delay (DCD):    2.112ns
    Source Clock Delay      (SCD):    2.629ns
    Clock Pessimism Removal (CPR):    -0.000ns
  Clock Uncertainty:      0.159ns  ((TSJ^2 + DJ^2)^1/2) / 2 + PE
    Total System Jitter     (TSJ):    0.071ns
    Discrete Jitter          (DJ):    0.310ns
    Phase Error              (PE):    0.000ns
  Clock Net Delay (Source):      1.413ns (routing 0.805ns, distribution 0.608ns)
  Clock Net Delay (Destination): 1.925ns (routing 1.033ns, distribution 0.892ns)
  Timing Exception:       False Path

    Location             Delay type                Incr(ns)  Path(ns)    Netlist Resource(s)
  -------------------------------------------------------------------    -------------------
                         (clock dbg_hub/inst/BSCANID.u_xsdbm_id/SWITCH_N_EXT_BSCAN.bscan_inst/SERIES7_BSCAN.bscan_inst/INTERNAL_TCK rise edge)
                                                      0.000     0.000 r  
    CONFIG_SITE_X0Y0     BSCANE2                      0.000     0.000 r  dbg_hub/inst/BSCANID.u_xsdbm_id/SWITCH_N_EXT_BSCAN.bscan_inst/SERIES7_BSCAN.bscan_inst/INTERNAL_TCK
    CONFIG_SITE_X0Y0     BSCANE2 (Prop_BSCAN1_CONFIG_SITE_INTERNAL_TCK_TCK)
                                                      0.465     0.465 r  dbg_hub/inst/BSCANID.u_xsdbm_id/SWITCH_N_EXT_BSCAN.bscan_inst/SERIES7_BSCAN.bscan_inst/TCK
                         net (fo=1, routed)           0.728     1.193    dbg_hub/inst/BSCANID.u_xsdbm_id/tck_bs
    BUFGCE_X0Y76         BUFGCE (Prop_BUFCE_BUFGCE_I_O)
                                                      0.023     1.216 r  dbg_hub/inst/BSCANID.u_xsdbm_id/SWITCH_N_EXT_BSCAN.u_bufg_icon_tck/O
    X2Y1 (CLOCK_ROOT)    net (fo=482, routed)         1.413     2.629    dbg_hub/inst/BSCANID.u_xsdbm_id/CORE_XSDB.UUT_MASTER/U_ICON_INTERFACE/U_CMD4/m_bscan_tck[0]
    SLICE_X59Y72         FDRE                                         r  dbg_hub/inst/BSCANID.u_xsdbm_id/CORE_XSDB.UUT_MASTER/U_ICON_INTERFACE/U_CMD4/shift_reg_in_reg[27]/C
  -------------------------------------------------------------------    -------------------
    SLICE_X59Y72         FDRE (Prop_HFF_SLICEL_C_Q)
                                                      0.084     2.713 r  dbg_hub/inst/BSCANID.u_xsdbm_id/CORE_XSDB.UUT_MASTER/U_ICON_INTERFACE/U_CMD4/shift_reg_in_reg[27]/Q
                         net (fo=2, routed)           0.064     2.776    dbg_hub/inst/BSCANID.u_xsdbm_id/CORE_XSDB.UUT_MASTER/U_ICON_INTERFACE/U_CMD4/shift_reg_in[27]
    SLICE_X59Y71         FDRE                                         r  dbg_hub/inst/BSCANID.u_xsdbm_id/CORE_XSDB.UUT_MASTER/U_ICON_INTERFACE/U_CMD4/ctl_reg_reg[27]/D
  -------------------------------------------------------------------    -------------------

                         (clock clk_pl_0 rise edge)
                                                      0.000     0.000 r  
    PS8_X0Y0             PS8                          0.000     0.000 r  mixer_i/zynq_ultra_ps_e_0/inst/PS8_i/PLCLK[0]
                         net (fo=1, routed)           0.164     0.164    mixer_i/zynq_ultra_ps_e_0/inst/pl_clk_unbuffered[0]
    BUFG_PS_X0Y90        BUFG_PS (Prop_BUFG_PS_I_O)
                                                      0.023     0.187 r  mixer_i/zynq_ultra_ps_e_0/inst/buffer_pl_clk_0.PL_CLK_0_BUFG/O
    X1Y1 (CLOCK_ROOT)    net (fo=19371, routed)       1.925     2.112    dbg_hub/inst/BSCANID.u_xsdbm_id/CORE_XSDB.UUT_MASTER/U_ICON_INTERFACE/U_CMD4/clk
    SLICE_X59Y71         FDRE                                         r  dbg_hub/inst/BSCANID.u_xsdbm_id/CORE_XSDB.UUT_MASTER/U_ICON_INTERFACE/U_CMD4/ctl_reg_reg[27]/C

Slack:                    inf
  Source:                 dbg_hub/inst/BSCANID.u_xsdbm_id/CORE_XSDB.UUT_MASTER/U_ICON_INTERFACE/U_CMD4/shift_reg_in_reg[24]/C
                            (rising edge-triggered cell FDRE clocked by dbg_hub/inst/BSCANID.u_xsdbm_id/SWITCH_N_EXT_BSCAN.bscan_inst/SERIES7_BSCAN.bscan_inst/INTERNAL_TCK  {rise@0.000ns fall@25.000ns period=50.000ns})
  Destination:            dbg_hub/inst/BSCANID.u_xsdbm_id/CORE_XSDB.UUT_MASTER/U_ICON_INTERFACE/U_CMD4/ctl_reg_reg[24]/D
                            (rising edge-triggered cell FDRE clocked by clk_pl_0  {rise@0.000ns fall@5.156ns period=10.312ns})
  Path Group:             (none)
  Path Type:              Hold (Min at Fast Process Corner)
  Data Path Delay:        0.151ns  (logic 0.084ns (55.764%)  route 0.067ns (44.236%))
  Logic Levels:           0  
  Clock Path Skew:        -0.517ns (DCD - SCD - CPR)
    Destination Clock Delay (DCD):    2.112ns
    Source Clock Delay      (SCD):    2.629ns
    Clock Pessimism Removal (CPR):    -0.000ns
  Clock Uncertainty:      0.159ns  ((TSJ^2 + DJ^2)^1/2) / 2 + PE
    Total System Jitter     (TSJ):    0.071ns
    Discrete Jitter          (DJ):    0.310ns
    Phase Error              (PE):    0.000ns
  Clock Net Delay (Source):      1.413ns (routing 0.805ns, distribution 0.608ns)
  Clock Net Delay (Destination): 1.925ns (routing 1.033ns, distribution 0.892ns)
  Timing Exception:       False Path

    Location             Delay type                Incr(ns)  Path(ns)    Netlist Resource(s)
  -------------------------------------------------------------------    -------------------
                         (clock dbg_hub/inst/BSCANID.u_xsdbm_id/SWITCH_N_EXT_BSCAN.bscan_inst/SERIES7_BSCAN.bscan_inst/INTERNAL_TCK rise edge)
                                                      0.000     0.000 r  
    CONFIG_SITE_X0Y0     BSCANE2                      0.000     0.000 r  dbg_hub/inst/BSCANID.u_xsdbm_id/SWITCH_N_EXT_BSCAN.bscan_inst/SERIES7_BSCAN.bscan_inst/INTERNAL_TCK
    CONFIG_SITE_X0Y0     BSCANE2 (Prop_BSCAN1_CONFIG_SITE_INTERNAL_TCK_TCK)
                                                      0.465     0.465 r  dbg_hub/inst/BSCANID.u_xsdbm_id/SWITCH_N_EXT_BSCAN.bscan_inst/SERIES7_BSCAN.bscan_inst/TCK
                         net (fo=1, routed)           0.728     1.193    dbg_hub/inst/BSCANID.u_xsdbm_id/tck_bs
    BUFGCE_X0Y76         BUFGCE (Prop_BUFCE_BUFGCE_I_O)
                                                      0.023     1.216 r  dbg_hub/inst/BSCANID.u_xsdbm_id/SWITCH_N_EXT_BSCAN.u_bufg_icon_tck/O
    X2Y1 (CLOCK_ROOT)    net (fo=482, routed)         1.413     2.629    dbg_hub/inst/BSCANID.u_xsdbm_id/CORE_XSDB.UUT_MASTER/U_ICON_INTERFACE/U_CMD4/m_bscan_tck[0]
    SLICE_X59Y72         FDRE                                         r  dbg_hub/inst/BSCANID.u_xsdbm_id/CORE_XSDB.UUT_MASTER/U_ICON_INTERFACE/U_CMD4/shift_reg_in_reg[24]/C
  -------------------------------------------------------------------    -------------------
    SLICE_X59Y72         FDRE (Prop_EFF_SLICEL_C_Q)
                                                      0.084     2.713 r  dbg_hub/inst/BSCANID.u_xsdbm_id/CORE_XSDB.UUT_MASTER/U_ICON_INTERFACE/U_CMD4/shift_reg_in_reg[24]/Q
                         net (fo=2, routed)           0.067     2.779    dbg_hub/inst/BSCANID.u_xsdbm_id/CORE_XSDB.UUT_MASTER/U_ICON_INTERFACE/U_CMD4/shift_reg_in[24]
    SLICE_X59Y71         FDRE                                         r  dbg_hub/inst/BSCANID.u_xsdbm_id/CORE_XSDB.UUT_MASTER/U_ICON_INTERFACE/U_CMD4/ctl_reg_reg[24]/D
  -------------------------------------------------------------------    -------------------

                         (clock clk_pl_0 rise edge)
                                                      0.000     0.000 r  
    PS8_X0Y0             PS8                          0.000     0.000 r  mixer_i/zynq_ultra_ps_e_0/inst/PS8_i/PLCLK[0]
                         net (fo=1, routed)           0.164     0.164    mixer_i/zynq_ultra_ps_e_0/inst/pl_clk_unbuffered[0]
    BUFG_PS_X0Y90        BUFG_PS (Prop_BUFG_PS_I_O)
                                                      0.023     0.187 r  mixer_i/zynq_ultra_ps_e_0/inst/buffer_pl_clk_0.PL_CLK_0_BUFG/O
    X1Y1 (CLOCK_ROOT)    net (fo=19371, routed)       1.925     2.112    dbg_hub/inst/BSCANID.u_xsdbm_id/CORE_XSDB.UUT_MASTER/U_ICON_INTERFACE/U_CMD4/clk
    SLICE_X59Y71         FDRE                                         r  dbg_hub/inst/BSCANID.u_xsdbm_id/CORE_XSDB.UUT_MASTER/U_ICON_INTERFACE/U_CMD4/ctl_reg_reg[24]/C

Slack:                    inf
  Source:                 dbg_hub/inst/BSCANID.u_xsdbm_id/CORE_XSDB.UUT_MASTER/U_ICON_INTERFACE/U_CMD4/shift_reg_in_reg[3]/C
                            (rising edge-triggered cell FDRE clocked by dbg_hub/inst/BSCANID.u_xsdbm_id/SWITCH_N_EXT_BSCAN.bscan_inst/SERIES7_BSCAN.bscan_inst/INTERNAL_TCK  {rise@0.000ns fall@25.000ns period=50.000ns})
  Destination:            dbg_hub/inst/BSCANID.u_xsdbm_id/CORE_XSDB.UUT_MASTER/U_ICON_INTERFACE/U_CMD4/ctl_reg_reg[3]/D
                            (rising edge-triggered cell FDRE clocked by clk_pl_0  {rise@0.000ns fall@5.156ns period=10.312ns})
  Path Group:             (none)
  Path Type:              Hold (Min at Fast Process Corner)
  Data Path Delay:        0.153ns  (logic 0.085ns (55.688%)  route 0.068ns (44.312%))
  Logic Levels:           0  
  Clock Path Skew:        -0.521ns (DCD - SCD - CPR)
    Destination Clock Delay (DCD):    2.108ns
    Source Clock Delay      (SCD):    2.629ns
    Clock Pessimism Removal (CPR):    -0.000ns
  Clock Uncertainty:      0.159ns  ((TSJ^2 + DJ^2)^1/2) / 2 + PE
    Total System Jitter     (TSJ):    0.071ns
    Discrete Jitter          (DJ):    0.310ns
    Phase Error              (PE):    0.000ns
  Clock Net Delay (Source):      1.413ns (routing 0.805ns, distribution 0.608ns)
  Clock Net Delay (Destination): 1.921ns (routing 1.033ns, distribution 0.888ns)
  Timing Exception:       False Path

    Location             Delay type                Incr(ns)  Path(ns)    Netlist Resource(s)
  -------------------------------------------------------------------    -------------------
                         (clock dbg_hub/inst/BSCANID.u_xsdbm_id/SWITCH_N_EXT_BSCAN.bscan_inst/SERIES7_BSCAN.bscan_inst/INTERNAL_TCK rise edge)
                                                      0.000     0.000 r  
    CONFIG_SITE_X0Y0     BSCANE2                      0.000     0.000 r  dbg_hub/inst/BSCANID.u_xsdbm_id/SWITCH_N_EXT_BSCAN.bscan_inst/SERIES7_BSCAN.bscan_inst/INTERNAL_TCK
    CONFIG_SITE_X0Y0     BSCANE2 (Prop_BSCAN1_CONFIG_SITE_INTERNAL_TCK_TCK)
                                                      0.465     0.465 r  dbg_hub/inst/BSCANID.u_xsdbm_id/SWITCH_N_EXT_BSCAN.bscan_inst/SERIES7_BSCAN.bscan_inst/TCK
                         net (fo=1, routed)           0.728     1.193    dbg_hub/inst/BSCANID.u_xsdbm_id/tck_bs
    BUFGCE_X0Y76         BUFGCE (Prop_BUFCE_BUFGCE_I_O)
                                                      0.023     1.216 r  dbg_hub/inst/BSCANID.u_xsdbm_id/SWITCH_N_EXT_BSCAN.u_bufg_icon_tck/O
    X2Y1 (CLOCK_ROOT)    net (fo=482, routed)         1.413     2.629    dbg_hub/inst/BSCANID.u_xsdbm_id/CORE_XSDB.UUT_MASTER/U_ICON_INTERFACE/U_CMD4/m_bscan_tck[0]
    SLICE_X59Y73         FDRE                                         r  dbg_hub/inst/BSCANID.u_xsdbm_id/CORE_XSDB.UUT_MASTER/U_ICON_INTERFACE/U_CMD4/shift_reg_in_reg[3]/C
  -------------------------------------------------------------------    -------------------
    SLICE_X59Y73         FDRE (Prop_FFF2_SLICEL_C_Q)
                                                      0.085     2.714 r  dbg_hub/inst/BSCANID.u_xsdbm_id/CORE_XSDB.UUT_MASTER/U_ICON_INTERFACE/U_CMD4/shift_reg_in_reg[3]/Q
                         net (fo=2, routed)           0.068     2.781    dbg_hub/inst/BSCANID.u_xsdbm_id/CORE_XSDB.UUT_MASTER/U_ICON_INTERFACE/U_CMD4/shift_reg_in[3]
    SLICE_X59Y71         FDRE                                         r  dbg_hub/inst/BSCANID.u_xsdbm_id/CORE_XSDB.UUT_MASTER/U_ICON_INTERFACE/U_CMD4/ctl_reg_reg[3]/D
  -------------------------------------------------------------------    -------------------

                         (clock clk_pl_0 rise edge)
                                                      0.000     0.000 r  
    PS8_X0Y0             PS8                          0.000     0.000 r  mixer_i/zynq_ultra_ps_e_0/inst/PS8_i/PLCLK[0]
                         net (fo=1, routed)           0.164     0.164    mixer_i/zynq_ultra_ps_e_0/inst/pl_clk_unbuffered[0]
    BUFG_PS_X0Y90        BUFG_PS (Prop_BUFG_PS_I_O)
                                                      0.023     0.187 r  mixer_i/zynq_ultra_ps_e_0/inst/buffer_pl_clk_0.PL_CLK_0_BUFG/O
    X1Y1 (CLOCK_ROOT)    net (fo=19371, routed)       1.921     2.108    dbg_hub/inst/BSCANID.u_xsdbm_id/CORE_XSDB.UUT_MASTER/U_ICON_INTERFACE/U_CMD4/clk
    SLICE_X59Y71         FDRE                                         r  dbg_hub/inst/BSCANID.u_xsdbm_id/CORE_XSDB.UUT_MASTER/U_ICON_INTERFACE/U_CMD4/ctl_reg_reg[3]/C

Slack:                    inf
  Source:                 dbg_hub/inst/BSCANID.u_xsdbm_id/CORE_XSDB.UUT_MASTER/U_ICON_INTERFACE/U_CMD4/shift_reg_in_reg[12]/C
                            (rising edge-triggered cell FDRE clocked by dbg_hub/inst/BSCANID.u_xsdbm_id/SWITCH_N_EXT_BSCAN.bscan_inst/SERIES7_BSCAN.bscan_inst/INTERNAL_TCK  {rise@0.000ns fall@25.000ns period=50.000ns})
  Destination:            dbg_hub/inst/BSCANID.u_xsdbm_id/CORE_XSDB.UUT_MASTER/U_ICON_INTERFACE/U_CMD4/ctl_reg_reg[12]/D
                            (rising edge-triggered cell FDRE clocked by clk_pl_0  {rise@0.000ns fall@5.156ns period=10.312ns})
  Path Group:             (none)
  Path Type:              Hold (Min at Fast Process Corner)
  Data Path Delay:        0.156ns  (logic 0.085ns (54.615%)  route 0.071ns (45.385%))
  Logic Levels:           0  
  Clock Path Skew:        -0.532ns (DCD - SCD - CPR)
    Destination Clock Delay (DCD):    2.095ns
    Source Clock Delay      (SCD):    2.627ns
    Clock Pessimism Removal (CPR):    -0.000ns
  Clock Uncertainty:      0.159ns  ((TSJ^2 + DJ^2)^1/2) / 2 + PE
    Total System Jitter     (TSJ):    0.071ns
    Discrete Jitter          (DJ):    0.310ns
    Phase Error              (PE):    0.000ns
  Clock Net Delay (Source):      1.411ns (routing 0.805ns, distribution 0.606ns)
  Clock Net Delay (Destination): 1.908ns (routing 1.033ns, distribution 0.875ns)
  Timing Exception:       False Path

    Location             Delay type                Incr(ns)  Path(ns)    Netlist Resource(s)
  -------------------------------------------------------------------    -------------------
                         (clock dbg_hub/inst/BSCANID.u_xsdbm_id/SWITCH_N_EXT_BSCAN.bscan_inst/SERIES7_BSCAN.bscan_inst/INTERNAL_TCK rise edge)
                                                      0.000     0.000 r  
    CONFIG_SITE_X0Y0     BSCANE2                      0.000     0.000 r  dbg_hub/inst/BSCANID.u_xsdbm_id/SWITCH_N_EXT_BSCAN.bscan_inst/SERIES7_BSCAN.bscan_inst/INTERNAL_TCK
    CONFIG_SITE_X0Y0     BSCANE2 (Prop_BSCAN1_CONFIG_SITE_INTERNAL_TCK_TCK)
                                                      0.465     0.465 r  dbg_hub/inst/BSCANID.u_xsdbm_id/SWITCH_N_EXT_BSCAN.bscan_inst/SERIES7_BSCAN.bscan_inst/TCK
                         net (fo=1, routed)           0.728     1.193    dbg_hub/inst/BSCANID.u_xsdbm_id/tck_bs
    BUFGCE_X0Y76         BUFGCE (Prop_BUFCE_BUFGCE_I_O)
                                                      0.023     1.216 r  dbg_hub/inst/BSCANID.u_xsdbm_id/SWITCH_N_EXT_BSCAN.u_bufg_icon_tck/O
    X2Y1 (CLOCK_ROOT)    net (fo=482, routed)         1.411     2.627    dbg_hub/inst/BSCANID.u_xsdbm_id/CORE_XSDB.UUT_MASTER/U_ICON_INTERFACE/U_CMD4/m_bscan_tck[0]
    SLICE_X59Y72         FDRE                                         r  dbg_hub/inst/BSCANID.u_xsdbm_id/CORE_XSDB.UUT_MASTER/U_ICON_INTERFACE/U_CMD4/shift_reg_in_reg[12]/C
  -------------------------------------------------------------------    -------------------
    SLICE_X59Y72         FDRE (Prop_AFF2_SLICEL_C_Q)
                                                      0.085     2.712 r  dbg_hub/inst/BSCANID.u_xsdbm_id/CORE_XSDB.UUT_MASTER/U_ICON_INTERFACE/U_CMD4/shift_reg_in_reg[12]/Q
                         net (fo=2, routed)           0.071     2.782    dbg_hub/inst/BSCANID.u_xsdbm_id/CORE_XSDB.UUT_MASTER/U_ICON_INTERFACE/U_CMD4/shift_reg_in[12]
    SLICE_X60Y72         FDRE                                         r  dbg_hub/inst/BSCANID.u_xsdbm_id/CORE_XSDB.UUT_MASTER/U_ICON_INTERFACE/U_CMD4/ctl_reg_reg[12]/D
  -------------------------------------------------------------------    -------------------

                         (clock clk_pl_0 rise edge)
                                                      0.000     0.000 r  
    PS8_X0Y0             PS8                          0.000     0.000 r  mixer_i/zynq_ultra_ps_e_0/inst/PS8_i/PLCLK[0]
                         net (fo=1, routed)           0.164     0.164    mixer_i/zynq_ultra_ps_e_0/inst/pl_clk_unbuffered[0]
    BUFG_PS_X0Y90        BUFG_PS (Prop_BUFG_PS_I_O)
                                                      0.023     0.187 r  mixer_i/zynq_ultra_ps_e_0/inst/buffer_pl_clk_0.PL_CLK_0_BUFG/O
    X1Y1 (CLOCK_ROOT)    net (fo=19371, routed)       1.908     2.095    dbg_hub/inst/BSCANID.u_xsdbm_id/CORE_XSDB.UUT_MASTER/U_ICON_INTERFACE/U_CMD4/clk
    SLICE_X60Y72         FDRE                                         r  dbg_hub/inst/BSCANID.u_xsdbm_id/CORE_XSDB.UUT_MASTER/U_ICON_INTERFACE/U_CMD4/ctl_reg_reg[12]/C

Slack:                    inf
  Source:                 dbg_hub/inst/BSCANID.u_xsdbm_id/CORE_XSDB.UUT_MASTER/U_ICON_INTERFACE/U_CMD6_RD/U_RD_FIFO/SUBCORE_FIFO.xsdbm_v3_0_0_rdfifo_inst/inst_fifo_gen/gconvfifo.rf/grf.rf/gntv_or_sync_fifo.gcx.clkx/gnxpm_cdc.rd_pntr_gc_reg[1]/C
                            (rising edge-triggered cell FDCE clocked by dbg_hub/inst/BSCANID.u_xsdbm_id/SWITCH_N_EXT_BSCAN.bscan_inst/SERIES7_BSCAN.bscan_inst/INTERNAL_TCK  {rise@0.000ns fall@25.000ns period=50.000ns})
  Destination:            dbg_hub/inst/BSCANID.u_xsdbm_id/CORE_XSDB.UUT_MASTER/U_ICON_INTERFACE/U_CMD6_RD/U_RD_FIFO/SUBCORE_FIFO.xsdbm_v3_0_0_rdfifo_inst/inst_fifo_gen/gconvfifo.rf/grf.rf/gntv_or_sync_fifo.gcx.clkx/gnxpm_cdc.gsync_stage[1].wr_stg_inst/Q_reg_reg[1]/D
                            (rising edge-triggered cell FDCE clocked by clk_pl_0  {rise@0.000ns fall@5.156ns period=10.312ns})
  Path Group:             (none)
  Path Type:              Hold (Min at Fast Process Corner)
  Data Path Delay:        0.164ns  (logic 0.083ns (50.610%)  route 0.081ns (49.390%))
  Logic Levels:           0  
  Clock Path Skew:        -0.521ns (DCD - SCD - CPR)
    Destination Clock Delay (DCD):    2.099ns
    Source Clock Delay      (SCD):    2.620ns
    Clock Pessimism Removal (CPR):    -0.000ns
  Clock Uncertainty:      0.159ns  ((TSJ^2 + DJ^2)^1/2) / 2 + PE
    Total System Jitter     (TSJ):    0.071ns
    Discrete Jitter          (DJ):    0.310ns
    Phase Error              (PE):    0.000ns
  Clock Net Delay (Source):      1.404ns (routing 0.805ns, distribution 0.599ns)
  Clock Net Delay (Destination): 1.912ns (routing 1.033ns, distribution 0.879ns)
  Timing Exception:       False Path

    Location             Delay type                Incr(ns)  Path(ns)    Netlist Resource(s)
  -------------------------------------------------------------------    -------------------
                         (clock dbg_hub/inst/BSCANID.u_xsdbm_id/SWITCH_N_EXT_BSCAN.bscan_inst/SERIES7_BSCAN.bscan_inst/INTERNAL_TCK rise edge)
                                                      0.000     0.000 r  
    CONFIG_SITE_X0Y0     BSCANE2                      0.000     0.000 r  dbg_hub/inst/BSCANID.u_xsdbm_id/SWITCH_N_EXT_BSCAN.bscan_inst/SERIES7_BSCAN.bscan_inst/INTERNAL_TCK
    CONFIG_SITE_X0Y0     BSCANE2 (Prop_BSCAN1_CONFIG_SITE_INTERNAL_TCK_TCK)
                                                      0.465     0.465 r  dbg_hub/inst/BSCANID.u_xsdbm_id/SWITCH_N_EXT_BSCAN.bscan_inst/SERIES7_BSCAN.bscan_inst/TCK
                         net (fo=1, routed)           0.728     1.193    dbg_hub/inst/BSCANID.u_xsdbm_id/tck_bs
    BUFGCE_X0Y76         BUFGCE (Prop_BUFCE_BUFGCE_I_O)
                                                      0.023     1.216 r  dbg_hub/inst/BSCANID.u_xsdbm_id/SWITCH_N_EXT_BSCAN.u_bufg_icon_tck/O
    X2Y1 (CLOCK_ROOT)    net (fo=482, routed)         1.404     2.620    dbg_hub/inst/BSCANID.u_xsdbm_id/CORE_XSDB.UUT_MASTER/U_ICON_INTERFACE/U_CMD6_RD/U_RD_FIFO/SUBCORE_FIFO.xsdbm_v3_0_0_rdfifo_inst/inst_fifo_gen/gconvfifo.rf/grf.rf/gntv_or_sync_fifo.gcx.clkx/rd_clk
    SLICE_X54Y77         FDCE                                         r  dbg_hub/inst/BSCANID.u_xsdbm_id/CORE_XSDB.UUT_MASTER/U_ICON_INTERFACE/U_CMD6_RD/U_RD_FIFO/SUBCORE_FIFO.xsdbm_v3_0_0_rdfifo_inst/inst_fifo_gen/gconvfifo.rf/grf.rf/gntv_or_sync_fifo.gcx.clkx/gnxpm_cdc.rd_pntr_gc_reg[1]/C
  -------------------------------------------------------------------    -------------------
    SLICE_X54Y77         FDCE (Prop_HFF2_SLICEM_C_Q)
                                                      0.083     2.703 r  dbg_hub/inst/BSCANID.u_xsdbm_id/CORE_XSDB.UUT_MASTER/U_ICON_INTERFACE/U_CMD6_RD/U_RD_FIFO/SUBCORE_FIFO.xsdbm_v3_0_0_rdfifo_inst/inst_fifo_gen/gconvfifo.rf/grf.rf/gntv_or_sync_fifo.gcx.clkx/gnxpm_cdc.rd_pntr_gc_reg[1]/Q
                         net (fo=1, routed)           0.081     2.784    dbg_hub/inst/BSCANID.u_xsdbm_id/CORE_XSDB.UUT_MASTER/U_ICON_INTERFACE/U_CMD6_RD/U_RD_FIFO/SUBCORE_FIFO.xsdbm_v3_0_0_rdfifo_inst/inst_fifo_gen/gconvfifo.rf/grf.rf/gntv_or_sync_fifo.gcx.clkx/gnxpm_cdc.gsync_stage[1].wr_stg_inst/Q[1]
    SLICE_X56Y78         FDCE                                         r  dbg_hub/inst/BSCANID.u_xsdbm_id/CORE_XSDB.UUT_MASTER/U_ICON_INTERFACE/U_CMD6_RD/U_RD_FIFO/SUBCORE_FIFO.xsdbm_v3_0_0_rdfifo_inst/inst_fifo_gen/gconvfifo.rf/grf.rf/gntv_or_sync_fifo.gcx.clkx/gnxpm_cdc.gsync_stage[1].wr_stg_inst/Q_reg_reg[1]/D
  -------------------------------------------------------------------    -------------------

                         (clock clk_pl_0 rise edge)
                                                      0.000     0.000 r  
    PS8_X0Y0             PS8                          0.000     0.000 r  mixer_i/zynq_ultra_ps_e_0/inst/PS8_i/PLCLK[0]
                         net (fo=1, routed)           0.164     0.164    mixer_i/zynq_ultra_ps_e_0/inst/pl_clk_unbuffered[0]
    BUFG_PS_X0Y90        BUFG_PS (Prop_BUFG_PS_I_O)
                                                      0.023     0.187 r  mixer_i/zynq_ultra_ps_e_0/inst/buffer_pl_clk_0.PL_CLK_0_BUFG/O
    X1Y1 (CLOCK_ROOT)    net (fo=19371, routed)       1.912     2.099    dbg_hub/inst/BSCANID.u_xsdbm_id/CORE_XSDB.UUT_MASTER/U_ICON_INTERFACE/U_CMD6_RD/U_RD_FIFO/SUBCORE_FIFO.xsdbm_v3_0_0_rdfifo_inst/inst_fifo_gen/gconvfifo.rf/grf.rf/gntv_or_sync_fifo.gcx.clkx/gnxpm_cdc.gsync_stage[1].wr_stg_inst/wr_clk
    SLICE_X56Y78         FDCE                                         r  dbg_hub/inst/BSCANID.u_xsdbm_id/CORE_XSDB.UUT_MASTER/U_ICON_INTERFACE/U_CMD6_RD/U_RD_FIFO/SUBCORE_FIFO.xsdbm_v3_0_0_rdfifo_inst/inst_fifo_gen/gconvfifo.rf/grf.rf/gntv_or_sync_fifo.gcx.clkx/gnxpm_cdc.gsync_stage[1].wr_stg_inst/Q_reg_reg[1]/C

Slack:                    inf
  Source:                 dbg_hub/inst/BSCANID.u_xsdbm_id/CORE_XSDB.UUT_MASTER/U_ICON_INTERFACE/U_CMD4/shift_reg_in_reg[8]/C
                            (rising edge-triggered cell FDRE clocked by dbg_hub/inst/BSCANID.u_xsdbm_id/SWITCH_N_EXT_BSCAN.bscan_inst/SERIES7_BSCAN.bscan_inst/INTERNAL_TCK  {rise@0.000ns fall@25.000ns period=50.000ns})
  Destination:            dbg_hub/inst/BSCANID.u_xsdbm_id/CORE_XSDB.UUT_MASTER/U_ICON_INTERFACE/U_CMD4/ctl_reg_reg[8]/D
                            (rising edge-triggered cell FDRE clocked by clk_pl_0  {rise@0.000ns fall@5.156ns period=10.312ns})
  Path Group:             (none)
  Path Type:              Hold (Min at Fast Process Corner)
  Data Path Delay:        0.158ns  (logic 0.084ns (53.287%)  route 0.074ns (46.713%))
  Logic Levels:           0  
  Clock Path Skew:        -0.519ns (DCD - SCD - CPR)
    Destination Clock Delay (DCD):    2.108ns
    Source Clock Delay      (SCD):    2.627ns
    Clock Pessimism Removal (CPR):    -0.000ns
  Clock Uncertainty:      0.159ns  ((TSJ^2 + DJ^2)^1/2) / 2 + PE
    Total System Jitter     (TSJ):    0.071ns
    Discrete Jitter          (DJ):    0.310ns
    Phase Error              (PE):    0.000ns
  Clock Net Delay (Source):      1.411ns (routing 0.805ns, distribution 0.606ns)
  Clock Net Delay (Destination): 1.921ns (routing 1.033ns, distribution 0.888ns)
  Timing Exception:       False Path

    Location             Delay type                Incr(ns)  Path(ns)    Netlist Resource(s)
  -------------------------------------------------------------------    -------------------
                         (clock dbg_hub/inst/BSCANID.u_xsdbm_id/SWITCH_N_EXT_BSCAN.bscan_inst/SERIES7_BSCAN.bscan_inst/INTERNAL_TCK rise edge)
                                                      0.000     0.000 r  
    CONFIG_SITE_X0Y0     BSCANE2                      0.000     0.000 r  dbg_hub/inst/BSCANID.u_xsdbm_id/SWITCH_N_EXT_BSCAN.bscan_inst/SERIES7_BSCAN.bscan_inst/INTERNAL_TCK
    CONFIG_SITE_X0Y0     BSCANE2 (Prop_BSCAN1_CONFIG_SITE_INTERNAL_TCK_TCK)
                                                      0.465     0.465 r  dbg_hub/inst/BSCANID.u_xsdbm_id/SWITCH_N_EXT_BSCAN.bscan_inst/SERIES7_BSCAN.bscan_inst/TCK
                         net (fo=1, routed)           0.728     1.193    dbg_hub/inst/BSCANID.u_xsdbm_id/tck_bs
    BUFGCE_X0Y76         BUFGCE (Prop_BUFCE_BUFGCE_I_O)
                                                      0.023     1.216 r  dbg_hub/inst/BSCANID.u_xsdbm_id/SWITCH_N_EXT_BSCAN.u_bufg_icon_tck/O
    X2Y1 (CLOCK_ROOT)    net (fo=482, routed)         1.411     2.627    dbg_hub/inst/BSCANID.u_xsdbm_id/CORE_XSDB.UUT_MASTER/U_ICON_INTERFACE/U_CMD4/m_bscan_tck[0]
    SLICE_X59Y73         FDRE                                         r  dbg_hub/inst/BSCANID.u_xsdbm_id/CORE_XSDB.UUT_MASTER/U_ICON_INTERFACE/U_CMD4/shift_reg_in_reg[8]/C
  -------------------------------------------------------------------    -------------------
    SLICE_X59Y73         FDRE (Prop_CFF_SLICEL_C_Q)
                                                      0.084     2.711 r  dbg_hub/inst/BSCANID.u_xsdbm_id/CORE_XSDB.UUT_MASTER/U_ICON_INTERFACE/U_CMD4/shift_reg_in_reg[8]/Q
                         net (fo=2, routed)           0.074     2.784    dbg_hub/inst/BSCANID.u_xsdbm_id/CORE_XSDB.UUT_MASTER/U_ICON_INTERFACE/U_CMD4/shift_reg_in[8]
    SLICE_X59Y71         FDRE                                         r  dbg_hub/inst/BSCANID.u_xsdbm_id/CORE_XSDB.UUT_MASTER/U_ICON_INTERFACE/U_CMD4/ctl_reg_reg[8]/D
  -------------------------------------------------------------------    -------------------

                         (clock clk_pl_0 rise edge)
                                                      0.000     0.000 r  
    PS8_X0Y0             PS8                          0.000     0.000 r  mixer_i/zynq_ultra_ps_e_0/inst/PS8_i/PLCLK[0]
                         net (fo=1, routed)           0.164     0.164    mixer_i/zynq_ultra_ps_e_0/inst/pl_clk_unbuffered[0]
    BUFG_PS_X0Y90        BUFG_PS (Prop_BUFG_PS_I_O)
                                                      0.023     0.187 r  mixer_i/zynq_ultra_ps_e_0/inst/buffer_pl_clk_0.PL_CLK_0_BUFG/O
    X1Y1 (CLOCK_ROOT)    net (fo=19371, routed)       1.921     2.108    dbg_hub/inst/BSCANID.u_xsdbm_id/CORE_XSDB.UUT_MASTER/U_ICON_INTERFACE/U_CMD4/clk
    SLICE_X59Y71         FDRE                                         r  dbg_hub/inst/BSCANID.u_xsdbm_id/CORE_XSDB.UUT_MASTER/U_ICON_INTERFACE/U_CMD4/ctl_reg_reg[8]/C

Slack:                    inf
  Source:                 dbg_hub/inst/BSCANID.u_xsdbm_id/CORE_XSDB.UUT_MASTER/U_ICON_INTERFACE/U_CMD5/shift_reg_in_reg[0]/C
                            (rising edge-triggered cell FDRE clocked by dbg_hub/inst/BSCANID.u_xsdbm_id/SWITCH_N_EXT_BSCAN.bscan_inst/SERIES7_BSCAN.bscan_inst/INTERNAL_TCK  {rise@0.000ns fall@25.000ns period=50.000ns})
  Destination:            dbg_hub/inst/BSCANID.u_xsdbm_id/CORE_XSDB.UUT_MASTER/U_ICON_INTERFACE/U_CMD5/ctl_reg_reg[0]/D
                            (rising edge-triggered cell FDRE clocked by clk_pl_0  {rise@0.000ns fall@5.156ns period=10.312ns})
  Path Group:             (none)
  Path Type:              Hold (Min at Fast Process Corner)
  Data Path Delay:        0.169ns  (logic 0.085ns (50.404%)  route 0.084ns (49.596%))
  Logic Levels:           0  
  Clock Path Skew:        -0.505ns (DCD - SCD - CPR)
    Destination Clock Delay (DCD):    2.116ns
    Source Clock Delay      (SCD):    2.621ns
    Clock Pessimism Removal (CPR):    -0.000ns
  Clock Uncertainty:      0.159ns  ((TSJ^2 + DJ^2)^1/2) / 2 + PE
    Total System Jitter     (TSJ):    0.071ns
    Discrete Jitter          (DJ):    0.310ns
    Phase Error              (PE):    0.000ns
  Clock Net Delay (Source):      1.405ns (routing 0.805ns, distribution 0.600ns)
  Clock Net Delay (Destination): 1.929ns (routing 1.033ns, distribution 0.896ns)
  Timing Exception:       False Path

    Location             Delay type                Incr(ns)  Path(ns)    Netlist Resource(s)
  -------------------------------------------------------------------    -------------------
                         (clock dbg_hub/inst/BSCANID.u_xsdbm_id/SWITCH_N_EXT_BSCAN.bscan_inst/SERIES7_BSCAN.bscan_inst/INTERNAL_TCK rise edge)
                                                      0.000     0.000 r  
    CONFIG_SITE_X0Y0     BSCANE2                      0.000     0.000 r  dbg_hub/inst/BSCANID.u_xsdbm_id/SWITCH_N_EXT_BSCAN.bscan_inst/SERIES7_BSCAN.bscan_inst/INTERNAL_TCK
    CONFIG_SITE_X0Y0     BSCANE2 (Prop_BSCAN1_CONFIG_SITE_INTERNAL_TCK_TCK)
                                                      0.465     0.465 r  dbg_hub/inst/BSCANID.u_xsdbm_id/SWITCH_N_EXT_BSCAN.bscan_inst/SERIES7_BSCAN.bscan_inst/TCK
                         net (fo=1, routed)           0.728     1.193    dbg_hub/inst/BSCANID.u_xsdbm_id/tck_bs
    BUFGCE_X0Y76         BUFGCE (Prop_BUFCE_BUFGCE_I_O)
                                                      0.023     1.216 r  dbg_hub/inst/BSCANID.u_xsdbm_id/SWITCH_N_EXT_BSCAN.u_bufg_icon_tck/O
    X2Y1 (CLOCK_ROOT)    net (fo=482, routed)         1.405     2.621    dbg_hub/inst/BSCANID.u_xsdbm_id/CORE_XSDB.UUT_MASTER/U_ICON_INTERFACE/U_CMD5/m_bscan_tck[0]
    SLICE_X56Y73         FDRE                                         r  dbg_hub/inst/BSCANID.u_xsdbm_id/CORE_XSDB.UUT_MASTER/U_ICON_INTERFACE/U_CMD5/shift_reg_in_reg[0]/C
  -------------------------------------------------------------------    -------------------
    SLICE_X56Y73         FDRE (Prop_AFF2_SLICEL_C_Q)
                                                      0.085     2.706 r  dbg_hub/inst/BSCANID.u_xsdbm_id/CORE_XSDB.UUT_MASTER/U_ICON_INTERFACE/U_CMD5/shift_reg_in_reg[0]/Q
                         net (fo=2, routed)           0.084     2.790    dbg_hub/inst/BSCANID.u_xsdbm_id/CORE_XSDB.UUT_MASTER/U_ICON_INTERFACE/U_CMD5/shift_reg_in[0]
    SLICE_X58Y71         FDRE                                         r  dbg_hub/inst/BSCANID.u_xsdbm_id/CORE_XSDB.UUT_MASTER/U_ICON_INTERFACE/U_CMD5/ctl_reg_reg[0]/D
  -------------------------------------------------------------------    -------------------

                         (clock clk_pl_0 rise edge)
                                                      0.000     0.000 r  
    PS8_X0Y0             PS8                          0.000     0.000 r  mixer_i/zynq_ultra_ps_e_0/inst/PS8_i/PLCLK[0]
                         net (fo=1, routed)           0.164     0.164    mixer_i/zynq_ultra_ps_e_0/inst/pl_clk_unbuffered[0]
    BUFG_PS_X0Y90        BUFG_PS (Prop_BUFG_PS_I_O)
                                                      0.023     0.187 r  mixer_i/zynq_ultra_ps_e_0/inst/buffer_pl_clk_0.PL_CLK_0_BUFG/O
    X1Y1 (CLOCK_ROOT)    net (fo=19371, routed)       1.929     2.116    dbg_hub/inst/BSCANID.u_xsdbm_id/CORE_XSDB.UUT_MASTER/U_ICON_INTERFACE/U_CMD5/clk
    SLICE_X58Y71         FDRE                                         r  dbg_hub/inst/BSCANID.u_xsdbm_id/CORE_XSDB.UUT_MASTER/U_ICON_INTERFACE/U_CMD5/ctl_reg_reg[0]/C

Slack:                    inf
  Source:                 dbg_hub/inst/BSCANID.u_xsdbm_id/CORE_XSDB.UUT_MASTER/U_ICON_INTERFACE/U_CMD7_CTL/icn_cmd_en_temp_reg/C
                            (rising edge-triggered cell FDRE clocked by dbg_hub/inst/BSCANID.u_xsdbm_id/SWITCH_N_EXT_BSCAN.bscan_inst/SERIES7_BSCAN.bscan_inst/INTERNAL_TCK  {rise@0.000ns fall@25.000ns period=50.000ns})
  Destination:            dbg_hub/inst/BSCANID.u_xsdbm_id/CORE_XSDB.UUT_MASTER/U_ICON_INTERFACE/U_CMD7_CTL/ctl_reg_en_1_reg[0]/D
                            (rising edge-triggered cell FDRE clocked by clk_pl_0  {rise@0.000ns fall@5.156ns period=10.312ns})
  Path Group:             (none)
  Path Type:              Hold (Min at Fast Process Corner)
  Data Path Delay:        0.171ns  (logic 0.085ns (49.634%)  route 0.086ns (50.366%))
  Logic Levels:           0  
  Clock Path Skew:        -0.527ns (DCD - SCD - CPR)
    Destination Clock Delay (DCD):    2.092ns
    Source Clock Delay      (SCD):    2.619ns
    Clock Pessimism Removal (CPR):    -0.000ns
  Clock Uncertainty:      0.159ns  ((TSJ^2 + DJ^2)^1/2) / 2 + PE
    Total System Jitter     (TSJ):    0.071ns
    Discrete Jitter          (DJ):    0.310ns
    Phase Error              (PE):    0.000ns
  Clock Net Delay (Source):      1.403ns (routing 0.805ns, distribution 0.598ns)
  Clock Net Delay (Destination): 1.905ns (routing 1.033ns, distribution 0.872ns)
  Timing Exception:       False Path

    Location             Delay type                Incr(ns)  Path(ns)    Netlist Resource(s)
  -------------------------------------------------------------------    -------------------
                         (clock dbg_hub/inst/BSCANID.u_xsdbm_id/SWITCH_N_EXT_BSCAN.bscan_inst/SERIES7_BSCAN.bscan_inst/INTERNAL_TCK rise edge)
                                                      0.000     0.000 r  
    CONFIG_SITE_X0Y0     BSCANE2                      0.000     0.000 r  dbg_hub/inst/BSCANID.u_xsdbm_id/SWITCH_N_EXT_BSCAN.bscan_inst/SERIES7_BSCAN.bscan_inst/INTERNAL_TCK
    CONFIG_SITE_X0Y0     BSCANE2 (Prop_BSCAN1_CONFIG_SITE_INTERNAL_TCK_TCK)
                                                      0.465     0.465 r  dbg_hub/inst/BSCANID.u_xsdbm_id/SWITCH_N_EXT_BSCAN.bscan_inst/SERIES7_BSCAN.bscan_inst/TCK
                         net (fo=1, routed)           0.728     1.193    dbg_hub/inst/BSCANID.u_xsdbm_id/tck_bs
    BUFGCE_X0Y76         BUFGCE (Prop_BUFCE_BUFGCE_I_O)
                                                      0.023     1.216 r  dbg_hub/inst/BSCANID.u_xsdbm_id/SWITCH_N_EXT_BSCAN.u_bufg_icon_tck/O
    X2Y1 (CLOCK_ROOT)    net (fo=482, routed)         1.403     2.619    dbg_hub/inst/BSCANID.u_xsdbm_id/CORE_XSDB.UUT_MASTER/U_ICON_INTERFACE/U_CMD7_CTL/m_bscan_tck[0]
    SLICE_X60Y81         FDRE                                         r  dbg_hub/inst/BSCANID.u_xsdbm_id/CORE_XSDB.UUT_MASTER/U_ICON_INTERFACE/U_CMD7_CTL/icn_cmd_en_temp_reg/C
  -------------------------------------------------------------------    -------------------
    SLICE_X60Y81         FDRE (Prop_EFF2_SLICEL_C_Q)
                                                      0.085     2.704 r  dbg_hub/inst/BSCANID.u_xsdbm_id/CORE_XSDB.UUT_MASTER/U_ICON_INTERFACE/U_CMD7_CTL/icn_cmd_en_temp_reg/Q
                         net (fo=4, routed)           0.086     2.790    dbg_hub/inst/BSCANID.u_xsdbm_id/CORE_XSDB.UUT_MASTER/U_ICON_INTERFACE/U_CMD7_CTL/icn_cmd_en_temp
    SLICE_X60Y79         FDRE                                         r  dbg_hub/inst/BSCANID.u_xsdbm_id/CORE_XSDB.UUT_MASTER/U_ICON_INTERFACE/U_CMD7_CTL/ctl_reg_en_1_reg[0]/D
  -------------------------------------------------------------------    -------------------

                         (clock clk_pl_0 rise edge)
                                                      0.000     0.000 r  
    PS8_X0Y0             PS8                          0.000     0.000 r  mixer_i/zynq_ultra_ps_e_0/inst/PS8_i/PLCLK[0]
                         net (fo=1, routed)           0.164     0.164    mixer_i/zynq_ultra_ps_e_0/inst/pl_clk_unbuffered[0]
    BUFG_PS_X0Y90        BUFG_PS (Prop_BUFG_PS_I_O)
                                                      0.023     0.187 r  mixer_i/zynq_ultra_ps_e_0/inst/buffer_pl_clk_0.PL_CLK_0_BUFG/O
    X1Y1 (CLOCK_ROOT)    net (fo=19371, routed)       1.905     2.092    dbg_hub/inst/BSCANID.u_xsdbm_id/CORE_XSDB.UUT_MASTER/U_ICON_INTERFACE/U_CMD7_CTL/clk
    SLICE_X60Y79         FDRE                                         r  dbg_hub/inst/BSCANID.u_xsdbm_id/CORE_XSDB.UUT_MASTER/U_ICON_INTERFACE/U_CMD7_CTL/ctl_reg_en_1_reg[0]/C





--------------------------------------------------------------------------------------
Path Group:  (none)
From Clock:  clk_pl_0
  To Clock:  dbg_hub/inst/BSCANID.u_xsdbm_id/SWITCH_N_EXT_BSCAN.bscan_inst/SERIES7_BSCAN.bscan_inst/INTERNAL_TCK

Max Delay            95 Endpoints
Min Delay           103 Endpoints
--------------------------------------------------------------------------------------


Max Delay Paths
--------------------------------------------------------------------------------------
Slack:                    inf
  Source:                 dbg_hub/inst/BSCANID.u_xsdbm_id/CORE_XSDB.UUT_MASTER/U_ICON_INTERFACE/U_CMD1/ctl_reg_reg[0]/C
                            (rising edge-triggered cell FDRE clocked by clk_pl_0  {rise@0.000ns fall@5.156ns period=10.312ns})
  Destination:            dbg_hub/inst/BSCANID.u_xsdbm_id/CORE_XSDB.UUT_MASTER/U_ICON_INTERFACE/U_CMD5/shift_reg_in_reg[10]/R
                            (rising edge-triggered cell FDRE clocked by dbg_hub/inst/BSCANID.u_xsdbm_id/SWITCH_N_EXT_BSCAN.bscan_inst/SERIES7_BSCAN.bscan_inst/INTERNAL_TCK  {rise@0.000ns fall@25.000ns period=50.000ns})
  Path Group:             (none)
  Path Type:              Setup (Max at Slow Process Corner)
  Data Path Delay:        1.170ns  (logic 0.113ns (9.655%)  route 1.057ns (90.345%))
  Logic Levels:           0  
  Clock Path Skew:        0.488ns (DCD - SCD + CPR)
    Destination Clock Delay (DCD):    3.951ns
    Source Clock Delay      (SCD):    3.463ns
    Clock Pessimism Removal (CPR):    0.000ns
  Clock Uncertainty:      0.159ns  ((TSJ^2 + DJ^2)^1/2) / 2 + PE
    Total System Jitter     (TSJ):    0.071ns
    Discrete Jitter          (DJ):    0.310ns
    Phase Error              (PE):    0.000ns
  Clock Net Delay (Source):      3.196ns (routing 1.681ns, distribution 1.515ns)
  Clock Net Delay (Destination): 2.327ns (routing 1.340ns, distribution 0.987ns)
  Timing Exception:       False Path

    Location             Delay type                Incr(ns)  Path(ns)    Netlist Resource(s)
  -------------------------------------------------------------------    -------------------
                         (clock clk_pl_0 rise edge)
                                                      0.000     0.000 r  
    PS8_X0Y0             PS8                          0.000     0.000 r  mixer_i/zynq_ultra_ps_e_0/inst/PS8_i/PLCLK[0]
                         net (fo=1, routed)           0.229     0.229    mixer_i/zynq_ultra_ps_e_0/inst/pl_clk_unbuffered[0]
    BUFG_PS_X0Y90        BUFG_PS (Prop_BUFG_PS_I_O)
                                                      0.038     0.267 r  mixer_i/zynq_ultra_ps_e_0/inst/buffer_pl_clk_0.PL_CLK_0_BUFG/O
    X1Y1 (CLOCK_ROOT)    net (fo=19371, routed)       3.196     3.463    dbg_hub/inst/BSCANID.u_xsdbm_id/CORE_XSDB.UUT_MASTER/U_ICON_INTERFACE/U_CMD1/clk
    SLICE_X58Y75         FDRE                                         r  dbg_hub/inst/BSCANID.u_xsdbm_id/CORE_XSDB.UUT_MASTER/U_ICON_INTERFACE/U_CMD1/ctl_reg_reg[0]/C
  -------------------------------------------------------------------    -------------------
    SLICE_X58Y75         FDRE (Prop_EFF_SLICEM_C_Q)
                                                      0.113     3.576 r  dbg_hub/inst/BSCANID.u_xsdbm_id/CORE_XSDB.UUT_MASTER/U_ICON_INTERFACE/U_CMD1/ctl_reg_reg[0]/Q
                         net (fo=182, routed)         1.057     4.634    dbg_hub/inst/BSCANID.u_xsdbm_id/CORE_XSDB.UUT_MASTER/U_ICON_INTERFACE/U_CMD5/ctl_reg_reg[0]_0
    SLICE_X56Y72         FDRE                                         r  dbg_hub/inst/BSCANID.u_xsdbm_id/CORE_XSDB.UUT_MASTER/U_ICON_INTERFACE/U_CMD5/shift_reg_in_reg[10]/R
  -------------------------------------------------------------------    -------------------

                         (clock dbg_hub/inst/BSCANID.u_xsdbm_id/SWITCH_N_EXT_BSCAN.bscan_inst/SERIES7_BSCAN.bscan_inst/INTERNAL_TCK rise edge)
                                                      0.000     0.000 r  
    CONFIG_SITE_X0Y0     BSCANE2                      0.000     0.000 r  dbg_hub/inst/BSCANID.u_xsdbm_id/SWITCH_N_EXT_BSCAN.bscan_inst/SERIES7_BSCAN.bscan_inst/INTERNAL_TCK
    CONFIG_SITE_X0Y0     BSCANE2 (Prop_BSCAN1_CONFIG_SITE_INTERNAL_TCK_TCK)
                                                      0.465     0.465 r  dbg_hub/inst/BSCANID.u_xsdbm_id/SWITCH_N_EXT_BSCAN.bscan_inst/SERIES7_BSCAN.bscan_inst/TCK
                         net (fo=1, routed)           1.120     1.585    dbg_hub/inst/BSCANID.u_xsdbm_id/tck_bs
    BUFGCE_X0Y76         BUFGCE (Prop_BUFCE_BUFGCE_I_O)
                                                      0.039     1.624 r  dbg_hub/inst/BSCANID.u_xsdbm_id/SWITCH_N_EXT_BSCAN.u_bufg_icon_tck/O
    X2Y1 (CLOCK_ROOT)    net (fo=482, routed)         2.327     3.951    dbg_hub/inst/BSCANID.u_xsdbm_id/CORE_XSDB.UUT_MASTER/U_ICON_INTERFACE/U_CMD5/m_bscan_tck[0]
    SLICE_X56Y72         FDRE                                         r  dbg_hub/inst/BSCANID.u_xsdbm_id/CORE_XSDB.UUT_MASTER/U_ICON_INTERFACE/U_CMD5/shift_reg_in_reg[10]/C

Slack:                    inf
  Source:                 dbg_hub/inst/BSCANID.u_xsdbm_id/CORE_XSDB.UUT_MASTER/U_ICON_INTERFACE/U_CMD1/ctl_reg_reg[0]/C
                            (rising edge-triggered cell FDRE clocked by clk_pl_0  {rise@0.000ns fall@5.156ns period=10.312ns})
  Destination:            dbg_hub/inst/BSCANID.u_xsdbm_id/CORE_XSDB.UUT_MASTER/U_ICON_INTERFACE/U_CMD5/shift_reg_in_reg[11]/R
                            (rising edge-triggered cell FDRE clocked by dbg_hub/inst/BSCANID.u_xsdbm_id/SWITCH_N_EXT_BSCAN.bscan_inst/SERIES7_BSCAN.bscan_inst/INTERNAL_TCK  {rise@0.000ns fall@25.000ns period=50.000ns})
  Path Group:             (none)
  Path Type:              Setup (Max at Slow Process Corner)
  Data Path Delay:        1.170ns  (logic 0.113ns (9.655%)  route 1.057ns (90.345%))
  Logic Levels:           0  
  Clock Path Skew:        0.488ns (DCD - SCD + CPR)
    Destination Clock Delay (DCD):    3.951ns
    Source Clock Delay      (SCD):    3.463ns
    Clock Pessimism Removal (CPR):    0.000ns
  Clock Uncertainty:      0.159ns  ((TSJ^2 + DJ^2)^1/2) / 2 + PE
    Total System Jitter     (TSJ):    0.071ns
    Discrete Jitter          (DJ):    0.310ns
    Phase Error              (PE):    0.000ns
  Clock Net Delay (Source):      3.196ns (routing 1.681ns, distribution 1.515ns)
  Clock Net Delay (Destination): 2.327ns (routing 1.340ns, distribution 0.987ns)
  Timing Exception:       False Path

    Location             Delay type                Incr(ns)  Path(ns)    Netlist Resource(s)
  -------------------------------------------------------------------    -------------------
                         (clock clk_pl_0 rise edge)
                                                      0.000     0.000 r  
    PS8_X0Y0             PS8                          0.000     0.000 r  mixer_i/zynq_ultra_ps_e_0/inst/PS8_i/PLCLK[0]
                         net (fo=1, routed)           0.229     0.229    mixer_i/zynq_ultra_ps_e_0/inst/pl_clk_unbuffered[0]
    BUFG_PS_X0Y90        BUFG_PS (Prop_BUFG_PS_I_O)
                                                      0.038     0.267 r  mixer_i/zynq_ultra_ps_e_0/inst/buffer_pl_clk_0.PL_CLK_0_BUFG/O
    X1Y1 (CLOCK_ROOT)    net (fo=19371, routed)       3.196     3.463    dbg_hub/inst/BSCANID.u_xsdbm_id/CORE_XSDB.UUT_MASTER/U_ICON_INTERFACE/U_CMD1/clk
    SLICE_X58Y75         FDRE                                         r  dbg_hub/inst/BSCANID.u_xsdbm_id/CORE_XSDB.UUT_MASTER/U_ICON_INTERFACE/U_CMD1/ctl_reg_reg[0]/C
  -------------------------------------------------------------------    -------------------
    SLICE_X58Y75         FDRE (Prop_EFF_SLICEM_C_Q)
                                                      0.113     3.576 r  dbg_hub/inst/BSCANID.u_xsdbm_id/CORE_XSDB.UUT_MASTER/U_ICON_INTERFACE/U_CMD1/ctl_reg_reg[0]/Q
                         net (fo=182, routed)         1.057     4.634    dbg_hub/inst/BSCANID.u_xsdbm_id/CORE_XSDB.UUT_MASTER/U_ICON_INTERFACE/U_CMD5/ctl_reg_reg[0]_0
    SLICE_X56Y72         FDRE                                         r  dbg_hub/inst/BSCANID.u_xsdbm_id/CORE_XSDB.UUT_MASTER/U_ICON_INTERFACE/U_CMD5/shift_reg_in_reg[11]/R
  -------------------------------------------------------------------    -------------------

                         (clock dbg_hub/inst/BSCANID.u_xsdbm_id/SWITCH_N_EXT_BSCAN.bscan_inst/SERIES7_BSCAN.bscan_inst/INTERNAL_TCK rise edge)
                                                      0.000     0.000 r  
    CONFIG_SITE_X0Y0     BSCANE2                      0.000     0.000 r  dbg_hub/inst/BSCANID.u_xsdbm_id/SWITCH_N_EXT_BSCAN.bscan_inst/SERIES7_BSCAN.bscan_inst/INTERNAL_TCK
    CONFIG_SITE_X0Y0     BSCANE2 (Prop_BSCAN1_CONFIG_SITE_INTERNAL_TCK_TCK)
                                                      0.465     0.465 r  dbg_hub/inst/BSCANID.u_xsdbm_id/SWITCH_N_EXT_BSCAN.bscan_inst/SERIES7_BSCAN.bscan_inst/TCK
                         net (fo=1, routed)           1.120     1.585    dbg_hub/inst/BSCANID.u_xsdbm_id/tck_bs
    BUFGCE_X0Y76         BUFGCE (Prop_BUFCE_BUFGCE_I_O)
                                                      0.039     1.624 r  dbg_hub/inst/BSCANID.u_xsdbm_id/SWITCH_N_EXT_BSCAN.u_bufg_icon_tck/O
    X2Y1 (CLOCK_ROOT)    net (fo=482, routed)         2.327     3.951    dbg_hub/inst/BSCANID.u_xsdbm_id/CORE_XSDB.UUT_MASTER/U_ICON_INTERFACE/U_CMD5/m_bscan_tck[0]
    SLICE_X56Y72         FDRE                                         r  dbg_hub/inst/BSCANID.u_xsdbm_id/CORE_XSDB.UUT_MASTER/U_ICON_INTERFACE/U_CMD5/shift_reg_in_reg[11]/C

Slack:                    inf
  Source:                 dbg_hub/inst/BSCANID.u_xsdbm_id/CORE_XSDB.UUT_MASTER/U_ICON_INTERFACE/U_CMD1/ctl_reg_reg[0]/C
                            (rising edge-triggered cell FDRE clocked by clk_pl_0  {rise@0.000ns fall@5.156ns period=10.312ns})
  Destination:            dbg_hub/inst/BSCANID.u_xsdbm_id/CORE_XSDB.UUT_MASTER/U_ICON_INTERFACE/U_CMD5/shift_reg_in_reg[12]/R
                            (rising edge-triggered cell FDRE clocked by dbg_hub/inst/BSCANID.u_xsdbm_id/SWITCH_N_EXT_BSCAN.bscan_inst/SERIES7_BSCAN.bscan_inst/INTERNAL_TCK  {rise@0.000ns fall@25.000ns period=50.000ns})
  Path Group:             (none)
  Path Type:              Setup (Max at Slow Process Corner)
  Data Path Delay:        1.170ns  (logic 0.113ns (9.655%)  route 1.057ns (90.345%))
  Logic Levels:           0  
  Clock Path Skew:        0.488ns (DCD - SCD + CPR)
    Destination Clock Delay (DCD):    3.951ns
    Source Clock Delay      (SCD):    3.463ns
    Clock Pessimism Removal (CPR):    0.000ns
  Clock Uncertainty:      0.159ns  ((TSJ^2 + DJ^2)^1/2) / 2 + PE
    Total System Jitter     (TSJ):    0.071ns
    Discrete Jitter          (DJ):    0.310ns
    Phase Error              (PE):    0.000ns
  Clock Net Delay (Source):      3.196ns (routing 1.681ns, distribution 1.515ns)
  Clock Net Delay (Destination): 2.327ns (routing 1.340ns, distribution 0.987ns)
  Timing Exception:       False Path

    Location             Delay type                Incr(ns)  Path(ns)    Netlist Resource(s)
  -------------------------------------------------------------------    -------------------
                         (clock clk_pl_0 rise edge)
                                                      0.000     0.000 r  
    PS8_X0Y0             PS8                          0.000     0.000 r  mixer_i/zynq_ultra_ps_e_0/inst/PS8_i/PLCLK[0]
                         net (fo=1, routed)           0.229     0.229    mixer_i/zynq_ultra_ps_e_0/inst/pl_clk_unbuffered[0]
    BUFG_PS_X0Y90        BUFG_PS (Prop_BUFG_PS_I_O)
                                                      0.038     0.267 r  mixer_i/zynq_ultra_ps_e_0/inst/buffer_pl_clk_0.PL_CLK_0_BUFG/O
    X1Y1 (CLOCK_ROOT)    net (fo=19371, routed)       3.196     3.463    dbg_hub/inst/BSCANID.u_xsdbm_id/CORE_XSDB.UUT_MASTER/U_ICON_INTERFACE/U_CMD1/clk
    SLICE_X58Y75         FDRE                                         r  dbg_hub/inst/BSCANID.u_xsdbm_id/CORE_XSDB.UUT_MASTER/U_ICON_INTERFACE/U_CMD1/ctl_reg_reg[0]/C
  -------------------------------------------------------------------    -------------------
    SLICE_X58Y75         FDRE (Prop_EFF_SLICEM_C_Q)
                                                      0.113     3.576 r  dbg_hub/inst/BSCANID.u_xsdbm_id/CORE_XSDB.UUT_MASTER/U_ICON_INTERFACE/U_CMD1/ctl_reg_reg[0]/Q
                         net (fo=182, routed)         1.057     4.634    dbg_hub/inst/BSCANID.u_xsdbm_id/CORE_XSDB.UUT_MASTER/U_ICON_INTERFACE/U_CMD5/ctl_reg_reg[0]_0
    SLICE_X56Y72         FDRE                                         r  dbg_hub/inst/BSCANID.u_xsdbm_id/CORE_XSDB.UUT_MASTER/U_ICON_INTERFACE/U_CMD5/shift_reg_in_reg[12]/R
  -------------------------------------------------------------------    -------------------

                         (clock dbg_hub/inst/BSCANID.u_xsdbm_id/SWITCH_N_EXT_BSCAN.bscan_inst/SERIES7_BSCAN.bscan_inst/INTERNAL_TCK rise edge)
                                                      0.000     0.000 r  
    CONFIG_SITE_X0Y0     BSCANE2                      0.000     0.000 r  dbg_hub/inst/BSCANID.u_xsdbm_id/SWITCH_N_EXT_BSCAN.bscan_inst/SERIES7_BSCAN.bscan_inst/INTERNAL_TCK
    CONFIG_SITE_X0Y0     BSCANE2 (Prop_BSCAN1_CONFIG_SITE_INTERNAL_TCK_TCK)
                                                      0.465     0.465 r  dbg_hub/inst/BSCANID.u_xsdbm_id/SWITCH_N_EXT_BSCAN.bscan_inst/SERIES7_BSCAN.bscan_inst/TCK
                         net (fo=1, routed)           1.120     1.585    dbg_hub/inst/BSCANID.u_xsdbm_id/tck_bs
    BUFGCE_X0Y76         BUFGCE (Prop_BUFCE_BUFGCE_I_O)
                                                      0.039     1.624 r  dbg_hub/inst/BSCANID.u_xsdbm_id/SWITCH_N_EXT_BSCAN.u_bufg_icon_tck/O
    X2Y1 (CLOCK_ROOT)    net (fo=482, routed)         2.327     3.951    dbg_hub/inst/BSCANID.u_xsdbm_id/CORE_XSDB.UUT_MASTER/U_ICON_INTERFACE/U_CMD5/m_bscan_tck[0]
    SLICE_X56Y72         FDRE                                         r  dbg_hub/inst/BSCANID.u_xsdbm_id/CORE_XSDB.UUT_MASTER/U_ICON_INTERFACE/U_CMD5/shift_reg_in_reg[12]/C

Slack:                    inf
  Source:                 dbg_hub/inst/BSCANID.u_xsdbm_id/CORE_XSDB.UUT_MASTER/U_ICON_INTERFACE/U_CMD1/ctl_reg_reg[0]/C
                            (rising edge-triggered cell FDRE clocked by clk_pl_0  {rise@0.000ns fall@5.156ns period=10.312ns})
  Destination:            dbg_hub/inst/BSCANID.u_xsdbm_id/CORE_XSDB.UUT_MASTER/U_ICON_INTERFACE/U_CMD5/shift_reg_in_reg[13]/R
                            (rising edge-triggered cell FDRE clocked by dbg_hub/inst/BSCANID.u_xsdbm_id/SWITCH_N_EXT_BSCAN.bscan_inst/SERIES7_BSCAN.bscan_inst/INTERNAL_TCK  {rise@0.000ns fall@25.000ns period=50.000ns})
  Path Group:             (none)
  Path Type:              Setup (Max at Slow Process Corner)
  Data Path Delay:        1.170ns  (logic 0.113ns (9.655%)  route 1.057ns (90.345%))
  Logic Levels:           0  
  Clock Path Skew:        0.488ns (DCD - SCD + CPR)
    Destination Clock Delay (DCD):    3.951ns
    Source Clock Delay      (SCD):    3.463ns
    Clock Pessimism Removal (CPR):    0.000ns
  Clock Uncertainty:      0.159ns  ((TSJ^2 + DJ^2)^1/2) / 2 + PE
    Total System Jitter     (TSJ):    0.071ns
    Discrete Jitter          (DJ):    0.310ns
    Phase Error              (PE):    0.000ns
  Clock Net Delay (Source):      3.196ns (routing 1.681ns, distribution 1.515ns)
  Clock Net Delay (Destination): 2.327ns (routing 1.340ns, distribution 0.987ns)
  Timing Exception:       False Path

    Location             Delay type                Incr(ns)  Path(ns)    Netlist Resource(s)
  -------------------------------------------------------------------    -------------------
                         (clock clk_pl_0 rise edge)
                                                      0.000     0.000 r  
    PS8_X0Y0             PS8                          0.000     0.000 r  mixer_i/zynq_ultra_ps_e_0/inst/PS8_i/PLCLK[0]
                         net (fo=1, routed)           0.229     0.229    mixer_i/zynq_ultra_ps_e_0/inst/pl_clk_unbuffered[0]
    BUFG_PS_X0Y90        BUFG_PS (Prop_BUFG_PS_I_O)
                                                      0.038     0.267 r  mixer_i/zynq_ultra_ps_e_0/inst/buffer_pl_clk_0.PL_CLK_0_BUFG/O
    X1Y1 (CLOCK_ROOT)    net (fo=19371, routed)       3.196     3.463    dbg_hub/inst/BSCANID.u_xsdbm_id/CORE_XSDB.UUT_MASTER/U_ICON_INTERFACE/U_CMD1/clk
    SLICE_X58Y75         FDRE                                         r  dbg_hub/inst/BSCANID.u_xsdbm_id/CORE_XSDB.UUT_MASTER/U_ICON_INTERFACE/U_CMD1/ctl_reg_reg[0]/C
  -------------------------------------------------------------------    -------------------
    SLICE_X58Y75         FDRE (Prop_EFF_SLICEM_C_Q)
                                                      0.113     3.576 r  dbg_hub/inst/BSCANID.u_xsdbm_id/CORE_XSDB.UUT_MASTER/U_ICON_INTERFACE/U_CMD1/ctl_reg_reg[0]/Q
                         net (fo=182, routed)         1.057     4.634    dbg_hub/inst/BSCANID.u_xsdbm_id/CORE_XSDB.UUT_MASTER/U_ICON_INTERFACE/U_CMD5/ctl_reg_reg[0]_0
    SLICE_X56Y72         FDRE                                         r  dbg_hub/inst/BSCANID.u_xsdbm_id/CORE_XSDB.UUT_MASTER/U_ICON_INTERFACE/U_CMD5/shift_reg_in_reg[13]/R
  -------------------------------------------------------------------    -------------------

                         (clock dbg_hub/inst/BSCANID.u_xsdbm_id/SWITCH_N_EXT_BSCAN.bscan_inst/SERIES7_BSCAN.bscan_inst/INTERNAL_TCK rise edge)
                                                      0.000     0.000 r  
    CONFIG_SITE_X0Y0     BSCANE2                      0.000     0.000 r  dbg_hub/inst/BSCANID.u_xsdbm_id/SWITCH_N_EXT_BSCAN.bscan_inst/SERIES7_BSCAN.bscan_inst/INTERNAL_TCK
    CONFIG_SITE_X0Y0     BSCANE2 (Prop_BSCAN1_CONFIG_SITE_INTERNAL_TCK_TCK)
                                                      0.465     0.465 r  dbg_hub/inst/BSCANID.u_xsdbm_id/SWITCH_N_EXT_BSCAN.bscan_inst/SERIES7_BSCAN.bscan_inst/TCK
                         net (fo=1, routed)           1.120     1.585    dbg_hub/inst/BSCANID.u_xsdbm_id/tck_bs
    BUFGCE_X0Y76         BUFGCE (Prop_BUFCE_BUFGCE_I_O)
                                                      0.039     1.624 r  dbg_hub/inst/BSCANID.u_xsdbm_id/SWITCH_N_EXT_BSCAN.u_bufg_icon_tck/O
    X2Y1 (CLOCK_ROOT)    net (fo=482, routed)         2.327     3.951    dbg_hub/inst/BSCANID.u_xsdbm_id/CORE_XSDB.UUT_MASTER/U_ICON_INTERFACE/U_CMD5/m_bscan_tck[0]
    SLICE_X56Y72         FDRE                                         r  dbg_hub/inst/BSCANID.u_xsdbm_id/CORE_XSDB.UUT_MASTER/U_ICON_INTERFACE/U_CMD5/shift_reg_in_reg[13]/C

Slack:                    inf
  Source:                 dbg_hub/inst/BSCANID.u_xsdbm_id/CORE_XSDB.UUT_MASTER/U_ICON_INTERFACE/U_CMD1/ctl_reg_reg[0]/C
                            (rising edge-triggered cell FDRE clocked by clk_pl_0  {rise@0.000ns fall@5.156ns period=10.312ns})
  Destination:            dbg_hub/inst/BSCANID.u_xsdbm_id/CORE_XSDB.UUT_MASTER/U_ICON_INTERFACE/U_CMD5/shift_reg_in_reg[14]/R
                            (rising edge-triggered cell FDRE clocked by dbg_hub/inst/BSCANID.u_xsdbm_id/SWITCH_N_EXT_BSCAN.bscan_inst/SERIES7_BSCAN.bscan_inst/INTERNAL_TCK  {rise@0.000ns fall@25.000ns period=50.000ns})
  Path Group:             (none)
  Path Type:              Setup (Max at Slow Process Corner)
  Data Path Delay:        1.170ns  (logic 0.113ns (9.655%)  route 1.057ns (90.345%))
  Logic Levels:           0  
  Clock Path Skew:        0.491ns (DCD - SCD + CPR)
    Destination Clock Delay (DCD):    3.954ns
    Source Clock Delay      (SCD):    3.463ns
    Clock Pessimism Removal (CPR):    0.000ns
  Clock Uncertainty:      0.159ns  ((TSJ^2 + DJ^2)^1/2) / 2 + PE
    Total System Jitter     (TSJ):    0.071ns
    Discrete Jitter          (DJ):    0.310ns
    Phase Error              (PE):    0.000ns
  Clock Net Delay (Source):      3.196ns (routing 1.681ns, distribution 1.515ns)
  Clock Net Delay (Destination): 2.330ns (routing 1.340ns, distribution 0.990ns)
  Timing Exception:       False Path

    Location             Delay type                Incr(ns)  Path(ns)    Netlist Resource(s)
  -------------------------------------------------------------------    -------------------
                         (clock clk_pl_0 rise edge)
                                                      0.000     0.000 r  
    PS8_X0Y0             PS8                          0.000     0.000 r  mixer_i/zynq_ultra_ps_e_0/inst/PS8_i/PLCLK[0]
                         net (fo=1, routed)           0.229     0.229    mixer_i/zynq_ultra_ps_e_0/inst/pl_clk_unbuffered[0]
    BUFG_PS_X0Y90        BUFG_PS (Prop_BUFG_PS_I_O)
                                                      0.038     0.267 r  mixer_i/zynq_ultra_ps_e_0/inst/buffer_pl_clk_0.PL_CLK_0_BUFG/O
    X1Y1 (CLOCK_ROOT)    net (fo=19371, routed)       3.196     3.463    dbg_hub/inst/BSCANID.u_xsdbm_id/CORE_XSDB.UUT_MASTER/U_ICON_INTERFACE/U_CMD1/clk
    SLICE_X58Y75         FDRE                                         r  dbg_hub/inst/BSCANID.u_xsdbm_id/CORE_XSDB.UUT_MASTER/U_ICON_INTERFACE/U_CMD1/ctl_reg_reg[0]/C
  -------------------------------------------------------------------    -------------------
    SLICE_X58Y75         FDRE (Prop_EFF_SLICEM_C_Q)
                                                      0.113     3.576 r  dbg_hub/inst/BSCANID.u_xsdbm_id/CORE_XSDB.UUT_MASTER/U_ICON_INTERFACE/U_CMD1/ctl_reg_reg[0]/Q
                         net (fo=182, routed)         1.057     4.634    dbg_hub/inst/BSCANID.u_xsdbm_id/CORE_XSDB.UUT_MASTER/U_ICON_INTERFACE/U_CMD5/ctl_reg_reg[0]_0
    SLICE_X56Y72         FDRE                                         r  dbg_hub/inst/BSCANID.u_xsdbm_id/CORE_XSDB.UUT_MASTER/U_ICON_INTERFACE/U_CMD5/shift_reg_in_reg[14]/R
  -------------------------------------------------------------------    -------------------

                         (clock dbg_hub/inst/BSCANID.u_xsdbm_id/SWITCH_N_EXT_BSCAN.bscan_inst/SERIES7_BSCAN.bscan_inst/INTERNAL_TCK rise edge)
                                                      0.000     0.000 r  
    CONFIG_SITE_X0Y0     BSCANE2                      0.000     0.000 r  dbg_hub/inst/BSCANID.u_xsdbm_id/SWITCH_N_EXT_BSCAN.bscan_inst/SERIES7_BSCAN.bscan_inst/INTERNAL_TCK
    CONFIG_SITE_X0Y0     BSCANE2 (Prop_BSCAN1_CONFIG_SITE_INTERNAL_TCK_TCK)
                                                      0.465     0.465 r  dbg_hub/inst/BSCANID.u_xsdbm_id/SWITCH_N_EXT_BSCAN.bscan_inst/SERIES7_BSCAN.bscan_inst/TCK
                         net (fo=1, routed)           1.120     1.585    dbg_hub/inst/BSCANID.u_xsdbm_id/tck_bs
    BUFGCE_X0Y76         BUFGCE (Prop_BUFCE_BUFGCE_I_O)
                                                      0.039     1.624 r  dbg_hub/inst/BSCANID.u_xsdbm_id/SWITCH_N_EXT_BSCAN.u_bufg_icon_tck/O
    X2Y1 (CLOCK_ROOT)    net (fo=482, routed)         2.330     3.954    dbg_hub/inst/BSCANID.u_xsdbm_id/CORE_XSDB.UUT_MASTER/U_ICON_INTERFACE/U_CMD5/m_bscan_tck[0]
    SLICE_X56Y72         FDRE                                         r  dbg_hub/inst/BSCANID.u_xsdbm_id/CORE_XSDB.UUT_MASTER/U_ICON_INTERFACE/U_CMD5/shift_reg_in_reg[14]/C

Slack:                    inf
  Source:                 dbg_hub/inst/BSCANID.u_xsdbm_id/CORE_XSDB.UUT_MASTER/U_ICON_INTERFACE/U_CMD1/ctl_reg_reg[0]/C
                            (rising edge-triggered cell FDRE clocked by clk_pl_0  {rise@0.000ns fall@5.156ns period=10.312ns})
  Destination:            dbg_hub/inst/BSCANID.u_xsdbm_id/CORE_XSDB.UUT_MASTER/U_ICON_INTERFACE/U_CMD5/shift_reg_in_reg[15]/R
                            (rising edge-triggered cell FDRE clocked by dbg_hub/inst/BSCANID.u_xsdbm_id/SWITCH_N_EXT_BSCAN.bscan_inst/SERIES7_BSCAN.bscan_inst/INTERNAL_TCK  {rise@0.000ns fall@25.000ns period=50.000ns})
  Path Group:             (none)
  Path Type:              Setup (Max at Slow Process Corner)
  Data Path Delay:        1.170ns  (logic 0.113ns (9.655%)  route 1.057ns (90.345%))
  Logic Levels:           0  
  Clock Path Skew:        0.491ns (DCD - SCD + CPR)
    Destination Clock Delay (DCD):    3.954ns
    Source Clock Delay      (SCD):    3.463ns
    Clock Pessimism Removal (CPR):    0.000ns
  Clock Uncertainty:      0.159ns  ((TSJ^2 + DJ^2)^1/2) / 2 + PE
    Total System Jitter     (TSJ):    0.071ns
    Discrete Jitter          (DJ):    0.310ns
    Phase Error              (PE):    0.000ns
  Clock Net Delay (Source):      3.196ns (routing 1.681ns, distribution 1.515ns)
  Clock Net Delay (Destination): 2.330ns (routing 1.340ns, distribution 0.990ns)
  Timing Exception:       False Path

    Location             Delay type                Incr(ns)  Path(ns)    Netlist Resource(s)
  -------------------------------------------------------------------    -------------------
                         (clock clk_pl_0 rise edge)
                                                      0.000     0.000 r  
    PS8_X0Y0             PS8                          0.000     0.000 r  mixer_i/zynq_ultra_ps_e_0/inst/PS8_i/PLCLK[0]
                         net (fo=1, routed)           0.229     0.229    mixer_i/zynq_ultra_ps_e_0/inst/pl_clk_unbuffered[0]
    BUFG_PS_X0Y90        BUFG_PS (Prop_BUFG_PS_I_O)
                                                      0.038     0.267 r  mixer_i/zynq_ultra_ps_e_0/inst/buffer_pl_clk_0.PL_CLK_0_BUFG/O
    X1Y1 (CLOCK_ROOT)    net (fo=19371, routed)       3.196     3.463    dbg_hub/inst/BSCANID.u_xsdbm_id/CORE_XSDB.UUT_MASTER/U_ICON_INTERFACE/U_CMD1/clk
    SLICE_X58Y75         FDRE                                         r  dbg_hub/inst/BSCANID.u_xsdbm_id/CORE_XSDB.UUT_MASTER/U_ICON_INTERFACE/U_CMD1/ctl_reg_reg[0]/C
  -------------------------------------------------------------------    -------------------
    SLICE_X58Y75         FDRE (Prop_EFF_SLICEM_C_Q)
                                                      0.113     3.576 r  dbg_hub/inst/BSCANID.u_xsdbm_id/CORE_XSDB.UUT_MASTER/U_ICON_INTERFACE/U_CMD1/ctl_reg_reg[0]/Q
                         net (fo=182, routed)         1.057     4.634    dbg_hub/inst/BSCANID.u_xsdbm_id/CORE_XSDB.UUT_MASTER/U_ICON_INTERFACE/U_CMD5/ctl_reg_reg[0]_0
    SLICE_X56Y72         FDRE                                         r  dbg_hub/inst/BSCANID.u_xsdbm_id/CORE_XSDB.UUT_MASTER/U_ICON_INTERFACE/U_CMD5/shift_reg_in_reg[15]/R
  -------------------------------------------------------------------    -------------------

                         (clock dbg_hub/inst/BSCANID.u_xsdbm_id/SWITCH_N_EXT_BSCAN.bscan_inst/SERIES7_BSCAN.bscan_inst/INTERNAL_TCK rise edge)
                                                      0.000     0.000 r  
    CONFIG_SITE_X0Y0     BSCANE2                      0.000     0.000 r  dbg_hub/inst/BSCANID.u_xsdbm_id/SWITCH_N_EXT_BSCAN.bscan_inst/SERIES7_BSCAN.bscan_inst/INTERNAL_TCK
    CONFIG_SITE_X0Y0     BSCANE2 (Prop_BSCAN1_CONFIG_SITE_INTERNAL_TCK_TCK)
                                                      0.465     0.465 r  dbg_hub/inst/BSCANID.u_xsdbm_id/SWITCH_N_EXT_BSCAN.bscan_inst/SERIES7_BSCAN.bscan_inst/TCK
                         net (fo=1, routed)           1.120     1.585    dbg_hub/inst/BSCANID.u_xsdbm_id/tck_bs
    BUFGCE_X0Y76         BUFGCE (Prop_BUFCE_BUFGCE_I_O)
                                                      0.039     1.624 r  dbg_hub/inst/BSCANID.u_xsdbm_id/SWITCH_N_EXT_BSCAN.u_bufg_icon_tck/O
    X2Y1 (CLOCK_ROOT)    net (fo=482, routed)         2.330     3.954    dbg_hub/inst/BSCANID.u_xsdbm_id/CORE_XSDB.UUT_MASTER/U_ICON_INTERFACE/U_CMD5/m_bscan_tck[0]
    SLICE_X56Y72         FDRE                                         r  dbg_hub/inst/BSCANID.u_xsdbm_id/CORE_XSDB.UUT_MASTER/U_ICON_INTERFACE/U_CMD5/shift_reg_in_reg[15]/C

Slack:                    inf
  Source:                 dbg_hub/inst/BSCANID.u_xsdbm_id/CORE_XSDB.UUT_MASTER/U_ICON_INTERFACE/U_CMD1/ctl_reg_reg[0]/C
                            (rising edge-triggered cell FDRE clocked by clk_pl_0  {rise@0.000ns fall@5.156ns period=10.312ns})
  Destination:            dbg_hub/inst/BSCANID.u_xsdbm_id/CORE_XSDB.UUT_MASTER/U_ICON_INTERFACE/U_CMD5/shift_reg_in_reg[16]/R
                            (rising edge-triggered cell FDRE clocked by dbg_hub/inst/BSCANID.u_xsdbm_id/SWITCH_N_EXT_BSCAN.bscan_inst/SERIES7_BSCAN.bscan_inst/INTERNAL_TCK  {rise@0.000ns fall@25.000ns period=50.000ns})
  Path Group:             (none)
  Path Type:              Setup (Max at Slow Process Corner)
  Data Path Delay:        1.170ns  (logic 0.113ns (9.655%)  route 1.057ns (90.345%))
  Logic Levels:           0  
  Clock Path Skew:        0.491ns (DCD - SCD + CPR)
    Destination Clock Delay (DCD):    3.954ns
    Source Clock Delay      (SCD):    3.463ns
    Clock Pessimism Removal (CPR):    0.000ns
  Clock Uncertainty:      0.159ns  ((TSJ^2 + DJ^2)^1/2) / 2 + PE
    Total System Jitter     (TSJ):    0.071ns
    Discrete Jitter          (DJ):    0.310ns
    Phase Error              (PE):    0.000ns
  Clock Net Delay (Source):      3.196ns (routing 1.681ns, distribution 1.515ns)
  Clock Net Delay (Destination): 2.330ns (routing 1.340ns, distribution 0.990ns)
  Timing Exception:       False Path

    Location             Delay type                Incr(ns)  Path(ns)    Netlist Resource(s)
  -------------------------------------------------------------------    -------------------
                         (clock clk_pl_0 rise edge)
                                                      0.000     0.000 r  
    PS8_X0Y0             PS8                          0.000     0.000 r  mixer_i/zynq_ultra_ps_e_0/inst/PS8_i/PLCLK[0]
                         net (fo=1, routed)           0.229     0.229    mixer_i/zynq_ultra_ps_e_0/inst/pl_clk_unbuffered[0]
    BUFG_PS_X0Y90        BUFG_PS (Prop_BUFG_PS_I_O)
                                                      0.038     0.267 r  mixer_i/zynq_ultra_ps_e_0/inst/buffer_pl_clk_0.PL_CLK_0_BUFG/O
    X1Y1 (CLOCK_ROOT)    net (fo=19371, routed)       3.196     3.463    dbg_hub/inst/BSCANID.u_xsdbm_id/CORE_XSDB.UUT_MASTER/U_ICON_INTERFACE/U_CMD1/clk
    SLICE_X58Y75         FDRE                                         r  dbg_hub/inst/BSCANID.u_xsdbm_id/CORE_XSDB.UUT_MASTER/U_ICON_INTERFACE/U_CMD1/ctl_reg_reg[0]/C
  -------------------------------------------------------------------    -------------------
    SLICE_X58Y75         FDRE (Prop_EFF_SLICEM_C_Q)
                                                      0.113     3.576 r  dbg_hub/inst/BSCANID.u_xsdbm_id/CORE_XSDB.UUT_MASTER/U_ICON_INTERFACE/U_CMD1/ctl_reg_reg[0]/Q
                         net (fo=182, routed)         1.057     4.634    dbg_hub/inst/BSCANID.u_xsdbm_id/CORE_XSDB.UUT_MASTER/U_ICON_INTERFACE/U_CMD5/ctl_reg_reg[0]_0
    SLICE_X56Y72         FDRE                                         r  dbg_hub/inst/BSCANID.u_xsdbm_id/CORE_XSDB.UUT_MASTER/U_ICON_INTERFACE/U_CMD5/shift_reg_in_reg[16]/R
  -------------------------------------------------------------------    -------------------

                         (clock dbg_hub/inst/BSCANID.u_xsdbm_id/SWITCH_N_EXT_BSCAN.bscan_inst/SERIES7_BSCAN.bscan_inst/INTERNAL_TCK rise edge)
                                                      0.000     0.000 r  
    CONFIG_SITE_X0Y0     BSCANE2                      0.000     0.000 r  dbg_hub/inst/BSCANID.u_xsdbm_id/SWITCH_N_EXT_BSCAN.bscan_inst/SERIES7_BSCAN.bscan_inst/INTERNAL_TCK
    CONFIG_SITE_X0Y0     BSCANE2 (Prop_BSCAN1_CONFIG_SITE_INTERNAL_TCK_TCK)
                                                      0.465     0.465 r  dbg_hub/inst/BSCANID.u_xsdbm_id/SWITCH_N_EXT_BSCAN.bscan_inst/SERIES7_BSCAN.bscan_inst/TCK
                         net (fo=1, routed)           1.120     1.585    dbg_hub/inst/BSCANID.u_xsdbm_id/tck_bs
    BUFGCE_X0Y76         BUFGCE (Prop_BUFCE_BUFGCE_I_O)
                                                      0.039     1.624 r  dbg_hub/inst/BSCANID.u_xsdbm_id/SWITCH_N_EXT_BSCAN.u_bufg_icon_tck/O
    X2Y1 (CLOCK_ROOT)    net (fo=482, routed)         2.330     3.954    dbg_hub/inst/BSCANID.u_xsdbm_id/CORE_XSDB.UUT_MASTER/U_ICON_INTERFACE/U_CMD5/m_bscan_tck[0]
    SLICE_X56Y72         FDRE                                         r  dbg_hub/inst/BSCANID.u_xsdbm_id/CORE_XSDB.UUT_MASTER/U_ICON_INTERFACE/U_CMD5/shift_reg_in_reg[16]/C

Slack:                    inf
  Source:                 dbg_hub/inst/BSCANID.u_xsdbm_id/CORE_XSDB.UUT_MASTER/U_ICON_INTERFACE/U_CMD1/ctl_reg_reg[0]/C
                            (rising edge-triggered cell FDRE clocked by clk_pl_0  {rise@0.000ns fall@5.156ns period=10.312ns})
  Destination:            dbg_hub/inst/BSCANID.u_xsdbm_id/CORE_XSDB.UUT_MASTER/U_ICON_INTERFACE/U_CMD5/shift_reg_in_reg[17]/R
                            (rising edge-triggered cell FDRE clocked by dbg_hub/inst/BSCANID.u_xsdbm_id/SWITCH_N_EXT_BSCAN.bscan_inst/SERIES7_BSCAN.bscan_inst/INTERNAL_TCK  {rise@0.000ns fall@25.000ns period=50.000ns})
  Path Group:             (none)
  Path Type:              Setup (Max at Slow Process Corner)
  Data Path Delay:        1.170ns  (logic 0.113ns (9.655%)  route 1.057ns (90.345%))
  Logic Levels:           0  
  Clock Path Skew:        0.491ns (DCD - SCD + CPR)
    Destination Clock Delay (DCD):    3.954ns
    Source Clock Delay      (SCD):    3.463ns
    Clock Pessimism Removal (CPR):    0.000ns
  Clock Uncertainty:      0.159ns  ((TSJ^2 + DJ^2)^1/2) / 2 + PE
    Total System Jitter     (TSJ):    0.071ns
    Discrete Jitter          (DJ):    0.310ns
    Phase Error              (PE):    0.000ns
  Clock Net Delay (Source):      3.196ns (routing 1.681ns, distribution 1.515ns)
  Clock Net Delay (Destination): 2.330ns (routing 1.340ns, distribution 0.990ns)
  Timing Exception:       False Path

    Location             Delay type                Incr(ns)  Path(ns)    Netlist Resource(s)
  -------------------------------------------------------------------    -------------------
                         (clock clk_pl_0 rise edge)
                                                      0.000     0.000 r  
    PS8_X0Y0             PS8                          0.000     0.000 r  mixer_i/zynq_ultra_ps_e_0/inst/PS8_i/PLCLK[0]
                         net (fo=1, routed)           0.229     0.229    mixer_i/zynq_ultra_ps_e_0/inst/pl_clk_unbuffered[0]
    BUFG_PS_X0Y90        BUFG_PS (Prop_BUFG_PS_I_O)
                                                      0.038     0.267 r  mixer_i/zynq_ultra_ps_e_0/inst/buffer_pl_clk_0.PL_CLK_0_BUFG/O
    X1Y1 (CLOCK_ROOT)    net (fo=19371, routed)       3.196     3.463    dbg_hub/inst/BSCANID.u_xsdbm_id/CORE_XSDB.UUT_MASTER/U_ICON_INTERFACE/U_CMD1/clk
    SLICE_X58Y75         FDRE                                         r  dbg_hub/inst/BSCANID.u_xsdbm_id/CORE_XSDB.UUT_MASTER/U_ICON_INTERFACE/U_CMD1/ctl_reg_reg[0]/C
  -------------------------------------------------------------------    -------------------
    SLICE_X58Y75         FDRE (Prop_EFF_SLICEM_C_Q)
                                                      0.113     3.576 r  dbg_hub/inst/BSCANID.u_xsdbm_id/CORE_XSDB.UUT_MASTER/U_ICON_INTERFACE/U_CMD1/ctl_reg_reg[0]/Q
                         net (fo=182, routed)         1.057     4.634    dbg_hub/inst/BSCANID.u_xsdbm_id/CORE_XSDB.UUT_MASTER/U_ICON_INTERFACE/U_CMD5/ctl_reg_reg[0]_0
    SLICE_X56Y72         FDRE                                         r  dbg_hub/inst/BSCANID.u_xsdbm_id/CORE_XSDB.UUT_MASTER/U_ICON_INTERFACE/U_CMD5/shift_reg_in_reg[17]/R
  -------------------------------------------------------------------    -------------------

                         (clock dbg_hub/inst/BSCANID.u_xsdbm_id/SWITCH_N_EXT_BSCAN.bscan_inst/SERIES7_BSCAN.bscan_inst/INTERNAL_TCK rise edge)
                                                      0.000     0.000 r  
    CONFIG_SITE_X0Y0     BSCANE2                      0.000     0.000 r  dbg_hub/inst/BSCANID.u_xsdbm_id/SWITCH_N_EXT_BSCAN.bscan_inst/SERIES7_BSCAN.bscan_inst/INTERNAL_TCK
    CONFIG_SITE_X0Y0     BSCANE2 (Prop_BSCAN1_CONFIG_SITE_INTERNAL_TCK_TCK)
                                                      0.465     0.465 r  dbg_hub/inst/BSCANID.u_xsdbm_id/SWITCH_N_EXT_BSCAN.bscan_inst/SERIES7_BSCAN.bscan_inst/TCK
                         net (fo=1, routed)           1.120     1.585    dbg_hub/inst/BSCANID.u_xsdbm_id/tck_bs
    BUFGCE_X0Y76         BUFGCE (Prop_BUFCE_BUFGCE_I_O)
                                                      0.039     1.624 r  dbg_hub/inst/BSCANID.u_xsdbm_id/SWITCH_N_EXT_BSCAN.u_bufg_icon_tck/O
    X2Y1 (CLOCK_ROOT)    net (fo=482, routed)         2.330     3.954    dbg_hub/inst/BSCANID.u_xsdbm_id/CORE_XSDB.UUT_MASTER/U_ICON_INTERFACE/U_CMD5/m_bscan_tck[0]
    SLICE_X56Y72         FDRE                                         r  dbg_hub/inst/BSCANID.u_xsdbm_id/CORE_XSDB.UUT_MASTER/U_ICON_INTERFACE/U_CMD5/shift_reg_in_reg[17]/C

Slack:                    inf
  Source:                 dbg_hub/inst/BSCANID.u_xsdbm_id/CORE_XSDB.UUT_MASTER/U_ICON_INTERFACE/U_CMD1/ctl_reg_reg[0]/C
                            (rising edge-triggered cell FDRE clocked by clk_pl_0  {rise@0.000ns fall@5.156ns period=10.312ns})
  Destination:            dbg_hub/inst/BSCANID.u_xsdbm_id/CORE_XSDB.UUT_MASTER/U_ICON_INTERFACE/U_CMD5/shift_reg_in_reg[2]/R
                            (rising edge-triggered cell FDRE clocked by dbg_hub/inst/BSCANID.u_xsdbm_id/SWITCH_N_EXT_BSCAN.bscan_inst/SERIES7_BSCAN.bscan_inst/INTERNAL_TCK  {rise@0.000ns fall@25.000ns period=50.000ns})
  Path Group:             (none)
  Path Type:              Setup (Max at Slow Process Corner)
  Data Path Delay:        1.170ns  (logic 0.113ns (9.655%)  route 1.057ns (90.345%))
  Logic Levels:           0  
  Clock Path Skew:        0.488ns (DCD - SCD + CPR)
    Destination Clock Delay (DCD):    3.951ns
    Source Clock Delay      (SCD):    3.463ns
    Clock Pessimism Removal (CPR):    0.000ns
  Clock Uncertainty:      0.159ns  ((TSJ^2 + DJ^2)^1/2) / 2 + PE
    Total System Jitter     (TSJ):    0.071ns
    Discrete Jitter          (DJ):    0.310ns
    Phase Error              (PE):    0.000ns
  Clock Net Delay (Source):      3.196ns (routing 1.681ns, distribution 1.515ns)
  Clock Net Delay (Destination): 2.327ns (routing 1.340ns, distribution 0.987ns)
  Timing Exception:       False Path

    Location             Delay type                Incr(ns)  Path(ns)    Netlist Resource(s)
  -------------------------------------------------------------------    -------------------
                         (clock clk_pl_0 rise edge)
                                                      0.000     0.000 r  
    PS8_X0Y0             PS8                          0.000     0.000 r  mixer_i/zynq_ultra_ps_e_0/inst/PS8_i/PLCLK[0]
                         net (fo=1, routed)           0.229     0.229    mixer_i/zynq_ultra_ps_e_0/inst/pl_clk_unbuffered[0]
    BUFG_PS_X0Y90        BUFG_PS (Prop_BUFG_PS_I_O)
                                                      0.038     0.267 r  mixer_i/zynq_ultra_ps_e_0/inst/buffer_pl_clk_0.PL_CLK_0_BUFG/O
    X1Y1 (CLOCK_ROOT)    net (fo=19371, routed)       3.196     3.463    dbg_hub/inst/BSCANID.u_xsdbm_id/CORE_XSDB.UUT_MASTER/U_ICON_INTERFACE/U_CMD1/clk
    SLICE_X58Y75         FDRE                                         r  dbg_hub/inst/BSCANID.u_xsdbm_id/CORE_XSDB.UUT_MASTER/U_ICON_INTERFACE/U_CMD1/ctl_reg_reg[0]/C
  -------------------------------------------------------------------    -------------------
    SLICE_X58Y75         FDRE (Prop_EFF_SLICEM_C_Q)
                                                      0.113     3.576 r  dbg_hub/inst/BSCANID.u_xsdbm_id/CORE_XSDB.UUT_MASTER/U_ICON_INTERFACE/U_CMD1/ctl_reg_reg[0]/Q
                         net (fo=182, routed)         1.057     4.634    dbg_hub/inst/BSCANID.u_xsdbm_id/CORE_XSDB.UUT_MASTER/U_ICON_INTERFACE/U_CMD5/ctl_reg_reg[0]_0
    SLICE_X56Y72         FDRE                                         r  dbg_hub/inst/BSCANID.u_xsdbm_id/CORE_XSDB.UUT_MASTER/U_ICON_INTERFACE/U_CMD5/shift_reg_in_reg[2]/R
  -------------------------------------------------------------------    -------------------

                         (clock dbg_hub/inst/BSCANID.u_xsdbm_id/SWITCH_N_EXT_BSCAN.bscan_inst/SERIES7_BSCAN.bscan_inst/INTERNAL_TCK rise edge)
                                                      0.000     0.000 r  
    CONFIG_SITE_X0Y0     BSCANE2                      0.000     0.000 r  dbg_hub/inst/BSCANID.u_xsdbm_id/SWITCH_N_EXT_BSCAN.bscan_inst/SERIES7_BSCAN.bscan_inst/INTERNAL_TCK
    CONFIG_SITE_X0Y0     BSCANE2 (Prop_BSCAN1_CONFIG_SITE_INTERNAL_TCK_TCK)
                                                      0.465     0.465 r  dbg_hub/inst/BSCANID.u_xsdbm_id/SWITCH_N_EXT_BSCAN.bscan_inst/SERIES7_BSCAN.bscan_inst/TCK
                         net (fo=1, routed)           1.120     1.585    dbg_hub/inst/BSCANID.u_xsdbm_id/tck_bs
    BUFGCE_X0Y76         BUFGCE (Prop_BUFCE_BUFGCE_I_O)
                                                      0.039     1.624 r  dbg_hub/inst/BSCANID.u_xsdbm_id/SWITCH_N_EXT_BSCAN.u_bufg_icon_tck/O
    X2Y1 (CLOCK_ROOT)    net (fo=482, routed)         2.327     3.951    dbg_hub/inst/BSCANID.u_xsdbm_id/CORE_XSDB.UUT_MASTER/U_ICON_INTERFACE/U_CMD5/m_bscan_tck[0]
    SLICE_X56Y72         FDRE                                         r  dbg_hub/inst/BSCANID.u_xsdbm_id/CORE_XSDB.UUT_MASTER/U_ICON_INTERFACE/U_CMD5/shift_reg_in_reg[2]/C

Slack:                    inf
  Source:                 dbg_hub/inst/BSCANID.u_xsdbm_id/CORE_XSDB.UUT_MASTER/U_ICON_INTERFACE/U_CMD1/ctl_reg_reg[0]/C
                            (rising edge-triggered cell FDRE clocked by clk_pl_0  {rise@0.000ns fall@5.156ns period=10.312ns})
  Destination:            dbg_hub/inst/BSCANID.u_xsdbm_id/CORE_XSDB.UUT_MASTER/U_ICON_INTERFACE/U_CMD5/shift_reg_in_reg[3]/R
                            (rising edge-triggered cell FDRE clocked by dbg_hub/inst/BSCANID.u_xsdbm_id/SWITCH_N_EXT_BSCAN.bscan_inst/SERIES7_BSCAN.bscan_inst/INTERNAL_TCK  {rise@0.000ns fall@25.000ns period=50.000ns})
  Path Group:             (none)
  Path Type:              Setup (Max at Slow Process Corner)
  Data Path Delay:        1.170ns  (logic 0.113ns (9.655%)  route 1.057ns (90.345%))
  Logic Levels:           0  
  Clock Path Skew:        0.488ns (DCD - SCD + CPR)
    Destination Clock Delay (DCD):    3.951ns
    Source Clock Delay      (SCD):    3.463ns
    Clock Pessimism Removal (CPR):    0.000ns
  Clock Uncertainty:      0.159ns  ((TSJ^2 + DJ^2)^1/2) / 2 + PE
    Total System Jitter     (TSJ):    0.071ns
    Discrete Jitter          (DJ):    0.310ns
    Phase Error              (PE):    0.000ns
  Clock Net Delay (Source):      3.196ns (routing 1.681ns, distribution 1.515ns)
  Clock Net Delay (Destination): 2.327ns (routing 1.340ns, distribution 0.987ns)
  Timing Exception:       False Path

    Location             Delay type                Incr(ns)  Path(ns)    Netlist Resource(s)
  -------------------------------------------------------------------    -------------------
                         (clock clk_pl_0 rise edge)
                                                      0.000     0.000 r  
    PS8_X0Y0             PS8                          0.000     0.000 r  mixer_i/zynq_ultra_ps_e_0/inst/PS8_i/PLCLK[0]
                         net (fo=1, routed)           0.229     0.229    mixer_i/zynq_ultra_ps_e_0/inst/pl_clk_unbuffered[0]
    BUFG_PS_X0Y90        BUFG_PS (Prop_BUFG_PS_I_O)
                                                      0.038     0.267 r  mixer_i/zynq_ultra_ps_e_0/inst/buffer_pl_clk_0.PL_CLK_0_BUFG/O
    X1Y1 (CLOCK_ROOT)    net (fo=19371, routed)       3.196     3.463    dbg_hub/inst/BSCANID.u_xsdbm_id/CORE_XSDB.UUT_MASTER/U_ICON_INTERFACE/U_CMD1/clk
    SLICE_X58Y75         FDRE                                         r  dbg_hub/inst/BSCANID.u_xsdbm_id/CORE_XSDB.UUT_MASTER/U_ICON_INTERFACE/U_CMD1/ctl_reg_reg[0]/C
  -------------------------------------------------------------------    -------------------
    SLICE_X58Y75         FDRE (Prop_EFF_SLICEM_C_Q)
                                                      0.113     3.576 r  dbg_hub/inst/BSCANID.u_xsdbm_id/CORE_XSDB.UUT_MASTER/U_ICON_INTERFACE/U_CMD1/ctl_reg_reg[0]/Q
                         net (fo=182, routed)         1.057     4.634    dbg_hub/inst/BSCANID.u_xsdbm_id/CORE_XSDB.UUT_MASTER/U_ICON_INTERFACE/U_CMD5/ctl_reg_reg[0]_0
    SLICE_X56Y72         FDRE                                         r  dbg_hub/inst/BSCANID.u_xsdbm_id/CORE_XSDB.UUT_MASTER/U_ICON_INTERFACE/U_CMD5/shift_reg_in_reg[3]/R
  -------------------------------------------------------------------    -------------------

                         (clock dbg_hub/inst/BSCANID.u_xsdbm_id/SWITCH_N_EXT_BSCAN.bscan_inst/SERIES7_BSCAN.bscan_inst/INTERNAL_TCK rise edge)
                                                      0.000     0.000 r  
    CONFIG_SITE_X0Y0     BSCANE2                      0.000     0.000 r  dbg_hub/inst/BSCANID.u_xsdbm_id/SWITCH_N_EXT_BSCAN.bscan_inst/SERIES7_BSCAN.bscan_inst/INTERNAL_TCK
    CONFIG_SITE_X0Y0     BSCANE2 (Prop_BSCAN1_CONFIG_SITE_INTERNAL_TCK_TCK)
                                                      0.465     0.465 r  dbg_hub/inst/BSCANID.u_xsdbm_id/SWITCH_N_EXT_BSCAN.bscan_inst/SERIES7_BSCAN.bscan_inst/TCK
                         net (fo=1, routed)           1.120     1.585    dbg_hub/inst/BSCANID.u_xsdbm_id/tck_bs
    BUFGCE_X0Y76         BUFGCE (Prop_BUFCE_BUFGCE_I_O)
                                                      0.039     1.624 r  dbg_hub/inst/BSCANID.u_xsdbm_id/SWITCH_N_EXT_BSCAN.u_bufg_icon_tck/O
    X2Y1 (CLOCK_ROOT)    net (fo=482, routed)         2.327     3.951    dbg_hub/inst/BSCANID.u_xsdbm_id/CORE_XSDB.UUT_MASTER/U_ICON_INTERFACE/U_CMD5/m_bscan_tck[0]
    SLICE_X56Y72         FDRE                                         r  dbg_hub/inst/BSCANID.u_xsdbm_id/CORE_XSDB.UUT_MASTER/U_ICON_INTERFACE/U_CMD5/shift_reg_in_reg[3]/C





Min Delay Paths
--------------------------------------------------------------------------------------
Slack:                    inf
  Source:                 dbg_hub/inst/BSCANID.u_xsdbm_id/CORE_XSDB.UUT_MASTER/U_ICON_INTERFACE/U_CMD6_RD/U_RD_FIFO/SUBCORE_FIFO.xsdbm_v3_0_0_rdfifo_inst/inst_fifo_gen/gconvfifo.rf/grf.rf/gntv_or_sync_fifo.gcx.clkx/gnxpm_cdc.wr_pntr_gc_reg[0]/C
                            (rising edge-triggered cell FDCE clocked by clk_pl_0  {rise@0.000ns fall@5.156ns period=10.312ns})
  Destination:            dbg_hub/inst/BSCANID.u_xsdbm_id/CORE_XSDB.UUT_MASTER/U_ICON_INTERFACE/U_CMD6_RD/U_RD_FIFO/SUBCORE_FIFO.xsdbm_v3_0_0_rdfifo_inst/inst_fifo_gen/gconvfifo.rf/grf.rf/gntv_or_sync_fifo.gcx.clkx/gnxpm_cdc.gsync_stage[1].rd_stg_inst/Q_reg_reg[0]/D
                            (rising edge-triggered cell FDCE clocked by dbg_hub/inst/BSCANID.u_xsdbm_id/SWITCH_N_EXT_BSCAN.bscan_inst/SERIES7_BSCAN.bscan_inst/INTERNAL_TCK  {rise@0.000ns fall@25.000ns period=50.000ns})
  Path Group:             (none)
  Path Type:              Hold (Min at Fast Process Corner)
  Data Path Delay:        0.142ns  (logic 0.084ns (59.155%)  route 0.058ns (40.845%))
  Logic Levels:           0  
  Clock Path Skew:        5.701ns (DCD - SCD - CPR)
    Destination Clock Delay (DCD):    7.600ns
    Source Clock Delay      (SCD):    1.899ns
    Clock Pessimism Removal (CPR):    -0.000ns
  Clock Uncertainty:      0.159ns  ((TSJ^2 + DJ^2)^1/2) / 2 + PE
    Total System Jitter     (TSJ):    0.071ns
    Discrete Jitter          (DJ):    0.310ns
    Phase Error              (PE):    0.000ns
  Clock Net Delay (Source):      1.748ns (routing 0.940ns, distribution 0.808ns)
  Clock Net Delay (Destination): 1.549ns (routing 0.880ns, distribution 0.669ns)
  Timing Exception:       False Path

    Location             Delay type                Incr(ns)  Path(ns)    Netlist Resource(s)
  -------------------------------------------------------------------    -------------------
                         (clock clk_pl_0 rise edge)
                                                      0.000     0.000 r  
    PS8_X0Y0             PS8                          0.000     0.000 r  mixer_i/zynq_ultra_ps_e_0/inst/PS8_i/PLCLK[0]
                         net (fo=1, routed)           0.129     0.129    mixer_i/zynq_ultra_ps_e_0/inst/pl_clk_unbuffered[0]
    BUFG_PS_X0Y90        BUFG_PS (Prop_BUFG_PS_I_O)
                                                      0.022     0.151 r  mixer_i/zynq_ultra_ps_e_0/inst/buffer_pl_clk_0.PL_CLK_0_BUFG/O
    X1Y1 (CLOCK_ROOT)    net (fo=19371, routed)       1.748     1.899    dbg_hub/inst/BSCANID.u_xsdbm_id/CORE_XSDB.UUT_MASTER/U_ICON_INTERFACE/U_CMD6_RD/U_RD_FIFO/SUBCORE_FIFO.xsdbm_v3_0_0_rdfifo_inst/inst_fifo_gen/gconvfifo.rf/grf.rf/gntv_or_sync_fifo.gcx.clkx/wr_clk
    SLICE_X55Y77         FDCE                                         r  dbg_hub/inst/BSCANID.u_xsdbm_id/CORE_XSDB.UUT_MASTER/U_ICON_INTERFACE/U_CMD6_RD/U_RD_FIFO/SUBCORE_FIFO.xsdbm_v3_0_0_rdfifo_inst/inst_fifo_gen/gconvfifo.rf/grf.rf/gntv_or_sync_fifo.gcx.clkx/gnxpm_cdc.wr_pntr_gc_reg[0]/C
  -------------------------------------------------------------------    -------------------
    SLICE_X55Y77         FDCE (Prop_DFF_SLICEL_C_Q)
                                                      0.084     1.983 r  dbg_hub/inst/BSCANID.u_xsdbm_id/CORE_XSDB.UUT_MASTER/U_ICON_INTERFACE/U_CMD6_RD/U_RD_FIFO/SUBCORE_FIFO.xsdbm_v3_0_0_rdfifo_inst/inst_fifo_gen/gconvfifo.rf/grf.rf/gntv_or_sync_fifo.gcx.clkx/gnxpm_cdc.wr_pntr_gc_reg[0]/Q
                         net (fo=1, routed)           0.058     2.041    dbg_hub/inst/BSCANID.u_xsdbm_id/CORE_XSDB.UUT_MASTER/U_ICON_INTERFACE/U_CMD6_RD/U_RD_FIFO/SUBCORE_FIFO.xsdbm_v3_0_0_rdfifo_inst/inst_fifo_gen/gconvfifo.rf/grf.rf/gntv_or_sync_fifo.gcx.clkx/gnxpm_cdc.gsync_stage[1].rd_stg_inst/Q[0]
    SLICE_X55Y76         FDCE                                         r  dbg_hub/inst/BSCANID.u_xsdbm_id/CORE_XSDB.UUT_MASTER/U_ICON_INTERFACE/U_CMD6_RD/U_RD_FIFO/SUBCORE_FIFO.xsdbm_v3_0_0_rdfifo_inst/inst_fifo_gen/gconvfifo.rf/grf.rf/gntv_or_sync_fifo.gcx.clkx/gnxpm_cdc.gsync_stage[1].rd_stg_inst/Q_reg_reg[0]/D
  -------------------------------------------------------------------    -------------------

                         (clock dbg_hub/inst/BSCANID.u_xsdbm_id/SWITCH_N_EXT_BSCAN.bscan_inst/SERIES7_BSCAN.bscan_inst/INTERNAL_TCK rise edge)
                                                      0.000     0.000 r  
    CONFIG_SITE_X0Y0     BSCANE2                      0.000     0.000 r  dbg_hub/inst/BSCANID.u_xsdbm_id/SWITCH_N_EXT_BSCAN.bscan_inst/SERIES7_BSCAN.bscan_inst/INTERNAL_TCK
    CONFIG_SITE_X0Y0     BSCANE2 (Prop_BSCAN1_CONFIG_SITE_INTERNAL_TCK_TCK)
                                                      4.800     4.800 r  dbg_hub/inst/BSCANID.u_xsdbm_id/SWITCH_N_EXT_BSCAN.bscan_inst/SERIES7_BSCAN.bscan_inst/TCK
                         net (fo=1, routed)           1.225     6.025    dbg_hub/inst/BSCANID.u_xsdbm_id/tck_bs
    BUFGCE_X0Y76         BUFGCE (Prop_BUFCE_BUFGCE_I_O)
                                                      0.026     6.051 r  dbg_hub/inst/BSCANID.u_xsdbm_id/SWITCH_N_EXT_BSCAN.u_bufg_icon_tck/O
    X2Y1 (CLOCK_ROOT)    net (fo=482, routed)         1.549     7.600    dbg_hub/inst/BSCANID.u_xsdbm_id/CORE_XSDB.UUT_MASTER/U_ICON_INTERFACE/U_CMD6_RD/U_RD_FIFO/SUBCORE_FIFO.xsdbm_v3_0_0_rdfifo_inst/inst_fifo_gen/gconvfifo.rf/grf.rf/gntv_or_sync_fifo.gcx.clkx/gnxpm_cdc.gsync_stage[1].rd_stg_inst/rd_clk
    SLICE_X55Y76         FDCE                                         r  dbg_hub/inst/BSCANID.u_xsdbm_id/CORE_XSDB.UUT_MASTER/U_ICON_INTERFACE/U_CMD6_RD/U_RD_FIFO/SUBCORE_FIFO.xsdbm_v3_0_0_rdfifo_inst/inst_fifo_gen/gconvfifo.rf/grf.rf/gntv_or_sync_fifo.gcx.clkx/gnxpm_cdc.gsync_stage[1].rd_stg_inst/Q_reg_reg[0]/C

Slack:                    inf
  Source:                 dbg_hub/inst/BSCANID.u_xsdbm_id/CORE_XSDB.UUT_MASTER/U_ICON_INTERFACE/U_CMD6_RD/U_RD_FIFO/SUBCORE_FIFO.xsdbm_v3_0_0_rdfifo_inst/inst_fifo_gen/gconvfifo.rf/grf.rf/gntv_or_sync_fifo.gcx.clkx/gnxpm_cdc.wr_pntr_gc_reg[3]/C
                            (rising edge-triggered cell FDCE clocked by clk_pl_0  {rise@0.000ns fall@5.156ns period=10.312ns})
  Destination:            dbg_hub/inst/BSCANID.u_xsdbm_id/CORE_XSDB.UUT_MASTER/U_ICON_INTERFACE/U_CMD6_RD/U_RD_FIFO/SUBCORE_FIFO.xsdbm_v3_0_0_rdfifo_inst/inst_fifo_gen/gconvfifo.rf/grf.rf/gntv_or_sync_fifo.gcx.clkx/gnxpm_cdc.gsync_stage[1].rd_stg_inst/Q_reg_reg[3]/D
                            (rising edge-triggered cell FDCE clocked by dbg_hub/inst/BSCANID.u_xsdbm_id/SWITCH_N_EXT_BSCAN.bscan_inst/SERIES7_BSCAN.bscan_inst/INTERNAL_TCK  {rise@0.000ns fall@25.000ns period=50.000ns})
  Path Group:             (none)
  Path Type:              Hold (Min at Fast Process Corner)
  Data Path Delay:        0.153ns  (logic 0.082ns (53.595%)  route 0.071ns (46.405%))
  Logic Levels:           0  
  Clock Path Skew:        5.695ns (DCD - SCD - CPR)
    Destination Clock Delay (DCD):    7.589ns
    Source Clock Delay      (SCD):    1.894ns
    Clock Pessimism Removal (CPR):    -0.000ns
  Clock Uncertainty:      0.159ns  ((TSJ^2 + DJ^2)^1/2) / 2 + PE
    Total System Jitter     (TSJ):    0.071ns
    Discrete Jitter          (DJ):    0.310ns
    Phase Error              (PE):    0.000ns
  Clock Net Delay (Source):      1.743ns (routing 0.940ns, distribution 0.803ns)
  Clock Net Delay (Destination): 1.538ns (routing 0.880ns, distribution 0.658ns)
  Timing Exception:       False Path

    Location             Delay type                Incr(ns)  Path(ns)    Netlist Resource(s)
  -------------------------------------------------------------------    -------------------
                         (clock clk_pl_0 rise edge)
                                                      0.000     0.000 r  
    PS8_X0Y0             PS8                          0.000     0.000 r  mixer_i/zynq_ultra_ps_e_0/inst/PS8_i/PLCLK[0]
                         net (fo=1, routed)           0.129     0.129    mixer_i/zynq_ultra_ps_e_0/inst/pl_clk_unbuffered[0]
    BUFG_PS_X0Y90        BUFG_PS (Prop_BUFG_PS_I_O)
                                                      0.022     0.151 r  mixer_i/zynq_ultra_ps_e_0/inst/buffer_pl_clk_0.PL_CLK_0_BUFG/O
    X1Y1 (CLOCK_ROOT)    net (fo=19371, routed)       1.743     1.894    dbg_hub/inst/BSCANID.u_xsdbm_id/CORE_XSDB.UUT_MASTER/U_ICON_INTERFACE/U_CMD6_RD/U_RD_FIFO/SUBCORE_FIFO.xsdbm_v3_0_0_rdfifo_inst/inst_fifo_gen/gconvfifo.rf/grf.rf/gntv_or_sync_fifo.gcx.clkx/wr_clk
    SLICE_X54Y76         FDCE                                         r  dbg_hub/inst/BSCANID.u_xsdbm_id/CORE_XSDB.UUT_MASTER/U_ICON_INTERFACE/U_CMD6_RD/U_RD_FIFO/SUBCORE_FIFO.xsdbm_v3_0_0_rdfifo_inst/inst_fifo_gen/gconvfifo.rf/grf.rf/gntv_or_sync_fifo.gcx.clkx/gnxpm_cdc.wr_pntr_gc_reg[3]/C
  -------------------------------------------------------------------    -------------------
    SLICE_X54Y76         FDCE (Prop_EFF_SLICEM_C_Q)
                                                      0.082     1.976 r  dbg_hub/inst/BSCANID.u_xsdbm_id/CORE_XSDB.UUT_MASTER/U_ICON_INTERFACE/U_CMD6_RD/U_RD_FIFO/SUBCORE_FIFO.xsdbm_v3_0_0_rdfifo_inst/inst_fifo_gen/gconvfifo.rf/grf.rf/gntv_or_sync_fifo.gcx.clkx/gnxpm_cdc.wr_pntr_gc_reg[3]/Q
                         net (fo=1, routed)           0.071     2.047    dbg_hub/inst/BSCANID.u_xsdbm_id/CORE_XSDB.UUT_MASTER/U_ICON_INTERFACE/U_CMD6_RD/U_RD_FIFO/SUBCORE_FIFO.xsdbm_v3_0_0_rdfifo_inst/inst_fifo_gen/gconvfifo.rf/grf.rf/gntv_or_sync_fifo.gcx.clkx/gnxpm_cdc.gsync_stage[1].rd_stg_inst/Q[3]
    SLICE_X54Y77         FDCE                                         r  dbg_hub/inst/BSCANID.u_xsdbm_id/CORE_XSDB.UUT_MASTER/U_ICON_INTERFACE/U_CMD6_RD/U_RD_FIFO/SUBCORE_FIFO.xsdbm_v3_0_0_rdfifo_inst/inst_fifo_gen/gconvfifo.rf/grf.rf/gntv_or_sync_fifo.gcx.clkx/gnxpm_cdc.gsync_stage[1].rd_stg_inst/Q_reg_reg[3]/D
  -------------------------------------------------------------------    -------------------

                         (clock dbg_hub/inst/BSCANID.u_xsdbm_id/SWITCH_N_EXT_BSCAN.bscan_inst/SERIES7_BSCAN.bscan_inst/INTERNAL_TCK rise edge)
                                                      0.000     0.000 r  
    CONFIG_SITE_X0Y0     BSCANE2                      0.000     0.000 r  dbg_hub/inst/BSCANID.u_xsdbm_id/SWITCH_N_EXT_BSCAN.bscan_inst/SERIES7_BSCAN.bscan_inst/INTERNAL_TCK
    CONFIG_SITE_X0Y0     BSCANE2 (Prop_BSCAN1_CONFIG_SITE_INTERNAL_TCK_TCK)
                                                      4.800     4.800 r  dbg_hub/inst/BSCANID.u_xsdbm_id/SWITCH_N_EXT_BSCAN.bscan_inst/SERIES7_BSCAN.bscan_inst/TCK
                         net (fo=1, routed)           1.225     6.025    dbg_hub/inst/BSCANID.u_xsdbm_id/tck_bs
    BUFGCE_X0Y76         BUFGCE (Prop_BUFCE_BUFGCE_I_O)
                                                      0.026     6.051 r  dbg_hub/inst/BSCANID.u_xsdbm_id/SWITCH_N_EXT_BSCAN.u_bufg_icon_tck/O
    X2Y1 (CLOCK_ROOT)    net (fo=482, routed)         1.538     7.589    dbg_hub/inst/BSCANID.u_xsdbm_id/CORE_XSDB.UUT_MASTER/U_ICON_INTERFACE/U_CMD6_RD/U_RD_FIFO/SUBCORE_FIFO.xsdbm_v3_0_0_rdfifo_inst/inst_fifo_gen/gconvfifo.rf/grf.rf/gntv_or_sync_fifo.gcx.clkx/gnxpm_cdc.gsync_stage[1].rd_stg_inst/rd_clk
    SLICE_X54Y77         FDCE                                         r  dbg_hub/inst/BSCANID.u_xsdbm_id/CORE_XSDB.UUT_MASTER/U_ICON_INTERFACE/U_CMD6_RD/U_RD_FIFO/SUBCORE_FIFO.xsdbm_v3_0_0_rdfifo_inst/inst_fifo_gen/gconvfifo.rf/grf.rf/gntv_or_sync_fifo.gcx.clkx/gnxpm_cdc.gsync_stage[1].rd_stg_inst/Q_reg_reg[3]/C

Slack:                    inf
  Source:                 dbg_hub/inst/BSCANID.u_xsdbm_id/CORE_XSDB.UUT_MASTER/U_ICON_INTERFACE/U_CMD6_WR/U_WR_FIFO/SUBCORE_FIFO.xsdbm_v3_0_0_wrfifo_inst/inst_fifo_gen/gconvfifo.rf/grf.rf/gntv_or_sync_fifo.gcx.clkx/gnxpm_cdc.rd_pntr_gc_reg[2]/C
                            (rising edge-triggered cell FDCE clocked by clk_pl_0  {rise@0.000ns fall@5.156ns period=10.312ns})
  Destination:            dbg_hub/inst/BSCANID.u_xsdbm_id/CORE_XSDB.UUT_MASTER/U_ICON_INTERFACE/U_CMD6_WR/U_WR_FIFO/SUBCORE_FIFO.xsdbm_v3_0_0_wrfifo_inst/inst_fifo_gen/gconvfifo.rf/grf.rf/gntv_or_sync_fifo.gcx.clkx/gnxpm_cdc.gsync_stage[1].wr_stg_inst/Q_reg_reg[2]/D
                            (rising edge-triggered cell FDCE clocked by dbg_hub/inst/BSCANID.u_xsdbm_id/SWITCH_N_EXT_BSCAN.bscan_inst/SERIES7_BSCAN.bscan_inst/INTERNAL_TCK  {rise@0.000ns fall@25.000ns period=50.000ns})
  Path Group:             (none)
  Path Type:              Hold (Min at Fast Process Corner)
  Data Path Delay:        0.169ns  (logic 0.084ns (49.704%)  route 0.085ns (50.296%))
  Logic Levels:           0  
  Clock Path Skew:        5.703ns (DCD - SCD - CPR)
    Destination Clock Delay (DCD):    7.589ns
    Source Clock Delay      (SCD):    1.886ns
    Clock Pessimism Removal (CPR):    -0.000ns
  Clock Uncertainty:      0.159ns  ((TSJ^2 + DJ^2)^1/2) / 2 + PE
    Total System Jitter     (TSJ):    0.071ns
    Discrete Jitter          (DJ):    0.310ns
    Phase Error              (PE):    0.000ns
  Clock Net Delay (Source):      1.735ns (routing 0.940ns, distribution 0.795ns)
  Clock Net Delay (Destination): 1.538ns (routing 0.880ns, distribution 0.658ns)
  Timing Exception:       False Path

    Location             Delay type                Incr(ns)  Path(ns)    Netlist Resource(s)
  -------------------------------------------------------------------    -------------------
                         (clock clk_pl_0 rise edge)
                                                      0.000     0.000 r  
    PS8_X0Y0             PS8                          0.000     0.000 r  mixer_i/zynq_ultra_ps_e_0/inst/PS8_i/PLCLK[0]
                         net (fo=1, routed)           0.129     0.129    mixer_i/zynq_ultra_ps_e_0/inst/pl_clk_unbuffered[0]
    BUFG_PS_X0Y90        BUFG_PS (Prop_BUFG_PS_I_O)
                                                      0.022     0.151 r  mixer_i/zynq_ultra_ps_e_0/inst/buffer_pl_clk_0.PL_CLK_0_BUFG/O
    X1Y1 (CLOCK_ROOT)    net (fo=19371, routed)       1.735     1.886    dbg_hub/inst/BSCANID.u_xsdbm_id/CORE_XSDB.UUT_MASTER/U_ICON_INTERFACE/U_CMD6_WR/U_WR_FIFO/SUBCORE_FIFO.xsdbm_v3_0_0_wrfifo_inst/inst_fifo_gen/gconvfifo.rf/grf.rf/gntv_or_sync_fifo.gcx.clkx/rd_clk
    SLICE_X59Y86         FDCE                                         r  dbg_hub/inst/BSCANID.u_xsdbm_id/CORE_XSDB.UUT_MASTER/U_ICON_INTERFACE/U_CMD6_WR/U_WR_FIFO/SUBCORE_FIFO.xsdbm_v3_0_0_wrfifo_inst/inst_fifo_gen/gconvfifo.rf/grf.rf/gntv_or_sync_fifo.gcx.clkx/gnxpm_cdc.rd_pntr_gc_reg[2]/C
  -------------------------------------------------------------------    -------------------
    SLICE_X59Y86         FDCE (Prop_EFF_SLICEL_C_Q)
                                                      0.084     1.970 r  dbg_hub/inst/BSCANID.u_xsdbm_id/CORE_XSDB.UUT_MASTER/U_ICON_INTERFACE/U_CMD6_WR/U_WR_FIFO/SUBCORE_FIFO.xsdbm_v3_0_0_wrfifo_inst/inst_fifo_gen/gconvfifo.rf/grf.rf/gntv_or_sync_fifo.gcx.clkx/gnxpm_cdc.rd_pntr_gc_reg[2]/Q
                         net (fo=1, routed)           0.085     2.055    dbg_hub/inst/BSCANID.u_xsdbm_id/CORE_XSDB.UUT_MASTER/U_ICON_INTERFACE/U_CMD6_WR/U_WR_FIFO/SUBCORE_FIFO.xsdbm_v3_0_0_wrfifo_inst/inst_fifo_gen/gconvfifo.rf/grf.rf/gntv_or_sync_fifo.gcx.clkx/gnxpm_cdc.gsync_stage[1].wr_stg_inst/Q[2]
    SLICE_X59Y86         FDCE                                         r  dbg_hub/inst/BSCANID.u_xsdbm_id/CORE_XSDB.UUT_MASTER/U_ICON_INTERFACE/U_CMD6_WR/U_WR_FIFO/SUBCORE_FIFO.xsdbm_v3_0_0_wrfifo_inst/inst_fifo_gen/gconvfifo.rf/grf.rf/gntv_or_sync_fifo.gcx.clkx/gnxpm_cdc.gsync_stage[1].wr_stg_inst/Q_reg_reg[2]/D
  -------------------------------------------------------------------    -------------------

                         (clock dbg_hub/inst/BSCANID.u_xsdbm_id/SWITCH_N_EXT_BSCAN.bscan_inst/SERIES7_BSCAN.bscan_inst/INTERNAL_TCK rise edge)
                                                      0.000     0.000 r  
    CONFIG_SITE_X0Y0     BSCANE2                      0.000     0.000 r  dbg_hub/inst/BSCANID.u_xsdbm_id/SWITCH_N_EXT_BSCAN.bscan_inst/SERIES7_BSCAN.bscan_inst/INTERNAL_TCK
    CONFIG_SITE_X0Y0     BSCANE2 (Prop_BSCAN1_CONFIG_SITE_INTERNAL_TCK_TCK)
                                                      4.800     4.800 r  dbg_hub/inst/BSCANID.u_xsdbm_id/SWITCH_N_EXT_BSCAN.bscan_inst/SERIES7_BSCAN.bscan_inst/TCK
                         net (fo=1, routed)           1.225     6.025    dbg_hub/inst/BSCANID.u_xsdbm_id/tck_bs
    BUFGCE_X0Y76         BUFGCE (Prop_BUFCE_BUFGCE_I_O)
                                                      0.026     6.051 r  dbg_hub/inst/BSCANID.u_xsdbm_id/SWITCH_N_EXT_BSCAN.u_bufg_icon_tck/O
    X2Y1 (CLOCK_ROOT)    net (fo=482, routed)         1.538     7.589    dbg_hub/inst/BSCANID.u_xsdbm_id/CORE_XSDB.UUT_MASTER/U_ICON_INTERFACE/U_CMD6_WR/U_WR_FIFO/SUBCORE_FIFO.xsdbm_v3_0_0_wrfifo_inst/inst_fifo_gen/gconvfifo.rf/grf.rf/gntv_or_sync_fifo.gcx.clkx/gnxpm_cdc.gsync_stage[1].wr_stg_inst/wr_clk
    SLICE_X59Y86         FDCE                                         r  dbg_hub/inst/BSCANID.u_xsdbm_id/CORE_XSDB.UUT_MASTER/U_ICON_INTERFACE/U_CMD6_WR/U_WR_FIFO/SUBCORE_FIFO.xsdbm_v3_0_0_wrfifo_inst/inst_fifo_gen/gconvfifo.rf/grf.rf/gntv_or_sync_fifo.gcx.clkx/gnxpm_cdc.gsync_stage[1].wr_stg_inst/Q_reg_reg[2]/C

Slack:                    inf
  Source:                 dbg_hub/inst/BSCANID.u_xsdbm_id/CORE_XSDB.UUT_MASTER/U_ICON_INTERFACE/U_CMD7_STAT/stat_reg_reg[0]/C
                            (rising edge-triggered cell FDRE clocked by clk_pl_0  {rise@0.000ns fall@5.156ns period=10.312ns})
  Destination:            dbg_hub/inst/BSCANID.u_xsdbm_id/CORE_XSDB.UUT_MASTER/U_ICON_INTERFACE/U_CMD7_STAT/stat_reg_1_reg[0]/D
                            (rising edge-triggered cell FDRE clocked by dbg_hub/inst/BSCANID.u_xsdbm_id/SWITCH_N_EXT_BSCAN.bscan_inst/SERIES7_BSCAN.bscan_inst/INTERNAL_TCK  {rise@0.000ns fall@25.000ns period=50.000ns})
  Path Group:             (none)
  Path Type:              Hold (Min at Fast Process Corner)
  Data Path Delay:        0.169ns  (logic 0.085ns (50.296%)  route 0.084ns (49.704%))
  Logic Levels:           0  
  Clock Path Skew:        5.700ns (DCD - SCD - CPR)
    Destination Clock Delay (DCD):    7.588ns
    Source Clock Delay      (SCD):    1.888ns
    Clock Pessimism Removal (CPR):    -0.000ns
  Clock Uncertainty:      0.159ns  ((TSJ^2 + DJ^2)^1/2) / 2 + PE
    Total System Jitter     (TSJ):    0.071ns
    Discrete Jitter          (DJ):    0.310ns
    Phase Error              (PE):    0.000ns
  Clock Net Delay (Source):      1.737ns (routing 0.940ns, distribution 0.797ns)
  Clock Net Delay (Destination): 1.537ns (routing 0.880ns, distribution 0.657ns)
  Timing Exception:       False Path

    Location             Delay type                Incr(ns)  Path(ns)    Netlist Resource(s)
  -------------------------------------------------------------------    -------------------
                         (clock clk_pl_0 rise edge)
                                                      0.000     0.000 r  
    PS8_X0Y0             PS8                          0.000     0.000 r  mixer_i/zynq_ultra_ps_e_0/inst/PS8_i/PLCLK[0]
                         net (fo=1, routed)           0.129     0.129    mixer_i/zynq_ultra_ps_e_0/inst/pl_clk_unbuffered[0]
    BUFG_PS_X0Y90        BUFG_PS (Prop_BUFG_PS_I_O)
                                                      0.022     0.151 r  mixer_i/zynq_ultra_ps_e_0/inst/buffer_pl_clk_0.PL_CLK_0_BUFG/O
    X1Y1 (CLOCK_ROOT)    net (fo=19371, routed)       1.737     1.888    dbg_hub/inst/BSCANID.u_xsdbm_id/CORE_XSDB.UUT_MASTER/U_ICON_INTERFACE/U_CMD7_STAT/clk
    SLICE_X60Y81         FDRE                                         r  dbg_hub/inst/BSCANID.u_xsdbm_id/CORE_XSDB.UUT_MASTER/U_ICON_INTERFACE/U_CMD7_STAT/stat_reg_reg[0]/C
  -------------------------------------------------------------------    -------------------
    SLICE_X60Y81         FDRE (Prop_AFF2_SLICEL_C_Q)
                                                      0.085     1.973 r  dbg_hub/inst/BSCANID.u_xsdbm_id/CORE_XSDB.UUT_MASTER/U_ICON_INTERFACE/U_CMD7_STAT/stat_reg_reg[0]/Q
                         net (fo=1, routed)           0.084     2.057    dbg_hub/inst/BSCANID.u_xsdbm_id/CORE_XSDB.UUT_MASTER/U_ICON_INTERFACE/U_CMD7_STAT/stat_reg[0]
    SLICE_X60Y82         FDRE                                         r  dbg_hub/inst/BSCANID.u_xsdbm_id/CORE_XSDB.UUT_MASTER/U_ICON_INTERFACE/U_CMD7_STAT/stat_reg_1_reg[0]/D
  -------------------------------------------------------------------    -------------------

                         (clock dbg_hub/inst/BSCANID.u_xsdbm_id/SWITCH_N_EXT_BSCAN.bscan_inst/SERIES7_BSCAN.bscan_inst/INTERNAL_TCK rise edge)
                                                      0.000     0.000 r  
    CONFIG_SITE_X0Y0     BSCANE2                      0.000     0.000 r  dbg_hub/inst/BSCANID.u_xsdbm_id/SWITCH_N_EXT_BSCAN.bscan_inst/SERIES7_BSCAN.bscan_inst/INTERNAL_TCK
    CONFIG_SITE_X0Y0     BSCANE2 (Prop_BSCAN1_CONFIG_SITE_INTERNAL_TCK_TCK)
                                                      4.800     4.800 r  dbg_hub/inst/BSCANID.u_xsdbm_id/SWITCH_N_EXT_BSCAN.bscan_inst/SERIES7_BSCAN.bscan_inst/TCK
                         net (fo=1, routed)           1.225     6.025    dbg_hub/inst/BSCANID.u_xsdbm_id/tck_bs
    BUFGCE_X0Y76         BUFGCE (Prop_BUFCE_BUFGCE_I_O)
                                                      0.026     6.051 r  dbg_hub/inst/BSCANID.u_xsdbm_id/SWITCH_N_EXT_BSCAN.u_bufg_icon_tck/O
    X2Y1 (CLOCK_ROOT)    net (fo=482, routed)         1.537     7.588    dbg_hub/inst/BSCANID.u_xsdbm_id/CORE_XSDB.UUT_MASTER/U_ICON_INTERFACE/U_CMD7_STAT/m_bscan_tck[0]
    SLICE_X60Y82         FDRE                                         r  dbg_hub/inst/BSCANID.u_xsdbm_id/CORE_XSDB.UUT_MASTER/U_ICON_INTERFACE/U_CMD7_STAT/stat_reg_1_reg[0]/C

Slack:                    inf
  Source:                 dbg_hub/inst/BSCANID.u_xsdbm_id/CORE_XSDB.UUT_MASTER/U_ICON_INTERFACE/U_CMD7_STAT/stat_reg_reg[2]/C
                            (rising edge-triggered cell FDRE clocked by clk_pl_0  {rise@0.000ns fall@5.156ns period=10.312ns})
  Destination:            dbg_hub/inst/BSCANID.u_xsdbm_id/CORE_XSDB.UUT_MASTER/U_ICON_INTERFACE/U_CMD7_STAT/stat_reg_1_reg[2]/D
                            (rising edge-triggered cell FDRE clocked by dbg_hub/inst/BSCANID.u_xsdbm_id/SWITCH_N_EXT_BSCAN.bscan_inst/SERIES7_BSCAN.bscan_inst/INTERNAL_TCK  {rise@0.000ns fall@25.000ns period=50.000ns})
  Path Group:             (none)
  Path Type:              Hold (Min at Fast Process Corner)
  Data Path Delay:        0.169ns  (logic 0.085ns (50.296%)  route 0.084ns (49.704%))
  Logic Levels:           0  
  Clock Path Skew:        5.689ns (DCD - SCD - CPR)
    Destination Clock Delay (DCD):    7.581ns
    Source Clock Delay      (SCD):    1.892ns
    Clock Pessimism Removal (CPR):    -0.000ns
  Clock Uncertainty:      0.159ns  ((TSJ^2 + DJ^2)^1/2) / 2 + PE
    Total System Jitter     (TSJ):    0.071ns
    Discrete Jitter          (DJ):    0.310ns
    Phase Error              (PE):    0.000ns
  Clock Net Delay (Source):      1.741ns (routing 0.940ns, distribution 0.801ns)
  Clock Net Delay (Destination): 1.530ns (routing 0.880ns, distribution 0.650ns)
  Timing Exception:       False Path

    Location             Delay type                Incr(ns)  Path(ns)    Netlist Resource(s)
  -------------------------------------------------------------------    -------------------
                         (clock clk_pl_0 rise edge)
                                                      0.000     0.000 r  
    PS8_X0Y0             PS8                          0.000     0.000 r  mixer_i/zynq_ultra_ps_e_0/inst/PS8_i/PLCLK[0]
                         net (fo=1, routed)           0.129     0.129    mixer_i/zynq_ultra_ps_e_0/inst/pl_clk_unbuffered[0]
    BUFG_PS_X0Y90        BUFG_PS (Prop_BUFG_PS_I_O)
                                                      0.022     0.151 r  mixer_i/zynq_ultra_ps_e_0/inst/buffer_pl_clk_0.PL_CLK_0_BUFG/O
    X1Y1 (CLOCK_ROOT)    net (fo=19371, routed)       1.741     1.892    dbg_hub/inst/BSCANID.u_xsdbm_id/CORE_XSDB.UUT_MASTER/U_ICON_INTERFACE/U_CMD7_STAT/clk
    SLICE_X60Y83         FDRE                                         r  dbg_hub/inst/BSCANID.u_xsdbm_id/CORE_XSDB.UUT_MASTER/U_ICON_INTERFACE/U_CMD7_STAT/stat_reg_reg[2]/C
  -------------------------------------------------------------------    -------------------
    SLICE_X60Y83         FDRE (Prop_AFF2_SLICEL_C_Q)
                                                      0.085     1.977 r  dbg_hub/inst/BSCANID.u_xsdbm_id/CORE_XSDB.UUT_MASTER/U_ICON_INTERFACE/U_CMD7_STAT/stat_reg_reg[2]/Q
                         net (fo=1, routed)           0.084     2.061    dbg_hub/inst/BSCANID.u_xsdbm_id/CORE_XSDB.UUT_MASTER/U_ICON_INTERFACE/U_CMD7_STAT/stat_reg[2]
    SLICE_X60Y84         FDRE                                         r  dbg_hub/inst/BSCANID.u_xsdbm_id/CORE_XSDB.UUT_MASTER/U_ICON_INTERFACE/U_CMD7_STAT/stat_reg_1_reg[2]/D
  -------------------------------------------------------------------    -------------------

                         (clock dbg_hub/inst/BSCANID.u_xsdbm_id/SWITCH_N_EXT_BSCAN.bscan_inst/SERIES7_BSCAN.bscan_inst/INTERNAL_TCK rise edge)
                                                      0.000     0.000 r  
    CONFIG_SITE_X0Y0     BSCANE2                      0.000     0.000 r  dbg_hub/inst/BSCANID.u_xsdbm_id/SWITCH_N_EXT_BSCAN.bscan_inst/SERIES7_BSCAN.bscan_inst/INTERNAL_TCK
    CONFIG_SITE_X0Y0     BSCANE2 (Prop_BSCAN1_CONFIG_SITE_INTERNAL_TCK_TCK)
                                                      4.800     4.800 r  dbg_hub/inst/BSCANID.u_xsdbm_id/SWITCH_N_EXT_BSCAN.bscan_inst/SERIES7_BSCAN.bscan_inst/TCK
                         net (fo=1, routed)           1.225     6.025    dbg_hub/inst/BSCANID.u_xsdbm_id/tck_bs
    BUFGCE_X0Y76         BUFGCE (Prop_BUFCE_BUFGCE_I_O)
                                                      0.026     6.051 r  dbg_hub/inst/BSCANID.u_xsdbm_id/SWITCH_N_EXT_BSCAN.u_bufg_icon_tck/O
    X2Y1 (CLOCK_ROOT)    net (fo=482, routed)         1.530     7.581    dbg_hub/inst/BSCANID.u_xsdbm_id/CORE_XSDB.UUT_MASTER/U_ICON_INTERFACE/U_CMD7_STAT/m_bscan_tck[0]
    SLICE_X60Y84         FDRE                                         r  dbg_hub/inst/BSCANID.u_xsdbm_id/CORE_XSDB.UUT_MASTER/U_ICON_INTERFACE/U_CMD7_STAT/stat_reg_1_reg[2]/C

Slack:                    inf
  Source:                 dbg_hub/inst/BSCANID.u_xsdbm_id/CORE_XSDB.UUT_MASTER/U_ICON_INTERFACE/U_CMD2/stat_reg_reg[1]/C
                            (rising edge-triggered cell FDRE clocked by clk_pl_0  {rise@0.000ns fall@5.156ns period=10.312ns})
  Destination:            dbg_hub/inst/BSCANID.u_xsdbm_id/CORE_XSDB.UUT_MASTER/U_ICON_INTERFACE/U_CMD2/stat_reg_1_reg[1]/D
                            (rising edge-triggered cell FDRE clocked by dbg_hub/inst/BSCANID.u_xsdbm_id/SWITCH_N_EXT_BSCAN.bscan_inst/SERIES7_BSCAN.bscan_inst/INTERNAL_TCK  {rise@0.000ns fall@25.000ns period=50.000ns})
  Path Group:             (none)
  Path Type:              Hold (Min at Fast Process Corner)
  Data Path Delay:        0.169ns  (logic 0.085ns (50.296%)  route 0.084ns (49.704%))
  Logic Levels:           0  
  Clock Path Skew:        5.696ns (DCD - SCD - CPR)
    Destination Clock Delay (DCD):    7.589ns
    Source Clock Delay      (SCD):    1.894ns
    Clock Pessimism Removal (CPR):    -0.000ns
  Clock Uncertainty:      0.159ns  ((TSJ^2 + DJ^2)^1/2) / 2 + PE
    Total System Jitter     (TSJ):    0.071ns
    Discrete Jitter          (DJ):    0.310ns
    Phase Error              (PE):    0.000ns
  Clock Net Delay (Source):      1.743ns (routing 0.940ns, distribution 0.803ns)
  Clock Net Delay (Destination): 1.538ns (routing 0.880ns, distribution 0.658ns)
  Timing Exception:       False Path

    Location             Delay type                Incr(ns)  Path(ns)    Netlist Resource(s)
  -------------------------------------------------------------------    -------------------
                         (clock clk_pl_0 rise edge)
                                                      0.000     0.000 r  
    PS8_X0Y0             PS8                          0.000     0.000 r  mixer_i/zynq_ultra_ps_e_0/inst/PS8_i/PLCLK[0]
                         net (fo=1, routed)           0.129     0.129    mixer_i/zynq_ultra_ps_e_0/inst/pl_clk_unbuffered[0]
    BUFG_PS_X0Y90        BUFG_PS (Prop_BUFG_PS_I_O)
                                                      0.022     0.151 r  mixer_i/zynq_ultra_ps_e_0/inst/buffer_pl_clk_0.PL_CLK_0_BUFG/O
    X1Y1 (CLOCK_ROOT)    net (fo=19371, routed)       1.743     1.894    dbg_hub/inst/BSCANID.u_xsdbm_id/CORE_XSDB.UUT_MASTER/U_ICON_INTERFACE/U_CMD2/clk
    SLICE_X59Y79         FDRE                                         r  dbg_hub/inst/BSCANID.u_xsdbm_id/CORE_XSDB.UUT_MASTER/U_ICON_INTERFACE/U_CMD2/stat_reg_reg[1]/C
  -------------------------------------------------------------------    -------------------
    SLICE_X59Y79         FDRE (Prop_AFF2_SLICEL_C_Q)
                                                      0.085     1.979 r  dbg_hub/inst/BSCANID.u_xsdbm_id/CORE_XSDB.UUT_MASTER/U_ICON_INTERFACE/U_CMD2/stat_reg_reg[1]/Q
                         net (fo=1, routed)           0.084     2.063    dbg_hub/inst/BSCANID.u_xsdbm_id/CORE_XSDB.UUT_MASTER/U_ICON_INTERFACE/U_CMD2/stat_reg[1]
    SLICE_X59Y80         FDRE                                         r  dbg_hub/inst/BSCANID.u_xsdbm_id/CORE_XSDB.UUT_MASTER/U_ICON_INTERFACE/U_CMD2/stat_reg_1_reg[1]/D
  -------------------------------------------------------------------    -------------------

                         (clock dbg_hub/inst/BSCANID.u_xsdbm_id/SWITCH_N_EXT_BSCAN.bscan_inst/SERIES7_BSCAN.bscan_inst/INTERNAL_TCK rise edge)
                                                      0.000     0.000 r  
    CONFIG_SITE_X0Y0     BSCANE2                      0.000     0.000 r  dbg_hub/inst/BSCANID.u_xsdbm_id/SWITCH_N_EXT_BSCAN.bscan_inst/SERIES7_BSCAN.bscan_inst/INTERNAL_TCK
    CONFIG_SITE_X0Y0     BSCANE2 (Prop_BSCAN1_CONFIG_SITE_INTERNAL_TCK_TCK)
                                                      4.800     4.800 r  dbg_hub/inst/BSCANID.u_xsdbm_id/SWITCH_N_EXT_BSCAN.bscan_inst/SERIES7_BSCAN.bscan_inst/TCK
                         net (fo=1, routed)           1.225     6.025    dbg_hub/inst/BSCANID.u_xsdbm_id/tck_bs
    BUFGCE_X0Y76         BUFGCE (Prop_BUFCE_BUFGCE_I_O)
                                                      0.026     6.051 r  dbg_hub/inst/BSCANID.u_xsdbm_id/SWITCH_N_EXT_BSCAN.u_bufg_icon_tck/O
    X2Y1 (CLOCK_ROOT)    net (fo=482, routed)         1.538     7.589    dbg_hub/inst/BSCANID.u_xsdbm_id/CORE_XSDB.UUT_MASTER/U_ICON_INTERFACE/U_CMD2/m_bscan_tck[0]
    SLICE_X59Y80         FDRE                                         r  dbg_hub/inst/BSCANID.u_xsdbm_id/CORE_XSDB.UUT_MASTER/U_ICON_INTERFACE/U_CMD2/stat_reg_1_reg[1]/C

Slack:                    inf
  Source:                 dbg_hub/inst/BSCANID.u_xsdbm_id/CORE_XSDB.UUT_MASTER/U_ICON_INTERFACE/U_CMD2/stat_reg_reg[3]/C
                            (rising edge-triggered cell FDRE clocked by clk_pl_0  {rise@0.000ns fall@5.156ns period=10.312ns})
  Destination:            dbg_hub/inst/BSCANID.u_xsdbm_id/CORE_XSDB.UUT_MASTER/U_ICON_INTERFACE/U_CMD2/stat_reg_1_reg[3]/D
                            (rising edge-triggered cell FDRE clocked by dbg_hub/inst/BSCANID.u_xsdbm_id/SWITCH_N_EXT_BSCAN.bscan_inst/SERIES7_BSCAN.bscan_inst/INTERNAL_TCK  {rise@0.000ns fall@25.000ns period=50.000ns})
  Path Group:             (none)
  Path Type:              Hold (Min at Fast Process Corner)
  Data Path Delay:        0.169ns  (logic 0.085ns (50.296%)  route 0.084ns (49.704%))
  Logic Levels:           0  
  Clock Path Skew:        5.690ns (DCD - SCD - CPR)
    Destination Clock Delay (DCD):    7.585ns
    Source Clock Delay      (SCD):    1.895ns
    Clock Pessimism Removal (CPR):    -0.000ns
  Clock Uncertainty:      0.159ns  ((TSJ^2 + DJ^2)^1/2) / 2 + PE
    Total System Jitter     (TSJ):    0.071ns
    Discrete Jitter          (DJ):    0.310ns
    Phase Error              (PE):    0.000ns
  Clock Net Delay (Source):      1.744ns (routing 0.940ns, distribution 0.804ns)
  Clock Net Delay (Destination): 1.534ns (routing 0.880ns, distribution 0.654ns)
  Timing Exception:       False Path

    Location             Delay type                Incr(ns)  Path(ns)    Netlist Resource(s)
  -------------------------------------------------------------------    -------------------
                         (clock clk_pl_0 rise edge)
                                                      0.000     0.000 r  
    PS8_X0Y0             PS8                          0.000     0.000 r  mixer_i/zynq_ultra_ps_e_0/inst/PS8_i/PLCLK[0]
                         net (fo=1, routed)           0.129     0.129    mixer_i/zynq_ultra_ps_e_0/inst/pl_clk_unbuffered[0]
    BUFG_PS_X0Y90        BUFG_PS (Prop_BUFG_PS_I_O)
                                                      0.022     0.151 r  mixer_i/zynq_ultra_ps_e_0/inst/buffer_pl_clk_0.PL_CLK_0_BUFG/O
    X1Y1 (CLOCK_ROOT)    net (fo=19371, routed)       1.744     1.895    dbg_hub/inst/BSCANID.u_xsdbm_id/CORE_XSDB.UUT_MASTER/U_ICON_INTERFACE/U_CMD2/clk
    SLICE_X60Y78         FDRE                                         r  dbg_hub/inst/BSCANID.u_xsdbm_id/CORE_XSDB.UUT_MASTER/U_ICON_INTERFACE/U_CMD2/stat_reg_reg[3]/C
  -------------------------------------------------------------------    -------------------
    SLICE_X60Y78         FDRE (Prop_AFF2_SLICEL_C_Q)
                                                      0.085     1.980 r  dbg_hub/inst/BSCANID.u_xsdbm_id/CORE_XSDB.UUT_MASTER/U_ICON_INTERFACE/U_CMD2/stat_reg_reg[3]/Q
                         net (fo=1, routed)           0.084     2.064    dbg_hub/inst/BSCANID.u_xsdbm_id/CORE_XSDB.UUT_MASTER/U_ICON_INTERFACE/U_CMD2/stat_reg[3]
    SLICE_X60Y79         FDRE                                         r  dbg_hub/inst/BSCANID.u_xsdbm_id/CORE_XSDB.UUT_MASTER/U_ICON_INTERFACE/U_CMD2/stat_reg_1_reg[3]/D
  -------------------------------------------------------------------    -------------------

                         (clock dbg_hub/inst/BSCANID.u_xsdbm_id/SWITCH_N_EXT_BSCAN.bscan_inst/SERIES7_BSCAN.bscan_inst/INTERNAL_TCK rise edge)
                                                      0.000     0.000 r  
    CONFIG_SITE_X0Y0     BSCANE2                      0.000     0.000 r  dbg_hub/inst/BSCANID.u_xsdbm_id/SWITCH_N_EXT_BSCAN.bscan_inst/SERIES7_BSCAN.bscan_inst/INTERNAL_TCK
    CONFIG_SITE_X0Y0     BSCANE2 (Prop_BSCAN1_CONFIG_SITE_INTERNAL_TCK_TCK)
                                                      4.800     4.800 r  dbg_hub/inst/BSCANID.u_xsdbm_id/SWITCH_N_EXT_BSCAN.bscan_inst/SERIES7_BSCAN.bscan_inst/TCK
                         net (fo=1, routed)           1.225     6.025    dbg_hub/inst/BSCANID.u_xsdbm_id/tck_bs
    BUFGCE_X0Y76         BUFGCE (Prop_BUFCE_BUFGCE_I_O)
                                                      0.026     6.051 r  dbg_hub/inst/BSCANID.u_xsdbm_id/SWITCH_N_EXT_BSCAN.u_bufg_icon_tck/O
    X2Y1 (CLOCK_ROOT)    net (fo=482, routed)         1.534     7.585    dbg_hub/inst/BSCANID.u_xsdbm_id/CORE_XSDB.UUT_MASTER/U_ICON_INTERFACE/U_CMD2/m_bscan_tck[0]
    SLICE_X60Y79         FDRE                                         r  dbg_hub/inst/BSCANID.u_xsdbm_id/CORE_XSDB.UUT_MASTER/U_ICON_INTERFACE/U_CMD2/stat_reg_1_reg[3]/C

Slack:                    inf
  Source:                 dbg_hub/inst/BSCANID.u_xsdbm_id/CORE_XSDB.UUT_MASTER/U_ICON_INTERFACE/U_CMD3/stat_reg_reg[0]/C
                            (rising edge-triggered cell FDRE clocked by clk_pl_0  {rise@0.000ns fall@5.156ns period=10.312ns})
  Destination:            dbg_hub/inst/BSCANID.u_xsdbm_id/CORE_XSDB.UUT_MASTER/U_ICON_INTERFACE/U_CMD3/stat_reg_1_reg[0]/D
                            (rising edge-triggered cell FDRE clocked by dbg_hub/inst/BSCANID.u_xsdbm_id/SWITCH_N_EXT_BSCAN.bscan_inst/SERIES7_BSCAN.bscan_inst/INTERNAL_TCK  {rise@0.000ns fall@25.000ns period=50.000ns})
  Path Group:             (none)
  Path Type:              Hold (Min at Fast Process Corner)
  Data Path Delay:        0.169ns  (logic 0.085ns (50.296%)  route 0.084ns (49.704%))
  Logic Levels:           0  
  Clock Path Skew:        5.690ns (DCD - SCD - CPR)
    Destination Clock Delay (DCD):    7.586ns
    Source Clock Delay      (SCD):    1.896ns
    Clock Pessimism Removal (CPR):    -0.000ns
  Clock Uncertainty:      0.159ns  ((TSJ^2 + DJ^2)^1/2) / 2 + PE
    Total System Jitter     (TSJ):    0.071ns
    Discrete Jitter          (DJ):    0.310ns
    Phase Error              (PE):    0.000ns
  Clock Net Delay (Source):      1.745ns (routing 0.940ns, distribution 0.805ns)
  Clock Net Delay (Destination): 1.535ns (routing 0.880ns, distribution 0.655ns)
  Timing Exception:       False Path

    Location             Delay type                Incr(ns)  Path(ns)    Netlist Resource(s)
  -------------------------------------------------------------------    -------------------
                         (clock clk_pl_0 rise edge)
                                                      0.000     0.000 r  
    PS8_X0Y0             PS8                          0.000     0.000 r  mixer_i/zynq_ultra_ps_e_0/inst/PS8_i/PLCLK[0]
                         net (fo=1, routed)           0.129     0.129    mixer_i/zynq_ultra_ps_e_0/inst/pl_clk_unbuffered[0]
    BUFG_PS_X0Y90        BUFG_PS (Prop_BUFG_PS_I_O)
                                                      0.022     0.151 r  mixer_i/zynq_ultra_ps_e_0/inst/buffer_pl_clk_0.PL_CLK_0_BUFG/O
    X1Y1 (CLOCK_ROOT)    net (fo=19371, routed)       1.745     1.896    dbg_hub/inst/BSCANID.u_xsdbm_id/CORE_XSDB.UUT_MASTER/U_ICON_INTERFACE/U_CMD3/clk
    SLICE_X60Y76         FDRE                                         r  dbg_hub/inst/BSCANID.u_xsdbm_id/CORE_XSDB.UUT_MASTER/U_ICON_INTERFACE/U_CMD3/stat_reg_reg[0]/C
  -------------------------------------------------------------------    -------------------
    SLICE_X60Y76         FDRE (Prop_AFF2_SLICEL_C_Q)
                                                      0.085     1.981 r  dbg_hub/inst/BSCANID.u_xsdbm_id/CORE_XSDB.UUT_MASTER/U_ICON_INTERFACE/U_CMD3/stat_reg_reg[0]/Q
                         net (fo=1, routed)           0.084     2.065    dbg_hub/inst/BSCANID.u_xsdbm_id/CORE_XSDB.UUT_MASTER/U_ICON_INTERFACE/U_CMD3/stat_reg[0]
    SLICE_X60Y77         FDRE                                         r  dbg_hub/inst/BSCANID.u_xsdbm_id/CORE_XSDB.UUT_MASTER/U_ICON_INTERFACE/U_CMD3/stat_reg_1_reg[0]/D
  -------------------------------------------------------------------    -------------------

                         (clock dbg_hub/inst/BSCANID.u_xsdbm_id/SWITCH_N_EXT_BSCAN.bscan_inst/SERIES7_BSCAN.bscan_inst/INTERNAL_TCK rise edge)
                                                      0.000     0.000 r  
    CONFIG_SITE_X0Y0     BSCANE2                      0.000     0.000 r  dbg_hub/inst/BSCANID.u_xsdbm_id/SWITCH_N_EXT_BSCAN.bscan_inst/SERIES7_BSCAN.bscan_inst/INTERNAL_TCK
    CONFIG_SITE_X0Y0     BSCANE2 (Prop_BSCAN1_CONFIG_SITE_INTERNAL_TCK_TCK)
                                                      4.800     4.800 r  dbg_hub/inst/BSCANID.u_xsdbm_id/SWITCH_N_EXT_BSCAN.bscan_inst/SERIES7_BSCAN.bscan_inst/TCK
                         net (fo=1, routed)           1.225     6.025    dbg_hub/inst/BSCANID.u_xsdbm_id/tck_bs
    BUFGCE_X0Y76         BUFGCE (Prop_BUFCE_BUFGCE_I_O)
                                                      0.026     6.051 r  dbg_hub/inst/BSCANID.u_xsdbm_id/SWITCH_N_EXT_BSCAN.u_bufg_icon_tck/O
    X2Y1 (CLOCK_ROOT)    net (fo=482, routed)         1.535     7.586    dbg_hub/inst/BSCANID.u_xsdbm_id/CORE_XSDB.UUT_MASTER/U_ICON_INTERFACE/U_CMD3/m_bscan_tck[0]
    SLICE_X60Y77         FDRE                                         r  dbg_hub/inst/BSCANID.u_xsdbm_id/CORE_XSDB.UUT_MASTER/U_ICON_INTERFACE/U_CMD3/stat_reg_1_reg[0]/C

Slack:                    inf
  Source:                 dbg_hub/inst/BSCANID.u_xsdbm_id/CORE_XSDB.UUT_MASTER/U_ICON_INTERFACE/U_CMD3/stat_reg_reg[1]/C
                            (rising edge-triggered cell FDRE clocked by clk_pl_0  {rise@0.000ns fall@5.156ns period=10.312ns})
  Destination:            dbg_hub/inst/BSCANID.u_xsdbm_id/CORE_XSDB.UUT_MASTER/U_ICON_INTERFACE/U_CMD3/stat_reg_1_reg[1]/D
                            (rising edge-triggered cell FDRE clocked by dbg_hub/inst/BSCANID.u_xsdbm_id/SWITCH_N_EXT_BSCAN.bscan_inst/SERIES7_BSCAN.bscan_inst/INTERNAL_TCK  {rise@0.000ns fall@25.000ns period=50.000ns})
  Path Group:             (none)
  Path Type:              Hold (Min at Fast Process Corner)
  Data Path Delay:        0.170ns  (logic 0.085ns (50.000%)  route 0.085ns (50.000%))
  Logic Levels:           0  
  Clock Path Skew:        5.687ns (DCD - SCD - CPR)
    Destination Clock Delay (DCD):    7.586ns
    Source Clock Delay      (SCD):    1.899ns
    Clock Pessimism Removal (CPR):    -0.000ns
  Clock Uncertainty:      0.159ns  ((TSJ^2 + DJ^2)^1/2) / 2 + PE
    Total System Jitter     (TSJ):    0.071ns
    Discrete Jitter          (DJ):    0.310ns
    Phase Error              (PE):    0.000ns
  Clock Net Delay (Source):      1.748ns (routing 0.940ns, distribution 0.808ns)
  Clock Net Delay (Destination): 1.535ns (routing 0.880ns, distribution 0.655ns)
  Timing Exception:       False Path

    Location             Delay type                Incr(ns)  Path(ns)    Netlist Resource(s)
  -------------------------------------------------------------------    -------------------
                         (clock clk_pl_0 rise edge)
                                                      0.000     0.000 r  
    PS8_X0Y0             PS8                          0.000     0.000 r  mixer_i/zynq_ultra_ps_e_0/inst/PS8_i/PLCLK[0]
                         net (fo=1, routed)           0.129     0.129    mixer_i/zynq_ultra_ps_e_0/inst/pl_clk_unbuffered[0]
    BUFG_PS_X0Y90        BUFG_PS (Prop_BUFG_PS_I_O)
                                                      0.022     0.151 r  mixer_i/zynq_ultra_ps_e_0/inst/buffer_pl_clk_0.PL_CLK_0_BUFG/O
    X1Y1 (CLOCK_ROOT)    net (fo=19371, routed)       1.748     1.899    dbg_hub/inst/BSCANID.u_xsdbm_id/CORE_XSDB.UUT_MASTER/U_ICON_INTERFACE/U_CMD3/clk
    SLICE_X59Y76         FDRE                                         r  dbg_hub/inst/BSCANID.u_xsdbm_id/CORE_XSDB.UUT_MASTER/U_ICON_INTERFACE/U_CMD3/stat_reg_reg[1]/C
  -------------------------------------------------------------------    -------------------
    SLICE_X59Y76         FDRE (Prop_AFF2_SLICEL_C_Q)
                                                      0.085     1.984 r  dbg_hub/inst/BSCANID.u_xsdbm_id/CORE_XSDB.UUT_MASTER/U_ICON_INTERFACE/U_CMD3/stat_reg_reg[1]/Q
                         net (fo=1, routed)           0.085     2.069    dbg_hub/inst/BSCANID.u_xsdbm_id/CORE_XSDB.UUT_MASTER/U_ICON_INTERFACE/U_CMD3/stat_reg[1]
    SLICE_X59Y77         FDRE                                         r  dbg_hub/inst/BSCANID.u_xsdbm_id/CORE_XSDB.UUT_MASTER/U_ICON_INTERFACE/U_CMD3/stat_reg_1_reg[1]/D
  -------------------------------------------------------------------    -------------------

                         (clock dbg_hub/inst/BSCANID.u_xsdbm_id/SWITCH_N_EXT_BSCAN.bscan_inst/SERIES7_BSCAN.bscan_inst/INTERNAL_TCK rise edge)
                                                      0.000     0.000 r  
    CONFIG_SITE_X0Y0     BSCANE2                      0.000     0.000 r  dbg_hub/inst/BSCANID.u_xsdbm_id/SWITCH_N_EXT_BSCAN.bscan_inst/SERIES7_BSCAN.bscan_inst/INTERNAL_TCK
    CONFIG_SITE_X0Y0     BSCANE2 (Prop_BSCAN1_CONFIG_SITE_INTERNAL_TCK_TCK)
                                                      4.800     4.800 r  dbg_hub/inst/BSCANID.u_xsdbm_id/SWITCH_N_EXT_BSCAN.bscan_inst/SERIES7_BSCAN.bscan_inst/TCK
                         net (fo=1, routed)           1.225     6.025    dbg_hub/inst/BSCANID.u_xsdbm_id/tck_bs
    BUFGCE_X0Y76         BUFGCE (Prop_BUFCE_BUFGCE_I_O)
                                                      0.026     6.051 r  dbg_hub/inst/BSCANID.u_xsdbm_id/SWITCH_N_EXT_BSCAN.u_bufg_icon_tck/O
    X2Y1 (CLOCK_ROOT)    net (fo=482, routed)         1.535     7.586    dbg_hub/inst/BSCANID.u_xsdbm_id/CORE_XSDB.UUT_MASTER/U_ICON_INTERFACE/U_CMD3/m_bscan_tck[0]
    SLICE_X59Y77         FDRE                                         r  dbg_hub/inst/BSCANID.u_xsdbm_id/CORE_XSDB.UUT_MASTER/U_ICON_INTERFACE/U_CMD3/stat_reg_1_reg[1]/C

Slack:                    inf
  Source:                 dbg_hub/inst/BSCANID.u_xsdbm_id/CORE_XSDB.UUT_MASTER/U_ICON_INTERFACE/rddata_rst_reg/C
                            (rising edge-triggered cell FDRE clocked by clk_pl_0  {rise@0.000ns fall@5.156ns period=10.312ns})
  Destination:            dbg_hub/inst/BSCANID.u_xsdbm_id/CORE_XSDB.UUT_MASTER/U_ICON_INTERFACE/U_CMD6_RD/shift_reg_in_reg[2]/CLR
                            (removal check against rising-edge clock dbg_hub/inst/BSCANID.u_xsdbm_id/SWITCH_N_EXT_BSCAN.bscan_inst/SERIES7_BSCAN.bscan_inst/INTERNAL_TCK  {rise@0.000ns fall@25.000ns period=50.000ns})
  Path Group:             (none)
  Path Type:              Removal (Min at Fast Process Corner)
  Data Path Delay:        0.175ns  (logic 0.084ns (48.036%)  route 0.091ns (51.964%))
  Logic Levels:           0  
  Clock Path Skew:        5.695ns (DCD - SCD - CPR)
    Destination Clock Delay (DCD):    7.589ns
    Source Clock Delay      (SCD):    1.895ns
    Clock Pessimism Removal (CPR):    -0.000ns
  Clock Uncertainty:      0.159ns  ((TSJ^2 + DJ^2)^1/2) / 2 + PE
    Total System Jitter     (TSJ):    0.071ns
    Discrete Jitter          (DJ):    0.310ns
    Phase Error              (PE):    0.000ns
  Clock Net Delay (Source):      1.744ns (routing 0.940ns, distribution 0.804ns)
  Clock Net Delay (Destination): 1.538ns (routing 0.880ns, distribution 0.658ns)
  Timing Exception:       False Path

    Location             Delay type                Incr(ns)  Path(ns)    Netlist Resource(s)
  -------------------------------------------------------------------    -------------------
                         (clock clk_pl_0 rise edge)
                                                      0.000     0.000 r  
    PS8_X0Y0             PS8                          0.000     0.000 r  mixer_i/zynq_ultra_ps_e_0/inst/PS8_i/PLCLK[0]
                         net (fo=1, routed)           0.129     0.129    mixer_i/zynq_ultra_ps_e_0/inst/pl_clk_unbuffered[0]
    BUFG_PS_X0Y90        BUFG_PS (Prop_BUFG_PS_I_O)
                                                      0.022     0.151 r  mixer_i/zynq_ultra_ps_e_0/inst/buffer_pl_clk_0.PL_CLK_0_BUFG/O
    X1Y1 (CLOCK_ROOT)    net (fo=19371, routed)       1.744     1.895    dbg_hub/inst/BSCANID.u_xsdbm_id/CORE_XSDB.UUT_MASTER/U_ICON_INTERFACE/clk
    SLICE_X59Y80         FDRE                                         r  dbg_hub/inst/BSCANID.u_xsdbm_id/CORE_XSDB.UUT_MASTER/U_ICON_INTERFACE/rddata_rst_reg/C
  -------------------------------------------------------------------    -------------------
    SLICE_X59Y80         FDRE (Prop_HFF_SLICEL_C_Q)
                                                      0.084     1.979 f  dbg_hub/inst/BSCANID.u_xsdbm_id/CORE_XSDB.UUT_MASTER/U_ICON_INTERFACE/rddata_rst_reg/Q
                         net (fo=20, routed)          0.091     2.069    dbg_hub/inst/BSCANID.u_xsdbm_id/CORE_XSDB.UUT_MASTER/U_ICON_INTERFACE/U_CMD6_RD/RST_I
    SLICE_X56Y80         FDCE                                         f  dbg_hub/inst/BSCANID.u_xsdbm_id/CORE_XSDB.UUT_MASTER/U_ICON_INTERFACE/U_CMD6_RD/shift_reg_in_reg[2]/CLR
  -------------------------------------------------------------------    -------------------

                         (clock dbg_hub/inst/BSCANID.u_xsdbm_id/SWITCH_N_EXT_BSCAN.bscan_inst/SERIES7_BSCAN.bscan_inst/INTERNAL_TCK rise edge)
                                                      0.000     0.000 r  
    CONFIG_SITE_X0Y0     BSCANE2                      0.000     0.000 r  dbg_hub/inst/BSCANID.u_xsdbm_id/SWITCH_N_EXT_BSCAN.bscan_inst/SERIES7_BSCAN.bscan_inst/INTERNAL_TCK
    CONFIG_SITE_X0Y0     BSCANE2 (Prop_BSCAN1_CONFIG_SITE_INTERNAL_TCK_TCK)
                                                      4.800     4.800 r  dbg_hub/inst/BSCANID.u_xsdbm_id/SWITCH_N_EXT_BSCAN.bscan_inst/SERIES7_BSCAN.bscan_inst/TCK
                         net (fo=1, routed)           1.225     6.025    dbg_hub/inst/BSCANID.u_xsdbm_id/tck_bs
    BUFGCE_X0Y76         BUFGCE (Prop_BUFCE_BUFGCE_I_O)
                                                      0.026     6.051 r  dbg_hub/inst/BSCANID.u_xsdbm_id/SWITCH_N_EXT_BSCAN.u_bufg_icon_tck/O
    X2Y1 (CLOCK_ROOT)    net (fo=482, routed)         1.538     7.589    dbg_hub/inst/BSCANID.u_xsdbm_id/CORE_XSDB.UUT_MASTER/U_ICON_INTERFACE/U_CMD6_RD/m_bscan_tck[0]
    SLICE_X56Y80         FDCE                                         r  dbg_hub/inst/BSCANID.u_xsdbm_id/CORE_XSDB.UUT_MASTER/U_ICON_INTERFACE/U_CMD6_RD/shift_reg_in_reg[2]/C





--------------------------------------------------------------------------------------
Path Group:  (none)
From Clock:  
  To Clock:  dbg_hub/inst/BSCANID.u_xsdbm_id/SWITCH_N_EXT_BSCAN.bscan_inst/SERIES7_BSCAN.bscan_inst/INTERNAL_TCK

Max Delay             4 Endpoints
Min Delay             4 Endpoints
--------------------------------------------------------------------------------------


Max Delay Paths
--------------------------------------------------------------------------------------
Slack:                    inf
  Source:                 dbg_hub/inst/BSCANID.u_xsdbm_id/SWITCH_N_EXT_BSCAN.bscan_inst/SERIES7_BSCAN.bscan_inst/INTERNAL_TDI
                            (internal pin)
  Destination:            dbg_hub/inst/BSCANID.u_xsdbm_id/CORE_XSDB.U_ICON/iTDI_reg_reg/D
                            (rising edge-triggered cell FDRE clocked by dbg_hub/inst/BSCANID.u_xsdbm_id/SWITCH_N_EXT_BSCAN.bscan_inst/SERIES7_BSCAN.bscan_inst/INTERNAL_TCK  {rise@0.000ns fall@25.000ns period=50.000ns})
  Path Group:             (none)
  Path Type:              Setup (Max at Slow Process Corner)
  Data Path Delay:        6.331ns  (logic 4.800ns (75.819%)  route 1.531ns (24.181%))
  Logic Levels:           1  (BSCANE2=1)
  Clock Uncertainty:      0.025ns  ((TSJ^2 + TIJ^2)^1/2 + DJ) / 2 + PE
    Total System Jitter     (TSJ):    0.050ns
    Total Input Jitter      (TIJ):    0.000ns
    Discrete Jitter          (DJ):    0.000ns
    Phase Error              (PE):    0.000ns
  Clock Net Delay (Destination): 2.300ns (routing 1.340ns, distribution 0.960ns)

    Location             Delay type                Incr(ns)  Path(ns)    Netlist Resource(s)
  -------------------------------------------------------------------    -------------------
    CONFIG_SITE_X0Y0     BSCANE2                      0.000     0.000 r  dbg_hub/inst/BSCANID.u_xsdbm_id/SWITCH_N_EXT_BSCAN.bscan_inst/SERIES7_BSCAN.bscan_inst/INTERNAL_TDI
    CONFIG_SITE_X0Y0     BSCANE2 (Prop_BSCAN1_CONFIG_SITE_INTERNAL_TDI_TDI)
                                                      4.800     4.800 r  dbg_hub/inst/BSCANID.u_xsdbm_id/SWITCH_N_EXT_BSCAN.bscan_inst/SERIES7_BSCAN.bscan_inst/TDI
                         net (fo=4, routed)           1.531     6.331    dbg_hub/inst/BSCANID.u_xsdbm_id/CORE_XSDB.U_ICON/out
    SLICE_X57Y90         FDRE                                         r  dbg_hub/inst/BSCANID.u_xsdbm_id/CORE_XSDB.U_ICON/iTDI_reg_reg/D
  -------------------------------------------------------------------    -------------------

                         (clock dbg_hub/inst/BSCANID.u_xsdbm_id/SWITCH_N_EXT_BSCAN.bscan_inst/SERIES7_BSCAN.bscan_inst/INTERNAL_TCK rise edge)
                                                      0.000     0.000 r  
    CONFIG_SITE_X0Y0     BSCANE2                      0.000     0.000 r  dbg_hub/inst/BSCANID.u_xsdbm_id/SWITCH_N_EXT_BSCAN.bscan_inst/SERIES7_BSCAN.bscan_inst/INTERNAL_TCK
    CONFIG_SITE_X0Y0     BSCANE2 (Prop_BSCAN1_CONFIG_SITE_INTERNAL_TCK_TCK)
                                                      0.465     0.465 r  dbg_hub/inst/BSCANID.u_xsdbm_id/SWITCH_N_EXT_BSCAN.bscan_inst/SERIES7_BSCAN.bscan_inst/TCK
                         net (fo=1, routed)           1.120     1.585    dbg_hub/inst/BSCANID.u_xsdbm_id/tck_bs
    BUFGCE_X0Y76         BUFGCE (Prop_BUFCE_BUFGCE_I_O)
                                                      0.039     1.624 r  dbg_hub/inst/BSCANID.u_xsdbm_id/SWITCH_N_EXT_BSCAN.u_bufg_icon_tck/O
    X2Y1 (CLOCK_ROOT)    net (fo=482, routed)         2.300     3.924    dbg_hub/inst/BSCANID.u_xsdbm_id/CORE_XSDB.U_ICON/m_bscan_tck[0]
    SLICE_X57Y90         FDRE                                         r  dbg_hub/inst/BSCANID.u_xsdbm_id/CORE_XSDB.U_ICON/iTDI_reg_reg/C

Slack:                    inf
  Source:                 dbg_hub/inst/BSCANID.u_xsdbm_id/SWITCH_N_EXT_BSCAN.bscan_inst/SERIES7_BSCAN.bscan_inst/INTERNAL_TDI
                            (internal pin)
  Destination:            dbg_hub/inst/BSCANID.u_xsdbm_id/SWITCH_N_EXT_BSCAN.bscan_switch/bscanid_reg[31]/D
                            (rising edge-triggered cell FDRE clocked by dbg_hub/inst/BSCANID.u_xsdbm_id/SWITCH_N_EXT_BSCAN.bscan_inst/SERIES7_BSCAN.bscan_inst/INTERNAL_TCK  {rise@0.000ns fall@25.000ns period=50.000ns})
  Path Group:             (none)
  Path Type:              Setup (Max at Slow Process Corner)
  Data Path Delay:        5.877ns  (logic 4.882ns (83.066%)  route 0.995ns (16.934%))
  Logic Levels:           2  (BSCANE2=1 LUT2=1)
  Clock Uncertainty:      0.025ns  ((TSJ^2 + TIJ^2)^1/2 + DJ) / 2 + PE
    Total System Jitter     (TSJ):    0.050ns
    Total Input Jitter      (TIJ):    0.000ns
    Discrete Jitter          (DJ):    0.000ns
    Phase Error              (PE):    0.000ns
  Clock Net Delay (Destination): 2.331ns (routing 1.340ns, distribution 0.991ns)

    Location             Delay type                Incr(ns)  Path(ns)    Netlist Resource(s)
  -------------------------------------------------------------------    -------------------
    CONFIG_SITE_X0Y0     BSCANE2                      0.000     0.000 r  dbg_hub/inst/BSCANID.u_xsdbm_id/SWITCH_N_EXT_BSCAN.bscan_inst/SERIES7_BSCAN.bscan_inst/INTERNAL_TDI
    CONFIG_SITE_X0Y0     BSCANE2 (Prop_BSCAN1_CONFIG_SITE_INTERNAL_TDI_TDI)
                                                      4.800     4.800 r  dbg_hub/inst/BSCANID.u_xsdbm_id/SWITCH_N_EXT_BSCAN.bscan_inst/SERIES7_BSCAN.bscan_inst/TDI
                         net (fo=4, routed)           0.928     5.728    dbg_hub/inst/BSCANID.u_xsdbm_id/SWITCH_N_EXT_BSCAN.bscan_switch/s_bscan_tdi
    SLICE_X48Y159        LUT2 (Prop_A6LUT_SLICEL_I1_O)
                                                      0.082     5.810 r  dbg_hub/inst/BSCANID.u_xsdbm_id/SWITCH_N_EXT_BSCAN.bscan_switch/bscanid[31]_i_2/O
                         net (fo=1, routed)           0.067     5.877    dbg_hub/inst/BSCANID.u_xsdbm_id/SWITCH_N_EXT_BSCAN.bscan_switch/bscanid[31]_i_2_n_0
    SLICE_X48Y159        FDRE                                         r  dbg_hub/inst/BSCANID.u_xsdbm_id/SWITCH_N_EXT_BSCAN.bscan_switch/bscanid_reg[31]/D
  -------------------------------------------------------------------    -------------------

                         (clock dbg_hub/inst/BSCANID.u_xsdbm_id/SWITCH_N_EXT_BSCAN.bscan_inst/SERIES7_BSCAN.bscan_inst/INTERNAL_TCK rise edge)
                                                      0.000     0.000 r  
    CONFIG_SITE_X0Y0     BSCANE2                      0.000     0.000 r  dbg_hub/inst/BSCANID.u_xsdbm_id/SWITCH_N_EXT_BSCAN.bscan_inst/SERIES7_BSCAN.bscan_inst/INTERNAL_TCK
    CONFIG_SITE_X0Y0     BSCANE2 (Prop_BSCAN1_CONFIG_SITE_INTERNAL_TCK_TCK)
                                                      0.465     0.465 r  dbg_hub/inst/BSCANID.u_xsdbm_id/SWITCH_N_EXT_BSCAN.bscan_inst/SERIES7_BSCAN.bscan_inst/TCK
                         net (fo=1, routed)           1.120     1.585    dbg_hub/inst/BSCANID.u_xsdbm_id/tck_bs
    BUFGCE_X0Y76         BUFGCE (Prop_BUFCE_BUFGCE_I_O)
                                                      0.039     1.624 r  dbg_hub/inst/BSCANID.u_xsdbm_id/SWITCH_N_EXT_BSCAN.u_bufg_icon_tck/O
    X2Y1 (CLOCK_ROOT)    net (fo=482, routed)         2.331     3.955    dbg_hub/inst/BSCANID.u_xsdbm_id/SWITCH_N_EXT_BSCAN.bscan_switch/s_bscan_tck
    SLICE_X48Y159        FDRE                                         r  dbg_hub/inst/BSCANID.u_xsdbm_id/SWITCH_N_EXT_BSCAN.bscan_switch/bscanid_reg[31]/C

Slack:                    inf
  Source:                 dbg_hub/inst/BSCANID.u_xsdbm_id/SWITCH_N_EXT_BSCAN.bscan_inst/SERIES7_BSCAN.bscan_inst/INTERNAL_TDI
                            (internal pin)
  Destination:            dbg_hub/inst/BSCANID.u_xsdbm_id/SWITCH_N_EXT_BSCAN.bscan_switch/shiftreg_reg[31]/D
                            (rising edge-triggered cell FDRE clocked by dbg_hub/inst/BSCANID.u_xsdbm_id/SWITCH_N_EXT_BSCAN.bscan_inst/SERIES7_BSCAN.bscan_inst/INTERNAL_TCK  {rise@0.000ns fall@25.000ns period=50.000ns})
  Path Group:             (none)
  Path Type:              Setup (Max at Slow Process Corner)
  Data Path Delay:        5.787ns  (logic 4.952ns (85.569%)  route 0.835ns (14.431%))
  Logic Levels:           2  (BSCANE2=1 LUT5=1)
  Clock Uncertainty:      0.025ns  ((TSJ^2 + TIJ^2)^1/2 + DJ) / 2 + PE
    Total System Jitter     (TSJ):    0.050ns
    Total Input Jitter      (TIJ):    0.000ns
    Discrete Jitter          (DJ):    0.000ns
    Phase Error              (PE):    0.000ns
  Clock Net Delay (Destination): 2.374ns (routing 1.340ns, distribution 1.034ns)

    Location             Delay type                Incr(ns)  Path(ns)    Netlist Resource(s)
  -------------------------------------------------------------------    -------------------
    CONFIG_SITE_X0Y0     BSCANE2                      0.000     0.000 r  dbg_hub/inst/BSCANID.u_xsdbm_id/SWITCH_N_EXT_BSCAN.bscan_inst/SERIES7_BSCAN.bscan_inst/INTERNAL_TDI
    CONFIG_SITE_X0Y0     BSCANE2 (Prop_BSCAN1_CONFIG_SITE_INTERNAL_TDI_TDI)
                                                      4.800     4.800 r  dbg_hub/inst/BSCANID.u_xsdbm_id/SWITCH_N_EXT_BSCAN.bscan_inst/SERIES7_BSCAN.bscan_inst/TDI
                         net (fo=4, routed)           0.768     5.568    dbg_hub/inst/BSCANID.u_xsdbm_id/SWITCH_N_EXT_BSCAN.bscan_switch/s_bscan_tdi
    SLICE_X50Y168        LUT5 (Prop_D6LUT_SLICEL_I2_O)
                                                      0.152     5.720 r  dbg_hub/inst/BSCANID.u_xsdbm_id/SWITCH_N_EXT_BSCAN.bscan_switch/shiftreg[31]_i_2/O
                         net (fo=1, routed)           0.067     5.787    dbg_hub/inst/BSCANID.u_xsdbm_id/SWITCH_N_EXT_BSCAN.bscan_switch/shiftreg[31]_i_2_n_0
    SLICE_X50Y168        FDRE                                         r  dbg_hub/inst/BSCANID.u_xsdbm_id/SWITCH_N_EXT_BSCAN.bscan_switch/shiftreg_reg[31]/D
  -------------------------------------------------------------------    -------------------

                         (clock dbg_hub/inst/BSCANID.u_xsdbm_id/SWITCH_N_EXT_BSCAN.bscan_inst/SERIES7_BSCAN.bscan_inst/INTERNAL_TCK rise edge)
                                                      0.000     0.000 r  
    CONFIG_SITE_X0Y0     BSCANE2                      0.000     0.000 r  dbg_hub/inst/BSCANID.u_xsdbm_id/SWITCH_N_EXT_BSCAN.bscan_inst/SERIES7_BSCAN.bscan_inst/INTERNAL_TCK
    CONFIG_SITE_X0Y0     BSCANE2 (Prop_BSCAN1_CONFIG_SITE_INTERNAL_TCK_TCK)
                                                      0.465     0.465 r  dbg_hub/inst/BSCANID.u_xsdbm_id/SWITCH_N_EXT_BSCAN.bscan_inst/SERIES7_BSCAN.bscan_inst/TCK
                         net (fo=1, routed)           1.120     1.585    dbg_hub/inst/BSCANID.u_xsdbm_id/tck_bs
    BUFGCE_X0Y76         BUFGCE (Prop_BUFCE_BUFGCE_I_O)
                                                      0.039     1.624 r  dbg_hub/inst/BSCANID.u_xsdbm_id/SWITCH_N_EXT_BSCAN.u_bufg_icon_tck/O
    X2Y1 (CLOCK_ROOT)    net (fo=482, routed)         2.374     3.998    dbg_hub/inst/BSCANID.u_xsdbm_id/SWITCH_N_EXT_BSCAN.bscan_switch/s_bscan_tck
    SLICE_X50Y168        FDRE                                         r  dbg_hub/inst/BSCANID.u_xsdbm_id/SWITCH_N_EXT_BSCAN.bscan_switch/shiftreg_reg[31]/C

Slack:                    inf
  Source:                 dbg_hub/inst/BSCANID.u_xsdbm_id/SWITCH_N_EXT_BSCAN.bscan_inst/SERIES7_BSCAN.bscan_inst/INTERNAL_TDI
                            (internal pin)
  Destination:            dbg_hub/inst/BSCANID.u_xsdbm_id/SWITCH_N_EXT_BSCAN.bscanid_reg[31]/D
                            (rising edge-triggered cell FDRE clocked by dbg_hub/inst/BSCANID.u_xsdbm_id/SWITCH_N_EXT_BSCAN.bscan_inst/SERIES7_BSCAN.bscan_inst/INTERNAL_TCK  {rise@0.000ns fall@25.000ns period=50.000ns})
  Path Group:             (none)
  Path Type:              Setup (Max at Slow Process Corner)
  Data Path Delay:        5.317ns  (logic 4.937ns (92.850%)  route 0.380ns (7.150%))
  Logic Levels:           2  (BSCANE2=1 LUT4=1)
  Clock Uncertainty:      0.025ns  ((TSJ^2 + TIJ^2)^1/2 + DJ) / 2 + PE
    Total System Jitter     (TSJ):    0.050ns
    Total Input Jitter      (TIJ):    0.000ns
    Discrete Jitter          (DJ):    0.000ns
    Phase Error              (PE):    0.000ns
  Clock Net Delay (Destination): 2.333ns (routing 1.340ns, distribution 0.993ns)

    Location             Delay type                Incr(ns)  Path(ns)    Netlist Resource(s)
  -------------------------------------------------------------------    -------------------
    CONFIG_SITE_X0Y0     BSCANE2                      0.000     0.000 r  dbg_hub/inst/BSCANID.u_xsdbm_id/SWITCH_N_EXT_BSCAN.bscan_inst/SERIES7_BSCAN.bscan_inst/INTERNAL_TDI
    CONFIG_SITE_X0Y0     BSCANE2 (Prop_BSCAN1_CONFIG_SITE_INTERNAL_TDI_TDI)
                                                      4.800     4.800 r  dbg_hub/inst/BSCANID.u_xsdbm_id/SWITCH_N_EXT_BSCAN.bscan_inst/SERIES7_BSCAN.bscan_inst/TDI
                         net (fo=4, routed)           0.313     5.113    dbg_hub/inst/BSCANID.u_xsdbm_id/TDI
    SLICE_X47Y165        LUT4 (Prop_A6LUT_SLICEL_I3_O)
                                                      0.137     5.250 r  dbg_hub/inst/BSCANID.u_xsdbm_id/SWITCH_N_EXT_BSCAN.bscanid[31]_i_1/O
                         net (fo=1, routed)           0.067     5.317    dbg_hub/inst/BSCANID.u_xsdbm_id/p_2_in[31]
    SLICE_X47Y165        FDRE                                         r  dbg_hub/inst/BSCANID.u_xsdbm_id/SWITCH_N_EXT_BSCAN.bscanid_reg[31]/D
  -------------------------------------------------------------------    -------------------

                         (clock dbg_hub/inst/BSCANID.u_xsdbm_id/SWITCH_N_EXT_BSCAN.bscan_inst/SERIES7_BSCAN.bscan_inst/INTERNAL_TCK rise edge)
                                                      0.000     0.000 r  
    CONFIG_SITE_X0Y0     BSCANE2                      0.000     0.000 r  dbg_hub/inst/BSCANID.u_xsdbm_id/SWITCH_N_EXT_BSCAN.bscan_inst/SERIES7_BSCAN.bscan_inst/INTERNAL_TCK
    CONFIG_SITE_X0Y0     BSCANE2 (Prop_BSCAN1_CONFIG_SITE_INTERNAL_TCK_TCK)
                                                      0.465     0.465 r  dbg_hub/inst/BSCANID.u_xsdbm_id/SWITCH_N_EXT_BSCAN.bscan_inst/SERIES7_BSCAN.bscan_inst/TCK
                         net (fo=1, routed)           1.120     1.585    dbg_hub/inst/BSCANID.u_xsdbm_id/tck_bs
    BUFGCE_X0Y76         BUFGCE (Prop_BUFCE_BUFGCE_I_O)
                                                      0.039     1.624 r  dbg_hub/inst/BSCANID.u_xsdbm_id/SWITCH_N_EXT_BSCAN.u_bufg_icon_tck/O
    X2Y1 (CLOCK_ROOT)    net (fo=482, routed)         2.333     3.957    dbg_hub/inst/BSCANID.u_xsdbm_id/itck_i
    SLICE_X47Y165        FDRE                                         r  dbg_hub/inst/BSCANID.u_xsdbm_id/SWITCH_N_EXT_BSCAN.bscanid_reg[31]/C





Min Delay Paths
--------------------------------------------------------------------------------------
Slack:                    inf
  Source:                 dbg_hub/inst/BSCANID.u_xsdbm_id/SWITCH_N_EXT_BSCAN.bscan_inst/SERIES7_BSCAN.bscan_inst/INTERNAL_TDI
                            (internal pin)
  Destination:            dbg_hub/inst/BSCANID.u_xsdbm_id/SWITCH_N_EXT_BSCAN.bscanid_reg[31]/D
                            (rising edge-triggered cell FDRE clocked by dbg_hub/inst/BSCANID.u_xsdbm_id/SWITCH_N_EXT_BSCAN.bscan_inst/SERIES7_BSCAN.bscan_inst/INTERNAL_TCK  {rise@0.000ns fall@25.000ns period=50.000ns})
  Path Group:             (none)
  Path Type:              Hold (Min at Fast Process Corner)
  Data Path Delay:        0.691ns  (logic 0.532ns (76.998%)  route 0.159ns (23.002%))
  Logic Levels:           2  (BSCANE2=1 LUT4=1)
  Clock Uncertainty:      0.025ns  ((TSJ^2 + TIJ^2)^1/2 + DJ) / 2 + PE
    Total System Jitter     (TSJ):    0.050ns
    Total Input Jitter      (TIJ):    0.000ns
    Discrete Jitter          (DJ):    0.000ns
    Phase Error              (PE):    0.000ns
  Clock Net Delay (Destination): 1.550ns (routing 0.880ns, distribution 0.670ns)

    Location             Delay type                Incr(ns)  Path(ns)    Netlist Resource(s)
  -------------------------------------------------------------------    -------------------
    CONFIG_SITE_X0Y0     BSCANE2                      0.000     0.000 r  dbg_hub/inst/BSCANID.u_xsdbm_id/SWITCH_N_EXT_BSCAN.bscan_inst/SERIES7_BSCAN.bscan_inst/INTERNAL_TDI
    CONFIG_SITE_X0Y0     BSCANE2 (Prop_BSCAN1_CONFIG_SITE_INTERNAL_TDI_TDI)
                                                      0.465     0.465 r  dbg_hub/inst/BSCANID.u_xsdbm_id/SWITCH_N_EXT_BSCAN.bscan_inst/SERIES7_BSCAN.bscan_inst/TDI
                         net (fo=4, routed)           0.141     0.606    dbg_hub/inst/BSCANID.u_xsdbm_id/TDI
    SLICE_X47Y165        LUT4 (Prop_A6LUT_SLICEL_I3_O)
                                                      0.067     0.673 r  dbg_hub/inst/BSCANID.u_xsdbm_id/SWITCH_N_EXT_BSCAN.bscanid[31]_i_1/O
                         net (fo=1, routed)           0.018     0.691    dbg_hub/inst/BSCANID.u_xsdbm_id/p_2_in[31]
    SLICE_X47Y165        FDRE                                         r  dbg_hub/inst/BSCANID.u_xsdbm_id/SWITCH_N_EXT_BSCAN.bscanid_reg[31]/D
  -------------------------------------------------------------------    -------------------

                         (clock dbg_hub/inst/BSCANID.u_xsdbm_id/SWITCH_N_EXT_BSCAN.bscan_inst/SERIES7_BSCAN.bscan_inst/INTERNAL_TCK rise edge)
                                                      0.000     0.000 r  
    CONFIG_SITE_X0Y0     BSCANE2                      0.000     0.000 r  dbg_hub/inst/BSCANID.u_xsdbm_id/SWITCH_N_EXT_BSCAN.bscan_inst/SERIES7_BSCAN.bscan_inst/INTERNAL_TCK
    CONFIG_SITE_X0Y0     BSCANE2 (Prop_BSCAN1_CONFIG_SITE_INTERNAL_TCK_TCK)
                                                      4.800     4.800 r  dbg_hub/inst/BSCANID.u_xsdbm_id/SWITCH_N_EXT_BSCAN.bscan_inst/SERIES7_BSCAN.bscan_inst/TCK
                         net (fo=1, routed)           1.225     6.025    dbg_hub/inst/BSCANID.u_xsdbm_id/tck_bs
    BUFGCE_X0Y76         BUFGCE (Prop_BUFCE_BUFGCE_I_O)
                                                      0.026     6.051 r  dbg_hub/inst/BSCANID.u_xsdbm_id/SWITCH_N_EXT_BSCAN.u_bufg_icon_tck/O
    X2Y1 (CLOCK_ROOT)    net (fo=482, routed)         1.550     7.601    dbg_hub/inst/BSCANID.u_xsdbm_id/itck_i
    SLICE_X47Y165        FDRE                                         r  dbg_hub/inst/BSCANID.u_xsdbm_id/SWITCH_N_EXT_BSCAN.bscanid_reg[31]/C

Slack:                    inf
  Source:                 dbg_hub/inst/BSCANID.u_xsdbm_id/SWITCH_N_EXT_BSCAN.bscan_inst/SERIES7_BSCAN.bscan_inst/INTERNAL_TDI
                            (internal pin)
  Destination:            dbg_hub/inst/BSCANID.u_xsdbm_id/SWITCH_N_EXT_BSCAN.bscan_switch/shiftreg_reg[31]/D
                            (rising edge-triggered cell FDRE clocked by dbg_hub/inst/BSCANID.u_xsdbm_id/SWITCH_N_EXT_BSCAN.bscan_inst/SERIES7_BSCAN.bscan_inst/INTERNAL_TCK  {rise@0.000ns fall@25.000ns period=50.000ns})
  Path Group:             (none)
  Path Type:              Hold (Min at Fast Process Corner)
  Data Path Delay:        0.890ns  (logic 0.542ns (60.904%)  route 0.348ns (39.096%))
  Logic Levels:           2  (BSCANE2=1 LUT5=1)
  Clock Uncertainty:      0.025ns  ((TSJ^2 + TIJ^2)^1/2 + DJ) / 2 + PE
    Total System Jitter     (TSJ):    0.050ns
    Total Input Jitter      (TIJ):    0.000ns
    Discrete Jitter          (DJ):    0.000ns
    Phase Error              (PE):    0.000ns
  Clock Net Delay (Destination): 1.582ns (routing 0.880ns, distribution 0.702ns)

    Location             Delay type                Incr(ns)  Path(ns)    Netlist Resource(s)
  -------------------------------------------------------------------    -------------------
    CONFIG_SITE_X0Y0     BSCANE2                      0.000     0.000 r  dbg_hub/inst/BSCANID.u_xsdbm_id/SWITCH_N_EXT_BSCAN.bscan_inst/SERIES7_BSCAN.bscan_inst/INTERNAL_TDI
    CONFIG_SITE_X0Y0     BSCANE2 (Prop_BSCAN1_CONFIG_SITE_INTERNAL_TDI_TDI)
                                                      0.465     0.465 r  dbg_hub/inst/BSCANID.u_xsdbm_id/SWITCH_N_EXT_BSCAN.bscan_inst/SERIES7_BSCAN.bscan_inst/TDI
                         net (fo=4, routed)           0.330     0.795    dbg_hub/inst/BSCANID.u_xsdbm_id/SWITCH_N_EXT_BSCAN.bscan_switch/s_bscan_tdi
    SLICE_X50Y168        LUT5 (Prop_D6LUT_SLICEL_I2_O)
                                                      0.077     0.872 r  dbg_hub/inst/BSCANID.u_xsdbm_id/SWITCH_N_EXT_BSCAN.bscan_switch/shiftreg[31]_i_2/O
                         net (fo=1, routed)           0.018     0.890    dbg_hub/inst/BSCANID.u_xsdbm_id/SWITCH_N_EXT_BSCAN.bscan_switch/shiftreg[31]_i_2_n_0
    SLICE_X50Y168        FDRE                                         r  dbg_hub/inst/BSCANID.u_xsdbm_id/SWITCH_N_EXT_BSCAN.bscan_switch/shiftreg_reg[31]/D
  -------------------------------------------------------------------    -------------------

                         (clock dbg_hub/inst/BSCANID.u_xsdbm_id/SWITCH_N_EXT_BSCAN.bscan_inst/SERIES7_BSCAN.bscan_inst/INTERNAL_TCK rise edge)
                                                      0.000     0.000 r  
    CONFIG_SITE_X0Y0     BSCANE2                      0.000     0.000 r  dbg_hub/inst/BSCANID.u_xsdbm_id/SWITCH_N_EXT_BSCAN.bscan_inst/SERIES7_BSCAN.bscan_inst/INTERNAL_TCK
    CONFIG_SITE_X0Y0     BSCANE2 (Prop_BSCAN1_CONFIG_SITE_INTERNAL_TCK_TCK)
                                                      4.800     4.800 r  dbg_hub/inst/BSCANID.u_xsdbm_id/SWITCH_N_EXT_BSCAN.bscan_inst/SERIES7_BSCAN.bscan_inst/TCK
                         net (fo=1, routed)           1.225     6.025    dbg_hub/inst/BSCANID.u_xsdbm_id/tck_bs
    BUFGCE_X0Y76         BUFGCE (Prop_BUFCE_BUFGCE_I_O)
                                                      0.026     6.051 r  dbg_hub/inst/BSCANID.u_xsdbm_id/SWITCH_N_EXT_BSCAN.u_bufg_icon_tck/O
    X2Y1 (CLOCK_ROOT)    net (fo=482, routed)         1.582     7.633    dbg_hub/inst/BSCANID.u_xsdbm_id/SWITCH_N_EXT_BSCAN.bscan_switch/s_bscan_tck
    SLICE_X50Y168        FDRE                                         r  dbg_hub/inst/BSCANID.u_xsdbm_id/SWITCH_N_EXT_BSCAN.bscan_switch/shiftreg_reg[31]/C

Slack:                    inf
  Source:                 dbg_hub/inst/BSCANID.u_xsdbm_id/SWITCH_N_EXT_BSCAN.bscan_inst/SERIES7_BSCAN.bscan_inst/INTERNAL_TDI
                            (internal pin)
  Destination:            dbg_hub/inst/BSCANID.u_xsdbm_id/SWITCH_N_EXT_BSCAN.bscan_switch/bscanid_reg[31]/D
                            (rising edge-triggered cell FDRE clocked by dbg_hub/inst/BSCANID.u_xsdbm_id/SWITCH_N_EXT_BSCAN.bscan_inst/SERIES7_BSCAN.bscan_inst/INTERNAL_TCK  {rise@0.000ns fall@25.000ns period=50.000ns})
  Path Group:             (none)
  Path Type:              Hold (Min at Fast Process Corner)
  Data Path Delay:        0.966ns  (logic 0.502ns (51.980%)  route 0.464ns (48.020%))
  Logic Levels:           2  (BSCANE2=1 LUT2=1)
  Clock Uncertainty:      0.025ns  ((TSJ^2 + TIJ^2)^1/2 + DJ) / 2 + PE
    Total System Jitter     (TSJ):    0.050ns
    Total Input Jitter      (TIJ):    0.000ns
    Discrete Jitter          (DJ):    0.000ns
    Phase Error              (PE):    0.000ns
  Clock Net Delay (Destination): 1.548ns (routing 0.880ns, distribution 0.668ns)

    Location             Delay type                Incr(ns)  Path(ns)    Netlist Resource(s)
  -------------------------------------------------------------------    -------------------
    CONFIG_SITE_X0Y0     BSCANE2                      0.000     0.000 r  dbg_hub/inst/BSCANID.u_xsdbm_id/SWITCH_N_EXT_BSCAN.bscan_inst/SERIES7_BSCAN.bscan_inst/INTERNAL_TDI
    CONFIG_SITE_X0Y0     BSCANE2 (Prop_BSCAN1_CONFIG_SITE_INTERNAL_TDI_TDI)
                                                      0.465     0.465 r  dbg_hub/inst/BSCANID.u_xsdbm_id/SWITCH_N_EXT_BSCAN.bscan_inst/SERIES7_BSCAN.bscan_inst/TDI
                         net (fo=4, routed)           0.446     0.911    dbg_hub/inst/BSCANID.u_xsdbm_id/SWITCH_N_EXT_BSCAN.bscan_switch/s_bscan_tdi
    SLICE_X48Y159        LUT2 (Prop_A6LUT_SLICEL_I1_O)
                                                      0.037     0.948 r  dbg_hub/inst/BSCANID.u_xsdbm_id/SWITCH_N_EXT_BSCAN.bscan_switch/bscanid[31]_i_2/O
                         net (fo=1, routed)           0.018     0.966    dbg_hub/inst/BSCANID.u_xsdbm_id/SWITCH_N_EXT_BSCAN.bscan_switch/bscanid[31]_i_2_n_0
    SLICE_X48Y159        FDRE                                         r  dbg_hub/inst/BSCANID.u_xsdbm_id/SWITCH_N_EXT_BSCAN.bscan_switch/bscanid_reg[31]/D
  -------------------------------------------------------------------    -------------------

                         (clock dbg_hub/inst/BSCANID.u_xsdbm_id/SWITCH_N_EXT_BSCAN.bscan_inst/SERIES7_BSCAN.bscan_inst/INTERNAL_TCK rise edge)
                                                      0.000     0.000 r  
    CONFIG_SITE_X0Y0     BSCANE2                      0.000     0.000 r  dbg_hub/inst/BSCANID.u_xsdbm_id/SWITCH_N_EXT_BSCAN.bscan_inst/SERIES7_BSCAN.bscan_inst/INTERNAL_TCK
    CONFIG_SITE_X0Y0     BSCANE2 (Prop_BSCAN1_CONFIG_SITE_INTERNAL_TCK_TCK)
                                                      4.800     4.800 r  dbg_hub/inst/BSCANID.u_xsdbm_id/SWITCH_N_EXT_BSCAN.bscan_inst/SERIES7_BSCAN.bscan_inst/TCK
                         net (fo=1, routed)           1.225     6.025    dbg_hub/inst/BSCANID.u_xsdbm_id/tck_bs
    BUFGCE_X0Y76         BUFGCE (Prop_BUFCE_BUFGCE_I_O)
                                                      0.026     6.051 r  dbg_hub/inst/BSCANID.u_xsdbm_id/SWITCH_N_EXT_BSCAN.u_bufg_icon_tck/O
    X2Y1 (CLOCK_ROOT)    net (fo=482, routed)         1.548     7.599    dbg_hub/inst/BSCANID.u_xsdbm_id/SWITCH_N_EXT_BSCAN.bscan_switch/s_bscan_tck
    SLICE_X48Y159        FDRE                                         r  dbg_hub/inst/BSCANID.u_xsdbm_id/SWITCH_N_EXT_BSCAN.bscan_switch/bscanid_reg[31]/C

Slack:                    inf
  Source:                 dbg_hub/inst/BSCANID.u_xsdbm_id/SWITCH_N_EXT_BSCAN.bscan_inst/SERIES7_BSCAN.bscan_inst/INTERNAL_TDI
                            (internal pin)
  Destination:            dbg_hub/inst/BSCANID.u_xsdbm_id/CORE_XSDB.U_ICON/iTDI_reg_reg/D
                            (rising edge-triggered cell FDRE clocked by dbg_hub/inst/BSCANID.u_xsdbm_id/SWITCH_N_EXT_BSCAN.bscan_inst/SERIES7_BSCAN.bscan_inst/INTERNAL_TCK  {rise@0.000ns fall@25.000ns period=50.000ns})
  Path Group:             (none)
  Path Type:              Hold (Min at Fast Process Corner)
  Data Path Delay:        1.098ns  (logic 0.465ns (42.360%)  route 0.633ns (57.640%))
  Logic Levels:           1  (BSCANE2=1)
  Clock Uncertainty:      0.025ns  ((TSJ^2 + TIJ^2)^1/2 + DJ) / 2 + PE
    Total System Jitter     (TSJ):    0.050ns
    Total Input Jitter      (TIJ):    0.000ns
    Discrete Jitter          (DJ):    0.000ns
    Phase Error              (PE):    0.000ns
  Clock Net Delay (Destination): 1.523ns (routing 0.880ns, distribution 0.643ns)

    Location             Delay type                Incr(ns)  Path(ns)    Netlist Resource(s)
  -------------------------------------------------------------------    -------------------
    CONFIG_SITE_X0Y0     BSCANE2                      0.000     0.000 r  dbg_hub/inst/BSCANID.u_xsdbm_id/SWITCH_N_EXT_BSCAN.bscan_inst/SERIES7_BSCAN.bscan_inst/INTERNAL_TDI
    CONFIG_SITE_X0Y0     BSCANE2 (Prop_BSCAN1_CONFIG_SITE_INTERNAL_TDI_TDI)
                                                      0.465     0.465 r  dbg_hub/inst/BSCANID.u_xsdbm_id/SWITCH_N_EXT_BSCAN.bscan_inst/SERIES7_BSCAN.bscan_inst/TDI
                         net (fo=4, routed)           0.633     1.098    dbg_hub/inst/BSCANID.u_xsdbm_id/CORE_XSDB.U_ICON/out
    SLICE_X57Y90         FDRE                                         r  dbg_hub/inst/BSCANID.u_xsdbm_id/CORE_XSDB.U_ICON/iTDI_reg_reg/D
  -------------------------------------------------------------------    -------------------

                         (clock dbg_hub/inst/BSCANID.u_xsdbm_id/SWITCH_N_EXT_BSCAN.bscan_inst/SERIES7_BSCAN.bscan_inst/INTERNAL_TCK rise edge)
                                                      0.000     0.000 r  
    CONFIG_SITE_X0Y0     BSCANE2                      0.000     0.000 r  dbg_hub/inst/BSCANID.u_xsdbm_id/SWITCH_N_EXT_BSCAN.bscan_inst/SERIES7_BSCAN.bscan_inst/INTERNAL_TCK
    CONFIG_SITE_X0Y0     BSCANE2 (Prop_BSCAN1_CONFIG_SITE_INTERNAL_TCK_TCK)
                                                      4.800     4.800 r  dbg_hub/inst/BSCANID.u_xsdbm_id/SWITCH_N_EXT_BSCAN.bscan_inst/SERIES7_BSCAN.bscan_inst/TCK
                         net (fo=1, routed)           1.225     6.025    dbg_hub/inst/BSCANID.u_xsdbm_id/tck_bs
    BUFGCE_X0Y76         BUFGCE (Prop_BUFCE_BUFGCE_I_O)
                                                      0.026     6.051 r  dbg_hub/inst/BSCANID.u_xsdbm_id/SWITCH_N_EXT_BSCAN.u_bufg_icon_tck/O
    X2Y1 (CLOCK_ROOT)    net (fo=482, routed)         1.523     7.574    dbg_hub/inst/BSCANID.u_xsdbm_id/CORE_XSDB.U_ICON/m_bscan_tck[0]
    SLICE_X57Y90         FDRE                                         r  dbg_hub/inst/BSCANID.u_xsdbm_id/CORE_XSDB.U_ICON/iTDI_reg_reg/C





